N_EXPEDIENT,DISTRICTE,BARRI,TIPUS_CARRER,CARRER,TIPUS_NUM,NUM1,LLETRA1,NUM2,LLETRA2,BLOC,PORTAL,ESCALA,PIS,PORTA,LONGITUD_X,LATITUD_Y
01-2013-0753,CIUTAT VELLA,el Raval,CARRER,HOSPITAL,1,25,,,,,,,1,2,2.172227285,41.38088335
02-2014-0566,L'EIXAMPLE,la Sagrada Família,AVINGUDA,GAUDI,1,51,,53,,,,,EN,1,2.174215606,41.40844312
02-2014-0207,L'EIXAMPLE,la Dreta de l'Eixample,PLAÇA,TETUAN,1,33,,,,,,,SA,2,2.176060643,41.3956364
01-2014-0073,CIUTAT VELLA,el Raval,CARRER,JUNTA DE COMERÇ,1,23,,,,,,,2,1A,2.171889963,41.37944639
02-2014-1125,L'EIXAMPLE,la Dreta de l'Eixample,GRAN VIA,CORTS CATALANES,2,682,,,,,,,2,1,2.173056644,41.39268474
02-2014-0241,L'EIXAMPLE,l'Antiga Esquerra de l'Eixample,CARRER,ENRIC GRANADOS,1,125,,,,,,,2,1,2.154581424,41.39355709
02-2014-0227,L'EIXAMPLE,Sant Antoni,CARRER,CALABRIA,1,5,,,,,,,1,,2.160461011,41.37544945
02-2014-0228,L'EIXAMPLE,Sant Antoni,CARRER,CALABRIA,1,5,,,,,,,AT,,2.160461011,41.37544945
04-2013-0191,LES CORTS,les Corts,AVINGUDA,JOSEP TARRADELLAS,1,147,,,,,,,6,2,2.143489878,41.39109449
02-2013-0972,L'EIXAMPLE,Sant Antoni,CARRER,COMTE BORRELL,1,37,,,,,,,EN,4,2.163369613,41.37666084
02-2013-0975,L'EIXAMPLE,la Dreta de l'Eixample,PASSEIG,GRACIA,1,3,,,,,,,5,2,2.169270627,41.38821806
06-2013-0312,GRACIA,la Vila de Gràcia,CARRER,MASSENS,1,23,,,,,,,BJ,,2.157429153,41.40739517
06-2013-0313,GRACIA,la Vila de Gràcia,CARRER,MASSENS,1,23,,,,,,,1,1,2.157429153,41.40739517
06-2013-0315,GRACIA,la Vila de Gràcia,CARRER,MASSENS,1,23,,,,,,,2,1,2.157429153,41.40739517
06-2013-0316,GRACIA,la Vila de Gràcia,CARRER,MASSENS,1,23,,,,,,,2,2,2.157429153,41.40739517
02-2013-0998,L'EIXAMPLE,la Nova Esquerra de l'Eixample,CARRER,CALABRIA,2,120,,,,,,,4,2,2.153717126,41.38082045
06-2013-0314,GRACIA,la Vila de Gràcia,CARRER,MASSENS,1,23,,,,,,,1,2,2.157429153,41.40739517
02-2013-1086,L'EIXAMPLE,Sant Antoni,CARRER,MUNTANER,1,7,,,,,,,3,1,2.162910139,41.38384194
02-2013-1087,L'EIXAMPLE,Sant Antoni,CARRER,MUNTANER,1,7,,,,,,,3,2A,2.162910139,41.38384194
03-2013-0335,SANTS-MONTJUÏC,el Poble Sec,CARRER,CREU DELS MOLERS,2,76,,,,,,,3,,2.160871968,41.3717224
02-2013-1043,L'EIXAMPLE,la Nova Esquerra de l'Eixample,CARRER,CORSEGA,1,77,,,,,,,5,4,2.144484744,41.38546396
10-2013-0384,SANT MARTI,el Poblenou,CARRER,PUJADES,2,238,,,,,,,BJ,I2,2.20348983,41.40366453
06-2013-0323,GRACIA,el Camp d'en Grassot i Gràcia Nova,CARRER,BAILEN,2,212,,,,,,B,EN,4,2.163848547,41.40218313
06-2013-0324,GRACIA,el Camp d'en Grassot i Gràcia Nova,TRAVESSERA,GRACIA,2,274,,,,,,A,1,1,2.166284384,41.40651813
10-2013-0418,SANT MARTI,el Camp de l'Arpa del Clot,CARRER,INDEPENDENCIA,2,258,,,,,,,1,2,2.184212281,41.40729046
03-2013-0324,SANTS-MONTJUÏC,el Poble Sec,CARRER,PIQUER,1,15,,,,,,,3,1,2.170562598,41.37274951
02-2013-0987,L'EIXAMPLE,l'Antiga Esquerra de l'Eixample,CARRER,COMTE D'URGELL,2,74,,,,,,,2,1,2.158058492,41.38272025
07-2013-0155,HORTA-GUINARDÓ,Sant Genís dels Agudells,CARRER,BALDOMER GIRONA,2,16,,,,,,,BJ,,2.13572759,41.42802081
02-2013-0994,L'EIXAMPLE,Sant Antoni,CARRER,SEPULVEDA,2,156,,160,,,,,6,2,2.161439669,41.38226052
02-2013-1055,L'EIXAMPLE,Sant Antoni,CARRER,FLORIDABLANCA,2,148,,,,,,,2,2,2.162879641,41.38165334
02-2013-1082,L'EIXAMPLE,Sant Antoni,CARRER,MUNTANER,1,7,,,,,,,PR,1,2.162910139,41.38384194
06-2013-0332,GRACIA,el Camp d'en Grassot i Gràcia Nova,CARRER,PI I MARGALL,1,7,,,,,,,3,2,2.162993062,41.40629835
02-2013-1075,L'EIXAMPLE,la Sagrada Família,CARRER,MALLORCA,1,371,,,,,,,5,2,2.172759752,41.40164548
02-2013-1083,L'EIXAMPLE,Sant Antoni,CARRER,MUNTANER,1,7,,,,,,,PR,2,2.162910139,41.38384194
02-2013-1058,L'EIXAMPLE,la Dreta de l'Eixample,RAMBLA,CATALUNYA,2,100,,,,,,,5,1,2.160343638,41.39353699
02-2013-1060,L'EIXAMPLE,la Dreta de l'Eixample,RAMBLA,CATALUNYA,2,100,,,,,,,3,3,2.160343638,41.39353699
02-2013-1084,L'EIXAMPLE,Sant Antoni,CARRER,MUNTANER,1,7,,,,,,,2,2,2.162910139,41.38384194
10-2013-0427,SANT MARTI,el Poblenou,CARRER,ESPRONCEDA,2,88,,,,,,,1,1,2.204944018,41.40522915
10-2013-0428,SANT MARTI,el Poblenou,CARRER,ESPRONCEDA,2,88,,,,,,,2,1,2.204944018,41.40522915
02-2013-1033,L'EIXAMPLE,Sant Antoni,CARRER,TAMARIT,2,90,,,,,,,4,,2.156987051,41.37551357
02-2013-0989,L'EIXAMPLE,la Nova Esquerra de l'Eixample,CARRER,CALABRIA,2,222,,,,,,,4,1,2.147850668,41.38525357
02-2013-1026,L'EIXAMPLE,Sant Antoni,AVINGUDA,MISTRAL,1,61,,,,,,,5,2,2.154784627,41.37593807
02-2013-1027,L'EIXAMPLE,Sant Antoni,AVINGUDA,MISTRAL,1,61,,,,,,,6,1,2.154784627,41.37593807
03-2013-0338,SANTS-MONTJUÏC,Hostafrancs,CARRER,CREU COBERTA,2,50,,,,,,,1,1,2.146021258,41.37530317
10-2013-0429,SANT MARTI,el Poblenou,CARRER,LOPE DE VEGA,1,115,,,,,,,PR,4,2.202249447,41.40528359
03-2013-0351,SANTS-MONTJUÏC,Sants,CARRER,SAGUNT,1,71,,,,,,,BJ,,2.135060929,41.37187687
02-2013-1009,L'EIXAMPLE,l'Antiga Esquerra de l'Eixample,CARRER,PROVENÇA,1,131,,133,,,,,PR,2,2.152236782,41.38791921
02-2013-1010,L'EIXAMPLE,l'Antiga Esquerra de l'Eixample,CARRER,PROVENÇA,1,131,,133,,,,,3,4,2.152236782,41.38791921
02-2013-1028,L'EIXAMPLE,Sant Antoni,AVINGUDA,MISTRAL,1,61,,,,,,,6,2,2.154784627,41.37593807
02-2013-1021,L'EIXAMPLE,Sant Antoni,AVINGUDA,MISTRAL,1,61,,,,,,,3,1,2.154784627,41.37593807
02-2013-1022,L'EIXAMPLE,Sant Antoni,AVINGUDA,MISTRAL,1,61,,,,,,,3,2,2.154784627,41.37593807
02-2013-1029,L'EIXAMPLE,Sant Antoni,AVINGUDA,MISTRAL,1,61,,,,,,,7,2,2.154784627,41.37593807
03-2013-0341,SANTS-MONTJUÏC,Hostafrancs,CARRER,CREU COBERTA,2,50,,,,,,,4,2,2.146021258,41.37530317
03-2013-0342,SANTS-MONTJUÏC,Hostafrancs,CARRER,CREU COBERTA,2,50,,,,,,,4,1,2.146021258,41.37530317
02-2013-1023,L'EIXAMPLE,Sant Antoni,AVINGUDA,MISTRAL,1,61,,,,,,,4,1,2.154784627,41.37593807
07-2013-0148,HORTA-GUINARDÓ,el Baix Guinardó,TRAVESSERA,GRACIA,2,316,,322,,,B,,AT,1,2.168611796,41.40797375
03-2013-0343,SANTS-MONTJUÏC,Hostafrancs,CARRER,CREU COBERTA,2,50,,,,,,,3,2,2.146021258,41.37530317
02-2013-1011,L'EIXAMPLE,la Sagrada Família,CARRER,SARDENYA,2,338,,,,,,,2,2,2.172397025,41.40423588
03-2013-0344,SANTS-MONTJUÏC,Hostafrancs,CARRER,CREU COBERTA,2,50,,,,,,,2,2,2.146021258,41.37530317
03-2013-0345,SANTS-MONTJUÏC,Hostafrancs,CARRER,CREU COBERTA,2,50,,,,,,,2,1,2.146021258,41.37530317
03-2013-0346,SANTS-MONTJUÏC,Hostafrancs,CARRER,CREU COBERTA,2,50,,,,,,,1,2,2.146021258,41.37530317
02-2013-0982,L'EIXAMPLE,la Nova Esquerra de l'Eixample,CARRER,ENTENÇA,1,163,,,,,,,5,1,2.144336609,41.38421758
02-2013-0983,L'EIXAMPLE,la Nova Esquerra de l'Eixample,CARRER,ENTENÇA,1,163,,,,,,,4,1,2.144336609,41.38421758
02-2013-0969,L'EIXAMPLE,la Dreta de l'Eixample,GRAN VIA,CORTS CATALANES,1,667,,,,,,,3,2,2.173989498,41.39405006
02-2013-1024,L'EIXAMPLE,Sant Antoni,AVINGUDA,MISTRAL,1,61,,,,,,,4,2,2.154784627,41.37593807
02-2013-1025,L'EIXAMPLE,Sant Antoni,AVINGUDA,MISTRAL,1,61,,,,,,,5,1,2.154784627,41.37593807
03-2013-0347,SANTS-MONTJUÏC,Hostafrancs,CARRER,CREU COBERTA,2,50,,,,,,,PR,2,2.146021258,41.37530317
02-2013-1016,L'EIXAMPLE,la Dreta de l'Eixample,CARRER,ROSSELLO,2,284,,,,,,,2,2,2.165564574,41.39938447
02-2013-1019,L'EIXAMPLE,Sant Antoni,AVINGUDA,MISTRAL,1,61,,,,,,,2,1,2.154784627,41.37593807
02-2013-1020,L'EIXAMPLE,Sant Antoni,AVINGUDA,MISTRAL,1,61,,,,,,,2,2,2.154784627,41.37593807
02-2013-0990,L'EIXAMPLE,la Sagrada Família,CARRER,VALENCIA,2,492,,,,,,,AT,1,2.179226793,41.40450504
02-2013-1013,L'EIXAMPLE,Sant Antoni,AVINGUDA,MISTRAL,1,61,,,,,,,1,2,2.154784627,41.37593807
03-2013-0316,SANTS-MONTJUÏC,el Poble Sec,CARRER,POETA CABANYES,2,86,,,,,,,PR,1,2.164129508,41.37141328
02-2013-1015,L'EIXAMPLE,la Dreta de l'Eixample,PASSATGE,CONCEPCIO,2,2,,,,,,,2,2,2.160574296,41.394991
01-2013-0447,CIUTAT VELLA,el Raval,CARRER,CARME,1,97,,,,,,,2,3,2.166835477,41.38003158
10-2013-0409,SANT MARTI,el Camp de l'Arpa del Clot,CARRER,INDUSTRIA,2,276,B,280,,,,,2,3,2.180253612,41.4139827
10-2013-0410,SANT MARTI,el Camp de l'Arpa del Clot,CARRER,INDUSTRIA,2,276,B,280,,,,,3,2,2.180253612,41.4139827
01-2013-0423,CIUTAT VELLA,el Raval,CARRER,CARME,2,10,,,,,,,PR,1,2.171047917,41.38273074
01-2013-0424,CIUTAT VELLA,el Raval,CARRER,CARME,2,10,,,,,,,PR,2,2.171047917,41.38273074
01-2013-0425,CIUTAT VELLA,el Raval,CARRER,CARME,2,10,,,,,,,PR,3,2.171047917,41.38273074
02-2013-1041,L'EIXAMPLE,la Dreta de l'Eixample,CARRER,BRUC,1,65,,,,,,,AT,2,2.170092561,41.39375576
10-2013-0417,SANT MARTI,el Poblenou,CARRER,PUJADES,2,286,,,,,,,2,1,2.205989861,41.40556899
10-2013-0411,SANT MARTI,el Camp de l'Arpa del Clot,CARRER,INDUSTRIA,2,276,B,280,,,,,3,4,2.180253612,41.4139827
06-2013-0320,GRACIA,la Vila de Gràcia,TRAVESSERA,GRACIA,1,187,,,,,,,2,4,2.159339676,41.40233322
10-2013-0412,SANT MARTI,el Camp de l'Arpa del Clot,CARRER,INDUSTRIA,2,276,B,280,,,,,3,5,2.180253612,41.4139827
02-2013-1035,L'EIXAMPLE,la Nova Esquerra de l'Eixample,CARRER,CALABRIA,2,104,,,,,,,1,2P,2.15474711,41.38004653
02-2013-1042,L'EIXAMPLE,la Sagrada Família,CARRER,MALLORCA,2,496,,,,,,,AT,1,2.180280333,41.4069984
02-2013-1045,L'EIXAMPLE,la Nova Esquerra de l'Eixample,CARRER,CALABRIA,1,199,,,,,,,1,4,2.14855726,41.38444227
10-2013-0422,SANT MARTI,Diagonal Mar i el Front Marítim del Poblenou,PASSEIG,TAULAT,1,271,,,,,,,5,5,2.212606301,41.40521565
10-2013-0424,SANT MARTI,el Poblenou,CARRER,DOCTOR TRUETA,1,173,,,,,,B,3,4,2.200512252,41.39686219
03-2013-0329,SANTS-MONTJUÏC,el Poble Sec,CARRER,OLIVERA,1,29,,,,,,D,3,,2.157457129,41.37360041
01-2013-0445,CIUTAT VELLA,el Barri Gòtic,CARRER,SANT DOMENEC DEL CALL,2,14,,,,,,,4,1,2.175493835,41.38289812
01-2013-0426,CIUTAT VELLA,el Raval,CARRER,CARME,2,10,,,,,,,PR,4,2.171047917,41.38273074
01-2013-0433,CIUTAT VELLA,el Raval,CARRER,CARME,2,10,,,,,,,2,2,2.171047917,41.38273074
01-2013-0427,CIUTAT VELLA,el Raval,CARRER,CARME,2,10,,,,,,,1,1,2.171047917,41.38273074
01-2013-0428,CIUTAT VELLA,el Raval,CARRER,CARME,2,10,,,,,,,1,2,2.171047917,41.38273074
01-2013-0429,CIUTAT VELLA,el Raval,CARRER,CARME,2,10,,,,,,,1,3,2.171047917,41.38273074
01-2013-0431,CIUTAT VELLA,el Raval,CARRER,CARME,2,10,,,,,,,1,4,2.171047917,41.38273074
01-2013-0432,CIUTAT VELLA,el Raval,CARRER,CARME,2,10,,,,,,,2,1,2.171047917,41.38273074
10-2014-0091,SANT MARTI,el Poblenou,CARRER,LLULL,1,223,,,,,,,3,3,2.204273999,41.40274605
02-2013-0996,L'EIXAMPLE,la Sagrada Família,CARRER,SICILIA,1,211,,,,,,,2,,2.17375396,41.40123289
06-2014-0616,GRACIA,la Vila de Gràcia,CARRER,SANT DOMENEC,1,9,,,,,,,2,1,2.156499909,41.39987503
06-2014-0617,GRACIA,la Vila de Gràcia,CARRER,SANT DOMENEC,1,9,,,,,,,2,2,2.156499909,41.39987503
02-2014-0203,L'EIXAMPLE,la Dreta de l'Eixample,CARRER,GIRONA,1,97,,,,,,,4,3,2.1691903,41.39614379
02-2014-0204,L'EIXAMPLE,la Dreta de l'Eixample,CARRER,GIRONA,1,97,,,,,,,2,2,2.1691903,41.39614379
05-2013-0319,SARRIA-SANT GERVASI,Sant Gervasi - Galvany,CARRER,CALVET,1,15,,,,,,,2,1,2.144238486,41.39399069
01-2013-0411,CIUTAT VELLA,el Barri Gòtic,CARRER,SERRA,2,8,,,,,,,2,,2.178115446,41.38000168
06-2013-0306,GRACIA,la Vila de Gràcia,CARRER,LLIBERTAT,1,43,,,,,,,2,1,2.162270713,41.40050934
10-2013-0391,SANT MARTI,la Vila Olímpica del Poblenou,CARRER,ROSA SENSAT,1,31,,,,,,,3,3,2.194267619,41.392456
03-2013-0320,SANTS-MONTJUÏC,el Poble Sec,AVINGUDA,PARAL.LEL,1,113,,,,,,,1,1,2.162251246,41.37480178
02-2013-0974,L'EIXAMPLE,l'Antiga Esquerra de l'Eixample,CARRER,CORSEGA,1,193,,,,,,,3,2,2.150826765,41.39025317
02-2013-0976,L'EIXAMPLE,l'Antiga Esquerra de l'Eixample,CARRER,CORSEGA,1,193,,,,,,,2,2,2.150826765,41.39025317
02-2013-0977,L'EIXAMPLE,l'Antiga Esquerra de l'Eixample,CARRER,CORSEGA,1,193,,,,,,,EN,2,2.150826765,41.39025317
02-2013-0973,L'EIXAMPLE,la Dreta de l'Eixample,RAMBLA,CATALUNYA,1,113,,,,,,,PR,1,2.159254941,41.39393576
02-2013-2004,L'EIXAMPLE,Sant Antoni,CARRER,SEPULVEDA,1,151,,,,,,,SA,2,2.161174663,41.38234471
06-2013-0640,GRACIA,la Vila de Gràcia,CARRER,PERE SERAFI,2,38,,,,,,,1,3,2.154799422,41.40165109
01-2018-0197,CIUTAT VELLA,el Barri Gòtic,CARRER,PETRITXOL,1,17,,,,,,,3,2,2.172506384,41.38317636
01-2018-0195,CIUTAT VELLA,el Barri Gòtic,CARRER,PETRITXOL,1,17,,,,,,,3,1,2.172506384,41.38317636
07-2014-0358,HORTA-GUINARDÓ,el Guinardó,CARRER,LLOBET I VALL-LLOSERA,2,8,,,,,,,EN,3,2.172554819,41.42192772
02-2014-0340,L'EIXAMPLE,l'Antiga Esquerra de l'Eixample,CARRER,MALLORCA,1,217,,,,,,,1,2,2.15879684,41.39113402
02-2013-2098,L'EIXAMPLE,la Dreta de l'Eixample,GRAN VIA,CORTS CATALANES,1,667,,,,,,,PR,2,2.173989498,41.39405006
02-2014-0485,L'EIXAMPLE,la Dreta de l'Eixample,CARRER,TRAFALGAR,1,33,,,,,,,1,1,2.176786013,41.38978176
02-2014-0486,L'EIXAMPLE,la Dreta de l'Eixample,CARRER,TRAFALGAR,1,33,,,,,,,1,3,2.176786013,41.38978176
02-2014-0509,L'EIXAMPLE,Sant Antoni,AVINGUDA,PARAL.LEL,2,188,,,,,,,2,4,2.153204951,41.37519979
02-2010-0560,L'EIXAMPLE,la Dreta de l'Eixample,PASSEIG,GRACIA,2,108,,,,,,,6,3,2.160390046,41.39621513
02-2010-0561,L'EIXAMPLE,la Dreta de l'Eixample,PASSEIG,GRACIA,2,108,,,,,,,6,2,2.160390046,41.39621513
02-2010-0567,L'EIXAMPLE,la Dreta de l'Eixample,CARRER,BRUC,1,5,,,,,,,3,1,2.175776396,41.38946383
02-2010-0565,L'EIXAMPLE,Sant Antoni,CARRER,ROCAFORT,2,46,,,,,,,1,1,2.155694986,41.37763209
03-2010-0231,SANTS-MONTJUÏC,el Poble Sec,CARRER,ROSER,1,21,,,,,,,3,4,2.166937327,41.37367159
02-2010-0601,L'EIXAMPLE,l'Antiga Esquerra de l'Eixample,CARRER,VALENCIA,1,115,,,,,,,5,1,2.154556106,41.38624691
04-2008-0242,LES CORTS,la Maternitat i Sant Ramon,CARRER,CARDENAL REIG,2,40,,,,,,,4,,2.117740662,41.37833465
04-2008-0243,LES CORTS,la Maternitat i Sant Ramon,CARRER,CARDENAL REIG,2,40,,,,,,,3,,2.117740662,41.37833465
06-2008-0259,GRACIA,la Vila de Gràcia,PASSEIG,GRACIA,1,115,,,,,,,3,3,2.158336102,41.39704927
06-2008-0260,GRACIA,la Vila de Gràcia,PASSEIG,GRACIA,1,115,,,,,,,2,1,2.158336102,41.39704927
06-2008-0261,GRACIA,la Vila de Gràcia,PASSEIG,GRACIA,1,115,,,,,,,4,1,2.158336102,41.39704927
02-2008-0523,L'EIXAMPLE,la Dreta de l'Eixample,CARRER,PAU CLARIS,2,76,,,,,,,PR,2B,2.171648178,41.38945381
02-2008-0567,L'EIXAMPLE,l'Antiga Esquerra de l'Eixample,CARRER,CONSELL DE CENT,1,283,,,,,,,1,2,2.161310032,41.38792539
02-2008-0568,L'EIXAMPLE,l'Antiga Esquerra de l'Eixample,CARRER,CONSELL DE CENT,1,283,,,,,,,2,1,2.161310032,41.38792539
02-2008-0569,L'EIXAMPLE,l'Antiga Esquerra de l'Eixample,CARRER,CONSELL DE CENT,1,283,,,,,,,2,2,2.161310032,41.38792539
02-2008-0570,L'EIXAMPLE,l'Antiga Esquerra de l'Eixample,CARRER,CONSELL DE CENT,1,283,,,,,,,3,1,2.161310032,41.38792539
02-2008-0525,L'EIXAMPLE,la Dreta de l'Eixample,CARRER,PAU CLARIS,2,76,,,,,,,PR,2A,2.171648178,41.38945381
02-2008-0535,L'EIXAMPLE,la Sagrada Família,AVINGUDA,DIAGONAL,2,320,B,,,,,,4,2,2.175627443,41.40081596
02-2008-0663,L'EIXAMPLE,la Sagrada Família,CARRER,MARINA,1,223,,,,,,,3,2,2.177414549,41.40208412
02-2010-0623,L'EIXAMPLE,l'Antiga Esquerra de l'Eixample,CARRER,CONSELL DE CENT,1,221,,,,,,D,2,2,2.157871151,41.38533826
02-2008-0571,L'EIXAMPLE,l'Antiga Esquerra de l'Eixample,CARRER,CONSELL DE CENT,1,283,,,,,,,3,2,2.161310032,41.38792539
02-2008-0572,L'EIXAMPLE,l'Antiga Esquerra de l'Eixample,CARRER,CONSELL DE CENT,1,283,,,,,,,4,1,2.161310032,41.38792539
02-2008-0573,L'EIXAMPLE,l'Antiga Esquerra de l'Eixample,CARRER,CONSELL DE CENT,1,283,,,,,,,4,2,2.161310032,41.38792539
02-2008-0574,L'EIXAMPLE,l'Antiga Esquerra de l'Eixample,CARRER,CONSELL DE CENT,1,283,,,,,,,5,1,2.161310032,41.38792539
03-2008-0319,SANTS-MONTJUÏC,Sants,RAMBLA,BADAL,2,148,,,,,,,EN,1,2.131557856,41.37308247
03-2008-0320,SANTS-MONTJUÏC,Sants,RAMBLA,BADAL,2,148,,,,,,,EN,2,2.131557856,41.37308247
03-2008-0321,SANTS-MONTJUÏC,Sants,RAMBLA,BADAL,2,148,,,,,,,1,1,2.131557856,41.37308247
03-2008-0322,SANTS-MONTJUÏC,Sants,RAMBLA,BADAL,2,148,,,,,,,1,2,2.131557856,41.37308247
03-2008-0323,SANTS-MONTJUÏC,Sants,RAMBLA,BADAL,2,148,,,,,,,2,1,2.131557856,41.37308247
03-2008-0324,SANTS-MONTJUÏC,Sants,RAMBLA,BADAL,2,148,,,,,,,2,2,2.131557856,41.37308247
03-2008-0325,SANTS-MONTJUÏC,Sants,RAMBLA,BADAL,2,148,,,,,,,3,1,2.131557856,41.37308247
03-2008-0326,SANTS-MONTJUÏC,Sants,RAMBLA,BADAL,2,148,,,,,,,3,2,2.131557856,41.37308247
02-2008-0590,L'EIXAMPLE,la Dreta de l'Eixample,CARRER,ARAGO,1,291,,,,,,,2,2,2.166926085,41.39391119
02-2008-0656,L'EIXAMPLE,la Sagrada Família,AVINGUDA,GAUDI,2,66,,,,,,,1,3,2.174512241,41.41022927
02-2008-0537,L'EIXAMPLE,l'Antiga Esquerra de l'Eixample,CARRER,ARIBAU,1,59,,,,,,,2,,2.158947206,41.38854382
10-2008-0259,SANT MARTI,el Camp de l'Arpa del Clot,CARRER,INDEPENDENCIA,2,350,,,,,,,1,,2.179213549,41.41110402
06-2008-0274,GRACIA,la Vila de Gràcia,CARRER,BADIA,2,8,,,,,,,1,4,2.154039282,41.40363718
05-2008-0142,SARRIA-SANT GERVASI,Sant Gervasi - Galvany,CARRER,CALVET,1,17,,,,,,,7,2,2.144077594,41.39411612
05-2008-0143,SARRIA-SANT GERVASI,Sant Gervasi - Galvany,CARRER,CALVET,1,17,,,,,,,3,3,2.144077594,41.39411612
05-2008-0144,SARRIA-SANT GERVASI,Sant Gervasi - Galvany,CARRER,CALVET,1,17,,,,,,,3,2,2.144077594,41.39411612
02-2008-0658,L'EIXAMPLE,la Dreta de l'Eixample,CARRER,VALENCIA,2,366,,,,,,,PR,3,2.170564036,41.39801108
02-2008-0662,L'EIXAMPLE,la Dreta de l'Eixample,CARRER,VALENCIA,2,366,,,,,,,4,1,2.170564036,41.39801108
06-2008-0232,GRACIA,el Camp d'en Grassot i Gràcia Nova,CARRER,VENTALLO,2,48,,,,,,,EN,2,2.165120057,41.40837874
06-2008-0234,GRACIA,el Camp d'en Grassot i Gràcia Nova,CARRER,VENTALLO,2,48,,,,,,,1,4,2.165120057,41.40837874
06-2008-0235,GRACIA,el Camp d'en Grassot i Gràcia Nova,CARRER,VENTALLO,2,48,,,,,,,2,1,2.165120057,41.40837874
06-2008-0236,GRACIA,el Camp d'en Grassot i Gràcia Nova,CARRER,VENTALLO,2,48,,,,,,,3,1,2.165120057,41.40837874
06-2008-0237,GRACIA,el Camp d'en Grassot i Gràcia Nova,CARRER,VENTALLO,2,48,,,,,,,3,2,2.165120057,41.40837874
10-2008-0260,SANT MARTI,el Camp de l'Arpa del Clot,CARRER,INDEPENDENCIA,2,350,,,,,,,2,,2.179213549,41.41110402
10-2008-0261,SANT MARTI,el Camp de l'Arpa del Clot,CARRER,INDEPENDENCIA,2,350,,,,,,,3,,2.179213549,41.41110402
02-2008-0681,L'EIXAMPLE,l'Antiga Esquerra de l'Eixample,CARRER,VALENCIA,1,101,,,,,,,AT,1,2.154112232,41.38591586
10-2008-0448,SANT MARTI,el Poblenou,CARRER,BAC DE RODA,1,63,,,,,,,5,3,2.206918453,41.40511417
10-2008-0270,SANT MARTI,el Camp de l'Arpa del Clot,CARRER,INDEPENDENCIA,2,350,,,,,,,4,,2.179213549,41.41110402
06-2008-0176,GRACIA,la Vila de Gràcia,CARRER,GRAN DE GRACIA,2,250,,,,,,,2,,2.150947754,41.40524927
05-2008-0332,SARRIA-SANT GERVASI,el Putxet i el Farró,RONDA,GENERAL MITRE,2,226,,,,,,,2,3,2.147479823,41.40563253
10-2008-0271,SANT MARTI,el Camp de l'Arpa del Clot,CARRER,INDEPENDENCIA,2,350,,,,,,,5,,2.179213549,41.41110402
10-2008-0272,SANT MARTI,el Camp de l'Arpa del Clot,CARRER,INDEPENDENCIA,2,350,,,,,,,AT,,2.179213549,41.41110402
02-2008-0548,L'EIXAMPLE,el Fort Pienc,CARRER,AUSIAS MARC,1,95,,,,,,,1,1,2.180400437,41.39506611
02-2008-0549,L'EIXAMPLE,el Fort Pienc,CARRER,AUSIAS MARC,1,95,,,,,,,1,2,2.180400437,41.39506611
02-2008-0550,L'EIXAMPLE,el Fort Pienc,CARRER,AUSIAS MARC,1,95,,,,,,,2,1,2.180400437,41.39506611
02-2008-0551,L'EIXAMPLE,el Fort Pienc,CARRER,AUSIAS MARC,1,95,,,,,,,2,2,2.180400437,41.39506611
07-2008-0185,HORTA-GUINARDÓ,el Baix Guinardó,CARRER,MARINA,2,366,,,,,,,2,,2.16965834,41.40828371
07-2008-0186,HORTA-GUINARDÓ,el Baix Guinardó,CARRER,MARINA,2,366,,,,,,,1,,2.16965834,41.40828371
10-2008-0384,SANT MARTI,Diagonal Mar i el Front Marítim del Poblenou,CARRER,PELLAIRES,1,25,,,,,,,1,A,2.210217785,41.40470091
10-2008-0386,SANT MARTI,Diagonal Mar i el Front Marítim del Poblenou,CARRER,PELLAIRES,1,25,,,,,,,1,B,2.210217785,41.40470091
10-2008-0387,SANT MARTI,Diagonal Mar i el Front Marítim del Poblenou,CARRER,PELLAIRES,1,25,,,,,,,1,C,2.210217785,41.40470091
10-2008-0388,SANT MARTI,Diagonal Mar i el Front Marítim del Poblenou,CARRER,PELLAIRES,1,25,,,,,,,2,A,2.210217785,41.40470091
10-2008-0389,SANT MARTI,Diagonal Mar i el Front Marítim del Poblenou,CARRER,PELLAIRES,1,25,,,,,,,2,B,2.210217785,41.40470091
05-2008-0141,SARRIA-SANT GERVASI,Sant Gervasi - Galvany,CARRER,CALVET,1,17,,,,,,,1,4,2.144077594,41.39411612
02-2008-0552,L'EIXAMPLE,el Fort Pienc,CARRER,AUSIAS MARC,1,95,,,,,,,3,1,2.180400437,41.39506611
02-2008-0554,L'EIXAMPLE,el Fort Pienc,CARRER,AUSIAS MARC,1,95,,,,,,,3,2,2.180400437,41.39506611
02-2008-0555,L'EIXAMPLE,el Fort Pienc,CARRER,AUSIAS MARC,1,95,,,,,,,4,1,2.180400437,41.39506611
02-2008-0557,L'EIXAMPLE,el Fort Pienc,CARRER,AUSIAS MARC,1,95,,,,,,,4,2,2.180400437,41.39506611
02-2008-0559,L'EIXAMPLE,el Fort Pienc,CARRER,AUSIAS MARC,1,95,,,,,,,5,1,2.180400437,41.39506611
05-2008-0322,SARRIA-SANT GERVASI,Sant Gervasi - Galvany,CARRER,SAGUES,1,11,,13,,,,,EN,3,2.145109568,41.39404697
05-2008-0323,SARRIA-SANT GERVASI,Sant Gervasi - Galvany,PASSATGE,MARIMON,1,11,,,,,,,3,2,2.147839652,41.39458945
05-2008-0324,SARRIA-SANT GERVASI,Sant Gervasi - Galvany,PASSATGE,MARIMON,1,11,,,,,,,2,2,2.147839652,41.39458945
06-2008-0207,GRACIA,el Camp d'en Grassot i Gràcia Nova,CARRER,INDUSTRIA,2,16,,,,,,,2,2,2.165719949,41.40285807
06-2008-0208,GRACIA,el Camp d'en Grassot i Gràcia Nova,CARRER,INDUSTRIA,2,16,,,,,,,7,1,2.165719949,41.40285807
06-2008-0209,GRACIA,el Camp d'en Grassot i Gràcia Nova,CARRER,INDUSTRIA,2,16,,,,,,,4,2,2.165719949,41.40285807
10-2008-0390,SANT MARTI,Diagonal Mar i el Front Marítim del Poblenou,CARRER,PELLAIRES,1,25,,,,,,,2,C,2.210217785,41.40470091
10-2008-0398,SANT MARTI,el Parc i la Llacuna del Poblenou,CARRER,ALMOGAVERS,2,54,,,,,,,2,1,2.185153933,41.39333361
02-2008-0591,L'EIXAMPLE,l'Antiga Esquerra de l'Eixample,CARRER,BALMES,1,87,,,,,,,5,2,2.160012265,41.39115276
06-2008-0187,GRACIA,la Vila de Gràcia,CARRER,BONAVISTA,2,4,,,,,,,BJ,1,2.159053759,41.39779146
02-2008-0560,L'EIXAMPLE,el Fort Pienc,CARRER,AUSIAS MARC,1,95,,,,,,,5,2,2.180400437,41.39506611
02-2008-0562,L'EIXAMPLE,l'Antiga Esquerra de l'Eixample,CARRER,CONSELL DE CENT,1,283,,,,,,,PR,1,2.161310032,41.38792539
02-2008-0563,L'EIXAMPLE,l'Antiga Esquerra de l'Eixample,CARRER,CONSELL DE CENT,1,283,,,,,,,PR,2,2.161310032,41.38792539
02-2008-0565,L'EIXAMPLE,l'Antiga Esquerra de l'Eixample,CARRER,CONSELL DE CENT,1,283,,,,,,,1,1,2.161310032,41.38792539
05-2008-0325,SARRIA-SANT GERVASI,Sant Gervasi - Galvany,CARRER,SAGUES,1,11,,13,,,,,3,2,2.145109568,41.39404697
05-2008-0334,SARRIA-SANT GERVASI,el Putxet i el Farró,RONDA,GENERAL MITRE,2,226,,,,,,,2,4,2.147479823,41.40563253
06-2008-0163,GRACIA,la Vila de Gràcia,CARRER,FRANCISCO GINER,2,50,,,,,,,1,,2.158379287,41.39986054
03-2008-0271,SANTS-MONTJUÏC,el Poble Sec,CARRER,SALVA,2,78,,80,,,,,1,1,2.164895164,41.37150313
03-2008-0272,SANTS-MONTJUÏC,el Poble Sec,CARRER,SALVA,2,78,,80,,,,,1,3,2.164895164,41.37150313
03-2008-0273,SANTS-MONTJUÏC,el Poble Sec,CARRER,SALVA,2,78,,80,,,,,BJ,2,2.164895164,41.37150313
06-2008-0188,GRACIA,la Vila de Gràcia,CARRER,BONAVISTA,2,4,,,,,,,BJ,2,2.159053759,41.39779146
02-2008-0476,L'EIXAMPLE,la Nova Esquerra de l'Eixample,CARRER,CALABRIA,2,160,,,,,,,3,4,2.152022457,41.38210541
02-2008-0495,L'EIXAMPLE,la Dreta de l'Eixample,GRAN VIA,CORTS CATALANES,1,651,,,,,,,4,3,2.172530678,41.39295313
10-2008-0311,SANT MARTI,el Camp de l'Arpa del Clot,CARRER,MALLORCA,2,534,,,,,,,1,,2.182067159,41.40833428
10-2008-0312,SANT MARTI,el Camp de l'Arpa del Clot,CARRER,MALLORCA,2,534,,,,,,,3,,2.182067159,41.40833428
06-2008-0138,GRACIA,el Camp d'en Grassot i Gràcia Nova,CARRER,NAPOLS,2,282,,284,,,,,1,4,2.16940914,41.40308738
06-2008-0238,GRACIA,el Camp d'en Grassot i Gràcia Nova,CARRER,VENTALLO,2,48,,,,,,,3,3,2.165120057,41.40837874
06-2008-0239,GRACIA,el Camp d'en Grassot i Gràcia Nova,CARRER,VENTALLO,2,48,,,,,,,EN,1,2.165120057,41.40837874
06-2008-0240,GRACIA,el Camp d'en Grassot i Gràcia Nova,CARRER,VENTALLO,2,48,,,,,,,EN,4,2.165120057,41.40837874
02-2008-0544,L'EIXAMPLE,la Dreta de l'Eixample,CARRER,ROGER DE LLURIA,1,27,,,,,,,SA,,2.170441447,41.3917867
02-2008-0690,L'EIXAMPLE,la Dreta de l'Eixample,CARRER,TRAFALGAR,1,13,,,,,,,PR,,2.174963107,41.38905943
02-2008-0649,L'EIXAMPLE,la Sagrada Família,CARRER,ROSSELLO,1,419,,,,,,,6,1,2.172263976,41.40467526
07-2008-0184,HORTA-GUINARDÓ,el Baix Guinardó,CARRER,MARINA,2,366,,,,,,,3,1,2.16965834,41.40828371
02-2008-0470,L'EIXAMPLE,la Dreta de l'Eixample,RONDA,SANT PERE,2,38,,,,,,,1,1,2.175236346,41.38972712
10-2008-0352,SANT MARTI,el Parc i la Llacuna del Poblenou,CARRER,ALMOGAVERS,2,58,,,,,,,2,2,2.185469487,41.39356787
06-2008-0241,GRACIA,el Camp d'en Grassot i Gràcia Nova,CARRER,VENTALLO,2,48,,,,,,,1,2,2.165120057,41.40837874
06-2008-0242,GRACIA,el Camp d'en Grassot i Gràcia Nova,CARRER,VENTALLO,2,48,,,,,,,2,2,2.165120057,41.40837874
06-2008-0243,GRACIA,el Camp d'en Grassot i Gràcia Nova,CARRER,VENTALLO,2,48,,,,,,,2,4,2.165120057,41.40837874
06-2008-0244,GRACIA,el Camp d'en Grassot i Gràcia Nova,CARRER,VENTALLO,2,48,,,,,,,1,1,2.165120057,41.40837874
06-2008-0125,GRACIA,el Camp d'en Grassot i Gràcia Nova,CARRER,ROSSELLO,1,411,,,,,,,1,,2.17151152,41.40411381
05-2008-0329,SARRIA-SANT GERVASI,el Putxet i el Farró,RONDA,GENERAL MITRE,2,226,,,,,,,1,2,2.147479823,41.40563253
05-2008-0330,SARRIA-SANT GERVASI,el Putxet i el Farró,RONDA,GENERAL MITRE,2,226,,,,,,,2,2,2.147479823,41.40563253
02-2008-0366,L'EIXAMPLE,la Dreta de l'Eixample,CARRER,BRUC,1,65,,,,,,,4,1,2.170092561,41.39375576
01-2013-0670,CIUTAT VELLA,la Barceloneta,CARRER,SANT MIQUEL,2,58,,,,,,,PR,,2.188670162,41.37871945
05-2008-0243,SARRIA-SANT GERVASI,el Putxet i el Farró,CARRER,FRANCOLI,2,40,,,,,,,BJ,3,2.146398599,41.40376784
10-2008-0378,SANT MARTI,Provençals del Poblenou,CARRER,BAC DE RODA,2,118,,,,,,,12,3,2.203394169,41.40818484
10-2008-0380,SANT MARTI,Provençals del Poblenou,CARRER,BAC DE RODA,2,118,,,,,,,12,4,2.203394169,41.40818484
06-2008-0251,GRACIA,la Vila de Gràcia,CARRER,VERDI,2,14,,,,,,,2,2,2.157402659,41.40342383
03-2008-0367,SANTS-MONTJUÏC,el Poble Sec,PASSEIG,MONTJUIC,2,32,,,,,,,4,11,2.171176806,41.37235444
05-2008-0320,SARRIA-SANT GERVASI,Sarrià,CARRER,CORNET I MAS,2,4,,,,,,,1,2,2.123335227,41.39836026
02-2008-0530,L'EIXAMPLE,Sant Antoni,GRAN VIA,CORTS CATALANES,2,516,,,,,,,3,2,2.15829831,41.38159787
10-2008-0412,SANT MARTI,el Camp de l'Arpa del Clot,CARRER,INDEPENDENCIA,2,350,,,,,,,SA,,2.179213549,41.41110402
10-2008-0413,SANT MARTI,el Camp de l'Arpa del Clot,CARRER,CORSEGA,2,662,,,,,,,EN,2,2.179349547,41.41144686
02-2008-0625,L'EIXAMPLE,la Dreta de l'Eixample,CARRER,VALENCIA,2,366,,,,,,,2,2,2.170564036,41.39801108
02-2008-0627,L'EIXAMPLE,la Dreta de l'Eixample,CARRER,VALENCIA,2,366,,,,,,,2,1,2.170564036,41.39801108
02-2008-0629,L'EIXAMPLE,la Dreta de l'Eixample,CARRER,VALENCIA,2,366,,,,,,,3,2,2.170564036,41.39801108
06-2008-0189,GRACIA,la Vila de Gràcia,CARRER,BONAVISTA,2,4,,,,,,,1,1,2.159053759,41.39779146
06-2008-0190,GRACIA,la Vila de Gràcia,CARRER,BONAVISTA,2,4,,,,,,,1,2,2.159053759,41.39779146
06-2008-0191,GRACIA,la Vila de Gràcia,CARRER,BONAVISTA,2,4,,,,,,,1,3,2.159053759,41.39779146
06-2008-0192,GRACIA,la Vila de Gràcia,CARRER,BONAVISTA,2,4,,,,,,,1,4,2.159053759,41.39779146
06-2008-0193,GRACIA,la Vila de Gràcia,CARRER,BONAVISTA,2,4,,,,,,,2,1,2.159053759,41.39779146
03-2008-0266,SANTS-MONTJUÏC,el Poble Sec,CARRER,SALVA,2,78,,80,,,,,BJ,1,2.164895164,41.37150313
03-2008-0267,SANTS-MONTJUÏC,el Poble Sec,CARRER,SALVA,2,78,,80,,,,,1,2,2.164895164,41.37150313
02-2008-0513,L'EIXAMPLE,la Nova Esquerra de l'Eixample,CARRER,LLANÇA,1,25,,,,,,,1,1,2.146767713,41.37897555
06-2008-0194,GRACIA,la Vila de Gràcia,CARRER,BONAVISTA,2,4,,,,,,,2,2,2.159053759,41.39779146
06-2008-0195,GRACIA,la Vila de Gràcia,CARRER,BONAVISTA,2,4,,,,,,,2,3,2.159053759,41.39779146
06-2008-0196,GRACIA,la Vila de Gràcia,CARRER,BONAVISTA,2,4,,,,,,,2,4,2.159053759,41.39779146
02-2008-1181,L'EIXAMPLE,la Dreta de l'Eixample,CARRER,ARAGO,1,281,,,,,,,5,2,2.166017132,41.39322475
02-2009-0159,L'EIXAMPLE,la Dreta de l'Eixample,CARRER,ARAGO,1,373,,,,,,,1,2,2.172827153,41.39837373
02-2009-0158,L'EIXAMPLE,la Dreta de l'Eixample,CARRER,ARAGO,1,373,,,,,,,PR,2,2.172827153,41.39837373
06-2008-0431,GRACIA,la Vila de Gràcia,TRAVESSERA,GRACIA,1,133,,,,,,,BJ,,2.156151328,41.40039537
06-2008-0432,GRACIA,la Vila de Gràcia,TRAVESSERA,GRACIA,1,133,,,,,,,1,1,2.156151328,41.40039537
06-2008-0433,GRACIA,la Vila de Gràcia,TRAVESSERA,GRACIA,1,133,,,,,,,1,2,2.156151328,41.40039537
06-2008-0434,GRACIA,la Vila de Gràcia,TRAVESSERA,GRACIA,1,133,,,,,,,2,1,2.156151328,41.40039537
06-2008-0435,GRACIA,la Vila de Gràcia,TRAVESSERA,GRACIA,1,133,,,,,,,2,2,2.156151328,41.40039537
06-2008-0436,GRACIA,la Vila de Gràcia,TRAVESSERA,GRACIA,1,133,,,,,,,3,1,2.156151328,41.40039537
02-2009-0076,L'EIXAMPLE,l'Antiga Esquerra de l'Eixample,CARRER,ARIBAU,1,11,,,,,,A,PR,2,2.16205331,41.38619583
02-2008-1230,L'EIXAMPLE,l'Antiga Esquerra de l'Eixample,CARRER,DIPUTACIO,1,197,,,,,,,AT,,2.161066264,41.38603472
02-2008-1231,L'EIXAMPLE,l'Antiga Esquerra de l'Eixample,CARRER,DIPUTACIO,1,197,,,,,,,5,1,2.161066264,41.38603472
02-2008-1232,L'EIXAMPLE,l'Antiga Esquerra de l'Eixample,CARRER,DIPUTACIO,1,197,,,,,,,5,2,2.161066264,41.38603472
10-2008-0685,SANT MARTI,Diagonal Mar i el Front Marítim del Poblenou,PASSEIG,TAULAT,1,231,,,,,,E,4,3,2.210431706,41.40344702
06-2008-0381,GRACIA,Vallcarca i els Penitents,CARRER,BOLIVAR,1,17,,,,,,,PR,1,2.147248824,41.40952381
10-2008-0715,SANT MARTI,el Camp de l'Arpa del Clot,CARRER,INDUSTRIA,2,198,,,,,,,5,2,2.176899365,41.41128949
10-2008-0716,SANT MARTI,el Camp de l'Arpa del Clot,CARRER,INDUSTRIA,2,198,,,,,,,1,1,2.176899365,41.41128949
02-2009-0160,L'EIXAMPLE,la Dreta de l'Eixample,CARRER,ARAGO,1,373,,,,,,,2,1,2.172827153,41.39837373
06-2008-0437,GRACIA,la Vila de Gràcia,TRAVESSERA,GRACIA,1,133,,,,,,,3,2,2.156151328,41.40039537
06-2008-0438,GRACIA,la Vila de Gràcia,TRAVESSERA,GRACIA,1,133,,,,,,,4,1,2.156151328,41.40039537
06-2008-0439,GRACIA,la Vila de Gràcia,TRAVESSERA,GRACIA,1,133,,,,,,,4,2,2.156151328,41.40039537
02-2008-1238,L'EIXAMPLE,la Nova Esquerra de l'Eixample,GRAN VIA,CORTS CATALANES,1,439,,,,,,,2,1,2.153358019,41.37854053
02-2008-1233,L'EIXAMPLE,la Dreta de l'Eixample,CARRER,DIPUTACIO,1,307,,,,,,B,2,1,2.170167639,41.39288628
02-2008-1239,L'EIXAMPLE,la Nova Esquerra de l'Eixample,GRAN VIA,CORTS CATALANES,1,439,,,,,,,2,2,2.153358019,41.37854053
02-2008-1241,L'EIXAMPLE,la Nova Esquerra de l'Eixample,GRAN VIA,CORTS CATALANES,1,439,,,,,,,5,1,2.153358019,41.37854053
02-2008-0919,L'EIXAMPLE,la Dreta de l'Eixample,CARRER,GIRONA,1,97,,,,,,,2,4,2.1691903,41.39614379
10-2009-0029,SANT MARTI,el Parc i la Llacuna del Poblenou,CARRER,ALMOGAVERS,2,6,,,,,,,EN,4,2.182745388,41.39155347
10-2009-0069,SANT MARTI,Diagonal Mar i el Front Marítim del Poblenou,CARRER,PELLAIRES,1,25,,,,,,,BJ,A,2.210217785,41.40470091
10-2008-0691,SANT MARTI,la Vila Olímpica del Poblenou,CARRER,MARINA,1,23,,,,,,,4,2,2.195165415,41.38814025
10-2008-0692,SANT MARTI,Provençals del Poblenou,CARRER,FLUVIA,1,109,,111,,,,C,6,2,2.204236287,41.40860008
02-2008-1136,L'EIXAMPLE,Sant Antoni,CARRER,VILLARROEL,2,48,,,,,,,2,1,2.160448399,41.38256174
02-2008-1137,L'EIXAMPLE,la Dreta de l'Eixample,CARRER,CASP,1,63,,,,,,,2,1,2.176123317,41.39356811
02-2008-1138,L'EIXAMPLE,la Nova Esquerra de l'Eixample,CARRER,DIPUTACIO,1,123,,125,,,,,3,2,2.156679526,41.38273352
02-2008-1139,L'EIXAMPLE,la Dreta de l'Eixample,RAMBLA,CATALUNYA,2,98,B,,,,,,2,2,2.160430058,41.39347774
10-2008-0693,SANT MARTI,el Poblenou,CARRER,VIDAL I DE VALENCIANO,1,19,,,,,,,12,1,2.20763342,41.39932466
02-2008-1140,L'EIXAMPLE,la Dreta de l'Eixample,CARRER,ALI BEI,1,29,,,,,,,3,1,2.178565554,41.39200047
02-2008-1141,L'EIXAMPLE,la Dreta de l'Eixample,CARRER,ALI BEI,1,29,,,,,,,2,1,2.178565554,41.39200047
02-2008-1142,L'EIXAMPLE,el Fort Pienc,CARRER,CASP,2,190,,,,,,,6,1,2.182123614,41.39779895
03-2008-0475,SANTS-MONTJUÏC,Sants,CARRER,RIEGO,1,39,,,,,,,BJ,1,2.13832497,41.3770395
03-2008-0476,SANTS-MONTJUÏC,Sants,CARRER,RIEGO,1,39,,,,,,,BJ,2,2.13832497,41.3770395
03-2008-0477,SANTS-MONTJUÏC,Sants,CARRER,RIEGO,1,39,,,,,,,2,1,2.13832497,41.3770395
03-2008-0478,SANTS-MONTJUÏC,Sants,CARRER,RIEGO,1,39,,,,,,,2,2,2.13832497,41.3770395
03-2008-0479,SANTS-MONTJUÏC,Sants,CARRER,RIEGO,1,39,,,,,,,2,3,2.13832497,41.3770395
03-2008-0480,SANTS-MONTJUÏC,Sants,CARRER,RIEGO,1,39,,,,,,,3,1,2.13832497,41.3770395
03-2008-0481,SANTS-MONTJUÏC,Sants,CARRER,RIEGO,1,39,,,,,,,3,2,2.13832497,41.3770395
02-2008-0955,L'EIXAMPLE,el Fort Pienc,CARRER,AUSIAS MARC,1,157,,159,,,,D,AT,2,2.18412206,41.39784974
10-2008-0582,SANT MARTI,el Camp de l'Arpa del Clot,CARRER,ARAGO,1,565,,,,,,,1,1,2.184894458,41.40744147
10-2008-0583,SANT MARTI,el Camp de l'Arpa del Clot,CARRER,ARAGO,1,565,,,,,,,1,2,2.184894458,41.40744147
10-2008-0586,SANT MARTI,el Camp de l'Arpa del Clot,CARRER,ARAGO,1,565,,,,,,,2,1,2.184894458,41.40744147
10-2008-0587,SANT MARTI,el Camp de l'Arpa del Clot,CARRER,ARAGO,1,565,,,,,,,2,2,2.184894458,41.40744147
10-2008-0588,SANT MARTI,el Camp de l'Arpa del Clot,CARRER,ARAGO,1,565,,,,,,,3,1,2.184894458,41.40744147
10-2008-0589,SANT MARTI,el Camp de l'Arpa del Clot,CARRER,ARAGO,1,565,,,,,,,3,2,2.184894458,41.40744147
10-2008-0590,SANT MARTI,el Camp de l'Arpa del Clot,CARRER,ARAGO,1,565,,,,,,,4,1,2.184894458,41.40744147
10-2008-0591,SANT MARTI,el Camp de l'Arpa del Clot,CARRER,ARAGO,1,565,,,,,,,4,2,2.184894458,41.40744147
10-2008-0592,SANT MARTI,el Camp de l'Arpa del Clot,CARRER,ARAGO,1,565,,,,,,,5,1,2.184894458,41.40744147
02-2008-0878,L'EIXAMPLE,la Dreta de l'Eixample,CARRER,GIRONA,1,99,,,,,,,1,1,2.169131442,41.39618827
02-2008-1242,L'EIXAMPLE,la Nova Esquerra de l'Eixample,GRAN VIA,CORTS CATALANES,1,439,,,,,,,6,3,2.153358019,41.37854053
02-2008-0723,L'EIXAMPLE,l'Antiga Esquerra de l'Eixample,CARRER,ENRIC GRANADOS,1,21,,,,,,,6,2,2.16147559,41.38833689
03-2008-0482,SANTS-MONTJUÏC,Sants,CARRER,RIEGO,1,39,,,,,,,3,3,2.13832497,41.3770395
02-2008-0966,L'EIXAMPLE,la Dreta de l'Eixample,RONDA,SANT PERE,1,3,,,,,,,5,1,2.17068944,41.38834878
02-2008-0967,L'EIXAMPLE,,RONDA,SANT PERE,1,3,,,,,,,4,5,2.17068944,41.38834878
02-2008-0968,L'EIXAMPLE,,RONDA,SANT PERE,1,3,,,,,,,4,1,2.17068944,41.38834878
02-2008-0970,L'EIXAMPLE,,RONDA,SANT PERE,1,3,,,,,,,3,6,2.17068944,41.38834878
02-2008-0971,L'EIXAMPLE,la Dreta de l'Eixample,RONDA,SANT PERE,1,3,,,,,,,3,1,2.17068944,41.38834878
02-2008-0972,L'EIXAMPLE,la Dreta de l'Eixample,RONDA,SANT PERE,1,3,,,,,,,2,5,2.17068944,41.38834878
02-2008-0973,L'EIXAMPLE,la Dreta de l'Eixample,RONDA,SANT PERE,1,3,,,,,,,2,1,2.17068944,41.38834878
02-2008-0974,L'EIXAMPLE,la Dreta de l'Eixample,RONDA,SANT PERE,1,3,,,,,,,2,4,2.17068944,41.38834878
10-2008-0593,SANT MARTI,el Camp de l'Arpa del Clot,CARRER,ARAGO,1,565,,,,,,,5,2,2.184894458,41.40744147
02-2009-0003,L'EIXAMPLE,la Nova Esquerra de l'Eixample,CARRER,ENTENÇA,2,98,,,,,,,BJ,1,2.150036649,41.38019371
02-2009-0004,L'EIXAMPLE,la Nova Esquerra de l'Eixample,CARRER,ENTENÇA,2,98,,,,,,,BJ,2,2.150036649,41.38019371
02-2009-0005,L'EIXAMPLE,la Nova Esquerra de l'Eixample,CARRER,ENTENÇA,2,98,,,,,,,1,1,2.150036649,41.38019371
02-2009-0006,L'EIXAMPLE,la Nova Esquerra de l'Eixample,CARRER,ENTENÇA,2,98,,,,,,,1,2,2.150036649,41.38019371
02-2008-1019,L'EIXAMPLE,la Nova Esquerra de l'Eixample,GRAN VIA,CORTS CATALANES,1,429,,,,,,,4,2,2.152845538,41.3781991
10-2008-0625,SANT MARTI,el Camp de l'Arpa del Clot,CARRER,INDEPENDENCIA,1,287,,,,,,,2,1,2.182865776,41.40803773
10-2008-0626,SANT MARTI,el Camp de l'Arpa del Clot,CARRER,INDEPENDENCIA,1,287,,,,,,,1,1,2.182865776,41.40803773
10-2008-0627,SANT MARTI,el Camp de l'Arpa del Clot,CARRER,INDEPENDENCIA,1,287,,,,,,,3,2,2.182865776,41.40803773
10-2008-0628,SANT MARTI,el Camp de l'Arpa del Clot,CARRER,INDEPENDENCIA,1,287,,,,,,,3,1,2.182865776,41.40803773
10-2008-0629,SANT MARTI,el Camp de l'Arpa del Clot,CARRER,INDEPENDENCIA,1,287,,,,,,,2,2,2.182865776,41.40803773
10-2008-0630,SANT MARTI,el Camp de l'Arpa del Clot,CARRER,INDEPENDENCIA,1,287,,,,,,,BJ,,2.182865776,41.40803773
10-2008-0631,SANT MARTI,el Camp de l'Arpa del Clot,CARRER,INDEPENDENCIA,1,287,,,,,,,4,1,2.182865776,41.40803773
10-2008-0632,SANT MARTI,el Camp de l'Arpa del Clot,CARRER,INDEPENDENCIA,1,287,,,,,,,1,2,2.182865776,41.40803773
10-2008-0633,SANT MARTI,el Camp de l'Arpa del Clot,CARRER,INDEPENDENCIA,1,287,,,,,,,4,2,2.182865776,41.40803773
06-2008-0301,GRACIA,el Camp d'en Grassot i Gràcia Nova,PASSATGE,NOGUES,2,26,,,,,,,PR,3,2.166291964,41.40807208
02-2008-0805,L'EIXAMPLE,l'Antiga Esquerra de l'Eixample,CARRER,MUNTANER,2,148,,,,,,,3,,2.154492697,41.39048009
02-2008-1103,L'EIXAMPLE,la Dreta de l'Eixample,CARRER,GIRONA,1,15,,,,,,,PR,1,2.175263,41.39155797
02-2008-1104,L'EIXAMPLE,la Dreta de l'Eixample,CARRER,GIRONA,1,15,,,,,,,PR,2,2.175263,41.39155797
02-2008-1212,L'EIXAMPLE,l'Antiga Esquerra de l'Eixample,CARRER,MALLORCA,2,152,,,,,,,PR,2,2.154670595,41.38775534
05-2008-0447,SARRIA-SANT GERVASI,Sarrià,CARRER,MARE DE DEU DE NURIA,1,11,,15,,,,,1,2,2.12419099,41.39853843
02-2008-0965,L'EIXAMPLE,la Dreta de l'Eixample,PASSEIG,GRACIA,1,23,,,,,,B,1,2,2.166472329,41.3904748
07-2008-0282,HORTA-GUINARDÓ,el Baix Guinardó,TRAVESSERA,GRACIA,1,441,,,,,,,1,3,2.173273332,41.4112917
07-2008-0283,HORTA-GUINARDÓ,el Baix Guinardó,TRAVESSERA,GRACIA,1,441,,,,,,,PR,4,2.173273332,41.4112917
02-2009-0161,L'EIXAMPLE,la Dreta de l'Eixample,CARRER,ARAGO,1,373,,,,,,,2,2,2.172827153,41.39837373
02-2009-0162,L'EIXAMPLE,la Dreta de l'Eixample,CARRER,ARAGO,1,373,,,,,,,3,2,2.172827153,41.39837373
02-2008-1112,L'EIXAMPLE,la Dreta de l'Eixample,CARRER,ARAGO,2,338,,,,,,,1,3,2.170311821,41.39605356
05-2008-0496,SARRIA-SANT GERVASI,Sant Gervasi - Galvany,CARRER,GANDUXER,2,74,,76,,,,,EN,D,2.135022333,41.39837266
02-2008-1113,L'EIXAMPLE,l'Antiga Esquerra de l'Eixample,CARRER,ROSSELLO,2,114,,,,,,,3,2,2.151239022,41.38858625
02-2008-0849,L'EIXAMPLE,el Fort Pienc,PASSEIG,SANT JOAN,2,28,,,,,,,2,2,2.178473724,41.39300963
10-2008-0594,SANT MARTI,el Camp de l'Arpa del Clot,CARRER,ARAGO,1,565,,,,,,,6,1,2.184894458,41.40744147
10-2008-0595,SANT MARTI,el Camp de l'Arpa del Clot,CARRER,ARAGO,1,565,,,,,,,6,2,2.184894458,41.40744147
02-2008-1102,L'EIXAMPLE,la Dreta de l'Eixample,CARRER,ROSSELLO,2,202,,,,,,,EN,1,2.157713858,41.39343953
10-2008-0525,SANT MARTI,el Poblenou,CARRER,PERE IV,2,244,,246,,,,,5,2,2.19975414,41.40509348
02-2009-0007,L'EIXAMPLE,la Nova Esquerra de l'Eixample,CARRER,ENTENÇA,2,98,,,,,,,1,3,2.150036649,41.38019371
02-2009-0008,L'EIXAMPLE,la Nova Esquerra de l'Eixample,CARRER,ENTENÇA,2,98,,,,,,,2,1,2.150036649,41.38019371
05-2008-0420,SARRIA-SANT GERVASI,Sarrià,CARRER,BENET MATEU,2,26,,,,,,,3,2,2.126974788,41.39232995
10-2008-0634,SANT MARTI,el Camp de l'Arpa del Clot,CARRER,INDEPENDENCIA,1,287,,,,,,,5,1,2.182865776,41.40803773
10-2008-0635,SANT MARTI,el Camp de l'Arpa del Clot,CARRER,INDEPENDENCIA,1,287,,,,,,,5,2,2.182865776,41.40803773
02-2009-0029,L'EIXAMPLE,,PLAÇA,DOCTOR LETAMENDI,2,26,,,,,,,1,1,2.160678183,41.38952903
02-2009-0065,L'EIXAMPLE,Sant Antoni,CARRER,TAMARIT,2,136,,,,,,,6,4,2.159562773,41.37745594
02-2009-0066,L'EIXAMPLE,Sant Antoni,CARRER,TAMARIT,2,102,,,,,,,4,2,2.157421826,41.37584119
02-2008-0922,L'EIXAMPLE,la Dreta de l'Eixample,CARRER,GIRONA,1,97,,,,,,,3,4,2.1691903,41.39614379
02-2008-0923,L'EIXAMPLE,la Dreta de l'Eixample,CARRER,GIRONA,1,97,,,,,,,4,4,2.1691903,41.39614379
02-2008-0924,L'EIXAMPLE,la Dreta de l'Eixample,CARRER,GIRONA,1,97,,,,,,,AT,1,2.1691903,41.39614379
02-2008-0925,L'EIXAMPLE,la Dreta de l'Eixample,CARRER,GIRONA,1,97,,,,,,,AT,2,2.1691903,41.39614379
02-2008-0785,L'EIXAMPLE,la Sagrada Família,CARRER,LEPANT,1,315,,,,,,,1,2,2.173452756,41.40674399
10-2008-0503,SANT MARTI,el Camp de l'Arpa del Clot,CARRER,CORUNYA,2,20,,,,,,,AT,2,2.185138077,41.40839102
02-2008-1108,L'EIXAMPLE,la Dreta de l'Eixample,CARRER,GIRONA,1,103,,,,,,,3,2,2.16890212,41.39635784
06-2008-0373,GRACIA,la Vila de Gràcia,CARRER,FRANCISCO GINER,2,16,,,,,,,4,2,2.159454431,41.39890168
02-2009-0163,L'EIXAMPLE,la Dreta de l'Eixample,CARRER,ARAGO,1,373,,,,,,,4,1,2.172827153,41.39837373
02-2009-0153,L'EIXAMPLE,la Nova Esquerra de l'Eixample,CARRER,DIPUTACIO,2,18,,,,,,,5,B,2.150248891,41.37762213
02-2008-1114,L'EIXAMPLE,la Dreta de l'Eixample,CARRER,ROGER DE LLURIA,1,119,,,,,,,SA,,2.16433523,41.39640409
07-2008-0263,HORTA-GUINARDÓ,el Guinardó,CARRER,RENAIXENÇA,2,54,,,,,,,BJ,C,2.177524311,41.41838851
07-2008-0262,HORTA-GUINARDÓ,el Guinardó,CARRER,RENAIXENÇA,2,54,,56,,,,,BJ,B,2.177524311,41.41838851
06-2008-0294,GRACIA,el Camp d'en Grassot i Gràcia Nova,CARRER,SARDENYA,1,359,,,,,,,2,3,2.170131651,41.40566703
03-2008-0406,SANTS-MONTJUÏC,Sants - Badal,CARRER,SANTS,1,273,,,,,,,1,2,2.129988471,41.37542786
02-2009-0121,L'EIXAMPLE,la Sagrada Família,CARRER,CASTILLEJOS,1,213,,,,,,,5,2,2.181884304,41.40364222
02-2009-0067,L'EIXAMPLE,Sant Antoni,CARRER,VILADOMAT,1,71,,,,,,,2,2,2.159116834,41.37817723
07-2008-0220,HORTA-GUINARDÓ,el Baix Guinardó,TRAVESSERA,GRACIA,2,372,,,,,,,EN,2,2.173081986,41.41089197
02-2008-0798,L'EIXAMPLE,la Dreta de l'Eixample,PASSEIG,SANT JOAN,2,66,,,,,,,3,2,2.17359564,41.3966947
02-2008-1122,L'EIXAMPLE,el Fort Pienc,AVINGUDA,DIAGONAL,1,243,,,,,,,BJ,2,2.181065275,41.40168755
02-2009-0164,L'EIXAMPLE,la Dreta de l'Eixample,CARRER,ARAGO,1,373,,,,,,,4,2,2.172827153,41.39837373
02-2009-0165,L'EIXAMPLE,la Dreta de l'Eixample,CARRER,ARAGO,1,373,,,,,,,5,1,2.172827153,41.39837373
02-2008-1220,L'EIXAMPLE,la Dreta de l'Eixample,CARRER,DIPUTACIO,1,317,,,,,,,PR,1,2.1705552,41.39317737
02-2008-1221,L'EIXAMPLE,la Dreta de l'Eixample,CARRER,DIPUTACIO,1,317,,,,,,,PR,2,2.1705552,41.39317737
07-2008-0284,HORTA-GUINARDÓ,el Baix Guinardó,TRAVESSERA,GRACIA,1,441,,,,,,,3,4,2.173273332,41.4112917
02-2009-0009,L'EIXAMPLE,la Nova Esquerra de l'Eixample,CARRER,ENTENÇA,2,98,,,,,,,2,2,2.150036649,41.38019371
02-2009-0010,L'EIXAMPLE,la Nova Esquerra de l'Eixample,CARRER,ENTENÇA,2,98,,,,,,,3,1,2.150036649,41.38019371
02-2009-0011,L'EIXAMPLE,la Nova Esquerra de l'Eixample,CARRER,ENTENÇA,2,98,,,,,,,3,2,2.150036649,41.38019371
02-2009-0012,L'EIXAMPLE,la Nova Esquerra de l'Eixample,CARRER,ENTENÇA,2,98,,,,,,,4,2,2.150036649,41.38019371
02-2009-0013,L'EIXAMPLE,la Nova Esquerra de l'Eixample,CARRER,ENTENÇA,2,98,,,,,,,4,3,2.150036649,41.38019371
02-2009-0014,L'EIXAMPLE,la Nova Esquerra de l'Eixample,CARRER,ENTENÇA,2,98,,,,,,,5,1,2.150036649,41.38019371
02-2009-0015,L'EIXAMPLE,la Nova Esquerra de l'Eixample,CARRER,ENTENÇA,2,98,,,,,,,5,2,2.150036649,41.38019371
07-2008-0227,HORTA-GUINARDÓ,el Guinardó,PASSATGE,GIRA-SOL,1,5,,,,,,,3,4,2.178973339,41.41543531
02-2008-0741,L'EIXAMPLE,la Sagrada Família,CARRER,PROVENÇA,1,419,,,,,,,1,1,2.173446089,41.40385464
07-2009-0027,HORTA-GUINARDÓ,el Baix Guinardó,CARRER,MARINA,2,366,,,,,,,4,2,2.16965834,41.40828371
07-2009-0028,HORTA-GUINARDÓ,el Baix Guinardó,CARRER,MARINA,2,366,,,,,,,4,1,2.16965834,41.40828371
07-2009-0029,HORTA-GUINARDÓ,el Baix Guinardó,CARRER,MARINA,2,366,,,,,,,3,2,2.16965834,41.40828371
07-2008-0285,HORTA-GUINARDÓ,el Baix Guinardó,TRAVESSERA,GRACIA,1,441,,,,,,,4,3,2.173273332,41.4112917
02-2009-0104,L'EIXAMPLE,la Dreta de l'Eixample,PASSEIG,GRACIA,1,3,,,,,,,4,7,2.169270627,41.38821806
10-2008-0688,SANT MARTI,el Parc i la Llacuna del Poblenou,AVINGUDA,MERIDIANA,2,2,,,,,,,BJ,3,2.187166541,41.39203034
02-2008-1223,L'EIXAMPLE,la Dreta de l'Eixample,CARRER,DIPUTACIO,1,317,,,,,,,1,1,2.1705552,41.39317737
02-2008-1224,L'EIXAMPLE,la Dreta de l'Eixample,CARRER,DIPUTACIO,1,317,,,,,,,1,2,2.1705552,41.39317737
02-2008-1225,L'EIXAMPLE,la Dreta de l'Eixample,CARRER,DIPUTACIO,1,317,,,,,,,2,1,2.1705552,41.39317737
02-2008-1226,L'EIXAMPLE,la Dreta de l'Eixample,CARRER,DIPUTACIO,1,317,,,,,,,2,2,2.1705552,41.39317737
02-2008-1227,L'EIXAMPLE,la Dreta de l'Eixample,CARRER,DIPUTACIO,1,317,,,,,,,3,1,2.1705552,41.39317737
02-2008-1228,L'EIXAMPLE,la Dreta de l'Eixample,CARRER,DIPUTACIO,1,317,,,,,,,3,2,2.1705552,41.39317737
02-2008-1229,L'EIXAMPLE,l'Antiga Esquerra de l'Eixample,CARRER,DIPUTACIO,1,197,,,,,,,1,1,2.161066264,41.38603472
02-2009-0033,L'EIXAMPLE,l'Antiga Esquerra de l'Eixample,CARRER,ARIBAU,2,136,,,,,,,5,1,2.155510085,41.39142088
02-2009-0034,L'EIXAMPLE,la Nova Esquerra de l'Eixample,CARRER,ENTENÇA,2,208,,,,,,,2,4,2.14321251,41.3853461
02-2009-0035,L'EIXAMPLE,Sant Antoni,GRAN VIA,CORTS CATALANES,2,530,,,,,,,3,3,2.159218317,41.38228945
05-2008-0498,SARRIA-SANT GERVASI,Sant Gervasi - la Bonanova,CARRER,PINTOR GIMENO,2,2,,,,,,,1,1,2.139094383,41.40469091
02-2009-0166,L'EIXAMPLE,la Dreta de l'Eixample,CARRER,ARAGO,1,373,,,,,,,5,2,2.172827153,41.39837373
05-2008-0459,SARRIA-SANT GERVASI,Sant Gervasi - Galvany,CARRER,LAFORJA,2,128,,,,,,,2,2,2.143774261,41.39561146
05-2008-0460,SARRIA-SANT GERVASI,Sant Gervasi - Galvany,CARRER,LAFORJA,2,128,,,,,,,EN,1,2.143774261,41.39561146
05-2008-0461,SARRIA-SANT GERVASI,Sant Gervasi - Galvany,CARRER,LAFORJA,2,128,,,,,,,EN,2,2.143774261,41.39561146
05-2008-0462,SARRIA-SANT GERVASI,Sant Gervasi - Galvany,CARRER,LAFORJA,2,128,,,,,,,EN,3,2.143774261,41.39561146
05-2008-0463,SARRIA-SANT GERVASI,Sant Gervasi - Galvany,CARRER,LAFORJA,2,128,,,,,,,EN,4,2.143774261,41.39561146
05-2008-0464,SARRIA-SANT GERVASI,Sant Gervasi - Galvany,CARRER,LAFORJA,2,128,,,,,,,1,1,2.143774261,41.39561146
05-2008-0465,SARRIA-SANT GERVASI,Sant Gervasi - Galvany,CARRER,LAFORJA,2,128,,,,,,,2,3,2.143774261,41.39561146
06-2008-0307,GRACIA,el Camp d'en Grassot i Gràcia Nova,CARRER,CORSEGA,1,429,,,,,,,PR,1,2.165388862,41.40123042
02-2008-1032,L'EIXAMPLE,la Sagrada Família,CARRER,MARINA,2,306,,,,,,C,1,1,2.173062947,41.40568775
02-2008-1033,L'EIXAMPLE,la Sagrada Família,CARRER,MARINA,2,306,,,,,,C,1,2,2.173062947,41.40568775
02-2008-1034,L'EIXAMPLE,la Sagrada Família,CARRER,MARINA,2,306,,,,,,C,1,3,2.173062947,41.40568775
02-2008-1035,L'EIXAMPLE,la Sagrada Família,CARRER,MARINA,2,306,,,,,,C,1,4,2.173062947,41.40568775
02-2008-1085,L'EIXAMPLE,Sant Antoni,CARRER,TAMARIT,1,175,,,,,,,PR,1,2.161565673,41.37924025
07-2008-0257,HORTA-GUINARDÓ,el Baix Guinardó,TRAVESSERA,GRACIA,1,441,,443,,,,,PR,2,2.173273332,41.4112917
07-2008-0258,HORTA-GUINARDÓ,el Baix Guinardó,TRAVESSERA,GRACIA,1,441,,443,,,,,4,2,2.173273332,41.4112917
06-2008-0305,GRACIA,el Camp d'en Grassot i Gràcia Nova,CARRER,INDUSTRIA,2,16,,,,,,,7,2,2.165719949,41.40285807
07-2008-0261,HORTA-GUINARDÓ,el Guinardó,CARRER,RENAIXENÇA,2,54,,,,,,,BJ,A,2.177524311,41.41838851
02-2008-0759,L'EIXAMPLE,la Dreta de l'Eixample,CARRER,BERGARA,1,5,,,,,,,PR,3,2.167868158,41.38616435
03-2008-0399,SANTS-MONTJUÏC,Sants,CARRER,GALILEU,1,151,,153,,,,,3,1,2.133926828,41.38021157
10-2008-0526,SANT MARTI,el Poblenou,CARRER,PERE IV,2,262,,,,,,,5,2,2.200394763,41.40589379
05-2008-0466,SARRIA-SANT GERVASI,Sant Gervasi - Galvany,CARRER,LAFORJA,2,128,,,,,,,3,1,2.143774261,41.39561146
05-2008-0467,SARRIA-SANT GERVASI,Sant Gervasi - Galvany,CARRER,LAFORJA,2,128,,,,,,,3,2,2.143774261,41.39561146
05-2008-0468,SARRIA-SANT GERVASI,Sant Gervasi - Galvany,CARRER,LAFORJA,2,128,,,,,,,3,3,2.143774261,41.39561146
05-2008-0469,SARRIA-SANT GERVASI,Sant Gervasi - Galvany,CARRER,LAFORJA,2,128,,,,,,,3,4,2.143774261,41.39561146
05-2008-0470,SARRIA-SANT GERVASI,Sant Gervasi - Galvany,CARRER,LAFORJA,2,128,,,,,,,4,1,2.143774261,41.39561146
05-2008-0471,SARRIA-SANT GERVASI,Sant Gervasi - Galvany,CARRER,LAFORJA,2,128,,,,,,,4,3,2.143774261,41.39561146
05-2008-0472,SARRIA-SANT GERVASI,Sant Gervasi - Galvany,CARRER,LAFORJA,2,128,,,,,,,4,4,2.143774261,41.39561146
02-2010-0643,L'EIXAMPLE,el Fort Pienc,CARRER,SICILIA,2,222,,,,,,,5,2,2.178174884,41.39816537
02-2008-0831,L'EIXAMPLE,la Sagrada Família,CARRER,PADILLA,1,215,,,,,,,1,3,2.179496149,41.40379038
02-2008-0832,L'EIXAMPLE,l'Antiga Esquerra de l'Eixample,CARRER,PROVENÇA,1,153,,,,,,,3,2,2.154242206,41.38941345
02-2008-0833,L'EIXAMPLE,l'Antiga Esquerra de l'Eixample,CARRER,PROVENÇA,1,159,,,,,,,5,2,2.154674432,41.38973605
02-2008-0834,L'EIXAMPLE,la Dreta de l'Eixample,RONDA,SANT PERE,2,28,,30,,,,,4,A,2.1744467,41.38943178
02-2008-1036,L'EIXAMPLE,la Sagrada Família,CARRER,MARINA,2,306,,,,,,C,2,1,2.173062947,41.40568775
02-2008-1037,L'EIXAMPLE,la Sagrada Família,CARRER,MARINA,2,306,,,,,,C,2,2,2.173062947,41.40568775
02-2008-1038,L'EIXAMPLE,la Sagrada Família,CARRER,MARINA,2,306,,,,,,C,2,3,2.173062947,41.40568775
02-2008-1110,L'EIXAMPLE,la Dreta de l'Eixample,CARRER,GIRONA,1,15,,,,,,,2,1,2.175263,41.39155797
02-2008-1111,L'EIXAMPLE,la Dreta de l'Eixample,CARRER,GIRONA,1,15,,,,,,,2,2,2.175263,41.39155797
02-2008-0874,L'EIXAMPLE,l'Antiga Esquerra de l'Eixample,CARRER,ENRIC GRANADOS,1,23,,,,,,,PR,2,2.161338327,41.38844041
03-2009-0051,SANTS-MONTJUÏC,el Poble Sec,AVINGUDA,PARAL.LEL,1,177,,,,,,,1,4,2.154946725,41.3748191
02-2008-1054,L'EIXAMPLE,Sant Antoni,CARRER,ALDANA,1,3,,,,,,,2,5,2.165842403,41.37563147
02-2008-0850,L'EIXAMPLE,la Dreta de l'Eixample,RONDA,SANT PERE,1,29,,,,,,,3,2A,2.175454409,41.39013017
02-2008-0851,L'EIXAMPLE,la Dreta de l'Eixample,RONDA,SANT PERE,2,28,,,,,,,AT,3,2.1744467,41.38943178
02-2008-0852,L'EIXAMPLE,la Dreta de l'Eixample,RONDA,SANT PERE,1,29,,,,,,,3,2C,2.175454409,41.39013017
02-2008-0853,L'EIXAMPLE,la Dreta de l'Eixample,RONDA,SANT PERE,1,29,,,,,,,3,2B,2.175454409,41.39013017
03-2009-0046,SANTS-MONTJUÏC,Sants,CARRER,ROBRENYO,1,33,,,,,,,BJ,A,2.137829912,41.38166698
03-2009-0047,SANTS-MONTJUÏC,Sants,CARRER,ROBRENYO,1,33,,,,,,,1,A,2.137829912,41.38166698
03-2009-0048,SANTS-MONTJUÏC,Sants,CARRER,ROBRENYO,1,33,,,,,,,1,B,2.137829912,41.38166698
05-2008-0473,SARRIA-SANT GERVASI,Sant Gervasi - Galvany,CARRER,LAFORJA,2,128,,,,,,,AT,1,2.143774261,41.39561146
02-2008-1039,L'EIXAMPLE,la Sagrada Família,CARRER,MARINA,2,306,,,,,,C,2,4,2.173062947,41.40568775
02-2008-1040,L'EIXAMPLE,la Sagrada Família,CARRER,MARINA,2,306,,,,,,C,3,1,2.173062947,41.40568775
02-2008-1041,L'EIXAMPLE,la Sagrada Família,CARRER,MARINA,2,306,,,,,,C,3,2,2.173062947,41.40568775
02-2008-1042,L'EIXAMPLE,la Sagrada Família,CARRER,MARINA,2,306,,,,,,C,3,3,2.173062947,41.40568775
02-2008-1043,L'EIXAMPLE,la Sagrada Família,CARRER,MARINA,2,306,,,,,,C,3,4,2.173062947,41.40568775
02-2008-1044,L'EIXAMPLE,la Sagrada Família,CARRER,MARINA,2,306,,,,,,C,4,1,2.173062947,41.40568775
02-2008-1045,L'EIXAMPLE,la Sagrada Família,CARRER,MARINA,2,306,,,,,,C,4,2,2.173062947,41.40568775
02-2008-1046,L'EIXAMPLE,la Sagrada Família,CARRER,MARINA,2,306,,,,,,C,4,3,2.173062947,41.40568775
03-2009-0049,SANTS-MONTJUÏC,Sants,CARRER,ROBRENYO,1,33,,,,,,,2,B,2.137829912,41.38166698
03-2009-0050,SANTS-MONTJUÏC,Sants,CARRER,ROBRENYO,1,33,,,,,,,2,A,2.137829912,41.38166698
10-2009-0064,SANT MARTI,el Camp de l'Arpa del Clot,CARRER,PROVENÇA,2,554,,,,,,,7,4,2.180518597,41.40880083
02-2008-1183,L'EIXAMPLE,l'Antiga Esquerra de l'Eixample,CARRER,VALENCIA,2,194,,,,,,A,1,1,2.157703216,41.38833075
02-2008-1184,L'EIXAMPLE,l'Antiga Esquerra de l'Eixample,CARRER,VALENCIA,2,194,,,,,,,1,2,2.157703216,41.38833075
02-2008-0797,L'EIXAMPLE,el Fort Pienc,CARRER,AUSIAS MARC,1,157,,,,,,,3,4,2.18412206,41.39784974
02-2008-0890,L'EIXAMPLE,la Dreta de l'Eixample,CARRER,GIRONA,1,97,,,,,,,PR,2,2.1691903,41.39614379
02-2008-0891,L'EIXAMPLE,la Dreta de l'Eixample,CARRER,GIRONA,1,97,,,,,,,PR,4,2.1691903,41.39614379
02-2008-0892,L'EIXAMPLE,la Dreta de l'Eixample,CARRER,GIRONA,1,97,,,,,,,PR,1,2.1691903,41.39614379
10-2009-0072,SANT MARTI,Diagonal Mar i el Front Marítim del Poblenou,CARRER,PELLAIRES,1,25,,,,,,,BJ,C,2.210217785,41.40470091
02-2008-0813,L'EIXAMPLE,l'Antiga Esquerra de l'Eixample,CARRER,VALENCIA,1,109,,,,,,,AT,1,2.154395137,41.38612565
10-2008-0530,SANT MARTI,Provençals del Poblenou,CARRER,CRISTOBAL DE MOURA,2,38,,42,,,,,7,1,2.203792575,41.40876263
03-2008-0507,SANTS-MONTJUÏC,el Poble Sec,CARRER,PUIG I XORIGUER,2,24,,28,,,,,1,1,2.173375258,41.37350563
10-2008-0476,SANT MARTI,el Parc i la Llacuna del Poblenou,CARRER,PUJADES,1,23,,,,,,,4,6,2.189407277,41.39350858
10-2008-0477,SANT MARTI,el Poblenou,CARRER,PUJADES,2,228,,,,,,,3,4,2.203188747,41.40343602
10-2008-0478,SANT MARTI,el Poblenou,CARRER,LLULL,2,188,,,,,,,6,5,2.202061617,41.40078506
10-2008-0643,SANT MARTI,la Vila Olímpica del Poblenou,CARRER,JOAN D'AUSTRIA,1,51,,,,,,A,6,1,2.191925217,41.39255836
10-2008-0644,SANT MARTI,la Vila Olímpica del Poblenou,CARRER,JOAN D'AUSTRIA,1,51,,,,,,A,5,2,2.191925217,41.39255836
10-2008-0645,SANT MARTI,la Vila Olímpica del Poblenou,CARRER,JOAN D'AUSTRIA,1,51,,,,,,A,5,1,2.191925217,41.39255836
02-2008-1047,L'EIXAMPLE,la Sagrada Família,CARRER,MARINA,2,306,,,,,,C,4,4,2.173062947,41.40568775
02-2008-1048,L'EIXAMPLE,la Sagrada Família,CARRER,MARINA,2,306,,,,,,C,5,1,2.173062947,41.40568775
02-2008-1049,L'EIXAMPLE,la Sagrada Família,CARRER,MARINA,2,306,,,,,,C,5,2,2.173062947,41.40568775
02-2008-1050,L'EIXAMPLE,la Sagrada Família,CARRER,MARINA,2,306,,,,,,C,5,3,2.173062947,41.40568775
02-2008-1051,L'EIXAMPLE,la Sagrada Família,CARRER,MARINA,2,306,,,,,,C,5,4,2.173062947,41.40568775
06-2008-0286,GRACIA,la Vila de Gràcia,CARRER,VERDI,1,53,,55,,,,,2,3,2.156174987,41.40441269
06-2008-0287,GRACIA,la Vila de Gràcia,CARRER,VERDI,1,53,,55,,,,,2,4,2.156174987,41.40441269
02-2008-0818,L'EIXAMPLE,l'Antiga Esquerra de l'Eixample,CARRER,ARIBAU,1,167,,,,,,,4,1,2.152888501,41.39309473
02-2010-0603,L'EIXAMPLE,l'Antiga Esquerra de l'Eixample,CARRER,VALENCIA,1,115,,,,,,,5,2,2.154556106,41.38624691
02-2008-1173,L'EIXAMPLE,,RONDA,SANT PERE,1,3,,,,,,,4,4,2.17068944,41.38834878
02-2008-1174,L'EIXAMPLE,la Dreta de l'Eixample,RONDA,SANT PERE,1,3,,,,,,,3,5,2.17068944,41.38834878
02-2009-0023,L'EIXAMPLE,el Fort Pienc,AVINGUDA,DIAGONAL,1,243,,,,,,,BJ,3,2.181065275,41.40168755
02-2008-0936,L'EIXAMPLE,el Fort Pienc,CARRER,CASP,1,81,,,,,,,1,3,2.178254137,41.39517001
02-2008-1185,L'EIXAMPLE,l'Antiga Esquerra de l'Eixample,CARRER,VALENCIA,2,194,,,,,,,2,1,2.157703216,41.38833075
02-2008-1187,L'EIXAMPLE,l'Antiga Esquerra de l'Eixample,CARRER,VALENCIA,2,194,,,,,,,2,2,2.157703216,41.38833075
02-2008-0979,L'EIXAMPLE,el Fort Pienc,CARRER,CONSELL DE CENT,2,490,,,,,,,1,2,2.178348971,41.40044599
02-2008-1123,L'EIXAMPLE,l'Antiga Esquerra de l'Eixample,CARRER,ARIBAU,2,108,,,,,,,PR,2,2.15682557,41.39043064
06-2008-0382,GRACIA,Vallcarca i els Penitents,CARRER,BOLIVAR,1,17,,,,,,,PR,3,2.147248824,41.40952381
03-2008-0437,SANTS-MONTJUÏC,el Poble Sec,CARRER,PIQUER,2,52,,,,,,,PR,4,2.16772011,41.37371759
10-2008-0527,SANT MARTI,el Poblenou,CARRER,PERE IV,2,262,,,,,,,5,3,2.200394763,41.40589379
10-2008-0646,SANT MARTI,la Vila Olímpica del Poblenou,CARRER,JOAN D'AUSTRIA,1,51,,,,,,A,4,2,2.191925217,41.39255836
10-2008-0647,SANT MARTI,la Vila Olímpica del Poblenou,CARRER,JOAN D'AUSTRIA,1,51,,,,,,A,4,1,2.191925217,41.39255836
10-2008-0648,SANT MARTI,la Vila Olímpica del Poblenou,CARRER,JOAN D'AUSTRIA,1,51,,,,,,A,1,1,2.191925217,41.39255836
02-2009-0146,L'EIXAMPLE,la Sagrada Família,CARRER,MALLORCA,1,371,,,,,,,2,1,2.172759752,41.40164548
02-2008-0708,L'EIXAMPLE,la Dreta de l'Eixample,RAMBLA,CATALUNYA,2,60,,,,,,,SA,,2.16344355,41.39137058
02-2008-0709,L'EIXAMPLE,la Dreta de l'Eixample,CARRER,PELAI,1,11,,,,,,,1,G,2.16670104,41.38584176
02-2008-0994,L'EIXAMPLE,l'Antiga Esquerra de l'Eixample,CARRER,CONSELL DE CENT,1,221,,,,,,D,PR,1,2.157871151,41.38533826
02-2008-0996,L'EIXAMPLE,l'Antiga Esquerra de l'Eixample,CARRER,CONSELL DE CENT,1,221,,,,,,E,2,2,2.157871151,41.38533826
06-2008-0283,GRACIA,la Vila de Gràcia,CARRER,VERDI,1,53,,55,,,,,2,2,2.156174987,41.40441269
06-2008-0284,GRACIA,la Vila de Gràcia,CARRER,VERDI,1,53,,55,,,,,2,1,2.156174987,41.40441269
02-2008-0806,L'EIXAMPLE,l'Antiga Esquerra de l'Eixample,GRAN VIA,CORTS CATALANES,1,535,,,,,,D,1,3,2.15920067,41.38293243
02-2008-0807,L'EIXAMPLE,la Dreta de l'Eixample,CARRER,ALI BEI,1,29,,,,,,,2,3,2.178565554,41.39200047
02-2008-0808,L'EIXAMPLE,l'Antiga Esquerra de l'Eixample,CARRER,MUNTANER,2,114,,,,,,,2,4,2.156010003,41.38933756
02-2008-0810,L'EIXAMPLE,el Fort Pienc,CARRER,RIBES,1,13,,,,,,2,EN,4,2.181293576,41.39346841
10-2008-0649,SANT MARTI,la Vila Olímpica del Poblenou,CARRER,JOAN D'AUSTRIA,1,51,,,,,,A,2,1,2.191925217,41.39255836
10-2008-0650,SANT MARTI,la Vila Olímpica del Poblenou,CARRER,JOAN D'AUSTRIA,1,51,,,,,,A,3,1,2.191925217,41.39255836
05-2008-0502,SARRIA-SANT GERVASI,el Putxet i el Farró,AVINGUDA,REPUBLICA ARGENTINA,1,227,,,,,,,1,2,2.140456095,41.41187597
06-2008-0383,GRACIA,Vallcarca i els Penitents,CARRER,BOLIVAR,1,17,,,,,,,1,3,2.147248824,41.40952381
06-2008-0280,GRACIA,la Vila de Gràcia,CARRER,VERDI,1,53,,55,,,,,1,1,2.156174987,41.40441269
06-2008-0281,GRACIA,la Vila de Gràcia,CARRER,VERDI,1,53,,55,,,,,1,2,2.156174987,41.40441269
06-2008-0282,GRACIA,la Vila de Gràcia,CARRER,VERDI,1,53,,55,,,,,1,4,2.156174987,41.40441269
03-2008-0459,SANTS-MONTJUÏC,el Poble Sec,CARRER,BLASCO DE GARAY,1,31,,,,,,,1,2,2.162932689,41.37360201
02-2008-1075,L'EIXAMPLE,la Dreta de l'Eixample,PASSEIG,SANT JOAN,1,87,,,,,,,4,1,2.170915425,41.39805696
02-2008-0761,L'EIXAMPLE,el Fort Pienc,CARRER,ARAGO,1,397,,,,,,,4,2,2.174439566,41.39956153
02-2008-0762,L'EIXAMPLE,Sant Antoni,CARRER,VILADOMAT,2,94,,,,,,,2,2,2.158026969,41.37927468
02-2008-0710,L'EIXAMPLE,la Dreta de l'Eixample,CARRER,PELAI,1,11,,,,,,,1,F,2.16670104,41.38584176
02-2008-0711,L'EIXAMPLE,la Dreta de l'Eixample,CARRER,PELAI,1,11,,,,,,,1,E,2.16670104,41.38584176
02-2008-0712,L'EIXAMPLE,la Dreta de l'Eixample,CARRER,PELAI,1,11,,,,,,,1,D,2.16670104,41.38584176
02-2008-0713,L'EIXAMPLE,la Dreta de l'Eixample,CARRER,PELAI,1,11,,,,,,,1,C,2.16670104,41.38584176
02-2008-0714,L'EIXAMPLE,la Dreta de l'Eixample,CARRER,PELAI,1,11,,,,,,,1,B,2.16670104,41.38584176
02-2008-0715,L'EIXAMPLE,la Dreta de l'Eixample,CARRER,PELAI,1,11,,,,,,,1,A,2.16670104,41.38584176
02-2008-0716,L'EIXAMPLE,l'Antiga Esquerra de l'Eixample,CARRER,ARIBAU,2,112,,,,,,,AT,3,2.156656577,41.39055518
02-2008-0717,L'EIXAMPLE,la Dreta de l'Eixample,GRAN VIA,CORTS CATALANES,2,662,,,,,,,4,1B,2.171025128,41.39116223
02-2008-0718,L'EIXAMPLE,la Dreta de l'Eixample,GRAN VIA,CORTS CATALANES,2,662,,,,,,,4,1A,2.171025128,41.39116223
02-2008-0719,L'EIXAMPLE,la Dreta de l'Eixample,GRAN VIA,CORTS CATALANES,2,662,,,,,,,4,2C,2.171025128,41.39116223
02-2008-0720,L'EIXAMPLE,la Dreta de l'Eixample,GRAN VIA,CORTS CATALANES,2,662,,,,,,,4,2B,2.171025128,41.39116223
02-2008-0721,L'EIXAMPLE,la Dreta de l'Eixample,GRAN VIA,CORTS CATALANES,2,662,,,,,,,4,2A,2.171025128,41.39116223
06-2008-0379,GRACIA,Vallcarca i els Penitents,CARRER,BOLIVAR,1,17,,,,,,,1,1,2.147248824,41.40952381
02-2008-1188,L'EIXAMPLE,l'Antiga Esquerra de l'Eixample,CARRER,VALENCIA,2,194,,,,,,,3,1,2.157703216,41.38833075
02-2008-1189,L'EIXAMPLE,l'Antiga Esquerra de l'Eixample,CARRER,VALENCIA,2,194,,,,,,,3,2,2.157703216,41.38833075
02-2008-1191,L'EIXAMPLE,l'Antiga Esquerra de l'Eixample,CARRER,VALENCIA,2,194,,,,,,,4,1,2.157703216,41.38833075
02-2008-1192,L'EIXAMPLE,l'Antiga Esquerra de l'Eixample,CARRER,VALENCIA,2,194,,,,,,,4,2,2.157703216,41.38833075
02-2008-1076,L'EIXAMPLE,la Dreta de l'Eixample,PASSEIG,SANT JOAN,1,87,,,,,,,4,2,2.170915425,41.39805696
02-2008-1186,L'EIXAMPLE,el Fort Pienc,AVINGUDA,DIAGONAL,1,243,,,,,,,BJ,1,2.181065275,41.40168755
02-2009-0157,L'EIXAMPLE,la Dreta de l'Eixample,CARRER,ARAGO,1,373,,,,,,,PR,1,2.172827153,41.39837373
02-2008-0898,L'EIXAMPLE,la Dreta de l'Eixample,CARRER,GIRONA,1,97,,,,,,,1,2,2.1691903,41.39614379
02-2008-0899,L'EIXAMPLE,la Dreta de l'Eixample,CARRER,GIRONA,1,97,,,,,,,1,3,2.1691903,41.39614379
02-2008-0900,L'EIXAMPLE,la Dreta de l'Eixample,CARRER,GIRONA,1,97,,,,,,,2,3,2.1691903,41.39614379
10-2008-0684,SANT MARTI,Diagonal Mar i el Front Marítim del Poblenou,PASSEIG,TAULAT,1,231,,,,,,,4,4,2.210431706,41.40344702
02-2008-0920,L'EIXAMPLE,la Dreta de l'Eixample,CARRER,GIRONA,1,97,,,,,,,3,2,2.1691903,41.39614379
02-2008-0921,L'EIXAMPLE,la Dreta de l'Eixample,CARRER,GIRONA,1,97,,,,,,,3,3,2.1691903,41.39614379
02-2008-1193,L'EIXAMPLE,l'Antiga Esquerra de l'Eixample,CARRER,VALENCIA,2,194,,,,,,,5,1,2.157703216,41.38833075
02-2008-1194,L'EIXAMPLE,l'Antiga Esquerra de l'Eixample,CARRER,VALENCIA,2,194,,,,,,,5,2,2.157703216,41.38833075
02-2008-1195,L'EIXAMPLE,l'Antiga Esquerra de l'Eixample,CARRER,VALENCIA,2,194,,,,,,,6,1,2.157703216,41.38833075
06-2008-0403,GRACIA,la Vila de Gràcia,PASSEIG,GRACIA,1,115,,,,,,,1,1,2.158336102,41.39704927
06-2008-0404,GRACIA,la Vila de Gràcia,PASSEIG,GRACIA,1,115,,,,,,,1,2,2.158336102,41.39704927
06-2008-0406,GRACIA,la Vila de Gràcia,PASSEIG,GRACIA,1,115,,,,,,,1,3,2.158336102,41.39704927
06-2008-0407,GRACIA,la Vila de Gràcia,PASSEIG,GRACIA,1,115,,,,,,,1,4,2.158336102,41.39704927
06-2008-0408,GRACIA,la Vila de Gràcia,PASSEIG,GRACIA,1,115,,,,,,,3,2,2.158336102,41.39704927
06-2008-0409,GRACIA,la Vila de Gràcia,PASSEIG,GRACIA,1,115,,,,,,,2,2,2.158336102,41.39704927
06-2008-0410,GRACIA,la Vila de Gràcia,PASSEIG,GRACIA,1,115,,,,,,,3,4,2.158336102,41.39704927
06-2008-0411,GRACIA,la Vila de Gràcia,PASSEIG,GRACIA,1,115,,,,,,,2,4,2.158336102,41.39704927
02-2009-0077,L'EIXAMPLE,la Nova Esquerra de l'Eixample,CARRER,ROSSELLO,1,19,,,,,,,4,2,2.143525348,41.38303052
04-2010-0214,LES CORTS,les Corts,CARRER,JOAN GUELL,1,169,,,,,,,5,7,2.131025036,41.38352989
06-2009-0178,GRACIA,el Camp d'en Grassot i Gràcia Nova,CARRER,INDUSTRIA,2,18,,,,,,,PR,B,2.165852326,41.40295987
04-2010-0215,LES CORTS,les Corts,CARRER,JOAN GUELL,1,169,,,,,,,5,8,2.131025036,41.38352989
02-2009-0647,L'EIXAMPLE,el Fort Pienc,PLAÇA,TETUAN,2,36,,,,,,,17,2,2.176439527,41.39512958
02-2009-0762,L'EIXAMPLE,la Dreta de l'Eixample,CARRER,ALI BEI,1,29,,,,,,,AT,2,2.178565554,41.39200047
03-2009-0144,SANTS-MONTJUÏC,Hostafrancs,CARRER,TORRE D'EN DAMIANS,2,4,,,,,,,2,2,2.144796465,41.37541721
02-2009-0649,L'EIXAMPLE,la Dreta de l'Eixample,PASSEIG,GRACIA,1,83,,,,,,,1,6,2.161740552,41.39430074
02-2009-0650,L'EIXAMPLE,la Dreta de l'Eixample,PASSEIG,GRACIA,1,83,,,,,,,2,1,2.161740552,41.39430074
07-2009-0080,HORTA-GUINARDÓ,el Baix Guinardó,CARRER,PADILLA,1,359,,,,,,,BJ,2,2.170417818,41.41070418
02-2009-0303,L'EIXAMPLE,la Dreta de l'Eixample,GRAN VIA,CORTS CATALANES,2,620,,,,,,,2,3,2.166629356,41.38785596
10-2009-0139,SANT MARTI,la Vila Olímpica del Poblenou,CARRER,DOCTOR TRUETA,1,11,,,,,,,8,1,2.191907451,41.39010151
02-2009-0411,L'EIXAMPLE,la Sagrada Família,CARRER,MARINA,1,229,,,,,,,3,3,2.177110405,41.40231385
02-2009-0448,L'EIXAMPLE,la Dreta de l'Eixample,CARRER,ALI BEI,1,29,,,,,,,3,2,2.178565554,41.39200047
10-2009-0257,SANT MARTI,Provençals del Poblenou,CARRER,BAC DE RODA,2,118,,,,,,,11,2,2.203394169,41.40818484
03-2009-0145,SANTS-MONTJUÏC,Hostafrancs,CARRER,TORRE D'EN DAMIANS,2,4,,,,,,,3,1,2.144796465,41.37541721
03-2009-0146,SANTS-MONTJUÏC,Hostafrancs,CARRER,TORRE D'EN DAMIANS,2,4,,,,,,,3,2,2.144796465,41.37541721
02-2009-0527,L'EIXAMPLE,la Sagrada Família,CARRER,PADILLA,1,271,,,,,,,1,4,2.176152224,41.40634909
02-2009-0605,L'EIXAMPLE,la Nova Esquerra de l'Eixample,CARRER,ROSSELLO,1,23,,,,,,,AT,2,2.143700995,41.38316309
07-2010-0116,HORTA-GUINARDÓ,Horta,CARRER,MARTI I ALSINA,2,4,B,,,,,,,,2.160654799,41.4317048
04-2010-0207,LES CORTS,les Corts,CARRER,JOAN GUELL,1,169,,,,,,,4,8,2.131025036,41.38352989
03-2009-0232,SANTS-MONTJUÏC,el Poble Sec,CARRER,PEDRERES,1,13,,,,,,,1,1,2.159013261,41.3727276
03-2009-0305,SANTS-MONTJUÏC,Sants,CARRER,FERNANDEZ DURO,1,3,,,,,,,PR,1,2.135493334,41.37450285
02-2009-0289,L'EIXAMPLE,el Fort Pienc,AVINGUDA,DIAGONAL,1,245,,,,,,,2,1,2.180932278,41.40165436
02-2009-0290,L'EIXAMPLE,el Fort Pienc,AVINGUDA,DIAGONAL,1,245,,,,,,,2,2,2.180932278,41.40165436
02-2009-0291,L'EIXAMPLE,el Fort Pienc,AVINGUDA,DIAGONAL,1,245,,,,,,,4,1,2.180932278,41.40165436
03-2009-0262,SANTS-MONTJUÏC,el Poble Sec,CARRER,OLIVERA,1,35,,,,,,,1,1,2.157035508,41.37359066
07-2010-0127,HORTA-GUINARDÓ,Horta,CARRER,HORTA,1,7,,,,,,,BJ,,2.162643063,41.43057747
02-2009-0354,L'EIXAMPLE,l'Antiga Esquerra de l'Eixample,GRAN VIA,CORTS CATALANES,1,561,,,,,,D,PR,A,2.161025656,41.38430624
02-2009-0355,L'EIXAMPLE,l'Antiga Esquerra de l'Eixample,GRAN VIA,CORTS CATALANES,1,561,,,,,,D,PR,B,2.161025656,41.38430624
06-2009-0062,GRACIA,el Camp d'en Grassot i Gràcia Nova,CARRER,VENTALLO,2,12,,,,,,,1,,2.166269441,41.40736416
06-2009-0063,GRACIA,el Camp d'en Grassot i Gràcia Nova,CARRER,VENTALLO,2,12,,,,,,,2,,2.166269441,41.40736416
06-2013-0326,GRACIA,el Camp d'en Grassot i Gràcia Nova,CARRER,ROGER DE FLOR,1,241,,,,,,,2,3,2.167231873,41.40277427
02-2009-0467,L'EIXAMPLE,la Dreta de l'Eixample,CARRER,VALENCIA,2,366,,,,,,,PR,2,2.170564036,41.39801108
02-2009-0390,L'EIXAMPLE,la Sagrada Família,AVINGUDA,GAUDI,2,66,,,,,,,1,1,2.174512241,41.41022927
02-2009-0488,L'EIXAMPLE,la Dreta de l'Eixample,CARRER,CONSELL DE CENT,2,302,,,,,,,1,2A,2.165122789,41.39052004
02-2009-0489,L'EIXAMPLE,la Dreta de l'Eixample,CARRER,CONSELL DE CENT,2,302,,,,,,,1,2B,2.165122789,41.39052004
02-2009-0490,L'EIXAMPLE,la Dreta de l'Eixample,CARRER,BRUC,1,105,,,,,,,1,1,2.167117439,41.39599965
02-2009-0742,L'EIXAMPLE,l'Antiga Esquerra de l'Eixample,CARRER,VILLARROEL,1,163,,,,,,,1,1,2.153180164,41.38777537
01-2009-0354,CIUTAT VELLA,el Raval,CARRER,SANT JOSEP ORIOL,1,19,,,,,,,1,1,2.17017347,41.37844873
06-2009-0215,GRACIA,el Camp d'en Grassot i Gràcia Nova,CARRER,HIPOLIT LAZARO,1,25,,,,,,,1,1,2.164034923,41.4069041
07-2009-0126,HORTA-GUINARDÓ,el Baix Guinardó,CARRER,LLORENS I BARBA,1,25,,27,,,,,6,3,2.169808316,41.41163003
03-2009-0257,SANTS-MONTJUÏC,Sants,RAMBLA,BADAL,2,148,,,,,,,AT,1,2.131557856,41.37308247
02-2009-0491,L'EIXAMPLE,la Dreta de l'Eixample,CARRER,BRUC,1,129,,,,,,,5,2,2.165601293,41.39714698
06-2009-0170,GRACIA,el Camp d'en Grassot i Gràcia Nova,PASSATGE,ALIO,2,12,,,,,,,1,2,2.166448807,41.40271944
03-2009-0162,SANTS-MONTJUÏC,Sants,PASSEIG,SANT ANTONI,2,30,,,,,,,8,3,2.137886611,41.37717022
03-2009-0163,SANTS-MONTJUÏC,Sants,PASSEIG,SANT ANTONI,2,30,,,,,,,9,1,2.137886611,41.37717022
03-2009-0164,SANTS-MONTJUÏC,Sants,PASSEIG,SANT ANTONI,2,30,,,,,,,9,2,2.137886611,41.37717022
03-2009-0165,SANTS-MONTJUÏC,Sants,PASSEIG,SANT ANTONI,2,30,,,,,,,1,3,2.137886611,41.37717022
03-2009-0166,SANTS-MONTJUÏC,Sants,PASSEIG,SANT ANTONI,2,30,,,,,,,1,2,2.137886611,41.37717022
03-2009-0167,SANTS-MONTJUÏC,Sants,PASSEIG,SANT ANTONI,2,30,,,,,,,6,3,2.137886611,41.37717022
03-2009-0168,SANTS-MONTJUÏC,Sants,PASSEIG,SANT ANTONI,2,30,,,,,,,4,3,2.137886611,41.37717022
03-2009-0161,SANTS-MONTJUÏC,Sants,PASSEIG,SANT ANTONI,2,30,,,,,,,1,1,2.137886611,41.37717022
06-2009-0190,GRACIA,la Vila de Gràcia,CARRER,BRUNIQUER,1,51,,,,,,,3,2,2.161884851,41.40547429
02-2009-0525,L'EIXAMPLE,la Dreta de l'Eixample,CARRER,VALENCIA,2,366,,,,,,,2,3,2.170564036,41.39801108
10-2009-0111,SANT MARTI,el Parc i la Llacuna del Poblenou,CARRER,ROGER DE FLOR,2,24,,,,,,,5,,2.183249083,41.39090141
10-2009-0359,SANT MARTI,el Poblenou,RAMBLA,POBLENOU,1,47,,,,,,,4,2,2.202417471,41.40004913
10-2009-0360,SANT MARTI,el Poblenou,RAMBLA,POBLENOU,1,47,,,,,,,4,1,2.202417471,41.40004913
07-2009-0121,HORTA-GUINARDÓ,el Baix Guinardó,CARRER,MARINA,1,331,,,,,,,6,1,2.169581381,41.40806325
06-2009-0224,GRACIA,la Vila de Gràcia,CARRER,BADIA,2,8,,,,,,,BJ,1,2.154039282,41.40363718
02-2009-0400,L'EIXAMPLE,Sant Antoni,CARRER,CALABRIA,1,69,,,,,,,PR,2,2.156937047,41.37811154
04-2010-0201,LES CORTS,les Corts,CARRER,JOAN GUELL,1,169,,,,,,,4,2,2.131025036,41.38352989
10-2009-0196,SANT MARTI,el Poblenou,PASSATGE,AYMA,1,5,,,,,,,1,2,2.204355329,41.39773886
03-2009-0197,SANTS-MONTJUÏC,Hostafrancs,CARRER,LEIVA,2,28,,,,,,,BJ,1,2.14309529,41.37372123
03-2009-0200,SANTS-MONTJUÏC,el Poble Sec,CARRER,VILA I VILA,1,53,,,,,,,5,2,2.170531376,41.37359289
02-2009-0416,L'EIXAMPLE,la Dreta de l'Eixample,CARRER,ROGER DE FLOR,2,148,,,,,,D,3,2,2.175059728,41.39710858
02-2009-0677,L'EIXAMPLE,la Dreta de l'Eixample,CARRER,ROSSELLO,2,258,,,,,,,PR,1,2.162390339,41.39699168
06-2009-0168,GRACIA,el Camp d'en Grassot i Gràcia Nova,PASSATGE,ALIO,2,12,,,,,,,1,1,2.166448807,41.40271944
02-2009-0363,L'EIXAMPLE,la Dreta de l'Eixample,PASSEIG,GRACIA,2,16,,,,,,,2,1,2.168934533,41.38933184
10-2009-0205,SANT MARTI,Provençals del Poblenou,CARRER,FLUVIA,1,145,,,,,,,1,1,2.202171383,41.41046378
10-2009-0206,SANT MARTI,Provençals del Poblenou,CARRER,FLUVIA,1,145,,,,,,,1,2,2.202171383,41.41046378
10-2009-0207,SANT MARTI,Provençals del Poblenou,CARRER,FLUVIA,1,145,,,,,,,2,,2.202171383,41.41046378
02-2009-0433,L'EIXAMPLE,la Sagrada Família,PASSATGE,MAIOL,1,5,,,,,,,1,B,2.174552138,41.40169223
03-2009-0169,SANTS-MONTJUÏC,Sants,PASSEIG,SANT ANTONI,2,30,,,,,,,2,3,2.137886611,41.37717022
03-2009-0170,SANTS-MONTJUÏC,Sants,PASSEIG,SANT ANTONI,2,30,,,,,,,6,1,2.137886611,41.37717022
03-2009-0171,SANTS-MONTJUÏC,Sants,PASSEIG,SANT ANTONI,2,30,,,,,,,2,1,2.137886611,41.37717022
03-2009-0172,SANTS-MONTJUÏC,Sants,PASSEIG,SANT ANTONI,2,30,,,,,,,4,1,2.137886611,41.37717022
03-2009-0173,SANTS-MONTJUÏC,Sants,PASSEIG,SANT ANTONI,2,30,,,,,,,6,4,2.137886611,41.37717022
03-2009-0174,SANTS-MONTJUÏC,Sants,PASSEIG,SANT ANTONI,2,30,,,,,,,4,4,2.137886611,41.37717022
02-2009-0651,L'EIXAMPLE,la Dreta de l'Eixample,PASSEIG,GRACIA,1,83,,,,,,,2,2,2.161740552,41.39430074
02-2009-0652,L'EIXAMPLE,la Dreta de l'Eixample,PASSEIG,GRACIA,1,83,,,,,,,2,3,2.161740552,41.39430074
02-2009-0653,L'EIXAMPLE,la Dreta de l'Eixample,PASSEIG,GRACIA,1,83,,,,,,,4,1,2.161740552,41.39430074
02-2009-0654,L'EIXAMPLE,la Dreta de l'Eixample,PASSEIG,GRACIA,1,83,,,,,,,4,2,2.161740552,41.39430074
02-2009-0655,L'EIXAMPLE,la Dreta de l'Eixample,PASSEIG,GRACIA,1,83,,,,,,,4,3,2.161740552,41.39430074
02-2009-0656,L'EIXAMPLE,la Dreta de l'Eixample,PASSEIG,GRACIA,1,83,,,,,,,4,5,2.161740552,41.39430074
02-2009-0626,L'EIXAMPLE,Sant Antoni,CARRER,COMTE D'URGELL,2,20,,,,,,,5,2,2.161733259,41.37995707
04-2010-0211,LES CORTS,les Corts,CARRER,JOAN GUELL,1,169,,,,,,,5,4,2.131025036,41.38352989
06-2009-0061,GRACIA,el Camp d'en Grassot i Gràcia Nova,CARRER,VENTALLO,2,12,,,,,,,BJ,,2.166269441,41.40736416
06-2009-0150,GRACIA,la Vila de Gràcia,PASSEIG,GRACIA,1,115,,,,,,,2,3,2.158336102,41.39704927
02-2009-0637,L'EIXAMPLE,la Nova Esquerra de l'Eixample,CARRER,ROSSELLO,1,27,,,,,,,3,1,2.144014863,41.38339865
03-2009-0190,SANTS-MONTJUÏC,el Poble Sec,CARRER,ROSER,1,37,,,,,,,1,2,2.166570606,41.37309387
03-2009-0191,SANTS-MONTJUÏC,el Poble Sec,CARRER,POETA CABANYES,1,51,,,,,,,1,2,2.164961964,41.3730727
10-2009-0346,SANT MARTI,la Vila Olímpica del Poblenou,CARRER,SALVADOR ESPRIU,1,79,,,,,,,BJ,B,2.199917229,41.39133785
03-2009-0128,SANTS-MONTJUÏC,Hostafrancs,CARRER,TORRE D'EN DAMIANS,2,4,,,,,,,1,1,2.144796465,41.37541721
03-2009-0129,SANTS-MONTJUÏC,Hostafrancs,CARRER,TORRE D'EN DAMIANS,2,4,,,,,,,2,1,2.144796465,41.37541721
03-2009-0130,SANTS-MONTJUÏC,Hostafrancs,CARRER,TORRE D'EN DAMIANS,2,4,,,,,,,1,2,2.144796465,41.37541721
03-2009-0175,SANTS-MONTJUÏC,Sants,PASSEIG,SANT ANTONI,2,30,,,,,,,2,4,2.137886611,41.37717022
03-2009-0176,SANTS-MONTJUÏC,Sants,PASSEIG,SANT ANTONI,2,30,,,,,,,5,1,2.137886611,41.37717022
03-2009-0177,SANTS-MONTJUÏC,Sants,PASSEIG,SANT ANTONI,2,30,,,,,,,3,1,2.137886611,41.37717022
03-2009-0178,SANTS-MONTJUÏC,Sants,PASSEIG,SANT ANTONI,2,30,,,,,,,6,2,2.137886611,41.37717022
03-2009-0102,SANTS-MONTJUÏC,Hostafrancs,CARRER,CREU COBERTA,2,32,,,,,,,AT,,2.146978941,41.37528471
03-2009-0103,SANTS-MONTJUÏC,Hostafrancs,CARRER,CREU COBERTA,2,32,,,,,,,PR,,2.146978941,41.37528471
02-2009-0725,L'EIXAMPLE,Sant Antoni,CARRER,VILADOMAT,1,13,,,,,,,2,2,2.162377048,41.37571049
04-2010-0212,LES CORTS,les Corts,CARRER,JOAN GUELL,1,169,,,,,,,5,5,2.131025036,41.38352989
02-2009-0597,L'EIXAMPLE,la Dreta de l'Eixample,PASSEIG,GRACIA,1,83,,,,,,,1,4,2.161740552,41.39430074
02-2009-0596,L'EIXAMPLE,la Dreta de l'Eixample,PASSEIG,GRACIA,1,83,,,,,,,2,6,2.161740552,41.39430074
10-2009-0347,SANT MARTI,la Vila Olímpica del Poblenou,CARRER,SALVADOR ESPRIU,1,75,,,,,,,2,B,2.199917229,41.39133785
03-2009-0179,SANTS-MONTJUÏC,Sants,PASSEIG,SANT ANTONI,2,30,,,,,,,5,2,2.137886611,41.37717022
03-2009-0180,SANTS-MONTJUÏC,Sants,PASSEIG,SANT ANTONI,2,30,,,,,,,3,2,2.137886611,41.37717022
03-2009-0181,SANTS-MONTJUÏC,Sants,PASSEIG,SANT ANTONI,2,30,,,,,,,4,2,2.137886611,41.37717022
03-2009-0182,SANTS-MONTJUÏC,Sants,PASSEIG,SANT ANTONI,2,30,,,,,,,2,2,2.137886611,41.37717022
03-2009-0183,SANTS-MONTJUÏC,Sants,PASSEIG,SANT ANTONI,2,30,,,,,,,7,3,2.137886611,41.37717022
03-2009-0184,SANTS-MONTJUÏC,Sants,PASSEIG,SANT ANTONI,2,30,,,,,,,5,3,2.137886611,41.37717022
03-2009-0185,SANTS-MONTJUÏC,Sants,PASSEIG,SANT ANTONI,2,30,,,,,,,3,3,2.137886611,41.37717022
03-2009-0186,SANTS-MONTJUÏC,Sants,PASSEIG,SANT ANTONI,2,30,,,,,,,5,4,2.137886611,41.37717022
03-2009-0187,SANTS-MONTJUÏC,Sants,PASSEIG,SANT ANTONI,2,30,,,,,,,3,4,2.137886611,41.37717022
03-2009-0188,SANTS-MONTJUÏC,Sants,PASSEIG,SANT ANTONI,2,30,,,,,,,8,1,2.137886611,41.37717022
02-2009-0658,L'EIXAMPLE,la Dreta de l'Eixample,PASSEIG,GRACIA,1,83,,,,,,,5,4,2.161740552,41.39430074
02-2009-0659,L'EIXAMPLE,la Dreta de l'Eixample,PASSEIG,GRACIA,1,83,,,,,,,5,5,2.161740552,41.39430074
04-2010-0208,LES CORTS,les Corts,CARRER,JOAN GUELL,1,169,,,,,,,5,1,2.131025036,41.38352989
02-2009-0743,L'EIXAMPLE,l'Antiga Esquerra de l'Eixample,CARRER,VILLARROEL,1,163,,,,,,,1,2,2.153180164,41.38777537
02-2009-0744,L'EIXAMPLE,l'Antiga Esquerra de l'Eixample,CARRER,VILLARROEL,1,163,,,,,,,2,1,2.153180164,41.38777537
02-2009-0377,L'EIXAMPLE,la Dreta de l'Eixample,CARRER,VALENCIA,2,366,,,,,,,3,3,2.170564036,41.39801108
02-2009-0378,L'EIXAMPLE,la Dreta de l'Eixample,CARRER,VALENCIA,2,366,,,,,,,4,3,2.170564036,41.39801108
02-2009-0379,L'EIXAMPLE,la Dreta de l'Eixample,CARRER,VALENCIA,2,366,,,,,,,4,4,2.170564036,41.39801108
06-2009-0230,GRACIA,la Vila de Gràcia,CARRER,TORRENT DE L'OLLA,2,24,,,,,,,1,1,2.160701366,41.39911295
02-2009-0798,L'EIXAMPLE,la Dreta de l'Eixample,CARRER,TRAFALGAR,1,5,,,,,,,PR,1,2.174337328,41.38905853
03-2009-0287,SANTS-MONTJUÏC,el Poble Sec,CARRER,OLIVERA,1,35,,,,,,,1,2,2.157035508,41.37359066
02-2009-0539,L'EIXAMPLE,la Dreta de l'Eixample,PLAÇA,TETUAN,1,17,,,,,,,4,3,2.174692316,41.39495176
02-2009-0540,L'EIXAMPLE,el Fort Pienc,CARRER,SARDENYA,1,195,,,,,,,2,6,2.179542676,41.39856026
02-2009-0541,L'EIXAMPLE,la Dreta de l'Eixample,RAMBLA,CATALUNYA,1,99,,,,,,,6,1,2.160290487,41.39318141
03-2009-0189,SANTS-MONTJUÏC,Sants,PASSEIG,SANT ANTONI,2,30,,,,,,,8,2,2.137886611,41.37717022
06-2010-0273,GRACIA,el Camp d'en Grassot i Gràcia Nova,CARRER,NAPOLS,2,290,,,,,,B,5,2,2.169150273,41.40328298
02-2009-0663,L'EIXAMPLE,la Dreta de l'Eixample,PLAÇA,TETUAN,2,10,,,,,,,4,1,2.175026678,41.39413806
02-2009-0307,L'EIXAMPLE,la Dreta de l'Eixample,CARRER,PELAI,1,11,,,,,,,2,1,2.16670104,41.38584176
02-2009-0308,L'EIXAMPLE,la Dreta de l'Eixample,CARRER,PELAI,1,11,,,,,,,2,2,2.16670104,41.38584176
02-2009-0309,L'EIXAMPLE,la Dreta de l'Eixample,CARRER,PELAI,1,11,,,,,,,2,3,2.16670104,41.38584176
02-2009-0310,L'EIXAMPLE,la Dreta de l'Eixample,CARRER,PELAI,1,11,,,,,,,2,4,2.16670104,41.38584176
02-2009-0311,L'EIXAMPLE,la Dreta de l'Eixample,CARRER,PELAI,1,11,,,,,,,2,5,2.16670104,41.38584176
02-2009-0312,L'EIXAMPLE,la Dreta de l'Eixample,CARRER,PELAI,1,11,,,,,,,2,6,2.16670104,41.38584176
02-2009-0313,L'EIXAMPLE,la Dreta de l'Eixample,CARRER,PELAI,1,11,,,,,,,3,2,2.16670104,41.38584176
02-2009-0314,L'EIXAMPLE,la Dreta de l'Eixample,CARRER,PELAI,1,11,,,,,,,3,1,2.16670104,41.38584176
02-2009-0315,L'EIXAMPLE,la Dreta de l'Eixample,CARRER,PELAI,1,11,,,,,,,3,3,2.16670104,41.38584176
02-2009-0316,L'EIXAMPLE,la Dreta de l'Eixample,CARRER,PELAI,1,11,,,,,,,3,4,2.16670104,41.38584176
10-2009-0130,SANT MARTI,el Camp de l'Arpa del Clot,CARRER,CORSEGA,2,668,,,,,,,3,3,2.179526397,41.41158788
03-2009-0201,SANTS-MONTJUÏC,el Poble Sec,CARRER,VILA I VILA,1,53,,,,,,,5,3,2.170531376,41.37359289
10-2009-0133,SANT MARTI,la Vila Olímpica del Poblenou,CARRER,ARQUITECTE SERT,2,20,,,,,,,4,2,2.198734263,41.39141058
10-2009-0134,SANT MARTI,el Poblenou,CARRER,LOPE DE VEGA,2,54,,,,,,,AT,,2.205742348,41.40294625
02-2009-0759,L'EIXAMPLE,la Sagrada Família,CARRER,CARTAGENA,1,227,,,,,,,5,,2.180177578,41.40660306
02-2009-0258,L'EIXAMPLE,la Nova Esquerra de l'Eixample,CARRER,ENTENÇA,2,72,,,,,,,1,1,2.151450597,41.37912755
02-2009-0745,L'EIXAMPLE,l'Antiga Esquerra de l'Eixample,CARRER,VILLARROEL,1,163,,,,,,,2,2,2.153180164,41.38777537
02-2009-0746,L'EIXAMPLE,l'Antiga Esquerra de l'Eixample,CARRER,VILLARROEL,1,163,,,,,,,3,1,2.153180164,41.38777537
02-2009-0747,L'EIXAMPLE,l'Antiga Esquerra de l'Eixample,CARRER,VILLARROEL,1,163,,,,,,,3,2,2.153180164,41.38777537
02-2009-0317,L'EIXAMPLE,la Dreta de l'Eixample,CARRER,PELAI,1,11,,,,,,,3,5,2.16670104,41.38584176
10-2009-0193,SANT MARTI,el Poblenou,PASSATGE,PIQUER,2,2,,6,,,,,3,2,2.206978739,41.40264635
10-2009-0194,SANT MARTI,,PASSATGE,PIQUER,2,2,,6,,,,,3,3,2.206978739,41.40264635
05-2009-0251,SARRIA-SANT GERVASI,Sant Gervasi - Galvany,TRAVESSERA,GRACIA,1,13,,,,,,,3,3,2.146220992,41.39414215
10-2013-0517,SANT MARTI,Diagonal Mar i el Front Marítim del Poblenou,PASSEIG,GARCIA FARIA,1,75,,,,,,,23,1,2.215323118,41.40496996
03-2009-0283,SANTS-MONTJUÏC,el Poble Sec,CARRER,NOU DE LA RAMBLA,2,144,,,,,,,1,3,2.16771727,41.37286535
10-2009-0279,SANT MARTI,Diagonal Mar i el Front Marítim del Poblenou,PASSEIG,GARCIA FARIA,1,81,,,,,,,21,2,2.21700445,41.40621632
03-2009-0155,SANTS-MONTJUÏC,Sants,PASSEIG,SANT ANTONI,2,30,,,,,,,7,2,2.137886611,41.37717022
03-2009-0156,SANTS-MONTJUÏC,Sants,PASSEIG,SANT ANTONI,2,30,,,,,,,7,4,2.137886611,41.37717022
03-2009-0157,SANTS-MONTJUÏC,Sants,PASSEIG,SANT ANTONI,2,30,,,,,,,7,1,2.137886611,41.37717022
07-2009-0061,HORTA-GUINARDÓ,el Guinardó,PLAÇA,GUINARDO,2,2,,,,,,,SA,,2.175393857,41.42181094
02-2009-0748,L'EIXAMPLE,l'Antiga Esquerra de l'Eixample,CARRER,VILLARROEL,1,163,,,,,,,4,1,2.153180164,41.38777537
02-2009-0749,L'EIXAMPLE,l'Antiga Esquerra de l'Eixample,CARRER,VILLARROEL,1,163,,,,,,,4,2,2.153180164,41.38777537
02-2009-0750,L'EIXAMPLE,l'Antiga Esquerra de l'Eixample,CARRER,VILLARROEL,1,163,,,,,,,5,1,2.153180164,41.38777537
02-2009-0751,L'EIXAMPLE,l'Antiga Esquerra de l'Eixample,CARRER,VILLARROEL,1,163,,,,,,,5,2,2.153180164,41.38777537
02-2009-0220,L'EIXAMPLE,la Dreta de l'Eixample,PLAÇA,TETUAN,1,25,,,,,,,AT,2,2.175004505,41.39565034
10-2009-0318,SANT MARTI,el Camp de l'Arpa del Clot,CARRER,INDEPENDENCIA,1,297,,299,,,,,1,1,2.182494949,41.40832062
10-2009-0319,SANT MARTI,el Camp de l'Arpa del Clot,CARRER,INDEPENDENCIA,1,297,,299,,,,,1,3,2.182494949,41.40832062
10-2009-0320,SANT MARTI,el Camp de l'Arpa del Clot,CARRER,INDEPENDENCIA,1,297,,299,,,,,1,2,2.182494949,41.40832062
10-2009-0321,SANT MARTI,el Camp de l'Arpa del Clot,CARRER,INDEPENDENCIA,1,297,,299,,,,,2,3,2.182494949,41.40832062
10-2009-0322,SANT MARTI,el Camp de l'Arpa del Clot,CARRER,INDEPENDENCIA,1,297,,299,,,,,2,2,2.182494949,41.40832062
03-2009-0342,SANTS-MONTJUÏC,el Poble Sec,CARRER,PIQUER,2,52,,,,,,,5,3,2.16772011,41.37371759
02-2009-0761,L'EIXAMPLE,la Dreta de l'Eixample,CARRER,BALMES,2,8,,,,,,,PR,3,2.166962345,41.38619984
02-2009-0535,L'EIXAMPLE,la Sagrada Família,AVINGUDA,GAUDI,2,36,,,,,,,3,4,2.174558109,41.40705662
06-2009-0085,GRACIA,la Vila de Gràcia,CARRER,CORSEGA,1,361,,,,,,,2,3,2.161809301,41.39853858
02-2009-0633,L'EIXAMPLE,la Dreta de l'Eixample,CARRER,BALMES,2,104,,,,,,,EN,2,2.158923738,41.39225211
04-2010-0205,LES CORTS,les Corts,CARRER,JOAN GUELL,1,169,,,,,,,4,6,2.131025036,41.38352989
04-2010-0206,LES CORTS,les Corts,CARRER,JOAN GUELL,1,169,,,,,,,4,7,2.131025036,41.38352989
10-2009-0291,SANT MARTI,la Vila Olímpica del Poblenou,CARRER,DOCTOR TRUETA,1,73,,75,,,,,1,2,2.195174882,41.3925561
02-2009-0752,L'EIXAMPLE,l'Antiga Esquerra de l'Eixample,CARRER,VILLARROEL,1,163,,,,,,,6,1,2.153180164,41.38777537
02-2009-0753,L'EIXAMPLE,l'Antiga Esquerra de l'Eixample,CARRER,VILLARROEL,1,163,,,,,,,6,2,2.153180164,41.38777537
02-2009-0754,L'EIXAMPLE,l'Antiga Esquerra de l'Eixample,CARRER,VILLARROEL,1,163,,,,,,,7,1,2.153180164,41.38777537
02-2009-0675,L'EIXAMPLE,el Fort Pienc,CARRER,AUSIAS MARC,2,136,,,,,,,1,1,2.184070501,41.39753415
04-2010-0213,LES CORTS,les Corts,CARRER,JOAN GUELL,1,169,,,,,,,5,6,2.131025036,41.38352989
10-2009-0323,SANT MARTI,el Camp de l'Arpa del Clot,CARRER,INDEPENDENCIA,1,297,,299,,,,,2,1,2.182494949,41.40832062
10-2009-0324,SANT MARTI,el Camp de l'Arpa del Clot,CARRER,INDEPENDENCIA,1,297,,299,,,,,3,3,2.182494949,41.40832062
10-2009-0325,SANT MARTI,el Camp de l'Arpa del Clot,CARRER,INDEPENDENCIA,1,297,,299,,,,,3,2,2.182494949,41.40832062
10-2009-0326,SANT MARTI,el Camp de l'Arpa del Clot,CARRER,INDEPENDENCIA,1,297,,299,,,,,3,1,2.182494949,41.40832062
10-2009-0327,SANT MARTI,el Camp de l'Arpa del Clot,CARRER,INDEPENDENCIA,1,297,,299,,,,,4,1,2.182494949,41.40832062
10-2009-0328,SANT MARTI,el Camp de l'Arpa del Clot,CARRER,INDEPENDENCIA,1,297,,299,,,,,4,2,2.182494949,41.40832062
10-2009-0330,SANT MARTI,el Camp de l'Arpa del Clot,CARRER,INDEPENDENCIA,1,297,,299,,,,,4,3,2.182494949,41.40832062
10-2009-0331,SANT MARTI,el Camp de l'Arpa del Clot,CARRER,INDEPENDENCIA,1,297,,299,,,,,5,1,2.182494949,41.40832062
10-2009-0332,SANT MARTI,el Camp de l'Arpa del Clot,CARRER,INDEPENDENCIA,1,297,,299,,,,,5,2,2.182494949,41.40832062
02-2009-0272,L'EIXAMPLE,el Fort Pienc,AVINGUDA,DIAGONAL,1,245,,,,,,,3,1,2.180932278,41.40165436
02-2009-0274,L'EIXAMPLE,el Fort Pienc,AVINGUDA,DIAGONAL,1,245,,,,,,,3,2,2.180932278,41.40165436
02-2009-0275,L'EIXAMPLE,el Fort Pienc,AVINGUDA,DIAGONAL,1,245,,,,,,,4,2,2.180932278,41.40165436
02-2009-0515,L'EIXAMPLE,l'Antiga Esquerra de l'Eixample,CARRER,CONSELL DE CENT,1,221,,,,,,E,4,1,2.157871151,41.38533826
02-2009-0516,L'EIXAMPLE,l'Antiga Esquerra de l'Eixample,CARRER,CONSELL DE CENT,1,221,,,,,,D,4,2,2.157871151,41.38533826
03-2009-0227,SANTS-MONTJUÏC,Hostafrancs,CARRER,PRINCEP JORDI,2,12,,,,,,,2,2,2.147024028,41.37598554
03-2009-0228,SANTS-MONTJUÏC,Hostafrancs,CARRER,PRINCEP JORDI,2,12,,,,,,,2,3,2.147024028,41.37598554
03-2009-0229,SANTS-MONTJUÏC,Hostafrancs,CARRER,PRINCEP JORDI,2,12,,,,,,,BJ,3,2.147024028,41.37598554
10-2009-0336,SANT MARTI,el Poblenou,PASSATGE,PIQUER,2,2,,6,,,,,BJ,5,2.206978739,41.40264635
10-2009-0337,SANT MARTI,el Poblenou,PASSATGE,PIQUER,2,2,,6,,,,,4,4,2.206978739,41.40264635
10-2009-0294,SANT MARTI,la Vila Olímpica del Poblenou,CARRER,SALVADOR ESPRIU,1,75,,,,,,,1,D,2.199917229,41.39133785
02-2009-0755,L'EIXAMPLE,l'Antiga Esquerra de l'Eixample,CARRER,VILLARROEL,1,163,,,,,,,7,2,2.153180164,41.38777537
02-2009-0806,L'EIXAMPLE,la Dreta de l'Eixample,GRAN VIA,CORTS CATALANES,2,662,,,,,,,6,1A,2.171025128,41.39116223
02-2009-0807,L'EIXAMPLE,la Dreta de l'Eixample,GRAN VIA,CORTS CATALANES,2,662,,,,,,,6,1B,2.171025128,41.39116223
02-2009-0256,L'EIXAMPLE,la Dreta de l'Eixample,CARRER,PAU CLARIS,2,74,,,,,,,5,2,2.17174459,41.38938165
03-2009-0231,SANTS-MONTJUÏC,Hostafrancs,CARRER,PRINCEP JORDI,2,12,,,,,,,BJ,2,2.147024028,41.37598554
10-2009-0338,SANT MARTI,,PASSATGE,PIQUER,2,2,,6,,,,,5,2,2.206978739,41.40264635
05-2013-0353,SARRIA-SANT GERVASI,les Tres Torres,RONDA,GENERAL MITRE,1,7,,,,,,,5,1,2.131022749,41.39320471
04-2010-0209,LES CORTS,les Corts,CARRER,JOAN GUELL,1,169,,,,,,,5,2,2.131025036,41.38352989
02-2009-0549,L'EIXAMPLE,Sant Antoni,GRAN VIA,CORTS CATALANES,2,448,,,,,,,1,2,2.154475289,41.3786894
02-2009-0681,L'EIXAMPLE,la Dreta de l'Eixample,PASSEIG,SANT JOAN,2,60,,,,,,,1,2,2.173924396,41.39644644
10-2009-0333,SANT MARTI,el Camp de l'Arpa del Clot,CARRER,INDEPENDENCIA,1,297,,299,,,,,5,3,2.182494949,41.40832062
10-2009-0189,SANT MARTI,el Poblenou,CARRER,TAULAT,1,1,,,,,,,3,3,2.200914524,41.39494957
02-2009-0401,L'EIXAMPLE,Sant Antoni,AVINGUDA,PARAL.LEL,2,206,,,,,,,6,A,2.15061546,41.37525175
02-2009-0216,L'EIXAMPLE,la Sagrada Família,CARRER,PADILLA,1,275,,,,,,,2,3,2.175927856,41.40652097
02-2009-0682,L'EIXAMPLE,la Dreta de l'Eixample,PASSEIG,SANT JOAN,2,60,,,,,,,PR,2,2.173924396,41.39644644
02-2009-0684,L'EIXAMPLE,el Fort Pienc,CARRER,AUSIAS MARC,2,136,,,,,,,PR,1,2.184070501,41.39753415
02-2009-0685,L'EIXAMPLE,el Fort Pienc,CARRER,AUSIAS MARC,2,136,,,,,,,PR,2,2.184070501,41.39753415
05-2009-0162,SARRIA-SANT GERVASI,Sant Gervasi - Galvany,PLAÇA,GAL.LA PLACIDIA,1,1,,3,,,,A,6,1,2.152926038,41.39857818
05-2009-0164,SARRIA-SANT GERVASI,Sant Gervasi - Galvany,PLAÇA,GAL.LA PLACIDIA,1,1,,3,,,,A,6,2,2.152926038,41.39857818
04-2010-0202,LES CORTS,les Corts,CARRER,JOAN GUELL,1,169,,,,,,,4,3,2.131025036,41.38352989
04-2010-0203,LES CORTS,les Corts,CARRER,JOAN GUELL,1,169,,,,,,,4,4,2.131025036,41.38352989
04-2010-0204,LES CORTS,les Corts,CARRER,JOAN GUELL,1,169,,,,,,,4,5,2.131025036,41.38352989
02-2009-0670,L'EIXAMPLE,la Nova Esquerra de l'Eixample,GRAN VIA,CORTS CATALANES,1,439,,,,,,,3,1,2.153358019,41.37854053
03-2009-0150,SANTS-MONTJUÏC,Sants - Badal,CARRER,CARRERAS I CANDI,1,19,,,,,,,4,2,2.126842294,41.37438812
02-2009-0262,L'EIXAMPLE,la Dreta de l'Eixample,CARRER,BAILEN,1,23,,,,,,,PR,2,2.176156263,41.39258825
03-2009-0222,SANTS-MONTJUÏC,Hostafrancs,CARRER,PRINCEP JORDI,2,12,,,,,,,BJ,1,2.147024028,41.37598554
03-2009-0223,SANTS-MONTJUÏC,Hostafrancs,CARRER,PRINCEP JORDI,2,12,,,,,,,1,1,2.147024028,41.37598554
03-2009-0224,SANTS-MONTJUÏC,Hostafrancs,CARRER,PRINCEP JORDI,2,12,,,,,,,1,2,2.147024028,41.37598554
03-2009-0225,SANTS-MONTJUÏC,Hostafrancs,CARRER,PRINCEP JORDI,2,12,,,,,,,1,3,2.147024028,41.37598554
03-2009-0226,SANTS-MONTJUÏC,Hostafrancs,CARRER,PRINCEP JORDI,2,12,,,,,,,2,1,2.147024028,41.37598554
04-2010-0210,LES CORTS,les Corts,CARRER,JOAN GUELL,1,169,,,,,,,5,3,2.131025036,41.38352989
02-2009-0546,L'EIXAMPLE,l'Antiga Esquerra de l'Eixample,CARRER,VALENCIA,1,121,,,,,,,2,2,2.15472009,41.3863691
03-2009-0306,SANTS-MONTJUÏC,Sants,CARRER,FERNANDEZ DURO,1,3,,,,,,,3,1,2.135493334,41.37450285
10-2009-0315,SANT MARTI,la Vila Olímpica del Poblenou,CARRER,ROSA SENSAT,2,16,,,,,,,BJ,,2.196296783,41.39149493
02-2009-0731,L'EIXAMPLE,Sant Antoni,RONDA,SANT PAU,1,75,,,,,,,1,1,2.163445925,41.37824604
02-2009-0773,L'EIXAMPLE,la Dreta de l'Eixample,CARRER,ALI BEI,1,29,,,,,,,1,2,2.178565554,41.39200047
02-2009-0781,L'EIXAMPLE,la Dreta de l'Eixample,PASSEIG,GRACIA,2,58,,,,,,,AT,1,2.164793521,41.39267241
06-2009-0226,GRACIA,la Vila de Gràcia,CARRER,NIL FABRA,1,15,,,,,,,EN,4,2.15189948,41.40622221
02-2009-0426,L'EIXAMPLE,la Sagrada Família,CARRER,ARAGO,1,469,,473,,,,,1,5,2.179435662,41.40337479
06-2009-0107,GRACIA,el Camp d'en Grassot i Gràcia Nova,CARRER,SARDENYA,1,359,,,,,,,3,3,2.170131651,41.40566703
02-2009-0648,L'EIXAMPLE,la Dreta de l'Eixample,PASSEIG,GRACIA,1,83,,,,,,,1,5,2.161740552,41.39430074
02-2009-0612,L'EIXAMPLE,la Dreta de l'Eixample,PASSEIG,GRACIA,1,15,,,,,,,3,1B,2.167456569,41.38968095
06-2009-0395,GRACIA,la Vila de Gràcia,CARRER,TORRENT DE L'OLLA,1,161,,,,,,,2,4,2.154466017,41.4045206
06-2009-0396,GRACIA,la Vila de Gràcia,CARRER,TORRENT DE L'OLLA,1,161,,,,,,,2,3,2.154466017,41.4045206
06-2009-0397,GRACIA,la Vila de Gràcia,CARRER,TORRENT DE L'OLLA,1,161,,,,,,,2,2,2.154466017,41.4045206
06-2009-0398,GRACIA,la Vila de Gràcia,CARRER,TORRENT DE L'OLLA,1,161,,,,,,,2,1,2.154466017,41.4045206
06-2009-0399,GRACIA,la Vila de Gràcia,CARRER,TORRENT DE L'OLLA,1,161,,,,,,,1,4,2.154466017,41.4045206
06-2009-0400,GRACIA,la Vila de Gràcia,CARRER,TORRENT DE L'OLLA,1,161,,,,,,,1,3,2.154466017,41.4045206
06-2010-0075,GRACIA,la Vila de Gràcia,CARRER,TORRENT DE L'OLLA,2,226,,,,,,,5,2,2.151495742,41.40730372
07-2009-0185,HORTA-GUINARDÓ,el Baix Guinardó,TRAVESSERA,GRACIA,1,441,,,,,,,2,1,2.173273332,41.4112917
07-2009-0186,HORTA-GUINARDÓ,el Baix Guinardó,TRAVESSERA,GRACIA,1,441,,,,,,,3,1,2.173273332,41.4112917
02-2009-1207,L'EIXAMPLE,Sant Antoni,CARRER,COMTE BORRELL,1,125,,,,,,,EN,2,2.158111237,41.38063927
10-2010-0055,SANT MARTI,el Clot,CARRER,CORONEL SANFELIU,2,2,,4,,,,,EN,4,2.188076365,41.40692552
04-2010-0199,LES CORTS,les Corts,CARRER,JOAN GUELL,1,169,,,,,,,3,8,2.131025036,41.38352989
02-2010-0110,L'EIXAMPLE,la Sagrada Família,CARRER,ENAMORATS,1,5,,,,,,,PR,1,2.179464113,41.40186545
02-2010-0111,L'EIXAMPLE,la Sagrada Família,CARRER,ENAMORATS,1,5,,,,,,,PR,2,2.179464113,41.40186545
07-2009-0181,HORTA-GUINARDÓ,el Baix Guinardó,TRAVESSERA,GRACIA,1,441,,443,,,,,PR,1,2.173273332,41.4112917
07-2009-0182,HORTA-GUINARDÓ,el Baix Guinardó,TRAVESSERA,GRACIA,1,441,,,,,,,1,1,2.173273332,41.4112917
06-2009-0335,GRACIA,el Camp d'en Grassot i Gràcia Nova,PASSATGE,NOGUES,1,5,,,,,,,EN,1,2.166871383,41.40741481
06-2009-0401,GRACIA,la Vila de Gràcia,CARRER,TORRENT DE L'OLLA,1,161,,,,,,,1,2,2.154466017,41.4045206
06-2009-0402,GRACIA,la Vila de Gràcia,CARRER,TORRENT DE L'OLLA,1,161,,,,,,,1,1,2.154466017,41.4045206
10-2010-0274,SANT MARTI,el Poblenou,CARRER,CASTANYS,1,5,,,,,,,1,2,2.205477345,41.40034962
02-2010-0085,L'EIXAMPLE,la Nova Esquerra de l'Eixample,CARRER,ENTENÇA,1,79,,,,,,,3,2,2.150898423,41.37926379
04-2010-0180,LES CORTS,les Corts,CARRER,JOAN GUELL,1,169,,,,,,,1,8,2.131025036,41.38352989
03-2009-0469,SANTS-MONTJUÏC,el Poble Sec,CARRER,PIQUER,1,55,,,,,,,1,4,2.16773124,41.37357993
02-2009-0879,L'EIXAMPLE,l'Antiga Esquerra de l'Eixample,CARRER,MALLORCA,2,152,,,,,,,EN,2,2.154670595,41.38775534
03-2009-0400,SANTS-MONTJUÏC,Sants,CARRER,FERNANDEZ DURO,1,3,,,,,,,PR,2,2.135493334,41.37450285
03-2009-0401,SANTS-MONTJUÏC,Sants,CARRER,FERNANDEZ DURO,1,3,,,,,,,1,1,2.135493334,41.37450285
02-2009-1021,L'EIXAMPLE,la Sagrada Família,CARRER,INDUSTRIA,1,165,,,,,,,1,3,2.175045026,41.41016533
02-2010-0094,L'EIXAMPLE,la Sagrada Família,CARRER,INDUSTRIA,1,165,,,,,,,5,1,2.175045026,41.41016533
10-2010-0101,SANT MARTI,el Poblenou,RAMBLA,POBLENOU,2,16,,,,,,,2,1,2.204907018,41.3984393
05-2010-0017,SARRIA-SANT GERVASI,Sant Gervasi - Galvany,CARRER,BALMES,1,295,,,,,,,1,1,2.14631235,41.40178287
10-2010-0102,SANT MARTI,el Poblenou,RAMBLA,POBLENOU,2,16,,,,,,,2,2,2.204907018,41.3984393
04-2010-0195,LES CORTS,les Corts,CARRER,JOAN GUELL,1,169,,,,,,,3,4,2.131025036,41.38352989
04-2010-0196,LES CORTS,les Corts,CARRER,JOAN GUELL,1,169,,,,,,,3,5,2.131025036,41.38352989
02-2009-1072,L'EIXAMPLE,la Sagrada Família,CARRER,INDUSTRIA,1,165,,,,,,,2,1,2.175045026,41.41016533
02-2009-1073,L'EIXAMPLE,la Sagrada Família,CARRER,INDUSTRIA,1,165,,,,,,,2,2,2.175045026,41.41016533
02-2009-1074,L'EIXAMPLE,la Sagrada Família,CARRER,INDUSTRIA,1,165,,,,,,,PR,3,2.175045026,41.41016533
02-2009-1231,L'EIXAMPLE,Sant Antoni,GRAN VIA,CORTS CATALANES,2,474,,,,,,,2,1,2.155771303,41.37969822
03-2009-0513,SANTS-MONTJUÏC,Sants,CARRER,FERNANDEZ DURO,1,3,,,,,,,1,2,2.135493334,41.37450285
10-2010-0009,SANT MARTI,el Poblenou,CARRER,GALCERAN MARQUET,2,8,,,,,,,1,,2.205120485,41.39934389
10-2010-0010,SANT MARTI,el Poblenou,CARRER,GALCERAN MARQUET,2,8,,,,,,,2,,2.205120485,41.39934389
02-2010-0020,L'EIXAMPLE,Sant Antoni,CARRER,FLORIDABLANCA,1,125,,,,,,,PR,2,2.161632082,41.38098713
04-2010-0173,LES CORTS,les Corts,CARRER,JOAN GUELL,1,169,,,,,,,1,2,2.131025036,41.38352989
04-2010-0174,LES CORTS,les Corts,CARRER,JOAN GUELL,1,169,,,,,,,1,3,2.131025036,41.38352989
04-2010-0176,LES CORTS,les Corts,CARRER,JOAN GUELL,1,169,,,,,,,1,4,2.131025036,41.38352989
02-2009-1244,L'EIXAMPLE,la Dreta de l'Eixample,PASSEIG,GRACIA,1,83,,,,,,,PR,1,2.161740552,41.39430074
07-2009-0172,HORTA-GUINARDÓ,el Baix Guinardó,TRAVESSERA,GRACIA,1,441,,443,,,,,5,2,2.173273332,41.4112917
02-2009-1110,L'EIXAMPLE,la Sagrada Família,CARRER,INDUSTRIA,1,165,,,,,,,4,1,2.175045026,41.41016533
02-2009-1109,L'EIXAMPLE,la Sagrada Família,CARRER,INDUSTRIA,1,165,,,,,,,3,1,2.175045026,41.41016533
06-2010-0070,GRACIA,Vallcarca i els Penitents,CARRER,BOLIVAR,1,17,,,,,,,1,2,2.147248824,41.40952381
02-2010-0121,L'EIXAMPLE,la Dreta de l'Eixample,CARRER,PAU CLARIS,2,74,,,,,,,2,2,2.17174459,41.38938165
02-2009-0962,L'EIXAMPLE,Sant Antoni,CARRER,FLORIDABLANCA,2,24,,,,,,,EN,,2.155593174,41.37606088
02-2009-1245,L'EIXAMPLE,la Dreta de l'Eixample,PASSEIG,GRACIA,1,83,,,,,,,PR,2,2.161740552,41.39430074
02-2009-1246,L'EIXAMPLE,la Dreta de l'Eixample,PASSEIG,GRACIA,1,83,,,,,,,1,1,2.161740552,41.39430074
02-2009-1247,L'EIXAMPLE,la Dreta de l'Eixample,PASSEIG,GRACIA,1,83,,,,,,,PR,3,2.161740552,41.39430074
02-2009-1248,L'EIXAMPLE,la Dreta de l'Eixample,PASSEIG,GRACIA,1,83,,,,,,,1,2,2.161740552,41.39430074
02-2009-1249,L'EIXAMPLE,la Dreta de l'Eixample,PASSEIG,GRACIA,1,83,,,,,,,3,2,2.161740552,41.39430074
02-2009-1250,L'EIXAMPLE,la Dreta de l'Eixample,PASSEIG,GRACIA,1,83,,,,,,,3,3,2.161740552,41.39430074
02-2009-1253,L'EIXAMPLE,la Dreta de l'Eixample,PASSEIG,GRACIA,1,83,,,,,,,AT,1,2.161740552,41.39430074
02-2009-1204,L'EIXAMPLE,l'Antiga Esquerra de l'Eixample,CARRER,VALENCIA,1,115,,,,,,,1,2,2.154556106,41.38624691
10-2009-0463,SANT MARTI,Diagonal Mar i el Front Marítim del Poblenou,PASSEIG,TAULAT,2,258,,,,,,A,5,4,2.215866849,41.4070445
02-2009-1044,L'EIXAMPLE,la Sagrada Família,CARRER,INDUSTRIA,1,165,,,,,,,1,1,2.175045026,41.41016533
02-2009-1045,L'EIXAMPLE,la Sagrada Família,CARRER,INDUSTRIA,1,165,,,,,,,PR,1,2.175045026,41.41016533
10-2010-0104,SANT MARTI,el Poblenou,RAMBLA,POBLENOU,2,16,,,,,,,2,4,2.204907018,41.3984393
10-2010-0105,SANT MARTI,el Poblenou,RAMBLA,POBLENOU,2,16,,,,,,,2,5,2.204907018,41.3984393
04-2010-0169,LES CORTS,les Corts,CARRER,JOAN GUELL,1,169,,,,,,,BJ,1,2.131025036,41.38352989
04-2010-0170,LES CORTS,les Corts,CARRER,JOAN GUELL,1,169,,,,,,,BJ,2,2.131025036,41.38352989
04-2010-0171,LES CORTS,les Corts,CARRER,JOAN GUELL,1,169,,,,,,,BJ,3,2.131025036,41.38352989
04-2010-0177,LES CORTS,les Corts,CARRER,JOAN GUELL,1,169,,,,,,,1,5,2.131025036,41.38352989
02-2009-1167,L'EIXAMPLE,la Sagrada Família,AVINGUDA,GAUDI,2,14,,,,,,,4,2,2.174579238,41.40541183
03-2010-0017,SANTS-MONTJUÏC,el Poble Sec,CARRER,VALLHONRAT,1,21,,,,,,,1,3,2.157021379,41.37396715
10-2010-0051,SANT MARTI,el Clot,GRAN VIA,CORTS CATALANES,1,857,,,,,,,EN,1,2.19095561,41.40676965
02-2009-1190,L'EIXAMPLE,Sant Antoni,CARRER,PARLAMENT,1,23,,,,,,,2,3,2.16226536,41.37637747
02-2009-1149,L'EIXAMPLE,la Sagrada Família,CARRER,INDUSTRIA,1,165,,,,,,,4,3,2.175045026,41.41016533
04-2010-0198,LES CORTS,les Corts,CARRER,JOAN GUELL,1,169,,,,,,,3,7,2.131025036,41.38352989
04-2010-0178,LES CORTS,les Corts,CARRER,JOAN GUELL,1,169,,,,,,,1,6,2.131025036,41.38352989
02-2009-1097,L'EIXAMPLE,la Sagrada Família,CARRER,INDUSTRIA,1,165,,,,,,,2,3,2.175045026,41.41016533
02-2009-1098,L'EIXAMPLE,la Sagrada Família,CARRER,INDUSTRIA,1,165,,,,,,,3,3,2.175045026,41.41016533
04-2010-0179,LES CORTS,les Corts,CARRER,JOAN GUELL,1,169,,,,,,,1,7,2.131025036,41.38352989
02-2009-1128,L'EIXAMPLE,la Sagrada Família,AVINGUDA,GAUDI,2,14,,,,,,,2,1,2.174579238,41.40541183
02-2009-1129,L'EIXAMPLE,la Sagrada Família,AVINGUDA,GAUDI,2,14,,,,,,,4,1,2.174579238,41.40541183
02-2009-1130,L'EIXAMPLE,la Sagrada Família,AVINGUDA,GAUDI,2,14,,,,,,,3,1,2.174579238,41.40541183
02-2009-0979,L'EIXAMPLE,la Dreta de l'Eixample,CARRER,CASP,2,74,,,,,,,3,4,2.175111797,41.39253061
02-2009-0980,L'EIXAMPLE,la Dreta de l'Eixample,CARRER,CASP,2,74,,,,,,,3,5,2.175111797,41.39253061
02-2009-0981,L'EIXAMPLE,la Dreta de l'Eixample,CARRER,CASP,2,74,,,,,,,4,1,2.175111797,41.39253061
02-2009-0982,L'EIXAMPLE,la Dreta de l'Eixample,CARRER,CASP,2,74,,,,,,,4,2,2.175111797,41.39253061
02-2009-0983,L'EIXAMPLE,la Dreta de l'Eixample,CARRER,CASP,2,74,,,,,,,4,3,2.175111797,41.39253061
02-2009-0984,L'EIXAMPLE,la Dreta de l'Eixample,CARRER,CASP,2,74,,,,,,,4,4,2.175111797,41.39253061
02-2009-0985,L'EIXAMPLE,la Dreta de l'Eixample,CARRER,CASP,2,74,,,,,,,4,5,2.175111797,41.39253061
02-2009-0986,L'EIXAMPLE,la Dreta de l'Eixample,CARRER,CASP,2,74,,,,,,,5,1,2.175111797,41.39253061
02-2009-0987,L'EIXAMPLE,la Dreta de l'Eixample,CARRER,CASP,2,74,,,,,,,5,2,2.175111797,41.39253061
02-2009-0988,L'EIXAMPLE,la Dreta de l'Eixample,CARRER,CASP,2,74,,,,,,,5,3,2.175111797,41.39253061
02-2009-0911,L'EIXAMPLE,la Sagrada Família,CARRER,MARINA,1,299,,,,,,D,SA,2,2.17169924,41.40644918
06-2009-0252,GRACIA,la Vila de Gràcia,PLAÇA,TRILLA,1,1,,,,,,,PR,,2.15234331,41.40347437
02-2009-1051,L'EIXAMPLE,la Sagrada Família,CARRER,INDUSTRIA,1,165,,,,,,,1,2,2.175045026,41.41016533
02-2009-1052,L'EIXAMPLE,la Sagrada Família,CARRER,INDUSTRIA,1,165,,,,,,,PR,2,2.175045026,41.41016533
04-2010-0191,LES CORTS,les Corts,CARRER,JOAN GUELL,1,169,,,,,,,3,1,2.131025036,41.38352989
02-2009-0990,L'EIXAMPLE,la Dreta de l'Eixample,CARRER,BAILEN,2,98,,,,,,,1,,2.170708113,41.39698622
10-2009-0458,SANT MARTI,Diagonal Mar i el Front Marítim del Poblenou,PASSEIG,GARCIA FARIA,1,81,,,,,,E,8,5,2.21700445,41.40621632
04-2010-0197,LES CORTS,les Corts,CARRER,JOAN GUELL,1,169,,,,,,,3,6,2.131025036,41.38352989
10-2009-0475,SANT MARTI,la Vila Olímpica del Poblenou,CARRER,SALVADOR ESPRIU,1,47,,,,,,,6,1,2.198558921,41.3903278
02-2010-0066,L'EIXAMPLE,la Dreta de l'Eixample,CARRER,PAU CLARIS,1,103,,,,,,,2,1,2.16883092,41.39129126
02-2009-0989,L'EIXAMPLE,la Dreta de l'Eixample,CARRER,CASP,2,74,,,,,,,5,4,2.175111797,41.39253061
02-2009-1133,L'EIXAMPLE,la Nova Esquerra de l'Eixample,CARRER,ROCAFORT,1,113,,,,,,,2,1,2.152133308,41.3800385
02-2010-0158,L'EIXAMPLE,la Sagrada Família,CARRER,ARAGO,1,423,,,,,,,PR,2,2.176990883,41.40141665
03-2009-0432,SANTS-MONTJUÏC,el Poble Sec,AVINGUDA,PARAL.LEL,1,15,,,,,,,7,3,2.174741591,41.37448186
02-2009-1135,L'EIXAMPLE,l'Antiga Esquerra de l'Eixample,CARRER,VALENCIA,1,115,,,,,,,2,1,2.154556106,41.38624691
02-2009-1137,L'EIXAMPLE,l'Antiga Esquerra de l'Eixample,CARRER,VALENCIA,1,115,,,,,,,2,2,2.154556106,41.38624691
02-2009-1138,L'EIXAMPLE,l'Antiga Esquerra de l'Eixample,CARRER,VALENCIA,1,115,,,,,,,3,1,2.154556106,41.38624691
04-2010-0194,LES CORTS,les Corts,CARRER,JOAN GUELL,1,169,,,,,,,3,3,2.131025036,41.38352989
02-2010-0030,L'EIXAMPLE,la Nova Esquerra de l'Eixample,CARRER,CALABRIA,2,114,,,,,,,1,2,2.154304407,41.38038053
02-2009-1191,L'EIXAMPLE,Sant Antoni,CARRER,VILADOMAT,2,70,,,,,,,4,2,2.159371334,41.37826046
03-2009-0387,SANTS-MONTJUÏC,el Poble Sec,CARRER,BOBILA,1,11,,,,,,,1,3,2.158568926,41.37319014
02-2010-0583,L'EIXAMPLE,la Sagrada Família,PASSATGE,MAIOL,2,14,,,,,,,1,2,2.174288283,41.40202168
04-2010-0172,LES CORTS,les Corts,CARRER,JOAN GUELL,1,169,,,,,,,1,1,2.131025036,41.38352989
02-2009-1012,L'EIXAMPLE,la Dreta de l'Eixample,CARRER,ALI BEI,1,29,,,,,,,2,4,2.178565554,41.39200047
02-2010-0010,L'EIXAMPLE,la Dreta de l'Eixample,PASSEIG,SANT JOAN,1,143,,145,,,,,3,1,2.166739569,41.40122257
10-2010-0103,SANT MARTI,el Poblenou,RAMBLA,POBLENOU,2,16,,,,,,,2,3,2.204907018,41.3984393
03-2009-0484,SANTS-MONTJUÏC,la Font de la Guatlla,CARRER,AMPOSTA,2,20,,,,,,,PR,2,2.147814965,41.37127951
06-2009-0253,GRACIA,la Vila de Gràcia,CARRER,PERILL,1,21,,,,,,,4,1,2.161509105,41.39951169
02-2009-1038,L'EIXAMPLE,la Dreta de l'Eixample,CARRER,ROGER DE FLOR,1,161,,,,,,,2,4,2.173365496,41.39811288
02-2009-1039,L'EIXAMPLE,la Dreta de l'Eixample,CARRER,DIPUTACIO,2,266,,,,,,,PR,2A,2.168330001,41.39122979
02-2009-1040,L'EIXAMPLE,la Dreta de l'Eixample,CARRER,DIPUTACIO,2,266,,,,,,,PR,2B,2.168330001,41.39122979
02-2009-1199,L'EIXAMPLE,la Dreta de l'Eixample,GRAN VIA,CORTS CATALANES,2,602,,,,,,,2,,2.165224061,41.38680174
02-2009-1200,L'EIXAMPLE,la Dreta de l'Eixample,GRAN VIA,CORTS CATALANES,2,602,,,,,,,3,,2.165224061,41.38680174
10-2009-0410,SANT MARTI,Diagonal Mar i el Front Marítim del Poblenou,CARRER,SELVA DE MAR,1,7,,,,,,,,,2.214036274,41.40483461
10-2009-0411,SANT MARTI,Diagonal Mar i el Front Marítim del Poblenou,CARRER,SELVA DE MAR,1,5,,,,,,,5,5,2.214036274,41.40483461
04-2010-0193,LES CORTS,les Corts,CARRER,JOAN GUELL,1,169,,,,,,,3,2,2.131025036,41.38352989
10-2010-0028,SANT MARTI,Diagonal Mar i el Front Marítim del Poblenou,CARRER,SELVA DE MAR,2,18,,,,,,,7,4,2.213204543,41.40615154
10-2010-0029,SANT MARTI,el Poblenou,PASSEIG,TAULAT,1,183,,185,,,,,6,6,2.208346795,41.40173856
06-2010-0071,GRACIA,la Vila de Gràcia,CARRER,GOYA,1,7,,,,,,,1,2,2.156959571,41.3994814
02-2009-0831,L'EIXAMPLE,la Sagrada Família,CARRER,ENAMORATS,1,5,,,,,,,3,4,2.179464113,41.40186545
02-2009-0832,L'EIXAMPLE,la Sagrada Família,CARRER,ENAMORATS,1,5,,,,,,,2,3,2.179464113,41.40186545
02-2009-0977,L'EIXAMPLE,la Sagrada Família,CARRER,PROVENÇA,1,469,,,,,,,EN,1,2.175950073,41.40573039
02-2009-0978,L'EIXAMPLE,la Dreta de l'Eixample,RAMBLA,CATALUNYA,1,89,,,,,,,3,1,2.160780987,41.39282125
02-2009-1254,L'EIXAMPLE,la Dreta de l'Eixample,PASSEIG,GRACIA,1,83,,,,,,,AT,2,2.161740552,41.39430074
02-2009-1255,L'EIXAMPLE,la Dreta de l'Eixample,PASSEIG,GRACIA,1,83,,,,,,,AT,3,2.161740552,41.39430074
02-2009-1123,L'EIXAMPLE,la Dreta de l'Eixample,CARRER,BALMES,2,8,,,,,,,EN,1,2.166962345,41.38619984
02-2009-1178,L'EIXAMPLE,l'Antiga Esquerra de l'Eixample,CARRER,VALENCIA,1,115,,,,,,,3,2,2.154556106,41.38624691
02-2009-1179,L'EIXAMPLE,l'Antiga Esquerra de l'Eixample,CARRER,VALENCIA,1,115,,,,,,,4,1,2.154556106,41.38624691
02-2009-1180,L'EIXAMPLE,l'Antiga Esquerra de l'Eixample,CARRER,VALENCIA,1,115,,,,,,,4,2,2.154556106,41.38624691
10-2010-0064,SANT MARTI,el Parc i la Llacuna del Poblenou,CARRER,BUENAVENTURA MUÑOZ,2,18,,,,,,,EN,1,2.184451707,41.39121922
02-2009-0872,L'EIXAMPLE,l'Antiga Esquerra de l'Eixample,CARRER,ARAGO,2,178,,,,,,,2,1,2.157812463,41.38664972
02-2009-0873,L'EIXAMPLE,la Dreta de l'Eixample,CARRER,CORSEGA,1,293,,,,,,,5,4,2.156652712,41.39462722
02-2009-0875,L'EIXAMPLE,la Dreta de l'Eixample,PASSEIG,GRACIA,2,16,,,,,,,1,2,2.168934533,41.38933184
02-2009-0964,L'EIXAMPLE,la Sagrada Família,CARRER,CARTAGENA,2,302,,,,,,,4,1,2.175911774,41.41011321
02-2009-0856,L'EIXAMPLE,la Dreta de l'Eixample,CARRER,PELAI,1,5,,,,,,,3,1A,2.166129159,41.38589339
02-2009-0857,L'EIXAMPLE,l'Antiga Esquerra de l'Eixample,GRAN VIA,CORTS CATALANES,1,569,,,,,,A,2,1,2.161490742,41.38465635
02-2009-1112,L'EIXAMPLE,la Sagrada Família,AVINGUDA,GAUDI,2,14,,,,,,,PR,1,2.174579238,41.40541183
02-2009-1113,L'EIXAMPLE,la Sagrada Família,AVINGUDA,GAUDI,2,14,,,,,,,EN,1,2.174579238,41.40541183
02-2010-0595,L'EIXAMPLE,la Dreta de l'Eixample,CARRER,ROGER DE LLURIA,1,47,,,,,,,3,,2.168961518,41.39290713
02-2010-0597,L'EIXAMPLE,la Dreta de l'Eixample,CARRER,ROGER DE LLURIA,1,47,,,,,,,2,,2.168961518,41.39290713
05-2010-0075,SARRIA-SANT GERVASI,el Putxet i el Farró,CARRER,ESCIPIO,2,36,B,38,,,,A,1,3,2.144661059,41.40650037
02-2009-1267,L'EIXAMPLE,Sant Antoni,CARRER,COMTE BORRELL,2,42,,,,,,,3,2,2.16291398,41.37728573
02-2009-0813,L'EIXAMPLE,l'Antiga Esquerra de l'Eixample,GRAN VIA,CORTS CATALANES,1,539,,,,,,,PR,3,2.159657216,41.3833062
06-2010-0072,GRACIA,la Vila de Gràcia,CARRER,GOYA,1,7,,,,,,,2,2,2.156959571,41.3994814
02-2010-0163,L'EIXAMPLE,l'Antiga Esquerra de l'Eixample,CARRER,ENRIC GRANADOS,2,38,,,,,,,6,1,2.158849909,41.39060165
02-2009-1028,L'EIXAMPLE,l'Antiga Esquerra de l'Eixample,CARRER,ENRIC GRANADOS,2,38,,,,,,,5,1,2.158849909,41.39060165
04-2010-0182,LES CORTS,les Corts,CARRER,JOAN GUELL,1,169,,,,,,,2,2,2.131025036,41.38352989
04-2010-0183,LES CORTS,les Corts,CARRER,JOAN GUELL,1,169,,,,,,,2,3,2.131025036,41.38352989
02-2009-0835,L'EIXAMPLE,la Sagrada Família,CARRER,ENAMORATS,1,5,,,,,,,EN,4,2.179464113,41.40186545
02-2009-0836,L'EIXAMPLE,la Sagrada Família,CARRER,ENAMORATS,1,5,,,,,,,1,4,2.179464113,41.40186545
02-2009-0838,L'EIXAMPLE,la Sagrada Família,CARRER,ENAMORATS,1,5,,,,,,,1,2,2.179464113,41.40186545
02-2009-0839,L'EIXAMPLE,la Sagrada Família,CARRER,ENAMORATS,1,5,,,,,,,3,3,2.179464113,41.40186545
02-2009-0840,L'EIXAMPLE,la Sagrada Família,CARRER,ENAMORATS,1,5,,,,,,,1,3,2.179464113,41.40186545
02-2009-0841,L'EIXAMPLE,la Sagrada Família,CARRER,ENAMORATS,1,5,,,,,,,2,2,2.179464113,41.40186545
02-2009-0842,L'EIXAMPLE,la Sagrada Família,CARRER,ENAMORATS,1,5,,,,,,,EN,1,2.179464113,41.40186545
04-2010-0186,LES CORTS,les Corts,CARRER,JOAN GUELL,1,169,,,,,,,2,6,2.131025036,41.38352989
04-2010-0187,LES CORTS,les Corts,CARRER,JOAN GUELL,1,169,,,,,,,2,7,2.131025036,41.38352989
02-2010-0034,L'EIXAMPLE,,RONDA,SANT PERE,1,3,,,,,,,1,3,2.17068944,41.38834878
07-2010-0005,HORTA-GUINARDÓ,la Font d'en Fargues,PASSEIG,MARAGALL,1,347,,,,,,,BJ,,2.167828427,41.42737362
06-2010-0069,GRACIA,Vallcarca i els Penitents,CARRER,BOLIVAR,1,17,,,,,,,BJ,,2.147248824,41.40952381
02-2010-0016,L'EIXAMPLE,la Dreta de l'Eixample,CARRER,CONSELL DE CENT,2,306,,,,,,,PR,2,2.165355521,41.39069552
02-2010-0017,L'EIXAMPLE,la Dreta de l'Eixample,CARRER,CONSELL DE CENT,2,306,,,,,,,PR,1,2.165355521,41.39069552
04-2010-0188,LES CORTS,les Corts,CARRER,JOAN GUELL,1,169,,,,,,,2,8,2.131025036,41.38352989
02-2009-1153,L'EIXAMPLE,la Sagrada Família,CARRER,INDUSTRIA,1,165,,,,,,,4,2,2.175045026,41.41016533
02-2009-1154,L'EIXAMPLE,la Sagrada Família,CARRER,INDUSTRIA,1,165,,,,,,,3,2,2.175045026,41.41016533
02-2009-1155,L'EIXAMPLE,la Sagrada Família,CARRER,INDUSTRIA,1,165,,,,,,,5,2,2.175045026,41.41016533
02-2010-0024,L'EIXAMPLE,l'Antiga Esquerra de l'Eixample,GRAN VIA,CORTS CATALANES,1,569,,,,,,A,PR,2,2.161490742,41.38465635
03-2010-0009,SANTS-MONTJUÏC,Sants,CARRER,WATT,1,15,,,,,,,1,1,2.139713079,41.3761112
03-2010-0010,SANTS-MONTJUÏC,la Font de la Guatlla,CARRER,CHOPIN,1,1,,,,,,,PR,1,2.146248725,41.37091014
02-2010-0045,L'EIXAMPLE,Sant Antoni,CARRER,VILADOMAT,1,107,,,,,,,5,1,2.157021072,41.37975983
02-2010-0047,L'EIXAMPLE,el Fort Pienc,CARRER,SICILIA,1,143,,,,,,,EN,2,2.177981264,41.39803211
10-2010-0022,SANT MARTI,el Camp de l'Arpa del Clot,CARRER,PROVENÇA,2,556,,,,,,A,BJ,2,2.180679487,41.40891389
02-2010-0048,L'EIXAMPLE,la Sagrada Família,CARRER,VALENCIA,1,465,,,,,,,2,2,2.177936546,41.4038179
04-2010-0181,LES CORTS,les Corts,CARRER,JOAN GUELL,1,169,,,,,,,2,1,2.131025036,41.38352989
10-2009-0385,SANT MARTI,la Vila Olímpica del Poblenou,CARRER,RAMON TURRO,2,10,,,,,,,5,2,2.190783942,41.39067126
10-2009-0386,SANT MARTI,el Camp de l'Arpa del Clot,CARRER,INDUSTRIA,2,226,,230,,,,,5,1,2.178076591,41.41223793
02-2010-0167,L'EIXAMPLE,l'Antiga Esquerra de l'Eixample,CARRER,ENRIC GRANADOS,2,38,,40,,,,A,4,1,2.158849909,41.39060165
10-2009-0483,SANT MARTI,el Poblenou,AVINGUDA,DIAGONAL,1,137,,,,,,,2,3,2.198806517,41.4060358
02-2009-1077,L'EIXAMPLE,el Fort Pienc,CARRER,MARINA,2,142,,,,,,,EN,3,2.183541557,41.39769395
10-2009-0484,SANT MARTI,el Camp de l'Arpa del Clot,CARRER,VALENCIA,2,568,,,,,,,5,1,2.183322592,41.40754243
10-2009-0485,SANT MARTI,el Camp de l'Arpa del Clot,CARRER,PROVENÇA,2,586,,,,,,,1,1,2.181933914,41.40979901
02-2009-1078,L'EIXAMPLE,Sant Antoni,GRAN VIA,CORTS CATALANES,2,448,,,,,,,EN,2,2.154475289,41.3786894
02-2009-0958,L'EIXAMPLE,la Dreta de l'Eixample,CARRER,CASP,2,74,,,,,,,BJ,1,2.175111797,41.39253061
02-2009-0959,L'EIXAMPLE,la Dreta de l'Eixample,CARRER,CASP,2,74,,,,,,,BJ,2,2.175111797,41.39253061
02-2009-0961,L'EIXAMPLE,la Dreta de l'Eixample,CARRER,CASP,2,74,,,,,,,BJ,3,2.175111797,41.39253061
02-2009-0963,L'EIXAMPLE,la Dreta de l'Eixample,CARRER,CASP,2,74,,,,,,,1,1,2.175111797,41.39253061
02-2009-0965,L'EIXAMPLE,la Dreta de l'Eixample,CARRER,CASP,2,74,,,,,,,1,2,2.175111797,41.39253061
02-2009-0966,L'EIXAMPLE,la Dreta de l'Eixample,CARRER,CASP,2,74,,,,,,,1,3,2.175111797,41.39253061
02-2009-0967,L'EIXAMPLE,la Dreta de l'Eixample,CARRER,CASP,2,74,,,,,,,1,4,2.175111797,41.39253061
02-2009-0968,L'EIXAMPLE,la Dreta de l'Eixample,CARRER,CASP,2,74,,,,,,,1,5,2.175111797,41.39253061
02-2009-0969,L'EIXAMPLE,la Dreta de l'Eixample,CARRER,CASP,2,74,,,,,,,2,1,2.175111797,41.39253061
02-2009-0970,L'EIXAMPLE,la Dreta de l'Eixample,CARRER,CASP,2,74,,,,,,,2,2,2.175111797,41.39253061
07-2009-0174,HORTA-GUINARDÓ,el Baix Guinardó,TRAVESSERA,GRACIA,1,441,,,,,,,5,4,2.173273332,41.4112917
07-2009-0175,HORTA-GUINARDÓ,el Baix Guinardó,TRAVESSERA,GRACIA,1,441,,,,,,,1,4,2.173273332,41.4112917
07-2009-0176,HORTA-GUINARDÓ,el Baix Guinardó,TRAVESSERA,GRACIA,1,441,,,,,,,2,4,2.173273332,41.4112917
04-2010-0184,LES CORTS,les Corts,CARRER,JOAN GUELL,1,169,,,,,,,2,4,2.131025036,41.38352989
04-2010-0185,LES CORTS,les Corts,CARRER,JOAN GUELL,1,169,,,,,,,2,5,2.131025036,41.38352989
02-2009-0860,L'EIXAMPLE,la Nova Esquerra de l'Eixample,CARRER,ENTENÇA,2,140,B,,,,,,4,1,2.147659001,41.38210903
02-2010-0055,L'EIXAMPLE,l'Antiga Esquerra de l'Eixample,CARRER,PARIS,1,193,,,,,,,5,2,2.153195745,41.39373811
07-2009-0169,HORTA-GUINARDÓ,el Baix Guinardó,TRAVESSERA,GRACIA,1,441,,443,,,,,1,2,2.173273332,41.4112917
07-2009-0170,HORTA-GUINARDÓ,el Baix Guinardó,TRAVESSERA,GRACIA,1,441,,443,,,,,2,2,2.173273332,41.4112917
07-2009-0171,HORTA-GUINARDÓ,el Baix Guinardó,TRAVESSERA,GRACIA,1,441,,443,,,,,5,1,2.173273332,41.4112917
02-2009-0932,L'EIXAMPLE,la Dreta de l'Eixample,PASSEIG,GRACIA,1,83,,,,,,,PR,4,2.161740552,41.39430074
02-2009-0933,L'EIXAMPLE,la Dreta de l'Eixample,PASSEIG,GRACIA,1,83,,,,,,,PR,5,2.161740552,41.39430074
02-2009-0934,L'EIXAMPLE,la Dreta de l'Eixample,PASSEIG,GRACIA,1,83,,,,,,,PR,6,2.161740552,41.39430074
02-2009-0935,L'EIXAMPLE,la Dreta de l'Eixample,PASSEIG,GRACIA,1,83,,,,,,,1,3,2.161740552,41.39430074
02-2009-0936,L'EIXAMPLE,la Dreta de l'Eixample,PASSEIG,GRACIA,1,83,,,,,,,3,4,2.161740552,41.39430074
02-2009-0937,L'EIXAMPLE,la Dreta de l'Eixample,PASSEIG,GRACIA,1,83,,,,,,,3,5,2.161740552,41.39430074
02-2009-0938,L'EIXAMPLE,la Dreta de l'Eixample,PASSEIG,GRACIA,1,83,,,,,,,3,6,2.161740552,41.39430074
02-2009-0939,L'EIXAMPLE,la Dreta de l'Eixample,PASSEIG,GRACIA,1,83,,,,,,,5,1,2.161740552,41.39430074
02-2009-0940,L'EIXAMPLE,la Dreta de l'Eixample,PASSEIG,GRACIA,1,83,,,,,,,5,2,2.161740552,41.39430074
02-2009-0941,L'EIXAMPLE,la Dreta de l'Eixample,PASSEIG,GRACIA,1,83,,,,,,,5,3,2.161740552,41.39430074
06-2009-0386,GRACIA,la Vila de Gràcia,CARRER,TORRENT DE L'OLLA,1,161,,,,,,,4,4,2.154466017,41.4045206
06-2009-0388,GRACIA,la Vila de Gràcia,CARRER,TORRENT DE L'OLLA,1,161,,,,,,,4,3,2.154466017,41.4045206
06-2009-0389,GRACIA,la Vila de Gràcia,CARRER,TORRENT DE L'OLLA,1,161,,,,,,,4,2,2.154466017,41.4045206
06-2009-0390,GRACIA,la Vila de Gràcia,CARRER,TORRENT DE L'OLLA,1,161,,,,,,,4,1,2.154466017,41.4045206
06-2009-0391,GRACIA,la Vila de Gràcia,CARRER,TORRENT DE L'OLLA,1,161,,,,,,,3,4,2.154466017,41.4045206
06-2009-0392,GRACIA,la Vila de Gràcia,CARRER,TORRENT DE L'OLLA,1,161,,,,,,,3,3,2.154466017,41.4045206
06-2009-0393,GRACIA,la Vila de Gràcia,CARRER,TORRENT DE L'OLLA,1,161,,,,,,,3,2,2.154466017,41.4045206
06-2009-0394,GRACIA,la Vila de Gràcia,CARRER,TORRENT DE L'OLLA,1,161,,,,,,,3,1,2.154466017,41.4045206
02-2009-1202,L'EIXAMPLE,l'Antiga Esquerra de l'Eixample,CARRER,VALENCIA,1,115,,,,,,,1,1,2.154556106,41.38624691
02-2009-1203,L'EIXAMPLE,l'Antiga Esquerra de l'Eixample,CARRER,VALENCIA,1,115,,,,,,,BJ,,2.154556106,41.38624691
02-2009-0971,L'EIXAMPLE,la Dreta de l'Eixample,CARRER,CASP,2,74,,,,,,,2,3,2.175111797,41.39253061
02-2009-0972,L'EIXAMPLE,la Dreta de l'Eixample,CARRER,CASP,2,74,,,,,,,2,4,2.175111797,41.39253061
02-2009-0973,L'EIXAMPLE,la Dreta de l'Eixample,CARRER,CASP,2,74,,,,,,,2,5,2.175111797,41.39253061
02-2009-0974,L'EIXAMPLE,la Dreta de l'Eixample,CARRER,CASP,2,74,,,,,,,3,1,2.175111797,41.39253061
02-2009-0975,L'EIXAMPLE,la Dreta de l'Eixample,CARRER,CASP,2,74,,,,,,,3,2,2.175111797,41.39253061
02-2009-0976,L'EIXAMPLE,la Dreta de l'Eixample,CARRER,CASP,2,74,,,,,,,3,3,2.175111797,41.39253061
04-2009-0256,LES CORTS,Pedralbes,CARRER,DOCTOR FERRAN,1,15,,,,,,,5,1,2.123770269,41.38895191
03-2009-0495,SANTS-MONTJUÏC,el Poble Sec,CARRER,LLEIDA,1,21,,,,,,,1,2,2.155195899,41.37311487
03-2010-0228,SANTS-MONTJUÏC,el Poble Sec,CARRER,MATA,2,22,,,,,,,BJ,D,2.170586313,41.37259306
03-2010-0302,SANTS-MONTJUÏC,el Poble Sec,CARRER,CARRERA,2,8,,10,,,,,2,2,2.174712439,41.37416475
02-2010-0813,L'EIXAMPLE,la Dreta de l'Eixample,CARRER,ARAGO,2,252,,,,,,,3,2,2.162904661,41.39047821
06-2010-0128,GRACIA,la Vila de Gràcia,CARRER,SANTA ROSA,1,23,,,,,,,2,,2.153849695,41.40351466
06-2010-0327,GRACIA,la Vila de Gràcia,CARRER,SANTA TECLA,1,3,,,,,,,4,2,2.160337611,41.39811992
06-2010-0328,GRACIA,la Vila de Gràcia,CARRER,SANTA TECLA,1,3,,,,,,,PR,3,2.160337611,41.39811992
06-2010-0303,GRACIA,el Camp d'en Grassot i Gràcia Nova,CARRER,GRASSOT,2,66,,,,,,,2,,2.166318411,41.40448988
02-2010-0814,L'EIXAMPLE,el Fort Pienc,CARRER,AUSIAS MARC,1,143,,,,,,,1,4,2.182854796,41.39690307
02-2010-0359,L'EIXAMPLE,Sant Antoni,CARRER,VILADOMAT,1,19,,,,,,,EN,2,2.162228781,41.37582283
02-2010-0360,L'EIXAMPLE,Sant Antoni,CARRER,MARQUES DE CAMPO SAGRADO,1,9,,,,,,,4,1,2.163775859,41.37579898
03-2010-0162,SANTS-MONTJUÏC,Hostafrancs,CARRER,PRINCEP JORDI,1,9,,,,,,I,2,1,2.146882528,41.37607027
10-2010-0360,SANT MARTI,el Poblenou,CARRER,TAULAT,2,18,,22,,,,,3,2,2.204083387,41.39806344
03-2010-0272,SANTS-MONTJUÏC,la Bordeta,CARRER,GAVA,2,8,,,,,,,2,2,2.141514322,41.37227871
05-2011-0292,SARRIA-SANT GERVASI,el Putxet i el Farró,CARRER,VALLIRANA,1,29,,,,,,,1,D,2.148007154,41.40385312
10-2010-0354,SANT MARTI,el Poblenou,CARRER,AMISTAT,2,44,,,,,,,BJ,1,2.206186085,41.40057011
10-2010-0356,SANT MARTI,el Poblenou,CARRER,AMISTAT,2,44,,,,,,,1,4,2.206186085,41.40057011
10-2010-0338,SANT MARTI,el Camp de l'Arpa del Clot,CARRER,FRESER,1,5,,,,,,,3,4,2.179128328,41.40989755
10-2010-0340,SANT MARTI,el Camp de l'Arpa del Clot,CARRER,FRESER,1,5,,,,,,,6,2,2.179128328,41.40989755
10-2010-0342,SANT MARTI,el Camp de l'Arpa del Clot,CARRER,FRESER,1,5,,,,,,,4,4,2.179128328,41.40989755
10-2010-0344,SANT MARTI,el Camp de l'Arpa del Clot,CARRER,FRESER,1,5,,,,,,,3,1,2.179128328,41.40989755
10-2010-0346,SANT MARTI,el Camp de l'Arpa del Clot,CARRER,FRESER,1,5,,,,,,,6,4,2.179128328,41.40989755
02-2010-0911,L'EIXAMPLE,la Dreta de l'Eixample,PASSEIG,GRACIA,1,69,,,,,,,3,D,2.162860282,41.39339566
02-2010-0912,L'EIXAMPLE,la Dreta de l'Eixample,PASSEIG,GRACIA,1,69,,,,,,,PR,B,2.162860282,41.39339566
02-2010-0913,L'EIXAMPLE,la Dreta de l'Eixample,PASSEIG,GRACIA,1,69,,,,,,,PR,C,2.162860282,41.39339566
02-2010-0914,L'EIXAMPLE,la Dreta de l'Eixample,PASSEIG,GRACIA,1,69,,,,,,,4,A,2.162860282,41.39339566
02-2010-0916,L'EIXAMPLE,la Dreta de l'Eixample,PASSEIG,GRACIA,1,69,,,,,,,PR,D,2.162860282,41.39339566
02-2010-0918,L'EIXAMPLE,la Dreta de l'Eixample,PASSEIG,GRACIA,1,69,,,,,,,1,A,2.162860282,41.39339566
02-2010-0920,L'EIXAMPLE,la Dreta de l'Eixample,PASSEIG,GRACIA,1,69,,,,,,,1,B,2.162860282,41.39339566
02-2010-0293,L'EIXAMPLE,la Sagrada Família,CARRER,PADILLA,2,208,,,,,,,5,2,2.179647331,41.40395217
06-2010-0141,GRACIA,la Vila de Gràcia,CARRER,VIC,2,16,,,,,,,2,4,2.15507285,41.39897937
06-2010-0329,GRACIA,la Vila de Gràcia,CARRER,SANTA TECLA,1,3,,,,,,,PR,4,2.160337611,41.39811992
06-2010-0242,GRACIA,la Vila de Gràcia,CARRER,MARTINEZ DE LA ROSA,1,11,,,,,,,BJ,1,2.159879348,41.39906488
06-2010-0243,GRACIA,la Vila de Gràcia,CARRER,MARTINEZ DE LA ROSA,1,11,,,,,,,2,3,2.159879348,41.39906488
06-2010-0244,GRACIA,la Vila de Gràcia,CARRER,MARTINEZ DE LA ROSA,1,11,,,,,,,1,3,2.159879348,41.39906488
02-2010-0803,L'EIXAMPLE,l'Antiga Esquerra de l'Eixample,CARRER,VALENCIA,2,168,,170,,,,,2,2,2.155757867,41.38687095
02-2010-0804,L'EIXAMPLE,l'Antiga Esquerra de l'Eixample,CARRER,VALENCIA,2,168,,170,,,,,2,3,2.155757867,41.38687095
10-2010-0358,SANT MARTI,el Poblenou,CARRER,AMISTAT,2,44,,,,,,,4,2,2.206186085,41.40057011
10-2010-0361,SANT MARTI,el Poblenou,CARRER,AMISTAT,2,44,,,,,,,3,1,2.206186085,41.40057011
10-2010-0363,SANT MARTI,el Poblenou,CARRER,AMISTAT,2,44,,,,,,,2,2,2.206186085,41.40057011
10-2010-0365,SANT MARTI,el Poblenou,CARRER,AMISTAT,2,44,,,,,,,1,2,2.206186085,41.40057011
06-2010-0223,GRACIA,el Camp d'en Grassot i Gràcia Nova,CARRER,GRASSOT,2,4,,,,,,,AT,2,2.168907046,41.40257021
06-2010-0224,GRACIA,el Camp d'en Grassot i Gràcia Nova,CARRER,GRASSOT,2,4,,,,,,,3,1,2.168907046,41.40257021
06-2010-0225,GRACIA,el Camp d'en Grassot i Gràcia Nova,CARRER,GRASSOT,2,4,,,,,,,3,2,2.168907046,41.40257021
06-2010-0228,GRACIA,el Camp d'en Grassot i Gràcia Nova,CARRER,GRASSOT,2,4,,,,,,,EN,1,2.168907046,41.40257021
06-2010-0229,GRACIA,el Camp d'en Grassot i Gràcia Nova,CARRER,GRASSOT,2,4,,,,,,,EN,2,2.168907046,41.40257021
10-2010-0348,SANT MARTI,el Camp de l'Arpa del Clot,CARRER,FRESER,1,5,,,,,,,3,2,2.179128328,41.40989755
02-2010-0964,L'EIXAMPLE,la Dreta de l'Eixample,PASSEIG,GRACIA,1,97,,,,,,,3,1,2.160572611,41.39525021
02-2010-0742,L'EIXAMPLE,la Sagrada Família,CARRER,PROVENÇA,1,433,,,,,,,4,3,2.173807973,41.40412583
03-2010-0312,SANTS-MONTJUÏC,el Poble Sec,CARRER,MARGARIT,1,19,,,,,,,2,1,2.16366002,41.37368628
03-2010-0089,SANTS-MONTJUÏC,Hostafrancs,CARRER,RECTOR TRIADO,2,48,,50,,,,B,1,3,2.144062175,41.37727618
03-2010-0090,SANTS-MONTJUÏC,Hostafrancs,CARRER,RECTOR TRIADO,2,48,,50,,,,B,2,4,2.144062175,41.37727618
03-2010-0091,SANTS-MONTJUÏC,Hostafrancs,CARRER,RECTOR TRIADO,2,48,,50,,,,B,2,3,2.144062175,41.37727618
03-2010-0092,SANTS-MONTJUÏC,Hostafrancs,CARRER,RECTOR TRIADO,2,48,,50,,,,B,2,2,2.144062175,41.37727618
03-2010-0094,SANTS-MONTJUÏC,Hostafrancs,CARRER,RECTOR TRIADO,2,48,,50,,,,B,2,1,2.144062175,41.37727618
03-2010-0096,SANTS-MONTJUÏC,Hostafrancs,CARRER,RECTOR TRIADO,2,48,,50,,,,B,1,4,2.144062175,41.37727618
03-2010-0097,SANTS-MONTJUÏC,Hostafrancs,CARRER,RECTOR TRIADO,2,48,,50,,,,B,1,2,2.144062175,41.37727618
03-2010-0098,SANTS-MONTJUÏC,Hostafrancs,CARRER,RECTOR TRIADO,2,48,,50,,,,B,1,1,2.144062175,41.37727618
03-2010-0099,SANTS-MONTJUÏC,Hostafrancs,CARRER,RECTOR TRIADO,2,48,,50,,,,B,BJ,1,2.144062175,41.37727618
03-2010-0100,SANTS-MONTJUÏC,Hostafrancs,CARRER,RECTOR TRIADO,2,48,,50,,,,A,2,5,2.144062175,41.37727618
03-2010-0101,SANTS-MONTJUÏC,Hostafrancs,CARRER,RECTOR TRIADO,2,48,,50,,,,A,2,4,2.144062175,41.37727618
02-2010-0432,L'EIXAMPLE,la Nova Esquerra de l'Eixample,CARRER,VILAMARI,2,126,,,,,,,PR,1,2.146784435,41.38094607
05-2010-0207,SARRIA-SANT GERVASI,el Putxet i el Farró,CARRER,GUILLEM TELL,1,15,,,,,,,1,4,2.14916998,41.40275492
02-2010-0311,L'EIXAMPLE,la Sagrada Família,CARRER,ARAGO,1,423,,,,,,,PR,B,2.176990883,41.40141665
02-2010-0882,L'EIXAMPLE,la Dreta de l'Eixample,CARRER,VALENCIA,1,347,,,,,,,1,4,2.170132502,41.39796495
02-2010-0883,L'EIXAMPLE,la Dreta de l'Eixample,CARRER,VALENCIA,1,347,,,,,,,1,1,2.170132502,41.39796495
02-2010-0886,L'EIXAMPLE,la Dreta de l'Eixample,CARRER,VALENCIA,1,347,,,,,,,PR,3,2.170132502,41.39796495
02-2010-0888,L'EIXAMPLE,la Dreta de l'Eixample,CARRER,VALENCIA,1,347,,,,,,,4,3,2.170132502,41.39796495
02-2010-0890,L'EIXAMPLE,el Fort Pienc,CARRER,SICILIA,1,159,,,,,,,3,2,2.176937434,41.39882438
02-2010-0892,L'EIXAMPLE,el Fort Pienc,CARRER,SICILIA,1,159,,,,,,,4,3,2.176937434,41.39882438
02-2010-0340,L'EIXAMPLE,l'Antiga Esquerra de l'Eixample,CARRER,CONSELL DE CENT,1,221,,,,,,E,1,1,2.157871151,41.38533826
02-2010-0341,L'EIXAMPLE,l'Antiga Esquerra de l'Eixample,CARRER,CONSELL DE CENT,1,221,,,,,,E,PR,1,2.157871151,41.38533826
02-2010-0342,L'EIXAMPLE,l'Antiga Esquerra de l'Eixample,CARRER,CONSELL DE CENT,1,221,,,,,,E,4,2,2.157871151,41.38533826
02-2010-0343,L'EIXAMPLE,l'Antiga Esquerra de l'Eixample,CARRER,CONSELL DE CENT,1,221,,,,,,E,3,2,2.157871151,41.38533826
10-2010-0355,SANT MARTI,el Poblenou,CARRER,AMISTAT,2,44,,,,,,,BJ,2,2.206186085,41.40057011
02-2010-0733,L'EIXAMPLE,Sant Antoni,CARRER,COMTE BORRELL,1,37,,,,,,,6,2,2.163369613,41.37666084
02-2010-0734,L'EIXAMPLE,el Fort Pienc,CARRER,LEPANT,2,220,,,,,,,3,2,2.180802409,41.40143892
10-2010-0168,SANT MARTI,la Vila Olímpica del Poblenou,CARRER,RAMON TURRO,1,71,,,,,,,4,2,2.195494962,41.39445825
02-2010-0418,L'EIXAMPLE,Sant Antoni,CARRER,TAMARIT,2,162,,,,,,,1,1,2.162711275,41.3798288
02-2010-0419,L'EIXAMPLE,Sant Antoni,CARRER,TAMARIT,2,162,,,,,,,1,2,2.162711275,41.3798288
02-2010-0690,L'EIXAMPLE,l'Antiga Esquerra de l'Eixample,CARRER,VALENCIA,2,168,,170,,,,,5,3,2.155757867,41.38687095
03-2010-0102,SANTS-MONTJUÏC,Hostafrancs,CARRER,RECTOR TRIADO,2,48,,50,,,,A,2,3,2.144062175,41.37727618
03-2010-0103,SANTS-MONTJUÏC,Hostafrancs,CARRER,RECTOR TRIADO,2,48,,50,,,,A,2,2,2.144062175,41.37727618
03-2010-0104,SANTS-MONTJUÏC,Hostafrancs,CARRER,RECTOR TRIADO,2,48,,50,,,,A,2,1,2.144062175,41.37727618
03-2010-0105,SANTS-MONTJUÏC,Hostafrancs,CARRER,RECTOR TRIADO,2,48,,50,,,,A,1,5,2.144062175,41.37727618
03-2010-0106,SANTS-MONTJUÏC,Hostafrancs,CARRER,RECTOR TRIADO,2,48,,50,,,,A,1,4,2.144062175,41.37727618
05-2011-0293,SARRIA-SANT GERVASI,el Putxet i el Farró,CARRER,VALLIRANA,1,29,,,,,,,2,C,2.148007154,41.40385312
05-2011-0295,SARRIA-SANT GERVASI,el Putxet i el Farró,CARRER,BALLESTER,2,30,,,,,,,BJ,2,2.14604123,41.40696719
02-2010-0285,L'EIXAMPLE,la Dreta de l'Eixample,CARRER,ROGER DE FLOR,1,129,,131,,,,,1,4,2.175085244,41.39681435
02-2010-0893,L'EIXAMPLE,el Fort Pienc,CARRER,SICILIA,1,159,,,,,,,4,2,2.176937434,41.39882438
02-2010-0895,L'EIXAMPLE,el Fort Pienc,CARRER,SICILIA,1,159,,,,,,,3,4,2.176937434,41.39882438
02-2010-0897,L'EIXAMPLE,el Fort Pienc,CARRER,SICILIA,1,159,,,,,,,4,4,2.176937434,41.39882438
02-2010-0899,L'EIXAMPLE,el Fort Pienc,CARRER,SICILIA,1,159,,,,,,,6,4,2.176937434,41.39882438
02-2010-0728,L'EIXAMPLE,la Sagrada Família,CARRER,VALENCIA,1,423,,,,,,,PR,1,2.175651688,41.40210743
02-2010-0729,L'EIXAMPLE,la Sagrada Família,CARRER,VALENCIA,1,423,,,,,,,PR,2,2.175651688,41.40210743
02-2010-0731,L'EIXAMPLE,la Sagrada Família,CARRER,VALENCIA,1,423,,,,,,,1,1,2.175651688,41.40210743
02-2010-0735,L'EIXAMPLE,la Sagrada Família,CARRER,VALENCIA,1,423,,,,,,,1,2,2.175651688,41.40210743
02-2010-0736,L'EIXAMPLE,la Sagrada Família,CARRER,VALENCIA,1,423,,,,,,,2,1,2.175651688,41.40210743
02-2010-0737,L'EIXAMPLE,la Sagrada Família,CARRER,VALENCIA,1,423,,,,,,,2,2,2.175651688,41.40210743
10-2010-0228,SANT MARTI,Sant Martí de Provençals,GRAN VIA,CORTS CATALANES,1,1021,,1023,,,,,1,1,2.199932958,41.41384019
10-2010-0357,SANT MARTI,el Poblenou,CARRER,AMISTAT,2,44,,,,,,,1,1,2.206186085,41.40057011
06-2010-0132,GRACIA,la Vila de Gràcia,CARRER,SANT PERE MARTIR,1,39,,,,,,,1,1,2.156841907,41.39987742
10-2010-0359,SANT MARTI,el Poblenou,CARRER,AMISTAT,2,44,,,,,,,4,1,2.206186085,41.40057011
10-2010-0362,SANT MARTI,el Poblenou,CARRER,AMISTAT,2,44,,,,,,,3,2,2.206186085,41.40057011
04-2010-0200,LES CORTS,les Corts,CARRER,JOAN GUELL,1,169,,,,,,,4,1,2.131025036,41.38352989
03-2010-0161,SANTS-MONTJUÏC,el Poble Sec,CARRER,BLASCO DE GARAY,1,3,,,,,,,4,2,2.163320753,41.37462459
10-2010-0308,SANT MARTI,el Camp de l'Arpa del Clot,CARRER,ROGENT,2,100,,,,,,,5,1,2.182630626,41.4108004
02-2010-0421,L'EIXAMPLE,Sant Antoni,CARRER,TAMARIT,2,162,,,,,,,2,1,2.162711275,41.3798288
02-2010-0422,L'EIXAMPLE,Sant Antoni,CARRER,TAMARIT,2,162,,,,,,,3,1,2.162711275,41.3798288
02-2010-0423,L'EIXAMPLE,Sant Antoni,CARRER,TAMARIT,2,162,,,,,,,3,2,2.162711275,41.3798288
02-2010-0424,L'EIXAMPLE,Sant Antoni,CARRER,TAMARIT,2,162,,,,,,,4,1,2.162711275,41.3798288
02-2010-0425,L'EIXAMPLE,Sant Antoni,CARRER,TAMARIT,2,162,,,,,,,5,,2.162711275,41.3798288
03-2010-0108,SANTS-MONTJUÏC,Hostafrancs,CARRER,RECTOR TRIADO,2,48,,50,,,,A,1,3,2.144062175,41.37727618
03-2010-0109,SANTS-MONTJUÏC,Hostafrancs,CARRER,RECTOR TRIADO,2,48,,50,,,,A,1,2,2.144062175,41.37727618
03-2010-0110,SANTS-MONTJUÏC,Hostafrancs,CARRER,RECTOR TRIADO,2,48,,50,,,,A,1,1,2.144062175,41.37727618
03-2010-0111,SANTS-MONTJUÏC,Hostafrancs,CARRER,RECTOR TRIADO,2,48,,50,,,,A,BJ,1,2.144062175,41.37727618
03-2010-0297,SANTS-MONTJUÏC,el Poble Sec,CARRER,CONCORDIA,2,28,,,,,,,PR,2,2.160246452,41.37360318
06-2010-0337,GRACIA,la Vila de Gràcia,CARRER,SANTA TECLA,1,3,,,,,,,PR,1,2.160337611,41.39811992
06-2010-0338,GRACIA,la Vila de Gràcia,CARRER,SANTA TECLA,1,3,,,,,,,1,3,2.160337611,41.39811992
02-2010-0472,L'EIXAMPLE,el Fort Pienc,CARRER,SARDENYA,2,194,,,,,,,EN,2,2.181762469,41.39715607
10-2010-0221,SANT MARTI,el Parc i la Llacuna del Poblenou,CARRER,WELLINGTON,1,15,,,,,,,4,2,2.185911989,41.39203272
06-2010-0216,GRACIA,la Vila de Gràcia,CARRER,TOPAZI,1,15,,,,,,,BJ,,2.154933086,41.40484594
02-2010-0477,L'EIXAMPLE,la Nova Esquerra de l'Eixample,CARRER,VALENCIA,2,32,,,,,,,5,4,2.146845254,41.38015418
02-2010-0478,L'EIXAMPLE,la Nova Esquerra de l'Eixample,CARRER,VALENCIA,2,32,,,,,,,4,2,2.146845254,41.38015418
02-2010-0480,L'EIXAMPLE,la Nova Esquerra de l'Eixample,CARRER,VALENCIA,2,32,,,,,,,1,3,2.146845254,41.38015418
02-2010-0481,L'EIXAMPLE,la Nova Esquerra de l'Eixample,CARRER,VALENCIA,2,32,,,,,,,1,4,2.146845254,41.38015418
02-2010-0482,L'EIXAMPLE,la Nova Esquerra de l'Eixample,CARRER,VALENCIA,2,32,,,,,,,5,3,2.146845254,41.38015418
02-2010-0483,L'EIXAMPLE,la Nova Esquerra de l'Eixample,CARRER,VALENCIA,2,32,,,,,,,2,4,2.146845254,41.38015418
02-2010-0484,L'EIXAMPLE,la Nova Esquerra de l'Eixample,CARRER,VALENCIA,2,32,,,,,,,2,3,2.146845254,41.38015418
05-2011-0296,SARRIA-SANT GERVASI,el Putxet i el Farró,CARRER,BALLESTER,2,32,,,,,,,BJ,1,2.14604123,41.40696719
02-2010-0446,L'EIXAMPLE,l'Antiga Esquerra de l'Eixample,CARRER,CASANOVA,1,173,,,,,,,1,3,2.149939031,41.39193861
02-2010-0490,L'EIXAMPLE,l'Antiga Esquerra de l'Eixample,CARRER,CONSELL DE CENT,1,277,,,,,,,EN,2,2.16108019,41.38775288
10-2010-0364,SANT MARTI,el Poblenou,CARRER,AMISTAT,2,44,,,,,,,1,3,2.206186085,41.40057011
10-2010-0366,SANT MARTI,el Poblenou,CARRER,AMISTAT,2,44,,,,,,,2,1,2.206186085,41.40057011
10-2010-0249,SANT MARTI,Diagonal Mar i el Front Marítim del Poblenou,CARRER,JOSEP PLA,1,19,,,,,,,10,3,2.215777856,41.40863864
06-2010-0379,GRACIA,el Camp d'en Grassot i Gràcia Nova,PASSEIG,SANT JOAN,2,168,,,,,,,2,1,2.165281273,41.4029855
04-2010-0265,LES CORTS,les Corts,CARRER,ANGLESOLA,1,13,,,,,,,1,1,2.132610248,41.38799527
06-2010-0380,GRACIA,el Camp d'en Grassot i Gràcia Nova,CARRER,INDUSTRIA,2,24,,,,,,,AT,1,2.166139603,41.40317882
02-2010-0910,L'EIXAMPLE,la Dreta de l'Eixample,PASSEIG,GRACIA,1,69,,,,,,,PR,A,2.162860282,41.39339566
02-2010-0485,L'EIXAMPLE,la Nova Esquerra de l'Eixample,CARRER,VALENCIA,2,32,,,,,,,4,4,2.146845254,41.38015418
02-2010-0486,L'EIXAMPLE,la Nova Esquerra de l'Eixample,CARRER,VALENCIA,2,32,,,,,,,3,4,2.146845254,41.38015418
02-2010-0487,L'EIXAMPLE,la Nova Esquerra de l'Eixample,CARRER,VALENCIA,2,32,,,,,,,4,1,2.146845254,41.38015418
02-2010-0488,L'EIXAMPLE,la Nova Esquerra de l'Eixample,CARRER,VALENCIA,2,32,,,,,,,3,3,2.146845254,41.38015418
02-2010-0489,L'EIXAMPLE,la Nova Esquerra de l'Eixample,CARRER,VALENCIA,2,32,,,,,,,4,3,2.146845254,41.38015418
03-2010-0173,SANTS-MONTJUÏC,Sants,CARRER,SANTS,2,158,,,,,,,1,1,2.133366079,41.37555383
02-2010-0917,L'EIXAMPLE,la Dreta de l'Eixample,PASSEIG,GRACIA,1,69,,,,,,,4,B,2.162860282,41.39339566
02-2010-0537,L'EIXAMPLE,el Fort Pienc,CARRER,MARINA,1,119,,,,,,,1,1,2.184781955,41.39607788
02-2010-0538,L'EIXAMPLE,el Fort Pienc,CARRER,MARINA,1,119,,,,,,,1,2,2.184781955,41.39607788
02-2010-0901,L'EIXAMPLE,el Fort Pienc,CARRER,SICILIA,1,159,,,,,,,3,1,2.176937434,41.39882438
02-2010-0542,L'EIXAMPLE,Sant Antoni,CARRER,VILADOMAT,1,71,,,,,,,1,1,2.159116834,41.37817723
02-2010-0275,L'EIXAMPLE,Sant Antoni,CARRER,ENTENÇA,2,8,,,,,,,PR,1,2.156124876,41.37559512
02-2010-0276,L'EIXAMPLE,la Sagrada Família,PLAÇA,SAGRADA FAMILIA,1,7,,,,,,,3,2,2.172238392,41.40238033
02-2010-0308,L'EIXAMPLE,la Sagrada Família,CARRER,SANT ANTONI MARIA CLARET,2,186,,,,,,,2,3,2.172629654,41.40977461
03-2010-0163,SANTS-MONTJUÏC,el Poble Sec,CARRER,CONCORDIA,2,14,,,,,,,5,1,2.16082572,41.37422856
10-2010-0189,SANT MARTI,Provençals del Poblenou,CARRER,PERE IV,2,344,,346,,,,,3,2,2.2026489,41.40911914
03-2010-0164,SANTS-MONTJUÏC,el Poble Sec,CARRER,TAPIOLES,1,47,,,,,,,5,1,2.163943555,41.37253119
03-2010-0165,SANTS-MONTJUÏC,el Poble Sec,CARRER,PEDRERES,2,6,,,,,,,2,,2.158817503,41.3723569
03-2010-0166,SANTS-MONTJUÏC,el Poble Sec,CARRER,BLASCO DE GARAY,1,3,,,,,,,PR,2,2.163320753,41.37462459
06-2010-0185,GRACIA,la Vila de Gràcia,TRAVESSERA,GRACIA,2,164,,,,,,,1,1,2.157714311,41.40122605
02-2010-0367,L'EIXAMPLE,el Fort Pienc,CARRER,DIPUTACIO,1,427,,,,,,,4,1,2.17832116,41.39898797
02-2010-0449,L'EIXAMPLE,la Sagrada Família,CARRER,PROVENÇA,1,433,,,,,,,1,,2.173807973,41.40412583
02-2010-0925,L'EIXAMPLE,la Dreta de l'Eixample,PASSEIG,GRACIA,1,69,,,,,,,4,C,2.162860282,41.39339566
02-2010-0926,L'EIXAMPLE,la Dreta de l'Eixample,PASSEIG,GRACIA,1,69,,,,,,,1,C,2.162860282,41.39339566
02-2010-0927,L'EIXAMPLE,la Dreta de l'Eixample,PASSEIG,GRACIA,1,69,,,,,,,4,D,2.162860282,41.39339566
03-2010-0191,SANTS-MONTJUÏC,Sants,CARRER,FERNANDEZ DURO,1,3,,,,,,,2,1,2.135493334,41.37450285
02-2010-0902,L'EIXAMPLE,el Fort Pienc,CARRER,SICILIA,1,159,,,,,,,PR,2,2.176937434,41.39882438
02-2010-0943,L'EIXAMPLE,la Dreta de l'Eixample,PASSEIG,GRACIA,1,69,,,,,,,3,A,2.162860282,41.39339566
02-2010-0946,L'EIXAMPLE,la Dreta de l'Eixample,PASSEIG,GRACIA,1,69,,,,,,,3,B,2.162860282,41.39339566
06-2010-0214,GRACIA,el Camp d'en Grassot i Gràcia Nova,CARRER,GRASSOT,2,4,,,,,,,1,2,2.168907046,41.40257021
06-2010-0215,GRACIA,el Camp d'en Grassot i Gràcia Nova,CARRER,GRASSOT,2,4,,,,,,,2,2,2.168907046,41.40257021
02-2010-0738,L'EIXAMPLE,la Sagrada Família,CARRER,VALENCIA,1,423,,,,,,,3,1,2.175651688,41.40210743
02-2010-0739,L'EIXAMPLE,la Sagrada Família,CARRER,VALENCIA,1,423,,,,,,,3,2,2.175651688,41.40210743
02-2010-0929,L'EIXAMPLE,la Dreta de l'Eixample,PASSEIG,GRACIA,1,69,,,,,,,5,A,2.162860282,41.39339566
02-2010-0513,L'EIXAMPLE,la Dreta de l'Eixample,CARRER,CORSEGA,1,305,,,,,,,1,2,2.157137966,41.39500246
02-2010-0711,L'EIXAMPLE,Sant Antoni,CARRER,SEPULVEDA,1,125,,,,,,,PR,2B,2.15936302,41.38097889
02-2010-0712,L'EIXAMPLE,Sant Antoni,CARRER,SEPULVEDA,1,125,,,,,,,1,2A,2.15936302,41.38097889
02-2010-0713,L'EIXAMPLE,Sant Antoni,CARRER,SEPULVEDA,1,125,,,,,,,1,2B,2.15936302,41.38097889
06-2010-0161,GRACIA,la Vila de Gràcia,PASSEIG,GRACIA,2,128,,,,,,,PR,1,2.158289172,41.39791445
06-2010-0162,GRACIA,la Vila de Gràcia,PASSEIG,GRACIA,2,128,,,,,,,PR,2,2.158289172,41.39791445
06-2010-0163,GRACIA,la Vila de Gràcia,PASSEIG,GRACIA,2,128,,,,,,,PR,3,2.158289172,41.39791445
02-2010-0273,L'EIXAMPLE,la Dreta de l'Eixample,CARRER,GIRONA,2,112,,,,,,,1,3,2.168500632,41.39694368
02-2010-0941,L'EIXAMPLE,la Nova Esquerra de l'Eixample,CARRER,LLANÇA,1,27,,,,,,,PR,1,2.146686943,41.37903673
02-2010-0909,L'EIXAMPLE,la Dreta de l'Eixample,PASSEIG,GRACIA,1,69,,,,,,,3,C,2.162860282,41.39339566
03-2010-0273,SANTS-MONTJUÏC,la Bordeta,CARRER,GAVA,2,8,,,,,,,3,2,2.141514322,41.37227871
03-2010-0274,SANTS-MONTJUÏC,la Bordeta,CARRER,GAVA,2,8,,,,,,,4,1,2.141514322,41.37227871
03-2010-0275,SANTS-MONTJUÏC,la Bordeta,CARRER,GAVA,2,8,,,,,,,4,2,2.141514322,41.37227871
10-2010-0341,SANT MARTI,el Camp de l'Arpa del Clot,CARRER,FRESER,1,5,,,,,,,6,1,2.179128328,41.40989755
10-2010-0343,SANT MARTI,el Camp de l'Arpa del Clot,CARRER,FRESER,1,5,,,,,,,6,3,2.179128328,41.40989755
10-2010-0345,SANT MARTI,el Camp de l'Arpa del Clot,CARRER,FRESER,1,5,,,,,,,4,1,2.179128328,41.40989755
10-2010-0347,SANT MARTI,el Camp de l'Arpa del Clot,CARRER,FRESER,1,5,,,,,,,4,3,2.179128328,41.40989755
10-2010-0349,SANT MARTI,el Camp de l'Arpa del Clot,CARRER,FRESER,1,5,,,,,,,3,3,2.179128328,41.40989755
02-2010-0930,L'EIXAMPLE,la Dreta de l'Eixample,PASSEIG,GRACIA,1,69,,,,,,,1,D,2.162860282,41.39339566
02-2010-0931,L'EIXAMPLE,la Dreta de l'Eixample,PASSEIG,GRACIA,1,69,,,,,,,5,B,2.162860282,41.39339566
02-2010-0932,L'EIXAMPLE,la Dreta de l'Eixample,PASSEIG,GRACIA,1,69,,,,,,,2,A,2.162860282,41.39339566
10-2010-0125,SANT MARTI,el Clot,AVINGUDA,MERIDIANA,1,109,,,,,,,BJ,1,2.186564607,41.40786798
02-2010-0333,L'EIXAMPLE,la Dreta de l'Eixample,RAMBLA,CATALUNYA,1,39,,,,,,,AT,,2.164866274,41.38984321
02-2010-0714,L'EIXAMPLE,Sant Antoni,CARRER,SEPULVEDA,1,125,,,,,,,1,1,2.15936302,41.38097889
02-2010-0720,L'EIXAMPLE,Sant Antoni,CARRER,SEPULVEDA,1,125,,,,,,,3,2B,2.15936302,41.38097889
02-2010-0721,L'EIXAMPLE,Sant Antoni,CARRER,SEPULVEDA,1,125,,,,,,,4,2A,2.15936302,41.38097889
02-2010-0723,L'EIXAMPLE,Sant Antoni,CARRER,SEPULVEDA,1,125,,,,,,,4,2B,2.15936302,41.38097889
02-2010-0725,L'EIXAMPLE,Sant Antoni,CARRER,SEPULVEDA,1,125,,,,,,,5,2A,2.15936302,41.38097889
02-2010-0727,L'EIXAMPLE,Sant Antoni,CARRER,SEPULVEDA,1,125,,,,,,,5,2B,2.15936302,41.38097889
02-2010-0732,L'EIXAMPLE,Sant Antoni,CARRER,SEPULVEDA,1,125,,,,,,,AT,,2.15936302,41.38097889
02-2010-0701,L'EIXAMPLE,la Dreta de l'Eixample,CARRER,BRUC,1,17,,,,,,,3,2,2.174151109,41.39069358
02-2010-0291,L'EIXAMPLE,la Nova Esquerra de l'Eixample,CARRER,TARRAGONA,2,114,,,,,,,16,2,2.144101537,41.37956698
06-2010-0164,GRACIA,la Vila de Gràcia,PASSEIG,GRACIA,2,128,,,,,,,1,1,2.158289172,41.39791445
06-2010-0165,GRACIA,la Vila de Gràcia,PASSEIG,GRACIA,2,128,,,,,,,1,2,2.158289172,41.39791445
06-2010-0166,GRACIA,la Vila de Gràcia,PASSEIG,GRACIA,2,128,,,,,,,1,3,2.158289172,41.39791445
06-2010-0167,GRACIA,la Vila de Gràcia,PASSEIG,GRACIA,2,128,,,,,,,2,1,2.158289172,41.39791445
03-2010-0172,SANTS-MONTJUÏC,Sants,CARRER,SANTS,2,158,,,,,,,1,2,2.133366079,41.37555383
10-2010-0427,SANT MARTI,Provençals del Poblenou,CARRER,VENEÇUELA,1,3,,7,,,,C,3,2,2.204508417,41.40806561
02-2010-0944,L'EIXAMPLE,la Sagrada Família,PLAÇA,SAGRADA FAMILIA,2,16,,,,,,,3,2,2.172871348,41.40342537
02-2010-0962,L'EIXAMPLE,la Dreta de l'Eixample,CARRER,ROGER DE LLURIA,1,47,,,,,,,4,,2.168961518,41.39290713
03-2010-0334,SANTS-MONTJUÏC,el Poble Sec,CARRER,NOU DE LA RAMBLA,2,148,,,,,,,1,2,2.167528189,41.37268171
06-2010-0206,GRACIA,la Vila de Gràcia,CARRER,MARTINEZ DE LA ROSA,1,53,,,,,,,1,2,2.158483406,41.40029685
06-2010-0207,GRACIA,la Vila de Gràcia,CARRER,MARTINEZ DE LA ROSA,1,51,,,,,,,1,2,2.158483406,41.40029685
02-2010-0933,L'EIXAMPLE,la Dreta de l'Eixample,PASSEIG,GRACIA,1,69,,,,,,,5,C,2.162860282,41.39339566
02-2010-0935,L'EIXAMPLE,la Dreta de l'Eixample,PASSEIG,GRACIA,1,69,,,,,,,2,B,2.162860282,41.39339566
02-2010-0878,L'EIXAMPLE,la Dreta de l'Eixample,CARRER,VALENCIA,1,347,,,,,,,1,2,2.170132502,41.39796495
06-2010-0168,GRACIA,la Vila de Gràcia,PASSEIG,GRACIA,2,128,,,,,,,2,2,2.158289172,41.39791445
06-2010-0169,GRACIA,la Vila de Gràcia,PASSEIG,GRACIA,2,128,,,,,,,2,3,2.158289172,41.39791445
06-2010-0170,GRACIA,la Vila de Gràcia,PASSEIG,GRACIA,2,128,,,,,,,3,1,2.158289172,41.39791445
06-2010-0171,GRACIA,la Vila de Gràcia,PASSEIG,GRACIA,2,128,,,,,,,3,2,2.158289172,41.39791445
06-2010-0172,GRACIA,la Vila de Gràcia,PASSEIG,GRACIA,2,128,,,,,,,3,3,2.158289172,41.39791445
06-2010-0173,GRACIA,la Vila de Gràcia,PASSEIG,GRACIA,2,128,,,,,,,4,1,2.158289172,41.39791445
06-2010-0174,GRACIA,la Vila de Gràcia,PASSEIG,GRACIA,2,128,,,,,,,4,2,2.158289172,41.39791445
06-2010-0175,GRACIA,la Vila de Gràcia,PASSEIG,GRACIA,2,128,,,,,,,4,3,2.158289172,41.39791445
10-2010-0152,SANT MARTI,la Vila Olímpica del Poblenou,AVINGUDA,ICARIA,1,143,,,,,,,5,2,2.197011915,41.39150741
05-2010-0152,SARRIA-SANT GERVASI,el Putxet i el Farró,CARRER,VALLIRANA,2,58,,,,,,,AT,4,2.147057181,41.40459741
02-2010-0884,L'EIXAMPLE,la Dreta de l'Eixample,CARRER,VALENCIA,1,347,,,,,,,PR,4,2.170132502,41.39796495
02-2010-0885,L'EIXAMPLE,la Dreta de l'Eixample,CARRER,VALENCIA,1,347,,,,,,,3,3,2.170132502,41.39796495
02-2010-0887,L'EIXAMPLE,la Dreta de l'Eixample,CARRER,VALENCIA,1,347,,,,,,,2,1,2.170132502,41.39796495
05-2011-0109,SARRIA-SANT GERVASI,el Putxet i el Farró,AVINGUDA,REPUBLICA ARGENTINA,1,21,,25,,,,,3,3,2.147587215,41.40794982
02-2010-0539,L'EIXAMPLE,el Fort Pienc,AVINGUDA,DIAGONAL,1,245,,,,,,,PR,1,2.180932278,41.40165436
04-2010-0244,LES CORTS,les Corts,CARRER,GERARD PIERA,1,13,,15,,,,,BJ,J ,2.129351488,41.3826181
03-2010-0301,SANTS-MONTJUÏC,el Poble Sec,CARRER,MAGALHAES,1,5,,,,,,,2,2,2.165891145,41.37155781
06-2010-0211,GRACIA,el Camp d'en Grassot i Gràcia Nova,CARRER,GRASSOT,2,4,,,,,,,AT,1,2.168907046,41.40257021
06-2010-0212,GRACIA,el Camp d'en Grassot i Gràcia Nova,CARRER,GRASSOT,2,4,,,,,,,1,1,2.168907046,41.40257021
06-2010-0213,GRACIA,el Camp d'en Grassot i Gràcia Nova,CARRER,GRASSOT,2,4,,,,,,,2,1,2.168907046,41.40257021
02-2010-0889,L'EIXAMPLE,la Dreta de l'Eixample,CARRER,VALENCIA,1,347,,,,,,,PR,1,2.170132502,41.39796495
02-2010-0891,L'EIXAMPLE,la Dreta de l'Eixample,CARRER,VALENCIA,1,347,,,,,,,2,2,2.170132502,41.39796495
02-2010-0894,L'EIXAMPLE,la Dreta de l'Eixample,CARRER,VALENCIA,1,347,,,,,,,2,3,2.170132502,41.39796495
06-2010-0234,GRACIA,el Camp d'en Grassot i Gràcia Nova,CARRER,BALCELLS,1,41,,,,,,,EN,,2.16088568,41.41105868
02-2010-0390,L'EIXAMPLE,el Fort Pienc,CARRER,ARAGO,1,403,,,,,,B,AT,1,2.174724216,41.39977554
05-2011-0297,SARRIA-SANT GERVASI,el Putxet i el Farró,CARRER,HOMER,1,35,,,,,,,BJ,1,2.146206355,41.40668237
02-2010-0880,L'EIXAMPLE,el Fort Pienc,CARRER,SICILIA,1,159,,,,,,,PR,4,2.176937434,41.39882438
02-2010-0703,L'EIXAMPLE,la Dreta de l'Eixample,GRAN VIA,CORTS CATALANES,2,634,,,,,,,7,4,2.168981079,41.38961875
02-2010-0704,L'EIXAMPLE,Sant Antoni,CARRER,SEPULVEDA,1,125,,,,,,,PR,2A,2.15936302,41.38097889
06-2010-0232,GRACIA,el Camp d'en Grassot i Gràcia Nova,CARRER,GRASSOT,2,4,,,,,,,SA,1,2.168907046,41.40257021
06-2010-0130,GRACIA,la Vila de Gràcia,CARRER,SANT PERE MARTIR,1,39,,,,,,,PR,1,2.156841907,41.39987742
06-2010-0131,GRACIA,la Vila de Gràcia,CARRER,SANT PERE MARTIR,1,39,,,,,,,PR,2,2.156841907,41.39987742
06-2010-0133,GRACIA,la Vila de Gràcia,CARRER,SANT PERE MARTIR,1,39,,,,,,,1,2,2.156841907,41.39987742
06-2010-0134,GRACIA,la Vila de Gràcia,CARRER,SANT PERE MARTIR,1,39,,,,,,,2,1,2.156841907,41.39987742
06-2010-0136,GRACIA,la Vila de Gràcia,CARRER,SANT PERE MARTIR,1,39,,,,,,,2,2,2.156841907,41.39987742
06-2010-0137,GRACIA,la Vila de Gràcia,CARRER,SANT PERE MARTIR,1,39,,,,,,,3,1,2.156841907,41.39987742
06-2010-0138,GRACIA,la Vila de Gràcia,CARRER,SANT PERE MARTIR,1,39,,,,,,,3,2,2.156841907,41.39987742
06-2010-0139,GRACIA,la Vila de Gràcia,CARRER,SANT PERE MARTIR,1,39,,,,,,,4,1,2.156841907,41.39987742
06-2010-0140,GRACIA,la Vila de Gràcia,CARRER,SANT PERE MARTIR,1,39,,,,,,,4,2,2.156841907,41.39987742
03-2010-0147,SANTS-MONTJUÏC,el Poble Sec,CARRER,NOU DE LA RAMBLA,2,144,,,,,,,2,3,2.16771727,41.37286535
02-2010-0938,L'EIXAMPLE,la Dreta de l'Eixample,PASSEIG,GRACIA,1,69,,,,,,,2,C,2.162860282,41.39339566
02-2010-0936,L'EIXAMPLE,la Dreta de l'Eixample,PASSEIG,GRACIA,1,69,,,,,,,5,D,2.162860282,41.39339566
02-2010-0939,L'EIXAMPLE,la Dreta de l'Eixample,PASSEIG,GRACIA,1,69,,,,,,,2,D,2.162860282,41.39339566
06-2010-0239,GRACIA,la Vila de Gràcia,CARRER,MARTINEZ DE LA ROSA,1,11,,,,,,,1,1,2.159879348,41.39906488
06-2010-0240,GRACIA,la Vila de Gràcia,CARRER,MARTINEZ DE LA ROSA,1,11,,,,,,,2,1,2.159879348,41.39906488
06-2010-0241,GRACIA,la Vila de Gràcia,CARRER,MARTINEZ DE LA ROSA,1,11,,,,,,,BJ,2,2.159879348,41.39906488
02-2010-0317,L'EIXAMPLE,la Nova Esquerra de l'Eixample,CARRER,DIPUTACIO,1,123,,,,,,,1,2,2.156679526,41.38273352
03-2010-0270,SANTS-MONTJUÏC,la Bordeta,CARRER,GAVA,2,8,,,,,,,1,2,2.141514322,41.37227871
03-2010-0271,SANTS-MONTJUÏC,la Bordeta,CARRER,GAVA,2,8,,,,,,,2,1,2.141514322,41.37227871
02-2010-0862,L'EIXAMPLE,la Dreta de l'Eixample,PASSEIG,GRACIA,1,15,,,,,,,3,1A,2.167456569,41.38968095
02-2010-0863,L'EIXAMPLE,la Dreta de l'Eixample,CARRER,BRUC,1,151,,,,,,,5,1,2.16331736,41.39886709
02-2010-0865,L'EIXAMPLE,la Dreta de l'Eixample,CARRER,ARAGO,2,338,,,,,,,6,4,2.170311821,41.39605356
02-2010-0231,L'EIXAMPLE,la Nova Esquerra de l'Eixample,CARRER,CALABRIA,2,110,,,,,,,3,1,2.15447782,41.3802501
02-2010-0896,L'EIXAMPLE,la Dreta de l'Eixample,CARRER,VALENCIA,1,347,,,,,,,2,4,2.170132502,41.39796495
02-2010-0898,L'EIXAMPLE,la Dreta de l'Eixample,CARRER,VALENCIA,1,347,,,,,,,PR,2,2.170132502,41.39796495
02-2010-0940,L'EIXAMPLE,la Dreta de l'Eixample,PASSEIG,GRACIA,1,69,,,,,,,6,C,2.162860282,41.39339566
02-2010-0942,L'EIXAMPLE,la Dreta de l'Eixample,PASSEIG,GRACIA,1,69,,,,,,,6,D,2.162860282,41.39339566
02-2010-0945,L'EIXAMPLE,la Dreta de l'Eixample,PASSEIG,GRACIA,1,69,,,,,,,7,A,2.162860282,41.39339566
02-2010-0947,L'EIXAMPLE,la Dreta de l'Eixample,PASSEIG,GRACIA,1,69,,,,,,,7,B,2.162860282,41.39339566
02-2010-0800,L'EIXAMPLE,l'Antiga Esquerra de l'Eixample,CARRER,CASANOVA,2,48,,,,,,,5,2,2.160150857,41.38449952
02-2010-0970,L'EIXAMPLE,Sant Antoni,AVINGUDA,PARAL.LEL,2,158,B,,,,,,5,3,2.157256701,41.37519199
02-2010-0999,L'EIXAMPLE,la Sagrada Família,CARRER,SICILIA,1,255,,,,,,,1,2,2.171232036,41.40314047
02-2010-1001,L'EIXAMPLE,la Sagrada Família,CARRER,SICILIA,1,255,,,,,,,1,1,2.171232036,41.40314047
02-2010-1003,L'EIXAMPLE,la Sagrada Família,CARRER,SICILIA,1,255,,,,,,,1,3,2.171232036,41.40314047
02-2010-1004,L'EIXAMPLE,la Sagrada Família,CARRER,SICILIA,1,255,,,,,,,1,4,2.171232036,41.40314047
02-2010-1005,L'EIXAMPLE,la Sagrada Família,CARRER,SICILIA,1,255,,,,,,,2,1,2.171232036,41.40314047
02-2010-1006,L'EIXAMPLE,la Sagrada Família,CARRER,SICILIA,1,255,,,,,,,2,2,2.171232036,41.40314047
02-2010-1007,L'EIXAMPLE,la Sagrada Família,CARRER,SICILIA,1,255,,,,,,,2,3,2.171232036,41.40314047
02-2010-1009,L'EIXAMPLE,la Sagrada Família,CARRER,SICILIA,1,255,,,,,,,2,4,2.171232036,41.40314047
02-2010-1010,L'EIXAMPLE,la Sagrada Família,CARRER,SICILIA,1,255,,,,,,,3,1,2.171232036,41.40314047
02-2010-1012,L'EIXAMPLE,la Sagrada Família,CARRER,SICILIA,1,255,,,,,,,3,2,2.171232036,41.40314047
02-2010-1436,L'EIXAMPLE,la Dreta de l'Eixample,CARRER,NAPOLS,1,179,,,,,,,AT,1,2.175606551,41.39811856
05-2011-0301,SARRIA-SANT GERVASI,el Putxet i el Farró,CARRER,HOMER,1,35,B,,,,,,BJ,2,2.146286792,41.4069774
02-2011-0040,L'EIXAMPLE,la Dreta de l'Eixample,CARRER,ARAGO,1,367,,,,,,,3,2,2.172624577,41.39819847
02-2010-1164,L'EIXAMPLE,la Dreta de l'Eixample,GRAN VIA,CORTS CATALANES,2,662,,,,,,,6,2,2.171025128,41.39116223
06-2010-0479,GRACIA,la Vila de Gràcia,PASSEIG,GRACIA,1,115,,,,,,,4,2,2.158336102,41.39704927
02-2011-0118,L'EIXAMPLE,la Dreta de l'Eixample,CARRER,ARAGO,1,345,,,,,,,3,,2.171143659,41.39708421
02-2010-1462,L'EIXAMPLE,la Dreta de l'Eixample,PASSEIG,GRACIA,2,108,,,,,,,4,1,2.160390046,41.39621513
10-2010-0601,SANT MARTI,Diagonal Mar i el Front Marítim del Poblenou,PASSEIG,GARCIA FARIA,1,75,,,,,,,3,6,2.215323118,41.40496996
10-2010-0603,SANT MARTI,Diagonal Mar i el Front Marítim del Poblenou,PASSEIG,GARCIA FARIA,1,75,,,,,,,4,1,2.215323118,41.40496996
10-2010-0605,SANT MARTI,Diagonal Mar i el Front Marítim del Poblenou,PASSEIG,GARCIA FARIA,1,77,,,,,,,4,2,2.215323118,41.40496996
10-2010-0608,SANT MARTI,Diagonal Mar i el Front Marítim del Poblenou,PASSEIG,GARCIA FARIA,1,77,,,,,,,7,1,2.215323118,41.40496996
06-2010-0424,GRACIA,la Vila de Gràcia,CARRER,BANYOLES,1,9,,,,,,,AT,1,2.162521987,41.401752
10-2010-0524,SANT MARTI,el Camp de l'Arpa del Clot,CARRER,ROSSELLO,2,502,,504,,,,1,6,3,2.179454429,41.40973083
02-2010-1013,L'EIXAMPLE,la Sagrada Família,CARRER,SICILIA,1,255,,,,,,,3,3,2.171232036,41.40314047
02-2010-1218,L'EIXAMPLE,la Sagrada Família,CARRER,VALENCIA,1,469,,,,,,,6,2,2.178078439,41.4039238
02-2010-1219,L'EIXAMPLE,la Sagrada Família,CARRER,VALENCIA,1,469,,,,,,,6,3,2.178078439,41.4039238
02-2010-1122,L'EIXAMPLE,l'Antiga Esquerra de l'Eixample,CARRER,MALLORCA,2,146,,,,,,,EN,1,2.154442227,41.38758215
02-2010-1201,L'EIXAMPLE,la Sagrada Família,CARRER,LEPANT,1,273,,,,,,,4,2,2.176140307,41.40471166
06-2010-0514,GRACIA,la Vila de Gràcia,CARRER,FRANCISCO GINER,2,16,,,,,,,1,4,2.159454431,41.39890168
02-2011-0109,L'EIXAMPLE,el Fort Pienc,CARRER,ROGER DE FLOR,1,69,,71,,,,,SA,3,2.179490305,41.39347158
02-2010-1211,L'EIXAMPLE,la Sagrada Família,CARRER,VALENCIA,1,469,,,,,,,5,2,2.178078439,41.4039238
02-2010-1212,L'EIXAMPLE,la Sagrada Família,CARRER,VALENCIA,1,469,,,,,,,5,3,2.178078439,41.4039238
02-2010-1213,L'EIXAMPLE,la Sagrada Família,CARRER,VALENCIA,1,469,,,,,,,6,1,2.178078439,41.4039238
10-2010-0610,SANT MARTI,Diagonal Mar i el Front Marítim del Poblenou,PASSEIG,GARCIA FARIA,1,77,,,,,,,9,3,2.215323118,41.40496996
10-2010-0613,SANT MARTI,Diagonal Mar i el Front Marítim del Poblenou,PASSEIG,GARCIA FARIA,1,81,,,,,,,17,6,2.21700445,41.40621632
02-2010-1179,L'EIXAMPLE,la Dreta de l'Eixample,CARRER,DIPUTACIO,2,316,,320,,,,,PR,A,2.172604868,41.39443655
05-2011-0302,SARRIA-SANT GERVASI,el Putxet i el Farró,CARRER,HOMER,1,37,,,,,,,BJ,2,2.146286792,41.4069774
02-2010-1355,L'EIXAMPLE,la Dreta de l'Eixample,PASSEIG,GRACIA,1,99,,,,,,,4,B,2.160475065,41.39532894
03-2010-0364,SANTS-MONTJUÏC,el Poble Sec,CARRER,HORTES,2,4,,,,,,,2,3,2.167553377,41.37308467
03-2010-0366,SANTS-MONTJUÏC,el Poble Sec,CARRER,HORTES,2,4,,,,,,,2,2,2.167553377,41.37308467
10-2010-0573,SANT MARTI,el Camp de l'Arpa del Clot,CARRER,FRESER,2,78,,,,,,,4,,2.180517404,41.41184715
03-2010-0437,SANTS-MONTJUÏC,la Bordeta,CARRER,CONSTITUCIO,1,127,,129,,,,,4,2,2.133315591,41.36904405
02-2010-1360,L'EIXAMPLE,la Dreta de l'Eixample,RONDA,SANT PERE,1,3,,,,,,,5,6,2.17068944,41.38834878
02-2010-1361,L'EIXAMPLE,la Dreta de l'Eixample,RONDA,SANT PERE,1,3,,,,,,,5,3,2.17068944,41.38834878
02-2010-1362,L'EIXAMPLE,la Dreta de l'Eixample,RONDA,SANT PERE,1,3,,,,,,,5,7,2.17068944,41.38834878
03-2010-0465,SANTS-MONTJUÏC,el Poble Sec,CARRER,POETA CABANYES,2,46,,,,,,,EN,1,2.164774492,41.37302567
02-2010-1205,L'EIXAMPLE,la Sagrada Família,CARRER,VALENCIA,1,469,,,,,,,4,1,2.178078439,41.4039238
02-2010-1206,L'EIXAMPLE,la Sagrada Família,CARRER,VALENCIA,1,469,,,,,,,4,2,2.178078439,41.4039238
02-2010-1207,L'EIXAMPLE,la Sagrada Família,CARRER,VALENCIA,1,469,,,,,,,4,3,2.178078439,41.4039238
02-2010-1208,L'EIXAMPLE,la Sagrada Família,CARRER,VALENCIA,1,469,,,,,,,5,1,2.178078439,41.4039238
06-2010-0539,GRACIA,la Vila de Gràcia,CARRER,MOZART,1,7,,,,,,,BJ,3,2.158485854,41.39906103
06-2010-0540,GRACIA,la Vila de Gràcia,CARRER,MOZART,1,7,,,,,,,1,3,2.158485854,41.39906103
06-2010-0541,GRACIA,la Vila de Gràcia,CARRER,MOZART,1,7,,,,,,,2,3,2.158485854,41.39906103
06-2010-0542,GRACIA,la Vila de Gràcia,CARRER,MOZART,1,7,,,,,,,3,3,2.158485854,41.39906103
05-2011-0305,SARRIA-SANT GERVASI,el Putxet i el Farró,CARRER,HOMER,1,37,,,,,,,BJ,1,2.146286792,41.4069774
10-2010-0494,SANT MARTI,el Poblenou,CARRER,FERROCARRIL,1,27,,,,,,1,5,1,2.207070421,41.3988077
03-2010-0481,SANTS-MONTJUÏC,Hostafrancs,CARRER,CREU COBERTA,1,15,,,,,,,PR,,2.14776067,41.37506009
03-2010-0482,SANTS-MONTJUÏC,Hostafrancs,CARRER,CREU COBERTA,1,15,,,,,,,3,,2.14776067,41.37506009
03-2010-0483,SANTS-MONTJUÏC,Hostafrancs,CARRER,CREU COBERTA,1,15,,,,,,,1,,2.14776067,41.37506009
10-2010-0478,SANT MARTI,el Poblenou,CARRER,FERROCARRIL,1,27,,,,,,1,5,2,2.207070421,41.3988077
10-2010-0480,SANT MARTI,el Poblenou,PASSEIG,CALVELL,1,45,,,,,,A,3,1,2.20760134,41.39891663
10-2010-0482,SANT MARTI,el Poblenou,PASSEIG,CALVELL,1,45,,,,,,A,3,6,2.20760134,41.39891663
10-2010-0485,SANT MARTI,el Poblenou,CARRER,FERROCARRIL,1,27,,,,,,1,5,3,2.207070421,41.3988077
10-2010-0486,SANT MARTI,el Poblenou,CARRER,FERROCARRIL,1,27,,,,,,1,5,4,2.207070421,41.3988077
10-2010-0487,SANT MARTI,el Poblenou,PASSEIG,CALVELL,1,45,,,,,,A,3,5,2.20760134,41.39891663
10-2010-0488,SANT MARTI,el Poblenou,PASSEIG,CALVELL,1,45,,,,,,A,3,4,2.20760134,41.39891663
10-2010-0490,SANT MARTI,el Poblenou,PASSEIG,CALVELL,1,45,,,,,,A,3,3,2.20760134,41.39891663
10-2010-0491,SANT MARTI,el Poblenou,PASSEIG,CALVELL,1,45,,,,,,A,3,2,2.20760134,41.39891663
02-2010-1266,L'EIXAMPLE,la Sagrada Família,AVINGUDA,GAUDI,2,16,,,,,,,AT,4,2.174578535,41.40546546
06-2010-0543,GRACIA,la Vila de Gràcia,CARRER,MOZART,1,7,,,,,,,4,1,2.158485854,41.39906103
06-2010-0544,GRACIA,la Vila de Gràcia,CARRER,MOZART,1,7,,,,,,,4,2,2.158485854,41.39906103
02-2010-1330,L'EIXAMPLE,la Dreta de l'Eixample,PASSEIG,GRACIA,2,64,,,,,,,4,2,2.164371326,41.3930125
06-2010-0532,GRACIA,la Vila de Gràcia,CARRER,SANTA TECLA,1,3,,,,,,,2,3,2.160337611,41.39811992
06-2010-0533,GRACIA,la Vila de Gràcia,CARRER,SANTA TECLA,1,3,,,,,,,2,4,2.160337611,41.39811992
06-2010-0534,GRACIA,la Vila de Gràcia,CARRER,SANTA TECLA,1,3,,,,,,,1,2,2.160337611,41.39811992
02-2010-1283,L'EIXAMPLE,la Dreta de l'Eixample,CARRER,BALMES,2,12,,,,,,,2,2,2.16671772,41.38636294
02-2011-0167,L'EIXAMPLE,l'Antiga Esquerra de l'Eixample,CARRER,ARIBAU,2,110,,,,,,,5,1,2.156760047,41.39047417
10-2010-0539,SANT MARTI,el Parc i la Llacuna del Poblenou,CARRER,ROGER DE FLOR,2,26,,,,,,,AT,1,2.183107632,41.39100824
02-2010-1220,L'EIXAMPLE,la Dreta de l'Eixample,CARRER,ARAGO,1,367,,,,,,,1,1,2.172624577,41.39819847
02-2010-1221,L'EIXAMPLE,la Dreta de l'Eixample,CARRER,ARAGO,1,367,,,,,,,PR,1,2.172624577,41.39819847
02-2010-1223,L'EIXAMPLE,la Dreta de l'Eixample,CARRER,ARAGO,1,367,,,,,,,PR,2,2.172624577,41.39819847
02-2010-1483,L'EIXAMPLE,la Dreta de l'Eixample,PLAÇA,TETUAN,1,19,,,,,,,4,2,2.174613972,41.39519426
06-2011-0037,GRACIA,la Vila de Gràcia,PLAÇA,REVOLUCIO SETEMBRE 1868,2,12,,,,,,,1,1,2.157920251,41.40265342
02-2010-1281,L'EIXAMPLE,Sant Antoni,CARRER,PARLAMENT,2,50,,,,,,,5,1,2.163793636,41.37723717
02-2010-1040,L'EIXAMPLE,la Dreta de l'Eixample,CARRER,BALMES,2,12,,,,,,,2,1,2.16671772,41.38636294
03-2011-0053,SANTS-MONTJUÏC,el Poble Sec,AVINGUDA,PARAL.LEL,1,15,,,,,,,7,1,2.174741591,41.37448186
02-2010-1125,L'EIXAMPLE,la Dreta de l'Eixample,PASSEIG,GRACIA,2,64,,,,,,,2,4,2.164371326,41.3930125
10-2010-0596,SANT MARTI,el Poblenou,RAMBLA,POBLENOU,1,121,,123,,,,D,3,1,2.197618379,41.40363454
10-2010-0598,SANT MARTI,Diagonal Mar i el Front Marítim del Poblenou,PASSEIG,GARCIA FARIA,1,75,,,,,,,3,1,2.215323118,41.40496996
10-2010-0600,SANT MARTI,Diagonal Mar i el Front Marítim del Poblenou,PASSEIG,GARCIA FARIA,1,77,,,,,,,3,2,2.215323118,41.40496996
02-2010-1274,L'EIXAMPLE,la Dreta de l'Eixample,CARRER,ROGER DE LLURIA,2,40,,,,,,,3,2,2.17048376,41.39203561
02-2010-1368,L'EIXAMPLE,la Dreta de l'Eixample,CARRER,ROGER DE LLURIA,2,40,,,,,,,2,3,2.17048376,41.39203561
06-2010-0475,GRACIA,el Camp d'en Grassot i Gràcia Nova,CARRER,CORSEGA,1,515,,515,B,,,,AT,2,2.170066276,41.40474417
02-2010-1288,L'EIXAMPLE,la Dreta de l'Eixample,CARRER,BAILEN,1,43,,,,,,,3,1,2.174760971,41.39364626
02-2011-0108,L'EIXAMPLE,la Nova Esquerra de l'Eixample,CARRER,CORSEGA,2,66,,,,,,,AT,2,2.144190838,41.38496393
02-2010-1088,L'EIXAMPLE,la Dreta de l'Eixample,CARRER,ROSSELLO,2,322,,,,,,,1,1,2.169030555,41.40197673
06-2010-0430,GRACIA,la Vila de Gràcia,CARRER,LLUIS VIVES,2,4,,,,,,,3,2,2.162511273,41.40026641
10-2010-0597,SANT MARTI,la Vila Olímpica del Poblenou,CARRER,ESTOCOLM,1,1,,,,,,,BJ,1,2.194753378,41.39146029
02-2010-1113,L'EIXAMPLE,la Sagrada Família,CARRER,PADILLA,2,304,,,,,,,EN,1,2.173755728,41.40844045
02-2010-1316,L'EIXAMPLE,la Dreta de l'Eixample,PASSEIG,GRACIA,2,64,,,,,,,PR,1,2.164371326,41.3930125
02-2010-1319,L'EIXAMPLE,la Dreta de l'Eixample,PASSEIG,GRACIA,2,64,,,,,,,PR,2,2.164371326,41.3930125
02-2010-1321,L'EIXAMPLE,la Dreta de l'Eixample,PASSEIG,GRACIA,2,64,,,,,,,PR,3,2.164371326,41.3930125
02-2010-1199,L'EIXAMPLE,la Sagrada Família,CARRER,LEPANT,1,273,,,,,,,1,2,2.176140307,41.40471166
02-2010-1200,L'EIXAMPLE,la Sagrada Família,CARRER,LEPANT,1,273,,,,,,,2,1,2.176140307,41.40471166
02-2011-0005,L'EIXAMPLE,Sant Antoni,CARRER,VILADOMAT,1,107,,,,,,,2,2,2.157021072,41.37975983
02-2010-1267,L'EIXAMPLE,la Dreta de l'Eixample,CARRER,ARAGO,1,367,,,,,,,2,2,2.172624577,41.39819847
02-2010-1268,L'EIXAMPLE,la Dreta de l'Eixample,CARRER,ARAGO,1,367,,,,,,,3,1,2.172624577,41.39819847
02-2010-1269,L'EIXAMPLE,la Dreta de l'Eixample,CARRER,ARAGO,1,367,,,,,,,2,1,2.172624577,41.39819847
02-2010-1358,L'EIXAMPLE,la Dreta de l'Eixample,RONDA,SANT PERE,1,3,,,,,,,2,3,2.17068944,41.38834878
02-2010-1359,L'EIXAMPLE,la Dreta de l'Eixample,RONDA,SANT PERE,1,3,,,,,,,5,2,2.17068944,41.38834878
02-2010-1152,L'EIXAMPLE,el Fort Pienc,CARRER,LEPANT,1,197,,,,,,,SO,,2.180858466,41.40114183
10-2010-0599,SANT MARTI,Diagonal Mar i el Front Marítim del Poblenou,CARRER,JOSEP PLA,1,27,,,,,,,1,1,2.215777856,41.40863864
10-2010-0602,SANT MARTI,Diagonal Mar i el Front Marítim del Poblenou,PASSEIG,TAULAT,1,279,,,,,,C,4,2,2.214187674,41.40616726
10-2010-0604,SANT MARTI,Diagonal Mar i el Front Marítim del Poblenou,CARRER,SELVA DE MAR,2,12,,,,,,,2,2,2.214327629,41.40529129
10-2010-0606,SANT MARTI,Diagonal Mar i el Front Marítim del Poblenou,CARRER,SELVA DE MAR,2,18,,,,,,,16,4,2.213204543,41.40615154
10-2010-0607,SANT MARTI,Diagonal Mar i el Front Marítim del Poblenou,CARRER,SELVA DE MAR,2,16,,,,,,C,2,2,2.213204543,41.40615154
06-2010-0522,GRACIA,la Vila de Gràcia,CARRER,SANTA TECLA,1,3,,,,,,,1,1,2.160337611,41.39811992
06-2010-0523,GRACIA,la Vila de Gràcia,CARRER,SANTA TECLA,1,3,,,,,,,3,4,2.160337611,41.39811992
02-2010-1322,L'EIXAMPLE,la Dreta de l'Eixample,PASSEIG,GRACIA,2,64,,,,,,,PR,4,2.164371326,41.3930125
02-2010-1325,L'EIXAMPLE,la Dreta de l'Eixample,PASSEIG,GRACIA,2,64,,,,,,,1,1,2.164371326,41.3930125
02-2010-1326,L'EIXAMPLE,la Dreta de l'Eixample,PASSEIG,GRACIA,2,64,,,,,,,1,2,2.164371326,41.3930125
02-2010-1329,L'EIXAMPLE,la Dreta de l'Eixample,PASSEIG,GRACIA,2,64,,,,,,,2,1,2.164371326,41.3930125
02-2010-1427,L'EIXAMPLE,la Sagrada Família,CARRER,ROSSELLO,1,427,B,,,,,,3,3,2.172737741,41.40503252
02-2010-1428,L'EIXAMPLE,la Nova Esquerra de l'Eixample,GRAN VIA,CORTS CATALANES,1,421,,,,,,,1,2,2.152405784,41.37782359
05-2010-0488,SARRIA-SANT GERVASI,Sant Gervasi - Galvany,TRAVESSERA,GRACIA,1,13,,,,,,,2,2,2.146220992,41.39414215
06-2010-0536,GRACIA,la Vila de Gràcia,CARRER,SANTA TECLA,1,3,,,,,,,2,1,2.160337611,41.39811992
03-2012-0115,SANTS-MONTJUÏC,el Poble Sec,CARRER,VALLHONRAT,2,10,,,,,,,PR,2,2.157158157,41.37440432
02-2010-1313,L'EIXAMPLE,la Sagrada Família,PASSATGE,MAIOL,2,10,,,,,,,EN,2,2.174428419,41.40191397
02-2010-1315,L'EIXAMPLE,la Dreta de l'Eixample,PASSEIG,GRACIA,2,64,,,,,,,2,2,2.164371326,41.3930125
02-2010-1318,L'EIXAMPLE,la Dreta de l'Eixample,PASSEIG,GRACIA,2,64,,,,,,,3,1,2.164371326,41.3930125
02-2010-1402,L'EIXAMPLE,l'Antiga Esquerra de l'Eixample,CARRER,ARAGO,1,155,,,,,,,1,C,2.155428811,41.38519727
02-2010-1403,L'EIXAMPLE,l'Antiga Esquerra de l'Eixample,CARRER,ARAGO,1,155,,,,,,,1,D,2.155428811,41.38519727
10-2010-0527,SANT MARTI,el Camp de l'Arpa del Clot,CARRER,FRESER,2,78,,,,,,,1,2,2.180517404,41.41184715
10-2010-0528,SANT MARTI,el Camp de l'Arpa del Clot,CARRER,FRESER,2,78,,,,,,,2,2,2.180517404,41.41184715
10-2010-0530,SANT MARTI,el Camp de l'Arpa del Clot,CARRER,FRESER,2,78,,,,,,,2,1,2.180517404,41.41184715
02-2010-1356,L'EIXAMPLE,la Dreta de l'Eixample,RAMBLA,CATALUNYA,2,8,,,,,,,AT,4,2.168016451,41.38793678
05-2011-0299,SARRIA-SANT GERVASI,el Putxet i el Farró,CARRER,HOMER,1,35,,,,,,,BJ,2,2.146206355,41.40668237
03-2010-0486,SANTS-MONTJUÏC,Hostafrancs,CARRER,CREU COBERTA,1,15,,,,,,,4,,2.14776067,41.37506009
03-2010-0487,SANTS-MONTJUÏC,Hostafrancs,CARRER,CREU COBERTA,1,15,,,,,,,AT,,2.14776067,41.37506009
10-2010-0609,SANT MARTI,Diagonal Mar i el Front Marítim del Poblenou,CARRER,SELVA DE MAR,2,18,,,,,,,16,1,2.213204543,41.40615154
10-2010-0611,SANT MARTI,Diagonal Mar i el Front Marítim del Poblenou,CARRER,SELVA DE MAR,2,10,,,,,,,1,2,2.214327629,41.40529129
10-2010-0612,SANT MARTI,Diagonal Mar i el Front Marítim del Poblenou,CARRER,SELVA DE MAR,2,18,,,,,,,15,2,2.213204543,41.40615154
02-2011-0020,L'EIXAMPLE,Sant Antoni,CARRER,CALABRIA,2,10,,12,,,,,3,4,2.160434615,41.375752
02-2011-0021,L'EIXAMPLE,Sant Antoni,CARRER,CALABRIA,2,10,,12,,,,,5,4,2.160434615,41.375752
05-2010-0497,SARRIA-SANT GERVASI,el Putxet i el Farró,CARRER,SARAGOSSA,2,28,,,,,,,3,2,2.149449899,41.40192552
02-2010-1404,L'EIXAMPLE,l'Antiga Esquerra de l'Eixample,CARRER,ARAGO,1,155,,,,,,,2,C,2.155428811,41.38519727
02-2010-1405,L'EIXAMPLE,l'Antiga Esquerra de l'Eixample,CARRER,ARAGO,1,155,,,,,,,2,D,2.155428811,41.38519727
02-2010-1406,L'EIXAMPLE,l'Antiga Esquerra de l'Eixample,CARRER,ARAGO,1,155,,,,,,,3,C,2.155428811,41.38519727
02-2010-1407,L'EIXAMPLE,l'Antiga Esquerra de l'Eixample,CARRER,ARAGO,1,155,,,,,,,3,D,2.155428811,41.38519727
02-2010-1476,L'EIXAMPLE,la Dreta de l'Eixample,PASSEIG,GRACIA,1,3,,,,,,,6,5,2.169270627,41.38821806
03-2010-0360,SANTS-MONTJUÏC,el Poble Sec,CARRER,HORTES,2,4,,,,,,,BJ,1,2.167553377,41.37308467
03-2010-0361,SANTS-MONTJUÏC,el Poble Sec,CARRER,HORTES,2,4,,,,,,,1,1,2.167553377,41.37308467
03-2010-0362,SANTS-MONTJUÏC,el Poble Sec,CARRER,HORTES,2,4,,,,,,,1,2,2.167553377,41.37308467
03-2010-0363,SANTS-MONTJUÏC,el Poble Sec,CARRER,HORTES,2,4,,,,,,,2,1,2.167553377,41.37308467
02-2011-0073,L'EIXAMPLE,l'Antiga Esquerra de l'Eixample,CARRER,BALMES,1,113,,,,,,,1,2,2.158803657,41.39206561
02-2011-0074,L'EIXAMPLE,la Sagrada Família,CARRER,VALENCIA,2,532,,,,,,,3,3,2.181432555,41.40615161
05-2010-0499,SARRIA-SANT GERVASI,Sant Gervasi - Galvany,PLAÇA,GAL.LA PLACIDIA,1,5,,7,,,,D,6,1,2.152926038,41.39857818
05-2010-0500,SARRIA-SANT GERVASI,Sant Gervasi - Galvany,PLAÇA,GAL.LA PLACIDIA,1,1,,3,,,,A,5,1,2.152926038,41.39857818
02-2010-1408,L'EIXAMPLE,l'Antiga Esquerra de l'Eixample,CARRER,ARAGO,1,155,,,,,,,4,C,2.155428811,41.38519727
02-2010-1409,L'EIXAMPLE,l'Antiga Esquerra de l'Eixample,CARRER,ARAGO,1,155,,,,,,,4,D,2.155428811,41.38519727
02-2010-1410,L'EIXAMPLE,l'Antiga Esquerra de l'Eixample,CARRER,ARAGO,1,155,,,,,,,5,C,2.155428811,41.38519727
02-2010-1320,L'EIXAMPLE,la Dreta de l'Eixample,PASSEIG,GRACIA,2,64,,,,,,,3,2,2.164371326,41.3930125
02-2010-1323,L'EIXAMPLE,la Dreta de l'Eixample,PASSEIG,GRACIA,2,64,,,,,,,3,3,2.164371326,41.3930125
02-2010-1324,L'EIXAMPLE,la Dreta de l'Eixample,PASSEIG,GRACIA,2,64,,,,,,,3,4,2.164371326,41.3930125
02-2010-1015,L'EIXAMPLE,la Sagrada Família,CARRER,SICILIA,1,255,,,,,,,3,4,2.171232036,41.40314047
02-2010-1018,L'EIXAMPLE,la Sagrada Família,CARRER,SICILIA,1,255,,,,,,,4,1,2.171232036,41.40314047
02-2010-1019,L'EIXAMPLE,la Sagrada Família,CARRER,SICILIA,1,255,,,,,,,4,2,2.171232036,41.40314047
02-2010-1021,L'EIXAMPLE,la Sagrada Família,CARRER,SICILIA,1,255,,,,,,,4,3,2.171232036,41.40314047
02-2010-1022,L'EIXAMPLE,la Sagrada Família,CARRER,SICILIA,1,255,,,,,,,4,4,2.171232036,41.40314047
02-2010-1023,L'EIXAMPLE,la Sagrada Família,CARRER,SICILIA,1,255,,,,,,,5,1,2.171232036,41.40314047
02-2010-1025,L'EIXAMPLE,la Sagrada Família,CARRER,SICILIA,1,255,,,,,,,5,2,2.171232036,41.40314047
02-2010-1026,L'EIXAMPLE,la Sagrada Família,CARRER,SICILIA,1,255,,,,,,,5,3,2.171232036,41.40314047
02-2010-1242,L'EIXAMPLE,la Dreta de l'Eixample,CARRER,ARAGO,1,367,,,,,,,1,2,2.172624577,41.39819847
02-2010-1095,L'EIXAMPLE,la Nova Esquerra de l'Eixample,CARRER,VALENCIA,2,70,,,,,,,6,3,2.148828704,41.38164779
02-2010-1097,L'EIXAMPLE,l'Antiga Esquerra de l'Eixample,CARRER,VALENCIA,2,212,,,,,,,PR,1,2.158979445,41.38929605
07-2010-0209,HORTA-GUINARDÓ,el Baix Guinardó,TRAVESSERA,GRACIA,1,425,,,,,,,2,1,2.172130094,41.41051255
05-2010-0501,SARRIA-SANT GERVASI,Sant Gervasi - Galvany,CARRER,AMIGO,2,14,,,,,,,2,3,2.145767972,41.39441382
02-2010-1261,L'EIXAMPLE,el Fort Pienc,CARRER,AUSIAS MARC,1,83,,,,,,,4,4,2.179637919,41.39449565
02-2010-1412,L'EIXAMPLE,l'Antiga Esquerra de l'Eixample,CARRER,ARAGO,1,155,,,,,,,5,D,2.155428811,41.38519727
03-2010-0469,SANTS-MONTJUÏC,el Poble Sec,CARRER,VILA I VILA,1,69,,,,,,,4,1,2.169257672,41.37396768
02-2010-1490,L'EIXAMPLE,la Dreta de l'Eixample,PASSEIG,GRACIA,1,3,,,,,,,6,4,2.169270627,41.38821806
01-2011-0192,CIUTAT VELLA,Sant Pere Santa Caterina i la Ribera,CARRER,MERCADERS,1,5,,,,,,,5,,2.17883564,41.38482613
02-2010-1328,L'EIXAMPLE,la Dreta de l'Eixample,PASSEIG,GRACIA,2,64,,,,,,,4,1,2.164371326,41.3930125
05-2011-0306,SARRIA-SANT GERVASI,el Putxet i el Farró,CARRER,BALLESTER,2,28,,,,,,,BJ,2,2.14604123,41.40696719
09-2011-0059,SANT ANDREU,Navas,CARRER,BOFARULL,1,7,,,,,,,1,2,2.187688933,41.41538777
10-2010-0571,SANT MARTI,el Camp de l'Arpa del Clot,CARRER,FRESER,2,78,,,,,,,3,,2.180517404,41.41184715
10-2010-0479,SANT MARTI,el Poblenou,PASSEIG,CALVELL,1,45,,,,,,D,7,1,2.20760134,41.39891663
10-2010-0481,SANT MARTI,el Poblenou,PASSEIG,CALVELL,1,45,,,,,,D,7,3,2.20760134,41.39891663
10-2010-0483,SANT MARTI,el Poblenou,PASSEIG,CALVELL,1,45,,,,,,D,7,2,2.20760134,41.39891663
06-2010-0494,GRACIA,la Vila de Gràcia,PASSEIG,GRACIA,1,113,,,,,,,3,B,2.158463177,41.39694829
06-2010-0495,GRACIA,la Vila de Gràcia,PASSEIG,GRACIA,1,113,,,,,,,3,A,2.158463177,41.39694829
02-2011-0101,L'EIXAMPLE,la Dreta de l'Eixample,CARRER,PROVENÇA,1,345,,349,,,,,2,2,2.168919996,41.40047312
06-2010-0485,GRACIA,la Vila de Gràcia,PASSEIG,GRACIA,1,113,,,,,,,1,A,2.158463177,41.39694829
06-2010-0487,GRACIA,la Vila de Gràcia,PASSEIG,GRACIA,1,113,,,,,,,1,B,2.158463177,41.39694829
02-2010-1401,L'EIXAMPLE,el Fort Pienc,CARRER,AUSIAS MARC,1,59,,,,,,,4,1,2.178297607,41.39349362
02-2010-1378,L'EIXAMPLE,la Dreta de l'Eixample,PASSEIG,GRACIA,1,3,,,,,,,3,6,2.169270627,41.38821806
02-2010-1379,L'EIXAMPLE,Sant Antoni,CARRER,CASANOVA,1,31,,,,,,,EN,2,2.161215736,41.38341469
03-2010-0375,SANTS-MONTJUÏC,la Font de la Guatlla,CARRER,GIMBERNAT,2,8,,,,,,,1,3,2.148770712,41.37179118
02-2010-1099,L'EIXAMPLE,l'Antiga Esquerra de l'Eixample,CARRER,COMTE D'URGELL,2,170,,,,,,,4,3,2.152604665,41.38684253
10-2010-0474,SANT MARTI,el Poblenou,CARRER,MARIA AGUILO,2,96,,,,,,,1,2,2.203578447,41.4009502
02-2010-1186,L'EIXAMPLE,el Fort Pienc,CARRER,SARDENYA,2,194,,,,,,,1,2,2.181762469,41.39715607
02-2010-1294,L'EIXAMPLE,Sant Antoni,CARRER,COMTE D'URGELL,2,6,,,,,,,EN,,2.16266181,41.37924712
02-2010-1296,L'EIXAMPLE,Sant Antoni,CARRER,TAMARIT,1,89,,,,,,,AT,,2.156558963,41.37547116
02-2010-1297,L'EIXAMPLE,Sant Antoni,CARRER,TAMARIT,1,89,,,,,,,4,1,2.156558963,41.37547116
02-2010-1298,L'EIXAMPLE,la Dreta de l'Eixample,CARRER,ARAGO,1,367,,,,,,,EN,1,2.172624577,41.39819847
02-2010-1299,L'EIXAMPLE,la Dreta de l'Eixample,CARRER,ARAGO,1,367,,,,,,,EN,2,2.172624577,41.39819847
03-2011-0045,SANTS-MONTJUÏC,el Poble Sec,CARRER,PALMA,2,10,,,,,,,1,1,2.159658853,41.3717548
04-2010-0298,LES CORTS,les Corts,CARRER,NUMANCIA,2,126,,,,,,,1,1,2.135178008,41.38713399
04-2010-0299,LES CORTS,les Corts,CARRER,NUMANCIA,2,126,,,,,,,1,2,2.135178008,41.38713399
04-2010-0300,LES CORTS,les Corts,CARRER,NUMANCIA,2,126,,,,,,,2,1,2.135178008,41.38713399
04-2010-0302,LES CORTS,les Corts,CARRER,NUMANCIA,2,126,,,,,,,2,2,2.135178008,41.38713399
04-2010-0303,LES CORTS,les Corts,CARRER,NUMANCIA,2,126,,,,,,,3,1,2.135178008,41.38713399
04-2010-0304,LES CORTS,les Corts,CARRER,NUMANCIA,2,126,,,,,,,3,2,2.135178008,41.38713399
04-2010-0306,LES CORTS,les Corts,CARRER,NUMANCIA,2,126,,,,,,,4,1,2.135178008,41.38713399
04-2010-0307,LES CORTS,les Corts,CARRER,NUMANCIA,2,126,,,,,,,5,1,2.135178008,41.38713399
06-2010-0527,GRACIA,la Vila de Gràcia,CARRER,FRANCISCO GINER,2,16,,,,,,,PR,1,2.159454431,41.39890168
06-2010-0520,GRACIA,la Vila de Gràcia,CARRER,SANTA TECLA,1,3,,,,,,,4,3,2.160337611,41.39811992
06-2010-0491,GRACIA,la Vila de Gràcia,PASSEIG,GRACIA,1,113,,,,,,,2,A,2.158463177,41.39694829
06-2010-0492,GRACIA,la Vila de Gràcia,PASSEIG,GRACIA,1,113,,,,,,,2,B,2.158463177,41.39694829
03-2011-0012,SANTS-MONTJUÏC,el Poble Sec,CARRER,BLESA,1,35,,,,,,,PR,3,2.167811765,41.37235278
02-2011-0038,L'EIXAMPLE,la Dreta de l'Eixample,RAMBLA,CATALUNYA,1,103,,,,,,,4,C,2.160099323,41.39332127
02-2011-0039,L'EIXAMPLE,Sant Antoni,CARRER,COMTE BORRELL,1,57,,,,,,,2,1,2.162305927,41.37747135
02-2011-0019,L'EIXAMPLE,la Nova Esquerra de l'Eixample,GRAN VIA,CORTS CATALANES,1,509,,,,,,,4,2,2.157450055,41.38162145
10-2010-0587,SANT MARTI,el Poblenou,CARRER,GALCERAN MARQUET,2,8,,,,,,,3,,2.205120485,41.39934389
05-2011-0303,SARRIA-SANT GERVASI,el Putxet i el Farró,CARRER,BALLESTER,2,32,,,,,,,BJ,3,2.14604123,41.40696719
06-2011-0036,GRACIA,la Vila de Gràcia,CARRER,MOZART,2,12,,,,,,,2,1,2.158459038,41.3992054
02-2011-0120,L'EIXAMPLE,la Nova Esquerra de l'Eixample,CARRER,ENTENÇA,2,140,B,,,,,,PR,1,2.147659001,41.38210903
10-2011-0221,SANT MARTI,el Poblenou,RAMBLA,POBLENOU,2,20,,,,,,,3,3,2.204907018,41.3984393
02-2010-1181,L'EIXAMPLE,la Dreta de l'Eixample,GRAN VIA,CORTS CATALANES,2,662,,,,,,,2,1,2.171025128,41.39116223
02-2011-0305,L'EIXAMPLE,Sant Antoni,GRAN VIA,CORTS CATALANES,2,454,,,,,,,6,3,2.154695535,41.37888344
02-2011-0307,L'EIXAMPLE,Sant Antoni,GRAN VIA,CORTS CATALANES,2,454,,,,,,,AT,1,2.154695535,41.37888344
02-2011-0308,L'EIXAMPLE,Sant Antoni,GRAN VIA,CORTS CATALANES,2,454,,,,,,,AT,2,2.154695535,41.37888344
03-2011-0166,SANTS-MONTJUÏC,el Poble Sec,CARRER,NOU DE LA RAMBLA,2,114,,116,,,,,1,2,2.169285758,41.37438149
03-2011-0167,SANTS-MONTJUÏC,el Poble Sec,CARRER,NOU DE LA RAMBLA,2,114,,116,,,,,1,3,2.169285758,41.37438149
03-2011-0168,SANTS-MONTJUÏC,el Poble Sec,CARRER,NOU DE LA RAMBLA,2,114,,116,,,,,2,1,2.169285758,41.37438149
03-2011-0402,SANTS-MONTJUÏC,el Poble Sec,CARRER,CREU DELS MOLERS,2,54,,,,,,,BJ,,2.161146664,41.37247037
01-2011-0137,CIUTAT VELLA,el Barri Gòtic,CARRER,ROCA,2,8,,,,,,,1,2,2.17308738,41.38222737
01-2011-0157,CIUTAT VELLA,Sant Pere Santa Caterina i la Ribera,PLAÇA,OLLES,1,9,B,,,,,,1,2,2.183306665,41.38368831
03-2011-0169,SANTS-MONTJUÏC,el Poble Sec,CARRER,NOU DE LA RAMBLA,2,114,,116,,,,,2,2,2.169285758,41.37438149
03-2011-0170,SANTS-MONTJUÏC,el Poble Sec,CARRER,NOU DE LA RAMBLA,2,114,,116,,,,,3,1,2.169285758,41.37438149
03-2011-0171,SANTS-MONTJUÏC,el Poble Sec,CARRER,NOU DE LA RAMBLA,2,114,,116,,,,,2,3,2.169285758,41.37438149
03-2011-0175,SANTS-MONTJUÏC,el Poble Sec,CARRER,NOU DE LA RAMBLA,2,114,,116,,,,,3,3,2.169285758,41.37438149
03-2011-0172,SANTS-MONTJUÏC,el Poble Sec,CARRER,NOU DE LA RAMBLA,2,114,,116,,,,,3,2,2.169285758,41.37438149
03-2011-0173,SANTS-MONTJUÏC,el Poble Sec,CARRER,NOU DE LA RAMBLA,2,114,,116,,,,,4,1,2.169285758,41.37438149
06-2011-0233,GRACIA,la Vila de Gràcia,CARRER,GRAN DE GRACIA,1,29,,,,,,,3,1A,2.156605355,41.39876802
10-2011-0212,SANT MARTI,el Poblenou,CARRER,PUJADES,2,120,,122,,,,,2,5,2.195838667,41.39786128
06-2011-0193,GRACIA,la Vila de Gràcia,CARRER,BONAVISTA,1,3,,5,,,,,PR,2,2.158815036,41.39778321
09-2011-0250,SANT ANDREU,la Trinitat Vella,CARRER,MARE DEU LORDA,1,45,,47,,,,,3,,2.192312433,41.45166025
02-2011-0237,L'EIXAMPLE,la Dreta de l'Eixample,CARRER,GIRONA,2,132,,,,,,,4,1,2.167271415,41.39787492
02-2011-0238,L'EIXAMPLE,l'Antiga Esquerra de l'Eixample,CARRER,ARIBAU,1,25,,,,,,,3,1,2.161057225,41.38694909
02-2011-0239,L'EIXAMPLE,la Dreta de l'Eixample,CARRER,MALLORCA,1,289,,,,,,,3,2,2.165600916,41.39626916
02-2011-0242,L'EIXAMPLE,Sant Antoni,GRAN VIA,CORTS CATALANES,2,454,,,,,,,PR,1,2.154695535,41.37888344
02-2011-0243,L'EIXAMPLE,Sant Antoni,GRAN VIA,CORTS CATALANES,2,454,,,,,,,PR,2,2.154695535,41.37888344
02-2011-0244,L'EIXAMPLE,Sant Antoni,GRAN VIA,CORTS CATALANES,2,454,,,,,,,PR,3,2.154695535,41.37888344
02-2011-0245,L'EIXAMPLE,Sant Antoni,GRAN VIA,CORTS CATALANES,2,454,,,,,,,PR,4,2.154695535,41.37888344
02-2011-0246,L'EIXAMPLE,Sant Antoni,GRAN VIA,CORTS CATALANES,2,454,,,,,,,2,4,2.154695535,41.37888344
02-2011-0247,L'EIXAMPLE,Sant Antoni,GRAN VIA,CORTS CATALANES,2,454,,,,,,,6,2,2.154695535,41.37888344
03-2011-0174,SANTS-MONTJUÏC,el Poble Sec,CARRER,NOU DE LA RAMBLA,2,114,,116,,,,,4,2,2.169285758,41.37438149
03-2011-0176,SANTS-MONTJUÏC,el Poble Sec,AVINGUDA,PARAL.LEL,1,65,,,,,,,3,2,2.169035152,41.37477982
03-2011-0177,SANTS-MONTJUÏC,el Poble Sec,AVINGUDA,PARAL.LEL,1,65,,,,,,,3,3,2.169035152,41.37477982
03-2011-0178,SANTS-MONTJUÏC,el Poble Sec,AVINGUDA,PARAL.LEL,1,65,,,,,,,3,4,2.169035152,41.37477982
03-2011-0179,SANTS-MONTJUÏC,el Poble Sec,AVINGUDA,PARAL.LEL,1,65,,,,,,,5,3,2.169035152,41.37477982
03-2011-0180,SANTS-MONTJUÏC,el Poble Sec,AVINGUDA,PARAL.LEL,1,65,,,,,,,4,1,2.169035152,41.37477982
03-2011-0181,SANTS-MONTJUÏC,el Poble Sec,AVINGUDA,PARAL.LEL,1,65,,,,,,,4,4,2.169035152,41.37477982
03-2011-0182,SANTS-MONTJUÏC,el Poble Sec,AVINGUDA,PARAL.LEL,1,65,,,,,,,4,2,2.169035152,41.37477982
03-2011-0266,SANTS-MONTJUÏC,la Font de la Guatlla,CARRER,AMPOSTA,2,26,,,,,,,2,2,2.148015967,41.37101229
10-2011-0215,SANT MARTI,el Poblenou,PASSEIG,CALVELL,1,45,,,,,,B,6,1,2.20760134,41.39891663
10-2011-0217,SANT MARTI,el Poblenou,PASSEIG,CALVELL,1,45,,,,,,B,6,2,2.20760134,41.39891663
10-2011-0206,SANT MARTI,el Poblenou,CARRER,PUJADES,2,120,,122,,,,,1,1,2.195838667,41.39786128
03-2011-0201,SANTS-MONTJUÏC,el Poble Sec,AVINGUDA,PARAL.LEL,1,65,,,,,,,7,2,2.169035152,41.37477982
03-2011-0202,SANTS-MONTJUÏC,el Poble Sec,AVINGUDA,PARAL.LEL,1,65,,,,,,,7,1,2.169035152,41.37477982
02-2011-0507,L'EIXAMPLE,la Sagrada Família,CARRER,ARAGO,1,423,,,,,,,PR,A,2.176990883,41.40141665
02-2011-0506,L'EIXAMPLE,la Sagrada Família,CARRER,ARAGO,1,423,,,,,,,BJ,,2.176990883,41.40141665
02-2011-0508,L'EIXAMPLE,la Dreta de l'Eixample,PASSEIG,GRACIA,1,15,,,,,,,PR,1A,2.167456569,41.38968095
02-2011-0509,L'EIXAMPLE,la Dreta de l'Eixample,PASSEIG,GRACIA,1,15,,,,,,,PR,2A,2.167456569,41.38968095
02-2011-0223,L'EIXAMPLE,la Nova Esquerra de l'Eixample,CARRER,VALENCIA,2,32,,34,,,,,3,2,2.146845254,41.38015418
02-2011-0224,L'EIXAMPLE,la Nova Esquerra de l'Eixample,CARRER,VALENCIA,2,32,,34,,,,,5,1,2.146845254,41.38015418
02-2011-0225,L'EIXAMPLE,la Nova Esquerra de l'Eixample,CARRER,VALENCIA,2,32,,34,,,,,5,2,2.146845254,41.38015418
03-2011-0183,SANTS-MONTJUÏC,el Poble Sec,AVINGUDA,PARAL.LEL,1,65,,,,,,,4,3,2.169035152,41.37477982
02-2013-2219,L'EIXAMPLE,la Dreta de l'Eixample,CARRER,NAPOLS,1,213,,,,,,,PR,2,2.173840053,41.39944906
02-2013-2220,L'EIXAMPLE,la Dreta de l'Eixample,CARRER,NAPOLS,1,213,,,,,,,1,1,2.173840053,41.39944906
06-2011-0146,GRACIA,la Vila de Gràcia,CARRER,VERDI,2,78,,,,1,,1,2,1,2.155395524,41.40526877
06-2011-0147,GRACIA,la Vila de Gràcia,CARRER,CORSEGA,1,395,,,,1,,1,4,1,2.163519926,41.39983155
06-2011-0148,GRACIA,la Vila de Gràcia,CARRER,CORSEGA,1,395,,,,,,,1,,2.163519926,41.39983155
10-2011-0207,SANT MARTI,el Poblenou,CARRER,PUJADES,2,120,,122,,,,,BJ,2,2.195838667,41.39786128
03-2011-0203,SANTS-MONTJUÏC,el Poble Sec,AVINGUDA,PARAL.LEL,1,65,,,,,,,6,4,2.169035152,41.37477982
03-2011-0204,SANTS-MONTJUÏC,el Poble Sec,AVINGUDA,PARAL.LEL,1,65,,,,,,,6,3,2.169035152,41.37477982
03-2011-0205,SANTS-MONTJUÏC,el Poble Sec,AVINGUDA,PARAL.LEL,1,65,,,,,,,6,2,2.169035152,41.37477982
03-2011-0206,SANTS-MONTJUÏC,el Poble Sec,AVINGUDA,PARAL.LEL,1,65,,,,,,,6,1,2.169035152,41.37477982
02-2011-0774,L'EIXAMPLE,Sant Antoni,GRAN VIA,CORTS CATALANES,2,448,,,,,,,2,2,2.154475289,41.3786894
02-2011-0618,L'EIXAMPLE,la Dreta de l'Eixample,CARRER,BRUC,1,65,,,,,,,4,4,2.170092561,41.39375576
10-2011-0203,SANT MARTI,el Poblenou,CARRER,PUJADES,2,120,,122,,,,,BJ,3,2.195838667,41.39786128
10-2011-0204,SANT MARTI,el Poblenou,CARRER,PUJADES,2,120,,122,,,,,2,3,2.195838667,41.39786128
10-2011-0205,SANT MARTI,el Poblenou,CARRER,PUJADES,2,120,,122,,,,,BJ,1,2.195838667,41.39786128
03-2011-0401,SANTS-MONTJUÏC,el Poble Sec,CARRER,OLIVERA,1,43,,,,,,,1,1,2.155710715,41.37356029
05-2011-0250,SARRIA-SANT GERVASI,Sant Gervasi - Galvany,CARRER,GANDUXER,2,50,,,,,,,2,2,2.136872603,41.39598472
10-2011-0208,SANT MARTI,el Poblenou,CARRER,PUJADES,2,120,,122,,,,,1,3,2.195838667,41.39786128
02-2011-0711,L'EIXAMPLE,Sant Antoni,RONDA,SANT PAU,1,29,,,,,,,SA,2,2.165833107,41.3764302
02-2011-0712,L'EIXAMPLE,Sant Antoni,AVINGUDA,PARAL.LEL,2,136,,,,,,,EN,4,2.159932807,41.375184
02-2011-0714,L'EIXAMPLE,la Dreta de l'Eixample,CARRER,NAPOLS,1,177,,,,,,,PR,2,2.17566328,41.39807573
02-2011-0715,L'EIXAMPLE,la Sagrada Família,CARRER,CASTILLEJOS,1,349,,,,,,,2,1,2.173485943,41.4100424
01-2011-0254,CIUTAT VELLA,la Barceloneta,CARRER,SANT MIQUEL,1,61,,,,,,,BJ,,2.188748777,41.37879958
01-2011-0255,CIUTAT VELLA,la Barceloneta,CARRER,SANT MIQUEL,1,61,,,,,,,1,,2.188748777,41.37879958
01-2011-0256,CIUTAT VELLA,la Barceloneta,CARRER,SANT MIQUEL,1,61,,,,,,,2,,2.188748777,41.37879958
02-2011-0197,L'EIXAMPLE,la Dreta de l'Eixample,PASSEIG,GRACIA,1,79,,,,,,,2,1,2.162008007,41.39408739
07-2011-0201,HORTA-GUINARDÓ,el Baix Guinardó,CARRER,PI I MARGALL,2,110,,,,,,,EN,4,2.164707674,41.41108893
02-2011-0425,L'EIXAMPLE,la Dreta de l'Eixample,CARRER,MALLORCA,2,362,,,,,,,1,2,2.171944864,41.40073849
02-2011-0426,L'EIXAMPLE,la Dreta de l'Eixample,CARRER,MALLORCA,2,362,,,,,,,2,1,2.171944864,41.40073849
02-2011-0427,L'EIXAMPLE,la Dreta de l'Eixample,CARRER,MALLORCA,2,362,,,,,,,2,2,2.171944864,41.40073849
02-2011-0428,L'EIXAMPLE,la Dreta de l'Eixample,CARRER,MALLORCA,2,362,,,,,,,3,1,2.171944864,41.40073849
02-2011-0429,L'EIXAMPLE,la Dreta de l'Eixample,CARRER,MALLORCA,2,362,,,,,,,3,2,2.171944864,41.40073849
02-2011-0430,L'EIXAMPLE,la Dreta de l'Eixample,CARRER,MALLORCA,2,362,,,,,,,4,1,2.171944864,41.40073849
02-2011-0431,L'EIXAMPLE,la Dreta de l'Eixample,CARRER,MALLORCA,2,362,,,,,,,5,1,2.171944864,41.40073849
02-2011-0487,L'EIXAMPLE,la Dreta de l'Eixample,RONDA,UNIVERSITAT,1,11,,,,,,,PR,2A,2.16561616,41.38644713
02-2011-0488,L'EIXAMPLE,la Dreta de l'Eixample,RONDA,UNIVERSITAT,1,11,,,,,,,PR,2B,2.16561616,41.38644713
02-2011-0489,L'EIXAMPLE,la Dreta de l'Eixample,RONDA,UNIVERSITAT,1,11,,,,,,,2,1A,2.16561616,41.38644713
02-2011-0490,L'EIXAMPLE,la Dreta de l'Eixample,RONDA,UNIVERSITAT,1,11,,,,,,,2,1B,2.16561616,41.38644713
02-2011-0491,L'EIXAMPLE,la Dreta de l'Eixample,RONDA,UNIVERSITAT,1,11,,,,,,,3,1A,2.16561616,41.38644713
02-2011-0492,L'EIXAMPLE,la Dreta de l'Eixample,RONDA,UNIVERSITAT,1,11,,,,,,,3,1B,2.16561616,41.38644713
02-2011-0493,L'EIXAMPLE,la Dreta de l'Eixample,RONDA,UNIVERSITAT,1,11,,,,,,,3,2A,2.16561616,41.38644713
02-2011-0494,L'EIXAMPLE,la Dreta de l'Eixample,RONDA,UNIVERSITAT,1,11,,,,,,,3,2B,2.16561616,41.38644713
02-2011-0800,L'EIXAMPLE,la Sagrada Família,CARRER,SARDENYA,2,300,,,,,,,1,2,2.17507867,41.40221363
02-2013-0068,L'EIXAMPLE,l'Antiga Esquerra de l'Eixample,CARRER,VILLARROEL,1,201,,203,,,,,PR,2,2.1506829,41.38965927
10-2011-0219,SANT MARTI,el Poblenou,PASSEIG,CALVELL,1,45,,,,,,B,6,3,2.20760134,41.39891663
10-2011-0220,SANT MARTI,el Poblenou,RAMBLA,POBLENOU,2,20,,,,,,,3,1,2.204907018,41.3984393
10-2011-0222,SANT MARTI,el Poblenou,RAMBLA,POBLENOU,2,20,,,,,,,3,2,2.204907018,41.3984393
02-2011-0761,L'EIXAMPLE,el Fort Pienc,CARRER,SARDENYA,2,250,,,,,,,EN,4,2.178406851,41.39969825
02-2011-0763,L'EIXAMPLE,la Sagrada Família,CARRER,MALLORCA,2,372,,,,,,,4,3,2.172697266,41.40132125
06-2011-0249,GRACIA,la Vila de Gràcia,CARRER,VERDI,2,38,,,,,,,2,2,2.156691101,41.40408128
02-2011-0384,L'EIXAMPLE,la Dreta de l'Eixample,RONDA,SANT PERE,1,3,,,,,,,1,5,2.17068944,41.38834878
02-2011-0385,L'EIXAMPLE,la Sagrada Família,CARRER,CARTAGENA,2,264,,,,,,,3,4,2.178064309,41.40847378
02-2011-0644,L'EIXAMPLE,la Sagrada Família,CARRER,SARDENYA,2,322,,,,,,B,2,1,2.173033324,41.40375635
01-2011-0193,CIUTAT VELLA,el Raval,CARRER,NOU DE LA RAMBLA,1,15,,,,,,,1,1,2.173680539,41.37844563
01-2011-0194,CIUTAT VELLA,el Raval,CARRER,NOU DE LA RAMBLA,1,15,,,,,,,1,2,2.173680539,41.37844563
01-2011-0195,CIUTAT VELLA,el Raval,CARRER,NOU DE LA RAMBLA,1,15,,,,,,,2,1,2.173680539,41.37844563
01-2011-0196,CIUTAT VELLA,el Raval,CARRER,NOU DE LA RAMBLA,1,15,,,,,,,2,2,2.173680539,41.37844563
01-2011-0197,CIUTAT VELLA,el Raval,CARRER,NOU DE LA RAMBLA,1,15,,,,,,,3,1,2.173680539,41.37844563
01-2011-0198,CIUTAT VELLA,el Raval,CARRER,NOU DE LA RAMBLA,1,15,,,,,,,3,2,2.173680539,41.37844563
01-2011-0199,CIUTAT VELLA,el Raval,CARRER,NOU DE LA RAMBLA,1,15,,,,,,,4,1,2.173680539,41.37844563
01-2011-0200,CIUTAT VELLA,el Raval,CARRER,NOU DE LA RAMBLA,1,15,,,,,,,4,2,2.173680539,41.37844563
01-2011-0201,CIUTAT VELLA,el Raval,CARRER,NOU DE LA RAMBLA,1,15,,,,,,,5,1,2.173680539,41.37844563
01-2011-0202,CIUTAT VELLA,el Raval,CARRER,NOU DE LA RAMBLA,1,15,,,,,,,5,2,2.173680539,41.37844563
10-2011-0214,SANT MARTI,Provençals del Poblenou,CARRER,CASTELLA,2,44,,46,,,,,5,4,2.196522228,41.4065357
02-2011-0764,L'EIXAMPLE,Sant Antoni,CARRER,COMTE BORRELL,1,65,,,,,,,2,3,2.161611276,41.37799228
02-2011-0765,L'EIXAMPLE,la Nova Esquerra de l'Eixample,CARRER,CALABRIA,2,216,,218,,,,D,EN,5,2.148001145,41.38514031
02-2011-0766,L'EIXAMPLE,la Dreta de l'Eixample,CARRER,BRUC,1,65,,,,,,,4,2,2.170092561,41.39375576
06-2011-0258,GRACIA,el Camp d'en Grassot i Gràcia Nova,CARRER,ROGER DE FLOR,2,282,,,,,,,4,1,2.166899061,41.40329904
02-2011-0651,L'EIXAMPLE,la Dreta de l'Eixample,PASSEIG,GRACIA,2,52,,,,,,,SA,2,2.16553876,41.39207085
02-2011-0652,L'EIXAMPLE,la Dreta de l'Eixample,PASSEIG,GRACIA,2,52,,,,,,,SA,3,2.16553876,41.39207085
03-2011-0075,SANTS-MONTJUÏC,el Poble Sec,CARRER,MATA,1,3,,5,,,,B,2,4,2.171113245,41.3732233
03-2011-0213,SANTS-MONTJUÏC,el Poble Sec,CARRER,TAPIOLES,2,26,,,,,,,3,1,2.164210015,41.37335388
03-2011-0199,SANTS-MONTJUÏC,el Poble Sec,AVINGUDA,PARAL.LEL,1,65,,,,,,,5,4,2.169035152,41.37477982
03-2011-0121,SANTS-MONTJUÏC,la Font de la Guatlla,CARRER,MORABOS,2,16,,,,,,,PR,2,2.148737941,41.37125333
02-2011-0544,L'EIXAMPLE,la Dreta de l'Eixample,CARRER,GIRONA,2,110,,,,,,,1,1,2.168930095,41.3966418
02-2011-0545,L'EIXAMPLE,la Dreta de l'Eixample,CARRER,GIRONA,2,110,,,,,,,1,2,2.168930095,41.3966418
01-2011-0160,CIUTAT VELLA,el Raval,CARRER,JOVELLANOS,1,1,,,,,,,PR,2,2.167911868,41.38502309
03-2011-0155,SANTS-MONTJUÏC,el Poble Sec,CARRER,PIQUER,1,21,,,,,,B,1,2,2.170326944,41.37281733
06-2011-0199,GRACIA,la Vila de Gràcia,CARRER,MILA I FONTANALS,2,34,,,,,,,2,,2.162385448,41.40118308
06-2011-0255,GRACIA,el Camp d'en Grassot i Gràcia Nova,CARRER,PARE LAINEZ,1,55,,,,,,,1,1,2.166831738,41.40796507
06-2011-0256,GRACIA,el Camp d'en Grassot i Gràcia Nova,CARRER,PARE LAINEZ,1,55,,,,,,,2,2,2.166831738,41.40796507
02-2011-0546,L'EIXAMPLE,la Dreta de l'Eixample,CARRER,GIRONA,2,110,,,,,,,1,3,2.168930095,41.3966418
02-2011-0547,L'EIXAMPLE,la Dreta de l'Eixample,CARRER,GIRONA,2,110,,,,,,,2,1,2.168930095,41.3966418
02-2011-0548,L'EIXAMPLE,la Dreta de l'Eixample,CARRER,GIRONA,2,110,,,,,,,2,2,2.168930095,41.3966418
02-2011-0549,L'EIXAMPLE,la Dreta de l'Eixample,CARRER,GIRONA,2,110,,,,,,,2,3,2.168930095,41.3966418
02-2011-0550,L'EIXAMPLE,la Dreta de l'Eixample,CARRER,GIRONA,2,110,,,,,,,3,1,2.168930095,41.3966418
02-2011-0551,L'EIXAMPLE,la Dreta de l'Eixample,CARRER,GIRONA,2,110,,,,,,,3,2,2.168930095,41.3966418
02-2011-0552,L'EIXAMPLE,la Dreta de l'Eixample,CARRER,GIRONA,2,110,,,,,,,3,3,2.168930095,41.3966418
02-2011-0553,L'EIXAMPLE,la Dreta de l'Eixample,CARRER,GIRONA,2,110,,,,,,,4,1,2.168930095,41.3966418
06-2011-0116,GRACIA,la Vila de Gràcia,CARRER,BRUNIQUER,1,57,,,,,,,1,,2.162061769,41.40558445
06-2011-0117,GRACIA,la Vila de Gràcia,CARRER,BRUNIQUER,1,57,,,,,,,2,,2.162061769,41.40558445
06-2011-0112,GRACIA,la Vila de Gràcia,CARRER,TORRIJOS,1,21,,,,,,,BJ,,2.158877311,41.40329217
06-2011-0113,GRACIA,la Vila de Gràcia,CARRER,TORRIJOS,1,21,,,,,,,1,1,2.158877311,41.40329217
06-2011-0114,GRACIA,la Vila de Gràcia,CARRER,TORRIJOS,1,21,,,,,,,1,2,2.158877311,41.40329217
03-2011-0185,SANTS-MONTJUÏC,el Poble Sec,AVINGUDA,PARAL.LEL,1,65,,,,,,,2,4,2.169035152,41.37477982
03-2011-0186,SANTS-MONTJUÏC,el Poble Sec,AVINGUDA,PARAL.LEL,1,65,,,,,,,2,3,2.169035152,41.37477982
03-2011-0187,SANTS-MONTJUÏC,el Poble Sec,AVINGUDA,PARAL.LEL,1,65,,,,,,,2,2,2.169035152,41.37477982
03-2011-0188,SANTS-MONTJUÏC,el Poble Sec,AVINGUDA,PARAL.LEL,1,65,,,,,,,2,1,2.169035152,41.37477982
03-2011-0189,SANTS-MONTJUÏC,el Poble Sec,AVINGUDA,PARAL.LEL,1,65,,,,,,,1,4,2.169035152,41.37477982
03-2011-0190,SANTS-MONTJUÏC,el Poble Sec,AVINGUDA,PARAL.LEL,1,65,,,,,,,1,3,2.169035152,41.37477982
10-2011-0210,SANT MARTI,el Poblenou,CARRER,PUJADES,2,120,,122,,,,,1,5,2.195838667,41.39786128
06-2011-0142,GRACIA,la Vila de Gràcia,CARRER,GRAN DE GRACIA,1,29,,,,,,,3,1B,2.156605355,41.39876802
01-2011-0257,CIUTAT VELLA,la Barceloneta,CARRER,SANT MIQUEL,1,61,,,,,,,3,,2.188748777,41.37879958
02-2011-0554,L'EIXAMPLE,la Dreta de l'Eixample,CARRER,GIRONA,2,110,,,,,,,4,2,2.168930095,41.3966418
02-2011-0321,L'EIXAMPLE,la Dreta de l'Eixample,PASSEIG,GRACIA,1,83,,,,,,,2,4,2.161740552,41.39430074
02-2011-0322,L'EIXAMPLE,la Dreta de l'Eixample,PASSEIG,GRACIA,1,83,,,,,,,3,1,2.161740552,41.39430074
02-2011-0323,L'EIXAMPLE,la Dreta de l'Eixample,PASSEIG,GRACIA,1,83,,,,,,,4,4,2.161740552,41.39430074
02-2011-0325,L'EIXAMPLE,la Dreta de l'Eixample,PASSEIG,GRACIA,1,83,,,,,,,4,6,2.161740552,41.39430074
02-2011-0326,L'EIXAMPLE,la Dreta de l'Eixample,PASSEIG,GRACIA,1,83,,,,,,,5,6,2.161740552,41.39430074
02-2011-0327,L'EIXAMPLE,la Dreta de l'Eixample,PASSEIG,GRACIA,1,83,,,,,,,AT,4,2.161740552,41.39430074
02-2011-0328,L'EIXAMPLE,la Dreta de l'Eixample,PASSEIG,GRACIA,1,83,,,,,,,AT,5,2.161740552,41.39430074
03-2011-0191,SANTS-MONTJUÏC,el Poble Sec,AVINGUDA,PARAL.LEL,1,65,,,,,,,1,2,2.169035152,41.37477982
03-2011-0192,SANTS-MONTJUÏC,el Poble Sec,AVINGUDA,PARAL.LEL,1,65,,,,,,,7,3,2.169035152,41.37477982
03-2011-0193,SANTS-MONTJUÏC,el Poble Sec,AVINGUDA,PARAL.LEL,1,65,,,,,,,1,1,2.169035152,41.37477982
04-2011-0078,LES CORTS,les Corts,CARRER,TAQUIGRAF GARRIGA,1,7,,,,,,,,,2.131761045,41.38584928
03-2011-0241,SANTS-MONTJUÏC,la Bordeta,CARRER,RIERA DE TENA,1,13,,,,,,,AT,3,2.133660267,41.37079799
01-2011-0152,CIUTAT VELLA,Sant Pere Santa Caterina i la Ribera,CARRER,AGULLERS,2,22,,,,,,,2,,2.182005519,41.38288741
02-2011-0555,L'EIXAMPLE,la Dreta de l'Eixample,CARRER,GIRONA,2,110,,,,,,,4,3,2.168930095,41.3966418
02-2011-0557,L'EIXAMPLE,la Dreta de l'Eixample,CARRER,GIRONA,2,110,,,,,,,5,1,2.168930095,41.3966418
02-2011-0558,L'EIXAMPLE,la Dreta de l'Eixample,CARRER,GIRONA,2,110,,,,,,,5,2,2.168930095,41.3966418
02-2011-0559,L'EIXAMPLE,la Dreta de l'Eixample,CARRER,GIRONA,2,110,,,,,,,5,3,2.168930095,41.3966418
06-2011-0156,GRACIA,el Camp d'en Grassot i Gràcia Nova,CARRER,INDUSTRIA,2,52,,,,,,,5,4,2.16808917,41.40466398
06-2011-0158,GRACIA,el Camp d'en Grassot i Gràcia Nova,CARRER,SARDENYA,1,491,,,,,,B,5,3,2.164811883,41.40971519
02-2011-0630,L'EIXAMPLE,la Dreta de l'Eixample,RONDA,UNIVERSITAT,1,15,,,,,,,2,2,2.165904415,41.38661573
03-2011-0184,SANTS-MONTJUÏC,el Poble Sec,AVINGUDA,PARAL.LEL,1,65,,,,,,,3,1,2.169035152,41.37477982
03-2011-0194,SANTS-MONTJUÏC,el Poble Sec,AVINGUDA,PARAL.LEL,1,65,,,,,,,7,4,2.169035152,41.37477982
03-2011-0195,SANTS-MONTJUÏC,el Poble Sec,AVINGUDA,PARAL.LEL,1,65,,,,,,,5,2,2.169035152,41.37477982
03-2011-0196,SANTS-MONTJUÏC,el Poble Sec,AVINGUDA,PARAL.LEL,1,65,,,,,,,5,1,2.169035152,41.37477982
01-2011-0123,CIUTAT VELLA,Sant Pere Santa Caterina i la Ribera,CARRER,AGULLERS,2,22,,,,,,,1,,2.182005519,41.38288741
10-2011-0327,SANT MARTI,el Poblenou,CARRER,PUJADES,1,143,,,,,,,PR,1,2.198618879,41.40024769
01-2011-0170,CIUTAT VELLA,el Barri Gòtic,CARRER,ROCA,2,8,,,,,,,2,2,2.17308738,41.38222737
01-2011-0171,CIUTAT VELLA,el Barri Gòtic,CARRER,ROCA,2,8,,,,,,,3,2,2.17308738,41.38222737
01-2011-0172,CIUTAT VELLA,el Barri Gòtic,CARRER,ROCA,2,8,,,,,,,4,2,2.17308738,41.38222737
01-2011-0173,CIUTAT VELLA,el Barri Gòtic,CARRER,ROCA,2,8,,,,,,,5,2,2.17308738,41.38222737
02-2011-0564,L'EIXAMPLE,el Fort Pienc,CARRER,SARDENYA,1,199,,,,,,,PR,1,2.179340686,41.39871349
10-2011-0209,SANT MARTI,el Poblenou,CARRER,PUJADES,2,120,,122,,,,,1,2,2.195838667,41.39786128
02-2011-0631,L'EIXAMPLE,la Dreta de l'Eixample,CARRER,ROGER DE LLURIA,2,40,,,,,,,3,3,2.17048376,41.39203561
05-2011-0203,SARRIA-SANT GERVASI,les Tres Torres,CARRER,DOCTOR ROUX,2,34,,,,,,,BJ,,2.131538726,41.39642704
05-2011-0204,SARRIA-SANT GERVASI,les Tres Torres,CARRER,DOCTOR ROUX,2,34,,,,,,,1,2,2.131538726,41.39642704
05-2011-0205,SARRIA-SANT GERVASI,les Tres Torres,CARRER,DOCTOR ROUX,2,34,,,,,,,PR,,2.131538726,41.39642704
05-2011-0206,SARRIA-SANT GERVASI,les Tres Torres,CARRER,DOCTOR ROUX,2,34,,,,,,,1,1,2.131538726,41.39642704
03-2011-0122,SANTS-MONTJUÏC,la Font de la Guatlla,CARRER,MORABOS,2,16,,,,,,,PR,1,2.148737941,41.37125333
06-2011-0253,GRACIA,el Camp d'en Grassot i Gràcia Nova,CARRER,PROVIDENCIA,1,113,,,,,,,BJ,2,2.161395962,41.40921814
05-2011-0217,SARRIA-SANT GERVASI,Sant Gervasi - Galvany,CARRER,PLATO,1,17,,,,,,,4,1,2.142014544,41.40049984
02-2011-0285,L'EIXAMPLE,Sant Antoni,GRAN VIA,CORTS CATALANES,2,454,,,,,,,1,1,2.154695535,41.37888344
02-2011-0286,L'EIXAMPLE,Sant Antoni,GRAN VIA,CORTS CATALANES,2,454,,,,,,,1,2,2.154695535,41.37888344
02-2011-0287,L'EIXAMPLE,Sant Antoni,GRAN VIA,CORTS CATALANES,2,454,,,,,,,1,3,2.154695535,41.37888344
02-2011-0288,L'EIXAMPLE,Sant Antoni,GRAN VIA,CORTS CATALANES,2,454,,,,,,,1,4,2.154695535,41.37888344
02-2011-0289,L'EIXAMPLE,Sant Antoni,GRAN VIA,CORTS CATALANES,2,454,,,,,,,2,1,2.154695535,41.37888344
02-2011-0290,L'EIXAMPLE,Sant Antoni,GRAN VIA,CORTS CATALANES,2,454,,,,,,,2,2,2.154695535,41.37888344
02-2011-0291,L'EIXAMPLE,Sant Antoni,GRAN VIA,CORTS CATALANES,2,454,,,,,,,2,3,2.154695535,41.37888344
02-2011-0292,L'EIXAMPLE,Sant Antoni,GRAN VIA,CORTS CATALANES,2,454,,,,,,,3,1,2.154695535,41.37888344
02-2011-0293,L'EIXAMPLE,Sant Antoni,GRAN VIA,CORTS CATALANES,2,454,,,,,,,3,2,2.154695535,41.37888344
02-2011-0294,L'EIXAMPLE,Sant Antoni,GRAN VIA,CORTS CATALANES,2,454,,,,,,,3,3,2.154695535,41.37888344
10-2011-0241,SANT MARTI,el Camp de l'Arpa del Clot,CARRER,INDUSTRIA,1,201,,,,,,,3,1,2.176843399,41.41152692
10-2011-0242,SANT MARTI,el Camp de l'Arpa del Clot,CARRER,INDUSTRIA,1,201,,203,,,,,1,4,2.176843399,41.41152692
06-2011-0111,GRACIA,la Vila de Gràcia,CARRER,TORRIJOS,1,21,,,,,,,EN,,2.158877311,41.40329217
06-2011-0254,GRACIA,el Camp d'en Grassot i Gràcia Nova,CARRER,PARE LAINEZ,1,55,,,,,,,PR,2,2.166831738,41.40796507
06-2011-0189,GRACIA,la Vila de Gràcia,CARRER,LEGALITAT,2,6,,,,,,,3,3,2.159293794,41.40754016
10-2011-0300,SANT MARTI,el Camp de l'Arpa del Clot,CARRER,INDUSTRIA,1,201,,,,,,,3,4,2.176843399,41.41152692
03-2011-0275,SANTS-MONTJUÏC,el Poble Sec,CARRER,BLESA,1,31,,,,,,,3,1,2.168096145,41.3722448
02-2011-0295,L'EIXAMPLE,Sant Antoni,GRAN VIA,CORTS CATALANES,2,454,,,,,,,3,4,2.154695535,41.37888344
02-2011-0296,L'EIXAMPLE,Sant Antoni,GRAN VIA,CORTS CATALANES,2,454,,,,,,,4,1,2.154695535,41.37888344
02-2011-0297,L'EIXAMPLE,Sant Antoni,GRAN VIA,CORTS CATALANES,2,454,,,,,,,4,2,2.154695535,41.37888344
02-2011-0298,L'EIXAMPLE,Sant Antoni,GRAN VIA,CORTS CATALANES,2,454,,,,,,,4,3,2.154695535,41.37888344
02-2011-0299,L'EIXAMPLE,Sant Antoni,GRAN VIA,CORTS CATALANES,2,454,,,,,,,4,4,2.154695535,41.37888344
02-2011-0300,L'EIXAMPLE,Sant Antoni,GRAN VIA,CORTS CATALANES,2,454,,,,,,,5,1,2.154695535,41.37888344
02-2011-0301,L'EIXAMPLE,Sant Antoni,GRAN VIA,CORTS CATALANES,2,454,,,,,,,5,2,2.154695535,41.37888344
02-2011-0302,L'EIXAMPLE,Sant Antoni,GRAN VIA,CORTS CATALANES,2,454,,,,,,,5,3,2.154695535,41.37888344
02-2011-0303,L'EIXAMPLE,Sant Antoni,GRAN VIA,CORTS CATALANES,2,454,,,,,,,5,4,2.154695535,41.37888344
02-2011-0304,L'EIXAMPLE,Sant Antoni,GRAN VIA,CORTS CATALANES,2,454,,,,,,,6,1,2.154695535,41.37888344
09-2011-0062,SANT ANDREU,Navas,CARRER,BOFARULL,1,7,,,,,,,3,2,2.187688933,41.41538777
09-2011-0063,SANT ANDREU,Navas,CARRER,BOFARULL,1,7,,,,,,,4,1,2.187688933,41.41538777
09-2011-0064,SANT ANDREU,Navas,CARRER,BOFARULL,1,7,,,,,,,4,2,2.187688933,41.41538777
09-2011-0065,SANT ANDREU,Navas,CARRER,BOFARULL,1,7,,,,,,,5,2,2.187688933,41.41538777
03-2011-0164,SANTS-MONTJUÏC,el Poble Sec,CARRER,NOU DE LA RAMBLA,2,114,,116,,,,,1,1,2.169285758,41.37438149
05-2011-0201,SARRIA-SANT GERVASI,el Putxet i el Farró,CARRER,SARAGOSSA,2,30,,,,,,,1,2,2.149327166,41.40200734
06-2011-0190,GRACIA,la Vila de Gràcia,CARRER,ENCARNACIO,2,10,,,,,,,EN,,2.158450099,41.40531788
06-2012-0021,GRACIA,la Vila de Gràcia,CARRER,SANT JOAQUIM,1,19,,21,,,,,BJ,3,2.15582658,41.40113139
02-2011-0980,L'EIXAMPLE,Sant Antoni,CARRER,TAMARIT,1,89,,,,,,,3,2,2.156558963,41.37547116
02-2011-0981,L'EIXAMPLE,la Nova Esquerra de l'Eixample,CARRER,CONSELL DE CENT,1,123,,,,,,,2,1,2.152492927,41.38128616
02-2011-0986,L'EIXAMPLE,l'Antiga Esquerra de l'Eixample,CARRER,CONSELL DE CENT,1,221,,,,,,D,3,2,2.157871151,41.38533826
02-2011-0987,L'EIXAMPLE,la Nova Esquerra de l'Eixample,CARRER,ARAGO,1,95,,,,,,,4,1,2.151194126,41.3820125
02-2011-0993,L'EIXAMPLE,el Fort Pienc,GRAN VIA,CORTS CATALANES,2,820,,,,,,,4,2,2.184170173,41.40103109
02-2011-0996,L'EIXAMPLE,la Sagrada Família,CARRER,LEPANT,1,293,,,,,,,3,1,2.175010244,41.40556526
04-2011-0274,LES CORTS,les Corts,CARRER,EQUADOR,1,31,,,,,,,1,1,2.140748215,41.38521093
04-2011-0275,LES CORTS,les Corts,CARRER,EQUADOR,1,31,,,,,,,1,2,2.140748215,41.38521093
04-2011-0276,LES CORTS,les Corts,CARRER,EQUADOR,1,31,,,,,,,1,3,2.140748215,41.38521093
04-2011-0277,LES CORTS,les Corts,CARRER,EQUADOR,1,31,,,,,,,2,1,2.140748215,41.38521093
04-2011-0278,LES CORTS,les Corts,CARRER,EQUADOR,1,31,,,,,,,2,2,2.140748215,41.38521093
04-2011-0279,LES CORTS,les Corts,CARRER,EQUADOR,1,31,,,,,,,2,3,2.140748215,41.38521093
04-2011-0280,LES CORTS,les Corts,CARRER,EQUADOR,1,31,,,,,,,4,1,2.140748215,41.38521093
04-2011-0281,LES CORTS,les Corts,CARRER,EQUADOR,1,31,,,,,,,4,3,2.140748215,41.38521093
04-2011-0282,LES CORTS,les Corts,CARRER,EQUADOR,1,31,,,,,,,5,1,2.140748215,41.38521093
02-2011-1278,L'EIXAMPLE,la Sagrada Família,CARRER,SARDENYA,1,319,,,,,,,AT,1,2.172481082,41.4038945
02-2011-1281,L'EIXAMPLE,la Dreta de l'Eixample,CARRER,VALENCIA,1,261,,,,,,,PR,1,2.164615529,41.39381816
02-2011-1282,L'EIXAMPLE,la Dreta de l'Eixample,CARRER,VALENCIA,1,261,,,,,,,PR,2,2.164615529,41.39381816
02-2011-1283,L'EIXAMPLE,la Dreta de l'Eixample,CARRER,VALENCIA,1,261,,,,,,,PR,3,2.164615529,41.39381816
09-2011-0397,SANT ANDREU,Sant Andreu,CARRER,MOSSEN QUINTI MALLOFRE,2,22,,,,,,,1,,2.193528022,41.43037744
03-2011-0328,SANTS-MONTJUÏC,el Poble Sec,CARRER,MARGARIT,2,40,,,,,,,2,2,2.163249937,41.37294874
06-2012-0023,GRACIA,la Vila de Gràcia,CARRER,SANT JOAQUIM,1,19,,21,,,,,BJ,2,2.15582658,41.40113139
05-2012-0060,SARRIA-SANT GERVASI,Sant Gervasi - Galvany,VIA,AUGUSTA,1,153,,,,,,,4,1,2.143639126,41.39897681
10-2011-0503,SANT MARTI,el Clot,CARRER,VALENCIA,1,635,,,,,,,EN,,2.188229727,41.41154607
02-2011-1342,L'EIXAMPLE,la Nova Esquerra de l'Eixample,CARRER,COMTE BORRELL,2,134,,140,,,,,2,2,2.15594816,41.3825501
02-2011-1341,L'EIXAMPLE,la Sagrada Família,AVINGUDA,GAUDI,2,28,,28,,,,,PR,3,2.174562836,41.40662172
06-2011-0435,GRACIA,el Camp d'en Grassot i Gràcia Nova,CARRER,SARDENYA,1,415,,,,,,,3,,2.16737647,41.40777413
10-2011-0460,SANT MARTI,el Poblenou,PASSATGE,PIQUER,2,2,,6,,,,,4,3,2.206978739,41.40264635
02-2013-2217,L'EIXAMPLE,la Dreta de l'Eixample,CARRER,NAPOLS,1,213,,,,,,,EN,2,2.173840053,41.39944906
02-2013-2216,L'EIXAMPLE,la Dreta de l'Eixample,CARRER,NAPOLS,1,213,,,,,,,EN,1,2.173840053,41.39944906
07-2011-0152,HORTA-GUINARDÓ,el Guinardó,CARRER,AMILCAR,2,150,,,,,,,3,3,2.172746384,41.42246148
02-2011-1382,L'EIXAMPLE,el Fort Pienc,AVINGUDA,DIAGONAL,1,299,B,,,,,,2,1,2.173829609,41.39984301
02-2011-1383,L'EIXAMPLE,la Dreta de l'Eixample,CARRER,CONSELL DE CENT,2,324,,,,,,,1,2,2.167292402,41.39215091
02-2011-1384,L'EIXAMPLE,Sant Antoni,CARRER,MANSO,2,60,,,,,,,5,,2.161910256,41.37753506
02-2011-1385,L'EIXAMPLE,la Nova Esquerra de l'Eixample,CARRER,DIPUTACIO,1,123,,125,,,,,PR,,2.156679526,41.38273352
10-2012-0007,SANT MARTI,el Clot,AVINGUDA,MERIDIANA,1,109,,,,,,,1,1,2.186564607,41.40786798
02-2011-1174,L'EIXAMPLE,la Dreta de l'Eixample,CARRER,VALENCIA,2,358,,,,,,I,2,1,2.170232418,41.39776234
02-2011-1175,L'EIXAMPLE,la Dreta de l'Eixample,CARRER,VALENCIA,2,358,,,,,,E,2,2,2.170232418,41.39776234
02-2011-1176,L'EIXAMPLE,la Dreta de l'Eixample,CARRER,VALENCIA,2,358,,,,,,I,3,2,2.170232418,41.39776234
02-2011-1177,L'EIXAMPLE,la Dreta de l'Eixample,CARRER,VALENCIA,2,358,,,,,,E,4,2,2.170232418,41.39776234
02-2011-1178,L'EIXAMPLE,el Fort Pienc,GRAN VIA,CORTS CATALANES,2,734,,,,,,,6,1,2.178745704,41.39696013
02-2011-1324,L'EIXAMPLE,el Fort Pienc,CARRER,ARAGO,2,424,,,,,,E,7,2,2.175308718,41.39981155
02-2011-1325,L'EIXAMPLE,la Dreta de l'Eixample,CARRER,MALLORCA,2,362,,,,,,,1,1,2.171944864,41.40073849
10-2012-0011,SANT MARTI,el Clot,AVINGUDA,MERIDIANA,1,109,,,,,,,1,2,2.186564607,41.40786798
03-2011-0319,SANTS-MONTJUÏC,el Poble Sec,CARRER,MATA,2,24,,,,,,,3,1,2.170546071,41.37251524
03-2011-0320,SANTS-MONTJUÏC,el Poble Sec,CARRER,MATA,2,24,,,,,,,2,1,2.170546071,41.37251524
03-2011-0321,SANTS-MONTJUÏC,el Poble Sec,CARRER,MATA,2,24,,,,,,,1,2,2.170546071,41.37251524
03-2011-0323,SANTS-MONTJUÏC,el Poble Sec,CARRER,MATA,2,24,,,,,,,EN,2,2.170546071,41.37251524
02-2011-1179,L'EIXAMPLE,el Fort Pienc,CARRER,DIPUTACIO,2,418,,,,,,,3,2,2.179243571,41.39939829
02-2011-1180,L'EIXAMPLE,la Nova Esquerra de l'Eixample,CARRER,COMTE D'URGELL,1,109,,,,,,,2,2,2.155244345,41.38444181
02-2011-1181,L'EIXAMPLE,la Dreta de l'Eixample,CARRER,ROGER DE LLURIA,2,102,,,,,,,4,2,2.165182047,41.39608332
02-2011-1183,L'EIXAMPLE,la Sagrada Família,CARRER,ROSSELLO,1,425,,,,,,,1,3,2.172452076,41.40481707
02-2011-1184,L'EIXAMPLE,la Nova Esquerra de l'Eixample,AVINGUDA,JOSEP TARRADELLAS,2,40,,,,,,,1,1,2.142804058,41.38349393
02-2011-0983,L'EIXAMPLE,Sant Antoni,CARRER,VILLARROEL,2,28,,,,,,D,PR,1,2.161541113,41.38174172
02-2011-0984,L'EIXAMPLE,Sant Antoni,CARRER,VILLARROEL,2,28,,,,,,D,PR,4,2.161541113,41.38174172
02-2011-0985,L'EIXAMPLE,Sant Antoni,CARRER,VILLARROEL,2,28,,,,,,D,1,2,2.161541113,41.38174172
02-2011-0989,L'EIXAMPLE,Sant Antoni,CARRER,VILLARROEL,2,28,,,,,,D,1,4,2.161541113,41.38174172
02-2011-0990,L'EIXAMPLE,Sant Antoni,CARRER,VILLARROEL,2,28,,,,,,D,2,1,2.161541113,41.38174172
02-2011-0991,L'EIXAMPLE,Sant Antoni,CARRER,VILLARROEL,2,28,,,,,,D,2,2,2.161541113,41.38174172
02-2011-0992,L'EIXAMPLE,Sant Antoni,CARRER,VILLARROEL,2,28,,,,,,D,2,4,2.161541113,41.38174172
02-2011-0994,L'EIXAMPLE,Sant Antoni,CARRER,VILLARROEL,2,28,,,,,,D,3,1,2.161541113,41.38174172
02-2011-0995,L'EIXAMPLE,Sant Antoni,CARRER,VILLARROEL,2,28,,,,,,D,3,3,2.161541113,41.38174172
02-2011-0997,L'EIXAMPLE,Sant Antoni,CARRER,VILLARROEL,2,28,,,,,,D,3,4,2.161541113,41.38174172
02-2011-0884,L'EIXAMPLE,la Dreta de l'Eixample,RAMBLA,CATALUNYA,2,98,B,,,,,,2,3,2.160430058,41.39347774
10-2011-0543,SANT MARTI,Diagonal Mar i el Front Marítim del Poblenou,CARRER,SELVA DE MAR,2,6,,,,,,,4,1,2.214327629,41.40529129
02-2011-1122,L'EIXAMPLE,la Sagrada Família,AVINGUDA,GAUDI,2,26,,28,,,,,5,3,2.174562836,41.40662172
02-2012-0013,L'EIXAMPLE,la Dreta de l'Eixample,CARRER,NAPOLS,1,149,,151,,,,,3,4,2.177235971,41.39688395
10-2011-0514,SANT MARTI,el Camp de l'Arpa del Clot,CARRER,FRESER,1,5,,,,,,,2,3,2.179128328,41.40989755
10-2011-0515,SANT MARTI,el Camp de l'Arpa del Clot,CARRER,FRESER,1,5,,,,,,,AT,2,2.179128328,41.40989755
02-2011-1023,L'EIXAMPLE,la Sagrada Família,CARRER,VALENCIA,1,463,,,,,,,6,1,2.177486514,41.40348392
02-2011-1029,L'EIXAMPLE,Sant Antoni,CARRER,VILLARROEL,2,28,,,,,,E,3,1,2.161541113,41.38174172
02-2011-1030,L'EIXAMPLE,Sant Antoni,CARRER,VILLARROEL,2,28,,,,,,E,4,1,2.161541113,41.38174172
02-2011-1031,L'EIXAMPLE,Sant Antoni,CARRER,VILLARROEL,2,28,,,,,,E,4,2,2.161541113,41.38174172
05-2012-0061,SARRIA-SANT GERVASI,Sant Gervasi - Galvany,VIA,AUGUSTA,1,153,,,,,,1,5,1,2.143639126,41.39897681
02-2011-0998,L'EIXAMPLE,Sant Antoni,CARRER,VILLARROEL,2,28,,,,,,D,4,1,2.161541113,41.38174172
02-2011-0999,L'EIXAMPLE,Sant Antoni,CARRER,VILLARROEL,2,28,,,,,,D,4,2,2.161541113,41.38174172
02-2011-1000,L'EIXAMPLE,Sant Antoni,CARRER,VILLARROEL,2,28,,,,,,D,4,3,2.161541113,41.38174172
02-2011-1001,L'EIXAMPLE,Sant Antoni,CARRER,VILLARROEL,2,28,,,,,,D,4,4,2.161541113,41.38174172
02-2011-1002,L'EIXAMPLE,Sant Antoni,CARRER,VILLARROEL,2,28,,,,,,E,PR,1,2.161541113,41.38174172
02-2011-1003,L'EIXAMPLE,Sant Antoni,CARRER,VILLARROEL,2,28,,,,,,E,PR,2,2.161541113,41.38174172
02-2011-1078,L'EIXAMPLE,la Dreta de l'Eixample,RONDA,SANT PERE,1,33,,,,,,,AT,1,2.175854462,41.39028041
02-2011-1079,L'EIXAMPLE,Sant Antoni,AVINGUDA,PARAL.LEL,2,108,,,,,,,2,3,2.164322453,41.37517124
10-2011-0544,SANT MARTI,Diagonal Mar i el Front Marítim del Poblenou,PASSEIG,TAULAT,1,283,,,,,,,21,3,2.215920792,41.40800211
01-2011-0546,CIUTAT VELLA,el Raval,CARRER,JOAQUIN COSTA,1,53,,,,,,,AT,,2.16471257,41.38347516
10-2011-0516,SANT MARTI,el Camp de l'Arpa del Clot,CARRER,FRESER,1,5,,,,,,,AT,3,2.179128328,41.40989755
03-2011-0299,SANTS-MONTJUÏC,el Poble Sec,AVINGUDA,PARAL.LEL,1,15,,,,,,,4,5,2.174741591,41.37448186
05-2011-0381,SARRIA-SANT GERVASI,el Putxet i el Farró,CARRER,GUILLEM TELL,1,21,,,,,,,2,1,2.149025191,41.40265289
02-2011-0885,L'EIXAMPLE,l'Antiga Esquerra de l'Eixample,CARRER,BALMES,1,161,,,,,,,4,1,2.155475144,41.39460286
02-2011-1004,L'EIXAMPLE,Sant Antoni,CARRER,VILLARROEL,2,28,,,,,,E,1,2,2.161541113,41.38174172
02-2011-1005,L'EIXAMPLE,Sant Antoni,CARRER,VILLARROEL,2,28,,,,,,E,2,2,2.161541113,41.38174172
02-2011-1010,L'EIXAMPLE,la Sagrada Família,CARRER,CARTAGENA,2,302,,,,,,,1,2,2.175911774,41.41011321
10-2011-0517,SANT MARTI,el Camp de l'Arpa del Clot,CARRER,FRESER,1,5,,,,,,,2,2,2.179128328,41.40989755
10-2011-0518,SANT MARTI,el Camp de l'Arpa del Clot,CARRER,FRESER,1,5,,,,,,,AT,4,2.179128328,41.40989755
10-2011-0519,SANT MARTI,el Camp de l'Arpa del Clot,CARRER,FRESER,1,5,,,,,,,AT,1,2.179128328,41.40989755
10-2012-0022,SANT MARTI,el Camp de l'Arpa del Clot,CARRER,INDEPENDENCIA,1,317,,,,,,,3,4,2.181450159,41.40911657
05-2011-0368,SARRIA-SANT GERVASI,Sant Gervasi - Galvany,VIA,AUGUSTA,1,95,,,,,,,1,2,2.149616791,41.4009469
05-2011-0369,SARRIA-SANT GERVASI,Sant Gervasi - Galvany,VIA,AUGUSTA,1,95,,,,,,,1,1,2.149616791,41.4009469
10-2011-0369,SANT MARTI,el Poblenou,CARRER,PUJADES,2,120,,122,,,,,1,4,2.195838667,41.39786128
10-2011-0415,SANT MARTI,el Poblenou,PASSATGE,PIQUER,2,2,,6,,,,,4,2,2.206978739,41.40264635
02-2011-0850,L'EIXAMPLE,Sant Antoni,AVINGUDA,PARAL.LEL,2,106,,,,,,,AT,2,2.164322453,41.37517124
02-2011-0852,L'EIXAMPLE,la Sagrada Família,CARRER,PROVENÇA,1,383,,,,,,,5,1,2.171124267,41.40211735
05-2012-0015,SARRIA-SANT GERVASI,el Putxet i el Farró,CARRER,RIOS ROSAS,2,38,,,,,,,BJ,,2.143400101,41.40431954
04-2011-0231,LES CORTS,les Corts,CARRER,DEU I MATA,2,142,,,,,,,1,,2.138637354,41.39004495
10-2011-0513,SANT MARTI,el Camp de l'Arpa del Clot,CARRER,FRESER,1,5,,,,,,,2,4,2.179128328,41.40989755
10-2011-0539,SANT MARTI,el Poblenou,CARRER,PUJADES,2,120,,122,,,,,2,2,2.195838667,41.39786128
06-2011-0381,GRACIA,la Vila de Gràcia,CARRER,SENECA,1,15,,,,,,,2,C,2.156528818,41.39698423
10-2011-0356,SANT MARTI,la Vila Olímpica del Poblenou,CARRER,JOAN D'AUSTRIA,1,51,,,,,,A,6,2,2.191925217,41.39255836
02-2011-0969,L'EIXAMPLE,la Nova Esquerra de l'Eixample,CARRER,VALENCIA,2,32,,34,,,,,1,1,2.146845254,41.38015418
02-2011-0970,L'EIXAMPLE,la Nova Esquerra de l'Eixample,CARRER,VALENCIA,2,32,,34,,,,,1,2,2.146845254,41.38015418
02-2011-0971,L'EIXAMPLE,la Nova Esquerra de l'Eixample,CARRER,VALENCIA,2,32,,34,,,,,2,1,2.146845254,41.38015418
02-2011-0972,L'EIXAMPLE,la Nova Esquerra de l'Eixample,CARRER,VALENCIA,2,32,,34,,,,,2,2,2.146845254,41.38015418
02-2011-0973,L'EIXAMPLE,la Nova Esquerra de l'Eixample,CARRER,VALENCIA,2,32,,34,,,,,3,1,2.146845254,41.38015418
05-2012-0016,SARRIA-SANT GERVASI,el Putxet i el Farró,CARRER,RIOS ROSAS,2,36,,,,,,,BJ,,2.143400101,41.40431954
02-2011-0907,L'EIXAMPLE,l'Antiga Esquerra de l'Eixample,CARRER,MUNTANER,1,87,,89,,,,,2,2,2.156916254,41.38837305
02-2011-0908,L'EIXAMPLE,la Dreta de l'Eixample,CARRER,VALENCIA,1,329,,,,,,,EN,2,2.168942243,41.397077
01-2011-0409,CIUTAT VELLA,el Barri Gòtic,CARRER,AVINYO,2,58,,,,,,,PR,3B,2.17928937,41.38018913
05-2011-0304,SARRIA-SANT GERVASI,el Putxet i el Farró,CARRER,BALLESTER,2,28,,,,,,,BJ,1,2.14604123,41.40696719
05-2011-0416,SARRIA-SANT GERVASI,Sant Gervasi - Galvany,CARRER,ARIBAU,2,226,,,,,,D,3,,2.150536157,41.39517058
01-2011-0547,CIUTAT VELLA,el Raval,CARRER,JOAQUIN COSTA,1,53,,,,,,,3,,2.16471257,41.38347516
10-2013-0028,SANT MARTI,el Poblenou,CARRER,TORTELLA,1,3,,,,,,,2,1,2.208090268,41.40313491
05-2011-0278,SARRIA-SANT GERVASI,el Putxet i el Farró,CARRER,VALLIRANA,1,29,,,,,,,1,C,2.148007154,41.40385312
10-2011-0533,SANT MARTI,el Poblenou,CARRER,FERROCARRIL,1,27,,,,,,,4,1,2.207070421,41.3988077
10-2011-0534,SANT MARTI,el Poblenou,CARRER,FERROCARRIL,1,27,,,,,,,4,2,2.207070421,41.3988077
02-2012-0016,L'EIXAMPLE,la Sagrada Família,CARRER,VALENCIA,2,544,,,,,,,6,3,2.182012664,41.40658664
02-2011-1307,L'EIXAMPLE,la Dreta de l'Eixample,CARRER,ROGER DE LLURIA,2,40,,,,,,,2,1,2.17048376,41.39203561
02-2011-1233,L'EIXAMPLE,la Nova Esquerra de l'Eixample,CARRER,VILADOMAT,1,191,,,,,,,1,4,2.152122726,41.38345964
02-2011-1267,L'EIXAMPLE,la Dreta de l'Eixample,CARRER,AUSIAS MARC,2,20,,,,,,,4,2,2.175158918,41.39086394
02-2011-1266,L'EIXAMPLE,la Dreta de l'Eixample,CARRER,AUSIAS MARC,2,20,,,,,,,4,1,2.175158918,41.39086394
02-2011-1270,L'EIXAMPLE,la Dreta de l'Eixample,CARRER,PELAI,1,5,,,,,,,1,1B,2.166129159,41.38589339
02-2011-0941,L'EIXAMPLE,la Dreta de l'Eixample,CARRER,ROGER DE LLURIA,1,55,,,,,,,PR,2,2.168066443,41.39358204
02-2011-1096,L'EIXAMPLE,la Sagrada Família,AVINGUDA,GAUDI,2,28,,28,,,,A,2,1,2.174562836,41.40662172
02-2011-1097,L'EIXAMPLE,la Sagrada Família,AVINGUDA,GAUDI,2,26,,28,,,,A,2,3,2.174562836,41.40662172
02-2011-1098,L'EIXAMPLE,la Sagrada Família,AVINGUDA,GAUDI,2,26,,28,,,,A,3,3,2.174562836,41.40662172
02-2011-1091,L'EIXAMPLE,la Sagrada Família,CARRER,LEPANT,1,293,,,,,,,1,1,2.175010244,41.40556526
02-2011-1215,L'EIXAMPLE,l'Antiga Esquerra de l'Eixample,CARRER,PROVENÇA,2,232,,,,,,,PR,1,2.157207515,41.39136292
02-2011-1216,L'EIXAMPLE,l'Antiga Esquerra de l'Eixample,CARRER,PROVENÇA,2,232,,,,,,,PR,2,2.157207515,41.39136292
02-2011-1217,L'EIXAMPLE,l'Antiga Esquerra de l'Eixample,CARRER,PROVENÇA,2,232,,,,,,,1,1,2.157207515,41.39136292
02-2011-1218,L'EIXAMPLE,l'Antiga Esquerra de l'Eixample,CARRER,PROVENÇA,2,232,,,,,,,1,2,2.157207515,41.39136292
02-2011-1050,L'EIXAMPLE,l'Antiga Esquerra de l'Eixample,CARRER,VILLARROEL,2,142,,,,,,,3,,2.15442831,41.38711093
10-2012-0003,SANT MARTI,la Vila Olímpica del Poblenou,CARRER,RAMON TURRO,2,48,,50,,,,,BJ,1,2.193231526,41.39250558
08-2012-0004,NOU BARRIS,Vilapicina i la Torre Llobeta,CARRER,COSTA I CUXART,2,4,,,,,,,1,2,2.174076677,41.42767739
02-2011-1308,L'EIXAMPLE,la Dreta de l'Eixample,CARRER,ROGER DE LLURIA,2,40,,,,,,,4,4,2.17048376,41.39203561
02-2011-1309,L'EIXAMPLE,l'Antiga Esquerra de l'Eixample,GRAN VIA,CORTS CATALANES,1,561,,,,,,D,EN,,2.161025656,41.38430624
10-2011-0545,SANT MARTI,Diagonal Mar i el Front Marítim del Poblenou,PASSEIG,GARCIA FARIA,1,73,,75,,,,,25,3,2.215323118,41.40496996
03-2011-0326,SANTS-MONTJUÏC,el Poble Sec,CARRER,MATA,2,24,,,,,,,1,1,2.170546071,41.37251524
03-2011-0327,SANTS-MONTJUÏC,el Poble Sec,CARRER,MATA,2,24,,,,,,,3,2,2.170546071,41.37251524
02-2011-1244,L'EIXAMPLE,el Fort Pienc,GRAN VIA,CORTS CATALANES,2,732,,,,,,,5,2,2.178597091,41.39684938
06-2011-0421,GRACIA,la Vila de Gràcia,CARRER,SANT DOMENEC,1,11,,,,,,,1,2,2.156588566,41.39993332
06-2011-0369,GRACIA,la Vila de Gràcia,CARRER,SENECA,1,15,,,,,,,2,D,2.156528818,41.39698423
05-2012-0062,SARRIA-SANT GERVASI,Sant Gervasi - Galvany,VIA,AUGUSTA,1,153,,,,,,1,6,1,2.143639126,41.39897681
02-2011-1099,L'EIXAMPLE,la Sagrada Família,CARRER,MARINA,2,258,,,,,,,PR,,2.176160888,41.40331817
05-2011-0288,SARRIA-SANT GERVASI,el Putxet i el Farró,CARRER,BALLESTER,2,30,,,,,,,BJ,1,2.14604123,41.40696719
03-2011-0309,SANTS-MONTJUÏC,la Font de la Guatlla,CARRER,SANT GERMA,2,8,,,,,,,3,,2.146418894,41.37204699
02-2011-1219,L'EIXAMPLE,l'Antiga Esquerra de l'Eixample,CARRER,PROVENÇA,2,232,,,,,,,2,1,2.157207515,41.39136292
02-2011-1220,L'EIXAMPLE,l'Antiga Esquerra de l'Eixample,CARRER,PROVENÇA,2,232,,,,,,,2,2,2.157207515,41.39136292
02-2011-1221,L'EIXAMPLE,l'Antiga Esquerra de l'Eixample,CARRER,PROVENÇA,2,232,,,,,,,3,1,2.157207515,41.39136292
02-2011-1222,L'EIXAMPLE,l'Antiga Esquerra de l'Eixample,CARRER,PROVENÇA,2,232,,,,,,,3,2,2.157207515,41.39136292
10-2011-0425,SANT MARTI,el Poblenou,CARRER,VENERO,2,8,,,,,,,2,2,2.201790606,41.4015506
10-2011-0563,SANT MARTI,el Parc i la Llacuna del Poblenou,CARRER,LLULL,1,23,,,,,,,EN,2,2.189738717,41.39205546
10-2012-0019,SANT MARTI,Diagonal Mar i el Front Marítim del Poblenou,PASSEIG,GARCIA FARIA,1,69,,71,,,,,9,2,2.214093104,41.40403622
10-2011-0529,SANT MARTI,el Camp de l'Arpa del Clot,CARRER,INDUSTRIA,1,201,,203,,,,,2,1,2.176843399,41.41152692
02-2011-0929,L'EIXAMPLE,la Dreta de l'Eixample,CARRER,MALLORCA,2,246,,,,,,,AT,,2.162016659,41.39328894
02-2011-0960,L'EIXAMPLE,la Dreta de l'Eixample,CARRER,BRUC,2,136,,,,,,,4,2,2.166055152,41.39708361
02-2011-1337,L'EIXAMPLE,la Sagrada Família,CARRER,ROSSELLO,2,458,B,,,,,,3,3,2.176479663,41.40756874
07-2011-0216,HORTA-GUINARDÓ,el Guinardó,CARRER,ART,1,97,,,,,,,3,2,2.174277464,41.41872802
10-2011-0423,SANT MARTI,el Poblenou,CARRER,VENERO,2,8,,,,,,,BJ,2,2.201790606,41.4015506
10-2011-0424,SANT MARTI,el Poblenou,CARRER,VENERO,2,8,,,,,,,1,2,2.201790606,41.4015506
04-2012-0011,LES CORTS,les Corts,CARRER,CABALLERO,2,60,,,,,,,AT,4,2.137468748,41.38352685
10-2011-0531,SANT MARTI,el Poblenou,CARRER,FERROCARRIL,1,27,,,,,,,1,1,2.207070421,41.3988077
10-2011-0426,SANT MARTI,el Poblenou,CARRER,VENERO,2,8,,,,,,,2,1,2.201790606,41.4015506
10-2011-0412,SANT MARTI,el Poblenou,CARRER,VENERO,2,8,,,,,,,BJ,1,2.201790606,41.4015506
02-2011-0889,L'EIXAMPLE,Sant Antoni,CARRER,COMTE BORRELL,1,73,,,,,,A,1,1,2.161292989,41.37823361
02-2011-0890,L'EIXAMPLE,Sant Antoni,CARRER,COMTE BORRELL,1,73,,,,,,B,1,1,2.161292989,41.37823361
02-2011-0891,L'EIXAMPLE,Sant Antoni,CARRER,COMTE BORRELL,1,73,,,,,,A,1,2,2.161292989,41.37823361
02-2011-0892,L'EIXAMPLE,Sant Antoni,CARRER,COMTE BORRELL,1,73,,,,,,B,1,2,2.161292989,41.37823361
02-2011-0893,L'EIXAMPLE,Sant Antoni,CARRER,COMTE BORRELL,1,73,,,,,,A,2,1,2.161292989,41.37823361
02-2011-0894,L'EIXAMPLE,Sant Antoni,CARRER,COMTE BORRELL,1,73,,,,,,B,2,1,2.161292989,41.37823361
02-2011-0895,L'EIXAMPLE,Sant Antoni,CARRER,COMTE BORRELL,1,73,,,,,,A,2,2,2.161292989,41.37823361
02-2011-0896,L'EIXAMPLE,Sant Antoni,CARRER,COMTE BORRELL,1,73,,,,,,B,2,2,2.161292989,41.37823361
02-2011-0897,L'EIXAMPLE,Sant Antoni,CARRER,COMTE BORRELL,1,73,,,,,,A,3,1,2.161292989,41.37823361
02-2011-0898,L'EIXAMPLE,Sant Antoni,CARRER,COMTE BORRELL,1,73,,,,,,B,3,1,2.161292989,41.37823361
06-2012-0019,GRACIA,la Vila de Gràcia,CARRER,SANT JOAQUIM,1,19,,21,,,,,BJ,5,2.15582658,41.40113139
06-2012-0020,GRACIA,la Vila de Gràcia,CARRER,SANT JOAQUIM,1,19,,21,,,,,BJ,4,2.15582658,41.40113139
10-2011-0532,SANT MARTI,el Poblenou,CARRER,FERROCARRIL,1,27,,,,,,,1,2,2.207070421,41.3988077
04-2011-0269,LES CORTS,les Corts,CARRER,EQUADOR,1,31,,,,,,,3,3,2.140748215,41.38521093
04-2011-0270,LES CORTS,les Corts,CARRER,EQUADOR,1,31,,,,,,,3,2,2.140748215,41.38521093
04-2011-0271,LES CORTS,les Corts,CARRER,EQUADOR,1,31,,,,,,,3,1,2.140748215,41.38521093
04-2011-0272,LES CORTS,les Corts,CARRER,EQUADOR,1,31,,,,,,,4,2,2.140748215,41.38521093
04-2011-0273,LES CORTS,les Corts,CARRER,EQUADOR,1,31,,,,,,,5,2,2.140748215,41.38521093
06-2011-0260,GRACIA,la Vila de Gràcia,CARRER,TORRENT DE L'OLLA,2,176,,,,,,,4,1,2.154955242,41.40427536
02-2011-0899,L'EIXAMPLE,Sant Antoni,CARRER,COMTE BORRELL,1,73,,,,,,A,3,2,2.161292989,41.37823361
02-2011-0900,L'EIXAMPLE,Sant Antoni,CARRER,COMTE BORRELL,1,73,,,,,,B,3,2,2.161292989,41.37823361
02-2011-0901,L'EIXAMPLE,Sant Antoni,CARRER,COMTE BORRELL,1,73,,,,,,A,4,1,2.161292989,41.37823361
02-2011-0902,L'EIXAMPLE,Sant Antoni,CARRER,COMTE BORRELL,1,73,,,,,,B,4,1,2.161292989,41.37823361
02-2011-0903,L'EIXAMPLE,Sant Antoni,CARRER,COMTE BORRELL,1,73,,,,,,A,4,2,2.161292989,41.37823361
02-2011-0904,L'EIXAMPLE,Sant Antoni,CARRER,COMTE BORRELL,1,73,,,,,,B,4,2,2.161292989,41.37823361
06-2012-0198,GRACIA,la Vila de Gràcia,CARRER,SANT PERE MARTIR,2,4,,,,,,,1,2,2.158244014,41.39861065
02-2012-0549,L'EIXAMPLE,la Dreta de l'Eixample,CARRER,ROSSELLO,2,322,,,,,,,PR,2A,2.169030555,41.40197673
06-2012-0252,GRACIA,el Camp d'en Grassot i Gràcia Nova,CARRER,ROMANS,1,1,,,,,,,1,2,2.164038887,41.40709139
07-2012-0126,HORTA-GUINARDÓ,el Carmel,CARRER,CALDERON DE LA BARCA,2,112,,114,,,,,1,1,2.157035773,41.41971935
02-2012-0353,L'EIXAMPLE,la Dreta de l'Eixample,RONDA,UNIVERSITAT,1,13,,,,,,,2,1,2.165787366,41.38651131
02-2012-0354,L'EIXAMPLE,la Dreta de l'Eixample,RONDA,UNIVERSITAT,1,13,,,,,,,1,2,2.165787366,41.38651131
02-2012-0355,L'EIXAMPLE,la Dreta de l'Eixample,RONDA,UNIVERSITAT,1,13,,,,,,,1,1,2.165787366,41.38651131
02-2012-0356,L'EIXAMPLE,la Dreta de l'Eixample,RONDA,UNIVERSITAT,1,13,,,,,,,PR,2,2.165787366,41.38651131
02-2012-0357,L'EIXAMPLE,la Dreta de l'Eixample,RONDA,UNIVERSITAT,1,13,,,,,,,PR,1,2.165787366,41.38651131
05-2012-0248,SARRIA-SANT GERVASI,Sant Gervasi - Galvany,AVINGUDA,DIAGONAL,2,572,,,,,,,PR,1A,2.148734513,41.39404983
05-2012-0249,SARRIA-SANT GERVASI,Sant Gervasi - Galvany,AVINGUDA,DIAGONAL,2,572,,,,,,,2,1B,2.148734513,41.39404983
01-2012-0203,CIUTAT VELLA,Sant Pere Santa Caterina i la Ribera,CARRER,PORTAL NOU,1,35,,,,,,,3,2,2.180753336,41.38908353
02-2012-0666,L'EIXAMPLE,l'Antiga Esquerra de l'Eixample,CARRER,DIPUTACIO,2,160,,,,,,,3,1,2.158033088,41.38347688
02-2012-0713,L'EIXAMPLE,Sant Antoni,RONDA,SANT PAU,1,1,,,,,,,3,1,2.167286662,41.37532033
02-2012-0714,L'EIXAMPLE,Sant Antoni,RONDA,SANT PAU,1,1,,,,,,,4,1,2.167286662,41.37532033
09-2012-0119,SANT ANDREU,la Sagrera,CARRER,PACIFIC,1,23,,27,,,,,1,5,2.189598999,41.42588724
09-2012-0121,SANT ANDREU,la Sagrera,CARRER,PACIFIC,1,23,,27,,,,,1,1,2.189598999,41.42588724
09-2012-0123,SANT ANDREU,la Sagrera,CARRER,PACIFIC,1,23,,27,,,,,BJ,2,2.189598999,41.42588724
02-2012-0518,L'EIXAMPLE,la Sagrada Família,CARRER,VALENCIA,2,482,,,,,,,3,4,2.17852631,41.40397867
10-2012-0163,SANT MARTI,el Poblenou,CARRER,TAULAT,1,1,,,,,,,4,2,2.200914524,41.39494957
02-2012-0454,L'EIXAMPLE,la Sagrada Família,CARRER,ROSSELLO,2,380,,382,,,,,1,6,2.172531405,41.40460233
02-2012-0456,L'EIXAMPLE,la Sagrada Família,CARRER,ROSSELLO,2,380,,382,,,,,1,7,2.172531405,41.40460233
02-2012-0457,L'EIXAMPLE,la Sagrada Família,CARRER,ROSSELLO,2,380,,382,,,,,2,1,2.172531405,41.40460233
02-2012-0459,L'EIXAMPLE,la Sagrada Família,CARRER,ROSSELLO,2,380,,382,,,,,2,3,2.172531405,41.40460233
10-2012-0194,SANT MARTI,el Poblenou,CARRER,FERROCARRIL,1,27,,,,,,,4,7,2.207070421,41.3988077
10-2012-0195,SANT MARTI,el Poblenou,CARRER,FERROCARRIL,1,27,,,,,,,4,5,2.207070421,41.3988077
10-2012-0196,SANT MARTI,el Poblenou,CARRER,FERROCARRIL,1,27,,,,,,,4,3,2.207070421,41.3988077
10-2012-0197,SANT MARTI,el Poblenou,CARRER,FERROCARRIL,1,27,,,,,,,4,6,2.207070421,41.3988077
05-2012-0130,SARRIA-SANT GERVASI,Sant Gervasi - Galvany,AVINGUDA,DIAGONAL,2,506,,,,,,,7,1B,2.15395555,41.39537651
02-2012-0550,L'EIXAMPLE,l'Antiga Esquerra de l'Eixample,CARRER,ARIBAU,2,66,,,,,,,1,1,2.158986232,41.38879358
07-2012-0127,HORTA-GUINARDÓ,el Carmel,CARRER,CALDERON DE LA BARCA,2,112,,114,,,,,1,2,2.157035773,41.41971935
06-2012-0074,GRACIA,Vallcarca i els Penitents,CARRER,REPARTIDOR,2,26,,,,,,,2,2,2.148845811,41.4113285
06-2012-0157,GRACIA,la Vila de Gràcia,CARRER,CIUDAD REAL,2,24,,,,,,,5,2,2.159317697,41.40360778
02-2012-0434,L'EIXAMPLE,la Dreta de l'Eixample,PASSEIG,GRACIA,2,50,,,,,,,6,1A,2.16563702,41.39199248
02-2012-0435,L'EIXAMPLE,la Dreta de l'Eixample,PASSEIG,GRACIA,2,50,,,,,,,6,1B,2.16563702,41.39199248
03-2012-0146,SANTS-MONTJUÏC,el Poble Sec,CARRER,POETA CABANYES,2,60,,,,,,,BJ,1,2.164493579,41.37243579
10-2012-0223,SANT MARTI,el Poblenou,CARRER,RAMON TURRO,2,226,,,,,,,5,3,2.204009086,41.40055274
02-2012-0375,L'EIXAMPLE,Sant Antoni,CARRER,FLORIDABLANCA,1,125,,,,,,,2,2,2.161632082,41.38098713
02-2012-0489,L'EIXAMPLE,el Fort Pienc,CARRER,AUSIAS MARC,2,146,,,,,,,BJ,1,2.184468524,41.39783093
02-2012-0490,L'EIXAMPLE,el Fort Pienc,CARRER,AUSIAS MARC,2,146,,,,,,,1,2,2.184468524,41.39783093
02-2012-0492,L'EIXAMPLE,el Fort Pienc,CARRER,AUSIAS MARC,2,146,,,,,,,2,3,2.184468524,41.39783093
02-2012-0493,L'EIXAMPLE,el Fort Pienc,CARRER,AUSIAS MARC,2,146,,,,,,,3,3,2.184468524,41.39783093
02-2012-0645,L'EIXAMPLE,el Fort Pienc,CARRER,RIBES,1,63,,,,,,,PR,1,2.183806828,41.39945001
02-2012-0488,L'EIXAMPLE,la Dreta de l'Eixample,AVINGUDA,DIAGONAL,1,317,,,,,,,3,2,2.171444477,41.39927108
03-2012-0179,SANTS-MONTJUÏC,el Poble Sec,CARRER,RICART,2,22,,,,,,,3,11,2.157995074,41.37381624
02-2012-0646,L'EIXAMPLE,Sant Antoni,AVINGUDA,PARAL.LEL,2,120,,122,,,,,7,D,2.162533867,41.37517748
02-2012-0606,L'EIXAMPLE,Sant Antoni,GRAN VIA,CORTS CATALANES,2,476,,,,,,,3,1,2.15586016,41.37976653
07-2012-0019,HORTA-GUINARDÓ,el Guinardó,PASSATGE,FLAUGIER,1,39,,,,,,,BJ,3,2.176340806,41.41590129
07-2012-0020,HORTA-GUINARDÓ,el Guinardó,PASSATGE,FLAUGIER,1,39,,,,,,,1,2,2.176340806,41.41590129
10-2012-0045,SANT MARTI,Diagonal Mar i el Front Marítim del Poblenou,PASSEIG,GARCIA FARIA,1,73,,75,,,,,22,2,2.215323118,41.40496996
02-2012-0445,L'EIXAMPLE,l'Antiga Esquerra de l'Eixample,CARRER,VALENCIA,1,127,,,,,,,5,2,2.155341268,41.38683349
02-2012-0461,L'EIXAMPLE,la Sagrada Família,CARRER,ROSSELLO,2,380,,382,,,,,2,5,2.172531405,41.40460233
02-2012-0462,L'EIXAMPLE,la Sagrada Família,CARRER,ROSSELLO,2,380,,382,,,,,2,6,2.172531405,41.40460233
02-2012-0463,L'EIXAMPLE,la Sagrada Família,CARRER,ROSSELLO,2,380,,382,,,,,2,7,2.172531405,41.40460233
02-2012-0464,L'EIXAMPLE,la Sagrada Família,CARRER,ROSSELLO,2,380,,382,,,,,3,1,2.172531405,41.40460233
02-2012-0465,L'EIXAMPLE,la Sagrada Família,CARRER,ROSSELLO,2,380,,382,,,,,3,2,2.172531405,41.40460233
02-2012-0557,L'EIXAMPLE,l'Antiga Esquerra de l'Eixample,CARRER,ARIBAU,2,66,,,,,,,2,1,2.158986232,41.38879358
02-2012-0558,L'EIXAMPLE,l'Antiga Esquerra de l'Eixample,CARRER,ARIBAU,2,66,,,,,,,1,2,2.158986232,41.38879358
02-2012-0643,L'EIXAMPLE,l'Antiga Esquerra de l'Eixample,CARRER,CORSEGA,1,267,,,,,,A,2,1,2.155391167,41.3936866
02-2012-0408,L'EIXAMPLE,la Sagrada Família,CARRER,PROVENÇA,1,379,,,,,,,3,3,2.171044754,41.40205759
02-2012-0656,L'EIXAMPLE,l'Antiga Esquerra de l'Eixample,CARRER,CASANOVA,2,136,,138,,,,A,7,2,2.154672401,41.38862694
02-2012-0657,L'EIXAMPLE,la Sagrada Família,CARRER,SICILIA,2,322,,,,,,,1,2,2.171812305,41.40297226
09-2012-0036,SANT ANDREU,la Sagrera,CARRER,PORTUGAL,1,49,,,,,,,BJ,2,2.18837398,41.42665048
02-2012-0444,L'EIXAMPLE,la Nova Esquerra de l'Eixample,CARRER,CONSELL DE CENT,1,87,,,,,,,EN,2,2.150137064,41.37951263
02-2012-0589,L'EIXAMPLE,l'Antiga Esquerra de l'Eixample,CARRER,PROVENÇA,1,131,,133,,,,,PR,4,2.152236782,41.38791921
02-2012-0600,L'EIXAMPLE,Sant Antoni,CARRER,MUNTANER,1,13,,,,,,,4,2,2.162518279,41.38413697
04-2012-0146,LES CORTS,les Corts,CARRER,JOAN GUELL,2,228,,,,,,,5,1,2.129517278,41.38661976
02-2012-0591,L'EIXAMPLE,la Sagrada Família,CARRER,SARDENYA,1,319,,,,,,,4,4,2.172481082,41.4038945
10-2012-0269,SANT MARTI,el Parc i la Llacuna del Poblenou,CARRER,WELLINGTON,2,92,,,,,,,4,3,2.185385957,41.39270577
06-2012-0047,GRACIA,la Vila de Gràcia,TRAVESSERA,GRACIA,2,98,B,,,,,,1,,2.154093728,41.39886245
02-2012-0642,L'EIXAMPLE,el Fort Pienc,CARRER,SICILIA,1,145,,,,,,,1,1,2.177887559,41.39810449
02-2012-0466,L'EIXAMPLE,la Sagrada Família,CARRER,ROSSELLO,2,380,,382,,,,,3,3,2.172531405,41.40460233
02-2012-0467,L'EIXAMPLE,la Sagrada Família,CARRER,ROSSELLO,2,380,,382,,,,,3,6,2.172531405,41.40460233
02-2012-0468,L'EIXAMPLE,la Sagrada Família,CARRER,ROSSELLO,2,380,,382,,,,,4,1,2.172531405,41.40460233
02-2012-0509,L'EIXAMPLE,la Sagrada Família,CARRER,ROSSELLO,2,380,,382,,,,,4,5,2.172531405,41.40460233
02-2012-0658,L'EIXAMPLE,l'Antiga Esquerra de l'Eixample,CARRER,CASANOVA,2,136,,138,,,,A,3,2,2.154672401,41.38862694
02-2012-0659,L'EIXAMPLE,la Sagrada Família,CARRER,SICILIA,2,322,,,,,,,2,1,2.171812305,41.40297226
02-2012-0660,L'EIXAMPLE,la Sagrada Família,CARRER,SICILIA,2,322,,,,,,,2,2,2.171812305,41.40297226
10-2012-0118,SANT MARTI,el Camp de l'Arpa del Clot,CARRER,INDUSTRIA,1,201,,203,,,,,4,4,2.176843399,41.41152692
06-2012-0246,GRACIA,la Vila de Gràcia,CARRER,CANO,1,3,,,,,,,BJ,3,2.157202411,41.40146311
07-2012-0135,HORTA-GUINARDÓ,el Carmel,CARRER,CALDERON DE LA BARCA,2,112,,,,,,,4,1,2.157035773,41.41971935
07-2012-0139,HORTA-GUINARDÓ,el Carmel,CARRER,CALDERON DE LA BARCA,2,112,,,,,,,5,1,2.157035773,41.41971935
02-2012-0213,L'EIXAMPLE,el Fort Pienc,GRAN VIA,CORTS CATALANES,1,691,,,,,,,AT,2,2.177932558,41.39701019
05-2012-0245,SARRIA-SANT GERVASI,Sant Gervasi - Galvany,CARRER,ARIBAU,2,228,,,,,,E,2,1,2.150536157,41.39517058
04-2012-0136,LES CORTS,les Corts,CARRER,NICARAGUA,2,136,,138,,,,,6,2,2.137076793,41.38702363
02-2012-0603,L'EIXAMPLE,Sant Antoni,CARRER,MARQUES DE CAMPO SAGRADO,1,7,,,,,,,1,1,2.163612337,41.37567879
02-2012-0708,L'EIXAMPLE,Sant Antoni,CARRER,PARLAMENT,2,50,,,,,,,EN,1,2.163793636,41.37723717
05-2012-0253,SARRIA-SANT GERVASI,Sant Gervasi - Galvany,TRAVESSERA,GRACIA,1,51,,,,,,,1,2,2.149561969,41.39622177
03-2012-0223,SANTS-MONTJUÏC,Sants,CARRER,TENOR MASINI,2,26,,,,,,,1,,2.132144352,41.37672616
03-2012-0224,SANTS-MONTJUÏC,Sants,CARRER,TENOR MASINI,2,26,,,,,,,2,,2.132144352,41.37672616
03-2012-0225,SANTS-MONTJUÏC,Sants,CARRER,TENOR MASINI,2,26,,,,,,,3,,2.132144352,41.37672616
03-2012-0226,SANTS-MONTJUÏC,Sants,CARRER,TENOR MASINI,2,26,,,,,,,4,,2.132144352,41.37672616
07-2012-0128,HORTA-GUINARDÓ,el Carmel,CARRER,CALDERON DE LA BARCA,2,112,,114,,,,,1,3,2.157035773,41.41971935
07-2012-0129,HORTA-GUINARDÓ,el Carmel,CARRER,CALDERON DE LA BARCA,2,112,,114,,,,,2,1,2.157035773,41.41971935
02-2012-0608,L'EIXAMPLE,la Sagrada Família,CARRER,ENAMORATS,2,76,,,,,,,5,3,2.182012365,41.40470461
06-2012-0254,GRACIA,la Vila de Gràcia,CARRER,MONISTROL,2,8,,,,,,,5,2,2.162935785,41.40099377
10-2012-0280,SANT MARTI,el Poblenou,CARRER,FERROCARRIL,1,27,,,,,,,1,5,2.207070421,41.3988077
02-2012-0469,L'EIXAMPLE,la Sagrada Família,CARRER,ROSSELLO,2,380,,382,,,,,4,2,2.172531405,41.40460233
02-2012-0470,L'EIXAMPLE,la Sagrada Família,CARRER,ROSSELLO,2,380,,382,,,,,4,3,2.172531405,41.40460233
02-2012-0471,L'EIXAMPLE,la Sagrada Família,CARRER,ROSSELLO,2,380,,382,,,,,4,4,2.172531405,41.40460233
02-2012-0661,L'EIXAMPLE,la Sagrada Família,CARRER,SICILIA,2,322,,,,,,,3,1,2.171812305,41.40297226
02-2012-0662,L'EIXAMPLE,la Sagrada Família,CARRER,SICILIA,2,322,,,,,,,3,2,2.171812305,41.40297226
02-2012-0663,L'EIXAMPLE,la Sagrada Família,CARRER,SICILIA,2,322,,,,,,,4,1,2.171812305,41.40297226
02-2012-0664,L'EIXAMPLE,la Sagrada Família,CARRER,SICILIA,2,322,,,,,,,4,2,2.171812305,41.40297226
02-2012-0665,L'EIXAMPLE,la Sagrada Família,CARRER,SICILIA,2,322,,,,,,,AT,,2.171812305,41.40297226
02-2012-0049,L'EIXAMPLE,l'Antiga Esquerra de l'Eixample,CARRER,PROVENÇA,2,244,,,,,,B,3,C,2.158067266,41.39200719
10-2012-0046,SANT MARTI,Diagonal Mar i el Front Marítim del Poblenou,PASSEIG,TAULAT,1,283,,,,,,,20,1,2.215920792,41.40800211
10-2012-0041,SANT MARTI,el Poblenou,CARRER,BAC DE RODA,1,35,,,,,,,BJ,2,2.209121799,41.40343715
10-2012-0042,SANT MARTI,el Poblenou,CARRER,BAC DE RODA,1,35,,,,,,,BJ,1,2.209121799,41.40343715
07-2012-0130,HORTA-GUINARDÓ,el Carmel,CARRER,CALDERON DE LA BARCA,2,112,,114,,,,,2,2,2.157035773,41.41971935
07-2012-0131,HORTA-GUINARDÓ,el Carmel,CARRER,CALDERON DE LA BARCA,2,112,,114,,,,,2,3,2.157035773,41.41971935
07-2012-0132,HORTA-GUINARDÓ,el Carmel,CARRER,CALDERON DE LA BARCA,2,112,,114,,,,,3,1,2.157035773,41.41971935
07-2012-0133,HORTA-GUINARDÓ,el Carmel,CARRER,CALDERON DE LA BARCA,2,112,,114,,,,,3,2,2.157035773,41.41971935
07-2012-0134,HORTA-GUINARDÓ,el Carmel,CARRER,CALDERON DE LA BARCA,2,112,,114,,,,,3,3,2.157035773,41.41971935
07-2012-0136,HORTA-GUINARDÓ,el Carmel,CARRER,CALDERON DE LA BARCA,2,112,,114,,,,,4,3,2.157035773,41.41971935
07-2012-0138,HORTA-GUINARDÓ,el Carmel,CARRER,CALDERON DE LA BARCA,2,112,,114,,,,,5,2,2.157035773,41.41971935
10-2012-0168,SANT MARTI,el Poblenou,PLAÇA,PRIM,1,3,,,,,,,2,3,2.206889983,41.39930993
10-2012-0281,SANT MARTI,el Poblenou,CARRER,FERROCARRIL,1,27,,,,,,,1,6,2.207070421,41.3988077
10-2012-0282,SANT MARTI,el Poblenou,CARRER,FERROCARRIL,1,27,,,,,,,1,7,2.207070421,41.3988077
02-2012-0565,L'EIXAMPLE,la Dreta de l'Eixample,PLAÇA,TETUAN,1,25,,,,,,,8,3,2.175004505,41.39565034
03-2012-0177,SANTS-MONTJUÏC,Sants - Badal,AVINGUDA,MADRID,2,114,,,,,,,1,C,2.128455743,41.37884473
04-2012-0130,LES CORTS,les Corts,CARRER,TAQUIGRAF GARRIGA,1,91,,99,,,,B,3,8,2.136792577,41.38870088
01-2012-0159,CIUTAT VELLA,Sant Pere Santa Caterina i la Ribera,CARRER,JAUME GIRALT,1,5,,,,,,,4,2,2.179956858,41.38710033
01-2012-0160,CIUTAT VELLA,Sant Pere Santa Caterina i la Ribera,CARRER,NEU DE SANT CUGAT,2,4,,,,,,,2,1,2.180395677,41.38619173
01-2012-0161,CIUTAT VELLA,Sant Pere Santa Caterina i la Ribera,CARRER,NEU DE SANT CUGAT,2,4,,,,,,,3,2,2.180395677,41.38619173
01-2012-0162,CIUTAT VELLA,Sant Pere Santa Caterina i la Ribera,CARRER,NEU DE SANT CUGAT,2,4,,,,,,,4,2,2.180395677,41.38619173
01-2012-0163,CIUTAT VELLA,el Raval,CARRER,HOSPITAL,1,131,,,,,,,4,,2.167563219,41.37958311
10-2012-0159,SANT MARTI,el Camp de l'Arpa del Clot,CARRER,INDUSTRIA,1,201,,203,,,,,1,1,2.176843399,41.41152692
02-2012-0670,L'EIXAMPLE,el Fort Pienc,CARRER,SARDENYA,2,160,,,,,,,4,3,2.183449238,41.39588324
02-2012-0677,L'EIXAMPLE,la Dreta de l'Eixample,CARRER,PROVENÇA,2,282,,284,,,,,3,4,2.160735662,41.39402575
02-2012-0134,L'EIXAMPLE,la Sagrada Família,AVINGUDA,GAUDI,2,26,,28,,,,,EN,1,2.174562836,41.40662172
02-2012-0135,L'EIXAMPLE,la Sagrada Família,AVINGUDA,GAUDI,2,26,,28,,,,,EN,2,2.174562836,41.40662172
02-2012-0136,L'EIXAMPLE,la Sagrada Família,AVINGUDA,GAUDI,2,26,,28,,,,,5,1,2.174562836,41.40662172
02-2012-0137,L'EIXAMPLE,la Sagrada Família,AVINGUDA,GAUDI,2,26,,28,,,,,5,2,2.174562836,41.40662172
02-2012-0138,L'EIXAMPLE,la Dreta de l'Eixample,PASSEIG,GRACIA,2,44,,,,,,,6,C,2.165977919,41.39172116
02-2012-0711,L'EIXAMPLE,Sant Antoni,RONDA,SANT PAU,1,1,,,,,,,3,2,2.167286662,41.37532033
02-2012-0472,L'EIXAMPLE,la Sagrada Família,CARRER,ROSSELLO,2,380,,382,,,,,5,5,2.172531405,41.40460233
02-2012-0473,L'EIXAMPLE,la Sagrada Família,CARRER,ROSSELLO,2,380,,382,,,,,5,4,2.172531405,41.40460233
02-2012-0474,L'EIXAMPLE,la Sagrada Família,CARRER,ROSSELLO,2,380,,382,,,,,5,1,2.172531405,41.40460233
02-2012-0476,L'EIXAMPLE,la Sagrada Família,CARRER,ROSSELLO,2,380,,382,,,,,5,2,2.172531405,41.40460233
02-2012-0477,L'EIXAMPLE,la Sagrada Família,CARRER,ROSSELLO,2,380,,382,,,,,2,4,2.172531405,41.40460233
02-2012-0513,L'EIXAMPLE,la Nova Esquerra de l'Eixample,CARRER,ROCAFORT,1,159,,,,,,,4,2,2.149792022,41.38180706
05-2012-0055,SARRIA-SANT GERVASI,Sant Gervasi - Galvany,VIA,AUGUSTA,1,153,,,,,,,2,6,2.143639126,41.39897681
06-2012-0250,GRACIA,la Vila de Gràcia,CARRER,SANT CRISTOFOL,2,12,,,,,,,2,2,2.154239812,41.39963588
02-2012-0674,L'EIXAMPLE,l'Antiga Esquerra de l'Eixample,CARRER,DIPUTACIO,1,167,,,,,,,1,1,2.159197067,41.3846261
05-2012-0163,SARRIA-SANT GERVASI,el Putxet i el Farró,CARRER,OSONA,1,1,,,,,,,BJ,,2.144282201,41.40769064
01-2012-0186,CIUTAT VELLA,el Barri Gòtic,CARRER,FERRAN,1,7,,,,,,,1,2,2.17450081,41.38065488
01-2012-0185,CIUTAT VELLA,el Barri Gòtic,CARRER,FERRAN,1,7,,,,,,,1,1,2.17450081,41.38065488
01-2012-0187,CIUTAT VELLA,el Barri Gòtic,CARRER,FERRAN,1,7,,,,,,,1,3,2.17450081,41.38065488
01-2012-0188,CIUTAT VELLA,el Barri Gòtic,CARRER,FERRAN,1,7,,,,,,,2,1,2.17450081,41.38065488
01-2012-0189,CIUTAT VELLA,el Barri Gòtic,CARRER,FERRAN,1,7,,,,,,,2,2,2.17450081,41.38065488
01-2012-0190,CIUTAT VELLA,el Barri Gòtic,CARRER,FERRAN,1,7,,,,,,,2,3,2.17450081,41.38065488
01-2012-0191,CIUTAT VELLA,el Barri Gòtic,CARRER,FERRAN,1,7,,,,,,,3,1,2.17450081,41.38065488
01-2012-0192,CIUTAT VELLA,el Barri Gòtic,CARRER,FERRAN,1,7,,,,,,,3,2,2.17450081,41.38065488
01-2012-0193,CIUTAT VELLA,el Barri Gòtic,CARRER,FERRAN,1,7,,,,,,,3,3,2.17450081,41.38065488
10-2012-0238,SANT MARTI,el Camp de l'Arpa del Clot,CARRER,VALENCIA,2,556,,,,,,,6,2,2.182849837,41.40721304
06-2012-0212,GRACIA,la Vila de Gràcia,CARRER,PUIGMARTI,1,19,,,,,,,1,1,2.160223571,41.40224577
09-2012-0153,SANT ANDREU,la Sagrera,CARRER,FELIP II,2,128,,,,,,,1,2,2.184549963,41.42247634
01-2012-0164,CIUTAT VELLA,el Raval,CARRER,HOSPITAL,1,133,,,,,,,PR,2,2.167480575,41.37956023
01-2012-0166,CIUTAT VELLA,el Raval,CARRER,SALVADOR,1,7,B,,,,,,1,3,2.164694587,41.37858888
01-2012-0167,CIUTAT VELLA,el Raval,CARRER,SALVADOR,1,7,B,,,,,,1,4,2.164694587,41.37858888
01-2012-0168,CIUTAT VELLA,el Raval,CARRER,SALVADOR,1,7,B,,,,,,5,3,2.164694587,41.37858888
01-2012-0169,CIUTAT VELLA,el Raval,CARRER,SALVADOR,1,7,B,,,,,,5,4,2.164694587,41.37858888
02-2012-0555,L'EIXAMPLE,la Sagrada Família,CARRER,PROVENÇA,2,474,,,,,,B,2,4,2.176004226,41.40549334
03-2012-0174,SANTS-MONTJUÏC,el Poble Sec,CARRER,VALLHONRAT,2,22,,24,,,,,2,5,2.15676502,41.37388119
02-2012-0638,L'EIXAMPLE,la Sagrada Família,CARRER,MARINA,2,240,,,,,,,1,6,2.177152845,41.40256275
03-2012-0128,SANTS-MONTJUÏC,el Poble Sec,CARRER,LLEIDA,1,35,,,,,,,EN,4,2.155594202,41.37238743
10-2012-0074,SANT MARTI,el Poblenou,CARRER,BAC DE RODA,1,43,,,,,,,2,2,2.208700707,41.40381786
02-2012-0390,L'EIXAMPLE,Sant Antoni,RONDA,SANT PAU,1,65,,,,,,,EN,2,2.16383468,41.37795225
02-2012-0687,L'EIXAMPLE,Sant Antoni,CARRER,SEPULVEDA,1,85,,,,,,,SA,,2.157073615,41.37925457
03-2012-0127,SANTS-MONTJUÏC,el Poble Sec,CARRER,ROSER,2,72,,,,,,,3,1,2.165712914,41.3719895
10-2012-0274,SANT MARTI,el Camp de l'Arpa del Clot,CARRER,FRESER,2,230,,,,,,,3,2,2.183409362,41.4170758
06-2012-0183,GRACIA,la Vila de Gràcia,CARRER,VILAFRANCA,2,2,,4,,,,,1,3,2.157027639,41.40686349
10-2012-0218,SANT MARTI,Provençals del Poblenou,AVINGUDA,DIAGONAL,2,160,,,,,,,6,1,2.196532576,41.40595896
02-2012-0289,L'EIXAMPLE,la Nova Esquerra de l'Eixample,AVINGUDA,ROMA,2,78,,,,,,,5,1,2.149407399,41.38289046
02-2012-0291,L'EIXAMPLE,la Nova Esquerra de l'Eixample,CARRER,ENTENÇA,2,140,,,,,,,EN,,2.147682097,41.38197146
02-2012-0292,L'EIXAMPLE,la Nova Esquerra de l'Eixample,CARRER,ENTENÇA,2,140,,,,,,,PR,1,2.147682097,41.38197146
02-2012-0293,L'EIXAMPLE,la Nova Esquerra de l'Eixample,CARRER,ENTENÇA,2,140,,,,,,,PR,2,2.147682097,41.38197146
02-2012-0294,L'EIXAMPLE,la Nova Esquerra de l'Eixample,CARRER,ENTENÇA,2,140,,,,,,,PR,3,2.147682097,41.38197146
02-2012-0296,L'EIXAMPLE,la Nova Esquerra de l'Eixample,CARRER,ENTENÇA,2,140,,,,,,,1,1,2.147682097,41.38197146
02-2012-0297,L'EIXAMPLE,la Nova Esquerra de l'Eixample,CARRER,ENTENÇA,2,140,,,,,,,1,2,2.147682097,41.38197146
06-2012-0251,GRACIA,la Vila de Gràcia,CARRER,MARIA,2,14,,,,,,,3,,2.157291817,41.3991977
02-2012-0686,L'EIXAMPLE,la Nova Esquerra de l'Eixample,AVINGUDA,JOSEP TARRADELLAS,2,54,,,,,,,7,1,2.14289162,41.38478317
02-2012-0535,L'EIXAMPLE,Sant Antoni,RONDA,SANT PAU,1,1,,,,,,,5,1,2.167286662,41.37532033
02-2012-0536,L'EIXAMPLE,Sant Antoni,RONDA,SANT PAU,1,1,,,,,,,1,2,2.167286662,41.37532033
02-2012-0537,L'EIXAMPLE,Sant Antoni,RONDA,SANT PAU,1,1,,,,,,,1,1,2.167286662,41.37532033
10-2012-0134,SANT MARTI,el Poblenou,CARRER,PUJADES,2,172,,,,,,,1,3,2.1998225,41.40087688
02-2012-0120,L'EIXAMPLE,la Dreta de l'Eixample,RONDA,SANT PERE,1,3,,,,,,,2,2,2.17068944,41.38834878
02-2012-0121,L'EIXAMPLE,la Nova Esquerra de l'Eixample,CARRER,ARAGO,2,58,,,,,,,5,1,2.151274493,41.38179459
02-2012-0122,L'EIXAMPLE,la Nova Esquerra de l'Eixample,CARRER,ARAGO,2,58,,,,,,,5,2,2.151274493,41.38179459
05-2012-0174,SARRIA-SANT GERVASI,Sant Gervasi - Galvany,AVINGUDA,DIAGONAL,2,594,,,,,,,7,2,2.1461987,41.39340962
05-2012-0175,SARRIA-SANT GERVASI,Sant Gervasi - Galvany,AVINGUDA,DIAGONAL,2,594,,,,,,,6,2,2.1461987,41.39340962
05-2012-0176,SARRIA-SANT GERVASI,Sant Gervasi - Galvany,AVINGUDA,DIAGONAL,2,594,,,,,,,5,1,2.1461987,41.39340962
05-2012-0177,SARRIA-SANT GERVASI,Sant Gervasi - Galvany,AVINGUDA,DIAGONAL,2,594,,,,,,,5,2,2.1461987,41.39340962
09-2012-0094,SANT ANDREU,Sant Andreu,CARRER,CASTELLBELL,1,19,,23,,,,,BJ,1,2.185885676,41.4336498
09-2012-0095,SANT ANDREU,Sant Andreu,CARRER,CASTELLBELL,1,19,,23,,,,,BJ,4,2.185885676,41.4336498
09-2012-0096,SANT ANDREU,Sant Andreu,CARRER,CASTELLBELL,1,25,,29,,,,2,BJ,3,2.185885676,41.4336498
07-2012-0096,HORTA-GUINARDÓ,el Guinardó,PASSATGE,FLAUGIER,1,39,,,,,,,BJ,2,2.176340806,41.41590129
09-2012-0154,SANT ANDREU,la Sagrera,CARRER,MARTI MOLINS,2,2,,,,,,,BJ,,2.190736363,41.42405709
02-2012-0298,L'EIXAMPLE,la Nova Esquerra de l'Eixample,CARRER,ENTENÇA,2,140,,,,,,,1,3,2.147682097,41.38197146
02-2012-0299,L'EIXAMPLE,la Nova Esquerra de l'Eixample,CARRER,ENTENÇA,2,140,,,,,,,2,1,2.147682097,41.38197146
02-2012-0300,L'EIXAMPLE,la Nova Esquerra de l'Eixample,CARRER,ENTENÇA,2,140,,,,,,,2,2,2.147682097,41.38197146
02-2012-0301,L'EIXAMPLE,la Nova Esquerra de l'Eixample,CARRER,ENTENÇA,2,140,,,,,,,2,3,2.147682097,41.38197146
02-2012-0302,L'EIXAMPLE,la Nova Esquerra de l'Eixample,CARRER,ENTENÇA,2,140,,,,,,,3,1,2.147682097,41.38197146
02-2012-0303,L'EIXAMPLE,la Nova Esquerra de l'Eixample,CARRER,ENTENÇA,2,140,,,,,,,3,2,2.147682097,41.38197146
02-2012-0304,L'EIXAMPLE,la Nova Esquerra de l'Eixample,CARRER,ENTENÇA,2,140,,,,,,,3,3,2.147682097,41.38197146
02-2012-0305,L'EIXAMPLE,la Nova Esquerra de l'Eixample,CARRER,ENTENÇA,2,140,,,,,,,4,1,2.147682097,41.38197146
06-2012-0195,GRACIA,la Vila de Gràcia,CARRER,PUIGMARTI,2,48,,,,,,,1,1,2.16071133,41.40242947
08-2012-0102,NOU BARRIS,Porta,CARRER,PIFERRER,1,129,,,,,,,4,1,2.177885001,41.43225563
03-2012-0088,SANTS-MONTJUÏC,Hostafrancs,CARRER,CALLAO,2,20,,,,,,,BJ,1,2.142783797,41.3765172
03-2012-0090,SANTS-MONTJUÏC,Hostafrancs,CARRER,CALLAO,2,20,,,,,,,1,2,2.142783797,41.3765172
03-2012-0091,SANTS-MONTJUÏC,Hostafrancs,CARRER,CALLAO,2,20,,,,,,,2,1,2.142783797,41.3765172
03-2012-0092,SANTS-MONTJUÏC,Hostafrancs,CARRER,CALLAO,2,20,,,,,,,2,2,2.142783797,41.3765172
03-2012-0093,SANTS-MONTJUÏC,Hostafrancs,CARRER,CALLAO,2,20,,,,,,,1,1,2.142783797,41.3765172
03-2012-0094,SANTS-MONTJUÏC,Hostafrancs,CARRER,CALLAO,2,20,,,,,,,BJ,2,2.142783797,41.3765172
03-2012-0095,SANTS-MONTJUÏC,el Poble Sec,CARRER,TAPIOLES,2,36,,,,,,,BJ,2,2.16399866,41.37299413
03-2012-0096,SANTS-MONTJUÏC,el Poble Sec,CARRER,TAPIOLES,2,36,,,,,,,BJ,1,2.16399866,41.37299413
07-2012-0051,HORTA-GUINARDÓ,el Carmel,CARRER,SANTUARI,1,23,,25,,,,,,,2.150790664,41.42029303
05-2012-0178,SARRIA-SANT GERVASI,Sant Gervasi - Galvany,AVINGUDA,DIAGONAL,2,594,,,,,,,4,2,2.1461987,41.39340962
05-2012-0179,SARRIA-SANT GERVASI,Sant Gervasi - Galvany,AVINGUDA,DIAGONAL,2,594,,,,,,,3,1,2.1461987,41.39340962
05-2012-0181,SARRIA-SANT GERVASI,Sant Gervasi - Galvany,AVINGUDA,DIAGONAL,2,594,,,,,,,2,1,2.1461987,41.39340962
10-2012-0289,SANT MARTI,el Poblenou,CARRER,BADAJOZ,2,26,,,,,,,2,1,2.199805764,41.39543896
02-2012-0306,L'EIXAMPLE,la Nova Esquerra de l'Eixample,CARRER,ENTENÇA,2,140,,,,,,,4,2,2.147682097,41.38197146
02-2012-0307,L'EIXAMPLE,la Nova Esquerra de l'Eixample,CARRER,ENTENÇA,2,140,,,,,,,4,3,2.147682097,41.38197146
02-2012-0308,L'EIXAMPLE,la Dreta de l'Eixample,CARRER,GIRONA,1,27,,,,,,,1,1A,2.174824259,41.39188998
02-2012-0309,L'EIXAMPLE,la Sagrada Família,CARRER,VALENCIA,1,377,,379,,,,E,EN,3,2.173475441,41.40047529
10-2012-0072,SANT MARTI,el Poblenou,PLAÇA,PRIM,1,3,,,,,,,2,4,2.206889983,41.39930993
03-2012-0083,SANTS-MONTJUÏC,el Poble Sec,CARRER,NOU DE LA RAMBLA,2,136,,,,,,,BJ,2,2.168122968,41.37325648
06-2012-0231,GRACIA,la Vila de Gràcia,CARRER,GOYA,1,7,,,,,,,2,1,2.156959571,41.3994814
07-2012-0090,HORTA-GUINARDÓ,el Baix Guinardó,CARRER,CASTILLEJOS,1,427,,,,,,,3,1,2.168799426,41.41360314
02-2012-0087,L'EIXAMPLE,l'Antiga Esquerra de l'Eixample,CARRER,DIPUTACIO,2,160,,,,,,,4,2,2.158033088,41.38347688
02-2012-0088,L'EIXAMPLE,Sant Antoni,CARRER,COMTE BORRELL,2,40,,,,,,,1,2,2.162976186,41.37723839
10-2012-0288,SANT MARTI,Sant Martí de Provençals,CARRER,ANDRADE,2,80,,82,,,,,2,1,2.197674569,41.41324841
01-2012-0209,CIUTAT VELLA,el Barri Gòtic,CARRER,COMTAL,1,33,,,,,,,EN,2,2.17403741,41.38694074
01-2012-0210,CIUTAT VELLA,el Barri Gòtic,CARRER,COMTAL,1,33,,,,,,,PR,1,2.17403741,41.38694074
01-2012-0211,CIUTAT VELLA,el Barri Gòtic,CARRER,COMTAL,1,33,,,,,,,PR,2,2.17403741,41.38694074
01-2012-0212,CIUTAT VELLA,el Barri Gòtic,CARRER,COMTAL,1,33,,,,,,,1,1,2.17403741,41.38694074
02-2012-0510,L'EIXAMPLE,la Sagrada Família,CARRER,ROSSELLO,2,380,,382,,,,,2,2,2.172531405,41.40460233
02-2012-0511,L'EIXAMPLE,la Sagrada Família,CARRER,ROSSELLO,2,380,,382,,,,,3,4,2.172531405,41.40460233
02-2012-0512,L'EIXAMPLE,la Sagrada Família,CARRER,ROSSELLO,2,380,,382,,,,,3,5,2.172531405,41.40460233
02-2012-0704,L'EIXAMPLE,el Fort Pienc,CARRER,ROGER DE FLOR,1,87,,,,,,,3,2,2.178441506,41.39426586
05-2012-0182,SARRIA-SANT GERVASI,Sant Gervasi - Galvany,AVINGUDA,DIAGONAL,2,594,,,,,,,AT,1,2.1461987,41.39340962
04-2012-0030,LES CORTS,la Maternitat i Sant Ramon,CARRER,ARIZALA,1,51,,,,,,,BJ,4,2.123852887,41.37799111
10-2012-0294,SANT MARTI,la Vila Olímpica del Poblenou,CARRER,SALVADOR ESPRIU,1,25,,,,,,,5,2,2.196294986,41.38863418
06-2012-0141,GRACIA,Vallcarca i els Penitents,CARRER,BARO DE LA BARRE,2,44,,,,,,,1,2,2.142604821,41.41636433
09-2012-0120,SANT ANDREU,la Sagrera,CARRER,CORTIT,1,11,,19,,,,,1,1,2.189762416,41.42563512
09-2012-0122,SANT ANDREU,la Sagrera,CARRER,PACIFIC,1,23,,27,,,,,BJ,3,2.189598999,41.42588724
02-2012-0371,L'EIXAMPLE,la Sagrada Família,CARRER,INDUSTRIA,1,93,,,,,,,5,2,2.170061437,41.40642279
05-2012-0158,SARRIA-SANT GERVASI,Sant Gervasi - Galvany,CARRER,LAFORJA,2,40,,,,,,,4,1,2.149102233,41.39873711
04-2012-0152,LES CORTS,la Maternitat i Sant Ramon,CARRER,ARIZALA,1,55,,,,,,,BJ,2,2.123786822,41.37809124
03-2012-0142,SANTS-MONTJUÏC,el Poble Sec,CARRER,NOU DE LA RAMBLA,2,144,,,,,,,2,2,2.16771727,41.37286535
02-2012-0580,L'EIXAMPLE,la Dreta de l'Eixample,CARRER,CASP,1,19,,,,,,,6,2,2.17051752,41.38935823
02-2012-0585,L'EIXAMPLE,l'Antiga Esquerra de l'Eixample,CARRER,ENRIC GRANADOS,2,46,,,,,,,PR,1,2.158074822,41.39118523
04-2012-0048,LES CORTS,la Maternitat i Sant Ramon,CARRER,COMTE DE GUELL,2,30,,,,,,,1,2,2.122605065,41.37750132
10-2012-0098,SANT MARTI,la Vila Olímpica del Poblenou,CARRER,MARINA,2,70,,,,,,,BJ,,2.190739852,41.39222603
10-2012-0099,SANT MARTI,la Vila Olímpica del Poblenou,CARRER,MARINA,2,70,,,,,,,1,1,2.190739852,41.39222603
10-2012-0100,SANT MARTI,la Vila Olímpica del Poblenou,CARRER,MARINA,2,70,,,,,,,1,2,2.190739852,41.39222603
10-2012-0101,SANT MARTI,la Vila Olímpica del Poblenou,CARRER,MARINA,2,70,,,,,,,2,1,2.190739852,41.39222603
10-2012-0102,SANT MARTI,la Vila Olímpica del Poblenou,CARRER,MARINA,2,70,,,,,,,2,2,2.190739852,41.39222603
10-2012-0103,SANT MARTI,la Vila Olímpica del Poblenou,CARRER,MARINA,2,70,,,,,,,3,1,2.190739852,41.39222603
10-2012-0104,SANT MARTI,la Vila Olímpica del Poblenou,CARRER,MARINA,2,70,,,,,,,3,2,2.190739852,41.39222603
10-2012-0105,SANT MARTI,la Vila Olímpica del Poblenou,CARRER,MARINA,2,70,,,,,,,4,1,2.190739852,41.39222603
05-2012-0224,SARRIA-SANT GERVASI,el Putxet i el Farró,CARRER,SARAGOSSA,2,6,,,,,,,BJ,,2.150605838,41.40115139
06-2012-0151,GRACIA,el Camp d'en Grassot i Gràcia Nova,PASSEIG,SANT JOAN,2,162,,,,,,,BJ,,2.165930699,41.40249016
02-2012-0705,L'EIXAMPLE,la Nova Esquerra de l'Eixample,GRAN VIA,CORTS CATALANES,1,421,,,,,,,PR,1,2.152405784,41.37782359
01-2012-0213,CIUTAT VELLA,el Barri Gòtic,CARRER,COMTAL,1,33,,,,,,,2,1,2.17403741,41.38694074
01-2012-0214,CIUTAT VELLA,el Barri Gòtic,CARRER,COMTAL,1,33,,,,,,,2,2,2.17403741,41.38694074
08-2012-0067,NOU BARRIS,la Prosperitat,CARRER,ENRIC CASANOVAS,2,78,,,,,,,6,1,2.180123137,41.44129487
02-2012-0399,L'EIXAMPLE,l'Antiga Esquerra de l'Eixample,CARRER,CASANOVA,2,78,,,,,,,6,1,2.158217986,41.38595752
02-2012-0415,L'EIXAMPLE,la Dreta de l'Eixample,CARRER,DIPUTACIO,2,292,,,,,,,2,1,2.170467815,41.39283065
02-2012-0571,L'EIXAMPLE,la Nova Esquerra de l'Eixample,CARRER,ROCAFORT,1,149,,,,,,,1,4,2.150191087,41.38150486
03-2012-0186,SANTS-MONTJUÏC,el Poble Sec,CARRER,MATA,2,28,,,,,,,BJ,2,2.170467594,41.37236349
02-2012-0582,L'EIXAMPLE,la Dreta de l'Eixample,PASSEIG,GRACIA,1,15,,,,,,,6,1B,2.167456569,41.38968095
02-2012-0053,L'EIXAMPLE,la Dreta de l'Eixample,CARRER,NAPOLS,1,149,,151,,,,,PR,3,2.177235971,41.39688395
02-2012-0054,L'EIXAMPLE,la Dreta de l'Eixample,CARRER,NAPOLS,1,149,,151,,,,,3,2,2.177235971,41.39688395
02-2012-0058,L'EIXAMPLE,Sant Antoni,CARRER,SEPULVEDA,2,178,,,,,,,EN,4,2.162728742,41.38323603
06-2012-0103,GRACIA,la Vila de Gràcia,CARRER,GRAN DE GRACIA,1,205,,,,,,,1,2,2.151547431,41.40423557
06-2012-0104,GRACIA,la Vila de Gràcia,CARRER,GRAN DE GRACIA,1,205,,,,,,,2,1,2.151547431,41.40423557
06-2012-0106,GRACIA,la Vila de Gràcia,CARRER,GRAN DE GRACIA,1,205,,,,,,,2,2,2.151547431,41.40423557
06-2012-0107,GRACIA,la Vila de Gràcia,CARRER,GRAN DE GRACIA,1,205,,,,,,,3,1,2.151547431,41.40423557
06-2012-0108,GRACIA,la Vila de Gràcia,CARRER,GRAN DE GRACIA,1,205,,,,,,,3,2,2.151547431,41.40423557
06-2012-0109,GRACIA,la Vila de Gràcia,CARRER,GRAN DE GRACIA,1,205,,,,,,,4,1,2.151547431,41.40423557
03-2012-0196,SANTS-MONTJUÏC,la Font de la Guatlla,GRAN VIA,CORTS CATALANES,2,312,,,,,,,3,1,2.14669406,41.37286904
06-2012-0208,GRACIA,la Vila de Gràcia,TRAVESSERA,GRACIA,2,136,,,,,,,1,1,2.156611313,41.40050927
02-2012-0601,L'EIXAMPLE,la Nova Esquerra de l'Eixample,GRAN VIA,CORTS CATALANES,1,443,,,,,,,3,2,2.153551727,41.37868643
10-2012-0247,SANT MARTI,el Parc i la Llacuna del Poblenou,CARRER,ALMOGAVERS,2,54,,,,,,,2,2,2.185153933,41.39333361
02-2012-0613,L'EIXAMPLE,l'Antiga Esquerra de l'Eixample,CARRER,MUNTANER,2,32,,,,,,,4,,2.161099332,41.38548591
02-2012-0184,L'EIXAMPLE,la Dreta de l'Eixample,RONDA,UNIVERSITAT,2,10,,,,,,,3,1,2.16673277,41.38654531
02-2012-0185,L'EIXAMPLE,la Dreta de l'Eixample,RONDA,UNIVERSITAT,2,10,,,,,,,3,2,2.16673277,41.38654531
02-2012-0186,L'EIXAMPLE,la Dreta de l'Eixample,GRAN VIA,CORTS CATALANES,2,682,,,,,,,AT,3,2.173056644,41.39268474
02-2012-0187,L'EIXAMPLE,la Dreta de l'Eixample,GRAN VIA,CORTS CATALANES,2,682,,,,,,,AT,4,2.173056644,41.39268474
02-2012-0194,L'EIXAMPLE,l'Antiga Esquerra de l'Eixample,AVINGUDA,ROMA,2,138,,,,,,,1,A,2.155181296,41.38539871
10-2012-0106,SANT MARTI,la Vila Olímpica del Poblenou,CARRER,MARINA,2,70,,,,,,,4,2,2.190739852,41.39222603
02-2012-0319,L'EIXAMPLE,la Sagrada Família,CARRER,LEPANT,1,273,,,,,,,5,2,2.176140307,41.40471166
02-2012-0320,L'EIXAMPLE,la Sagrada Família,CARRER,LEPANT,1,273,,,,,,,1,1,2.176140307,41.40471166
02-2012-0321,L'EIXAMPLE,la Sagrada Família,CARRER,LEPANT,1,273,,,,,,,3,2,2.176140307,41.40471166
06-2012-0139,GRACIA,el Camp d'en Grassot i Gràcia Nova,CARRER,VENTALLO,1,49,,51,,,,,3,2,2.165219777,41.40815464
02-2012-0616,L'EIXAMPLE,l'Antiga Esquerra de l'Eixample,CARRER,PROVENÇA,1,131,,,,,,,PR,3,2.152236782,41.38791921
02-2012-0617,L'EIXAMPLE,l'Antiga Esquerra de l'Eixample,CARRER,PROVENÇA,1,131,,133,,,,,3,1,2.152236782,41.38791921
10-2012-0231,SANT MARTI,Diagonal Mar i el Front Marítim del Poblenou,CARRER,PROVENÇALS,1,5,,,,,,,5,4,2.21297966,41.4039879
06-2012-0263,GRACIA,la Vila de Gràcia,CARRER,ENCARNACIO,1,71,,,,,,,BJ,,2.160901619,41.40699424
05-2012-0250,SARRIA-SANT GERVASI,Sant Gervasi - Galvany,AVINGUDA,DIAGONAL,2,572,,,,,,,2,1A,2.148734513,41.39404983
02-2012-0712,L'EIXAMPLE,Sant Antoni,RONDA,SANT PAU,1,1,,,,,,,2,1,2.167286662,41.37532033
02-2012-0583,L'EIXAMPLE,la Dreta de l'Eixample,PASSEIG,GRACIA,1,15,,,,,,,2,2A,2.167456569,41.38968095
03-2012-0075,SANTS-MONTJUÏC,el Poble Sec,CARRER,FONTRODONA,1,29,,,,,,,1,1,2.166618316,41.37248974
02-2012-0151,L'EIXAMPLE,la Nova Esquerra de l'Eixample,GRAN VIA,CORTS CATALANES,1,415,,,,,,A,6,3,2.152159425,41.37764095
05-2012-0113,SARRIA-SANT GERVASI,Sant Gervasi - Galvany,CARRER,ARIBAU,2,226,,,,,,E,4,2,2.150536157,41.39517058
05-2012-0114,SARRIA-SANT GERVASI,Sant Gervasi - Galvany,CARRER,ARIBAU,2,228,,,,,,D,2,2,2.150536157,41.39517058
05-2012-0115,SARRIA-SANT GERVASI,Sant Gervasi - Galvany,CARRER,ARIBAU,2,226,,,,,,E,3,2,2.150536157,41.39517058
05-2012-0171,SARRIA-SANT GERVASI,Sant Gervasi - Galvany,CARRER,ARIBAU,2,226,,,,,,D,PR,,2.150536157,41.39517058
06-2012-0110,GRACIA,la Vila de Gràcia,CARRER,GRAN DE GRACIA,1,205,,,,,,,4,2,2.151547431,41.40423557
02-2012-0394,L'EIXAMPLE,la Sagrada Família,CARRER,MALLORCA,1,423,,,,,,,1,2,2.177073219,41.40487144
03-2012-0133,SANTS-MONTJUÏC,el Poble Sec,CARRER,ELKANO,1,73,,,,,,,1,2,2.159769166,41.37408226
10-2012-0172,SANT MARTI,el Parc i la Llacuna del Poblenou,CARRER,ALMOGAVERS,2,56,,,,,,,5,2,2.18533062,41.39346476
02-2012-0561,L'EIXAMPLE,l'Antiga Esquerra de l'Eixample,CARRER,ARIBAU,2,66,,,,,,,4,1,2.158986232,41.38879358
03-2012-0200,SANTS-MONTJUÏC,Sants,CARRER,WATT,1,25,,27,,,,,1,2,2.139607159,41.37654156
02-2012-0074,L'EIXAMPLE,la Dreta de l'Eixample,RONDA,SANT PERE,1,3,,,,,,,3,2,2.17068944,41.38834878
02-2012-0076,L'EIXAMPLE,la Dreta de l'Eixample,RONDA,SANT PERE,1,3,,,,,,,4,2,2.17068944,41.38834878
02-2012-0195,L'EIXAMPLE,l'Antiga Esquerra de l'Eixample,AVINGUDA,ROMA,2,138,,,,,,,1,B,2.155181296,41.38539871
02-2012-0196,L'EIXAMPLE,l'Antiga Esquerra de l'Eixample,AVINGUDA,ROMA,2,138,,,,,,,2,A,2.155181296,41.38539871
02-2012-0197,L'EIXAMPLE,l'Antiga Esquerra de l'Eixample,AVINGUDA,ROMA,2,138,,,,,,,2,B,2.155181296,41.38539871
02-2012-0198,L'EIXAMPLE,l'Antiga Esquerra de l'Eixample,AVINGUDA,ROMA,2,138,,,,,,,3,A,2.155181296,41.38539871
02-2012-0199,L'EIXAMPLE,l'Antiga Esquerra de l'Eixample,AVINGUDA,ROMA,2,138,,,,,,,3,B,2.155181296,41.38539871
02-2012-0200,L'EIXAMPLE,l'Antiga Esquerra de l'Eixample,AVINGUDA,ROMA,2,138,,,,,,,4,A,2.155181296,41.38539871
02-2012-0201,L'EIXAMPLE,l'Antiga Esquerra de l'Eixample,AVINGUDA,ROMA,2,138,,,,,,,4,B,2.155181296,41.38539871
02-2012-0202,L'EIXAMPLE,l'Antiga Esquerra de l'Eixample,AVINGUDA,ROMA,2,138,,,,,,,5,A,2.155181296,41.38539871
02-2012-0203,L'EIXAMPLE,l'Antiga Esquerra de l'Eixample,AVINGUDA,ROMA,2,138,,,,,,,5,B,2.155181296,41.38539871
02-2012-0204,L'EIXAMPLE,l'Antiga Esquerra de l'Eixample,AVINGUDA,ROMA,2,138,,,,,,,6,A,2.155181296,41.38539871
02-2012-0344,L'EIXAMPLE,el Fort Pienc,GRAN VIA,CORTS CATALANES,1,751,E,,,,,,4,2,2.183029214,41.40083211
06-2012-0227,GRACIA,la Vila de Gràcia,CARRER,GRAN DE GRACIA,2,54,,,,,,,3,1,2.156248073,41.39931138
02-2012-0615,L'EIXAMPLE,l'Antiga Esquerra de l'Eixample,CARRER,ARIBAU,2,82,,,,,,,2,2,2.158032657,41.38951496
03-2012-0194,SANTS-MONTJUÏC,el Poble Sec,CARRER,VALLHONRAT,2,20,,,,,,,1,2,2.156925396,41.37409277
10-2012-0221,SANT MARTI,el Camp de l'Arpa del Clot,CARRER,INDUSTRIA,2,326,,,,,,,2,1,2.18356191,41.41637301
02-2012-0421,L'EIXAMPLE,la Dreta de l'Eixample,CARRER,BALMES,2,12,,,,,,,1,2,2.16671772,41.38636294
02-2012-0487,L'EIXAMPLE,la Dreta de l'Eixample,CARRER,GIRONA,1,27,,,,,,,1,1B,2.174824259,41.39188998
02-2012-0247,L'EIXAMPLE,Sant Antoni,CARRER,LLANÇA,1,9,,,,,,,AT,3,2.151109812,41.37570828
02-2012-0248,L'EIXAMPLE,la Sagrada Família,CARRER,PROVENÇA,1,453,,,,,,,2,,2.175066553,41.40506816
02-2012-0258,L'EIXAMPLE,la Sagrada Família,CARRER,VALENCIA,1,437,,,,,,,3,2,2.176224582,41.40253375
02-2012-0259,L'EIXAMPLE,la Nova Esquerra de l'Eixample,CARRER,ROCAFORT,1,129,,,,,,,5,1,2.151290339,41.3806752
06-2012-0028,GRACIA,la Vila de Gràcia,CARRER,SANT DOMENEC,1,11,,,,,,,2,1,2.156588566,41.39993332
06-2012-0029,GRACIA,la Vila de Gràcia,CARRER,SANT DOMENEC,1,11,,,,,,,2,2,2.156588566,41.39993332
06-2012-0030,GRACIA,la Vila de Gràcia,CARRER,SANT DOMENEC,1,11,,,,,,,3,1,2.156588566,41.39993332
06-2012-0031,GRACIA,la Vila de Gràcia,CARRER,SANT DOMENEC,1,11,,,,,,,3,2,2.156588566,41.39993332
02-2012-0109,L'EIXAMPLE,el Fort Pienc,CARRER,NAPOLS,2,150,,,,,,,2,4,2.177118325,41.39725165
02-2012-0491,L'EIXAMPLE,el Fort Pienc,CARRER,AUSIAS MARC,2,146,,,,,,,1,3,2.184468524,41.39783093
02-2012-0494,L'EIXAMPLE,la Sagrada Família,CARRER,CARTAGENA,2,242,,,,,,,1,,2.179249836,41.40758417
06-2012-0178,GRACIA,la Vila de Gràcia,CARRER,MARIA,1,7,,,,,,,1,1,2.15712112,41.39916635
06-2012-0179,GRACIA,la Vila de Gràcia,CARRER,MARIA,1,7,,,,,,,2,2,2.15712112,41.39916635
05-2012-0201,SARRIA-SANT GERVASI,el Putxet i el Farró,CARRER,GUILLEM TELL,2,34,,,,,,,6,1,2.147916839,41.40209593
05-2012-0190,SARRIA-SANT GERVASI,Sant Gervasi - Galvany,CARRER,PRATS DE MOLLO,2,14,,,,,,,BJ,1,2.137888838,41.40130216
05-2012-0191,SARRIA-SANT GERVASI,Sant Gervasi - Galvany,CARRER,PRATS DE MOLLO,2,14,,,,,,,1,4,2.137888838,41.40130216
05-2012-0192,SARRIA-SANT GERVASI,Sant Gervasi - Galvany,CARRER,PRATS DE MOLLO,2,14,,,,,,,1,3,2.137888838,41.40130216
05-2012-0193,SARRIA-SANT GERVASI,Sant Gervasi - Galvany,CARRER,PRATS DE MOLLO,2,14,,,,,,,1,2,2.137888838,41.40130216
05-2012-0194,SARRIA-SANT GERVASI,Sant Gervasi - Galvany,CARRER,PRATS DE MOLLO,2,14,,,,,,,1,1,2.137888838,41.40130216
05-2012-0195,SARRIA-SANT GERVASI,Sant Gervasi - Galvany,CARRER,PRATS DE MOLLO,2,14,,,,,,,BJ,2,2.137888838,41.40130216
06-2012-0087,GRACIA,la Vila de Gràcia,CARRER,MARIA,2,14,,,,,,,2,,2.157291817,41.3991977
07-2012-0082,HORTA-GUINARDÓ,Can Baró,CARRER,JOSEP SERRANO,2,4,,,,,,,BJ,1,2.159710807,41.41676607
02-2012-0423,L'EIXAMPLE,la Dreta de l'Eixample,RAMBLA,CATALUNYA,1,31,,,,,,,1,1B,2.165384759,41.38946442
02-2012-0424,L'EIXAMPLE,la Dreta de l'Eixample,RAMBLA,CATALUNYA,1,31,,,,,,,1,1A,2.165384759,41.38946442
06-2012-0255,GRACIA,la Vila de Gràcia,CARRER,RIERA DE SANT MIQUEL,1,75,,,,,,,PR,3,2.154293182,41.39861226
02-2012-0205,L'EIXAMPLE,l'Antiga Esquerra de l'Eixample,AVINGUDA,ROMA,2,138,,,,,,,6,B,2.155181296,41.38539871
06-2012-0128,GRACIA,la Vila de Gràcia,RAMBLA,PRAT,1,9,,,,,,,1,1,2.15230397,41.40155085
03-2012-0181,SANTS-MONTJUÏC,el Poble Sec,CARRER,ELKANO,2,58,,,,,,,4,1,2.162137812,41.37359124
05-2012-0187,SARRIA-SANT GERVASI,Sant Gervasi - Galvany,CARRER,ARIBAU,2,226,,,,,,E,4,1,2.150536157,41.39517058
02-2012-0631,L'EIXAMPLE,l'Antiga Esquerra de l'Eixample,CARRER,MUNTANER,2,32,,,,,,,EN,,2.161099332,41.38548591
02-2012-0634,L'EIXAMPLE,l'Antiga Esquerra de l'Eixample,CARRER,DIPUTACIO,1,197,,,,,,,2,1,2.161066264,41.38603472
10-2012-0184,SANT MARTI,el Camp de l'Arpa del Clot,CARRER,ROGENT,2,26,,,,,,,PR,2,2.185506002,41.40900824
02-2012-0502,L'EIXAMPLE,la Dreta de l'Eixample,CARRER,DIPUTACIO,1,249,,,,,,,1,3,2.164951262,41.3889548
06-2012-0219,GRACIA,la Vila de Gràcia,CARRER,SANT AGUSTI,2,12,,,,,,,1,2,2.16079791,41.39821987
02-2012-0669,L'EIXAMPLE,la Dreta de l'Eixample,CARRER,ROSSELLO,2,244,,,,,,,4,1,2.161466261,41.39629113
02-2012-0323,L'EIXAMPLE,la Sagrada Família,CARRER,ROSSELLO,2,446,,,,,,,SA,1,2.1760579,41.40726002
02-2012-0324,L'EIXAMPLE,la Sagrada Família,CARRER,VALENCIA,1,401,,403,,,,,EN,3A,2.17462207,41.40133711
02-2012-0325,L'EIXAMPLE,la Sagrada Família,CARRER,CARTAGENA,2,330,,,,,,,2,2,2.174731817,41.41101593
10-2012-0230,SANT MARTI,el Poblenou,PASSATGE,MAS DE RODA,2,26,,,,,,A,1,4,2.200504214,41.39709544
02-2012-0453,L'EIXAMPLE,la Sagrada Família,CARRER,ROSSELLO,2,380,,382,,,,,1,2,2.172531405,41.40460233
02-2012-0455,L'EIXAMPLE,la Sagrada Família,CARRER,ROSSELLO,2,380,,382,,,,,1,4,2.172531405,41.40460233
02-2012-0458,L'EIXAMPLE,la Sagrada Família,CARRER,ROSSELLO,2,380,,382,,,,,1,3,2.172531405,41.40460233
02-2012-0438,L'EIXAMPLE,la Nova Esquerra de l'Eixample,CARRER,CONSELL DE CENT,1,87,,,,,,,2,1,2.150137064,41.37951263
03-2012-0157,SANTS-MONTJUÏC,la Bordeta,CARRER,JOCS FLORALS,2,172,,174,,,,,1,1,2.136508907,41.37056578
03-2012-0158,SANTS-MONTJUÏC,la Bordeta,CARRER,JOCS FLORALS,2,172,,174,,,,,1,2,2.136508907,41.37056578
02-2012-0168,L'EIXAMPLE,l'Antiga Esquerra de l'Eixample,CARRER,CORSEGA,1,211,,,,,,,1,1,2.152014644,41.39114476
02-2012-0169,L'EIXAMPLE,l'Antiga Esquerra de l'Eixample,CARRER,CONSELL DE CENT,2,220,,,,,,,1,1,2.158931304,41.38585947
05-2012-0100,SARRIA-SANT GERVASI,Sant Gervasi - Galvany,CARRER,LAFORJA,1,89,,,,,,,5,1,2.144602605,41.39594467
05-2012-0101,SARRIA-SANT GERVASI,Sant Gervasi - Galvany,CARRER,LAFORJA,1,89,,,,,,,EN,3,2.144602605,41.39594467
06-2012-0243,GRACIA,la Vila de Gràcia,CARRER,TRILLA,2,2,,,,,,,1,2,2.153327979,41.40344831
05-2012-0247,SARRIA-SANT GERVASI,Sant Gervasi - Galvany,AVINGUDA,DIAGONAL,2,572,,,,,,,PR,1B,2.148734513,41.39404983
02-2012-0514,L'EIXAMPLE,la Dreta de l'Eixample,CARRER,GIRONA,1,99,,,,,,,3,1,2.169131442,41.39618827
02-2012-0366,L'EIXAMPLE,la Sagrada Família,CARRER,VALENCIA,2,404,,,,,,,5,1,2.174979428,41.40132604
09-2012-0156,SANT ANDREU,Sant Andreu,CARRER,SANTA COLOMA,1,37,,,,,,,8,3,2.192543403,41.42891902
02-2012-0526,L'EIXAMPLE,la Nova Esquerra de l'Eixample,CARRER,ROCAFORT,1,151,,,,,,,1,3,2.15011578,41.3815617
10-2012-0267,SANT MARTI,Diagonal Mar i el Front Marítim del Poblenou,PASSEIG,GARCIA FARIA,1,73,,,,,,A,25,1,2.215323118,41.40496996
06-2012-0222,GRACIA,la Vila de Gràcia,RAMBLA,PRAT,2,12,,,,,,,EN,2,2.152144069,41.40164851
10-2012-0279,SANT MARTI,el Poblenou,CARRER,FERROCARRIL,1,27,,,,,,,1,3,2.207070421,41.3988077
02-2012-0605,L'EIXAMPLE,Sant Antoni,CARRER,ROCAFORT,2,46,,,,,,,5,1,2.155694986,41.37763209
06-2012-0225,GRACIA,la Vila de Gràcia,CARRER,TRILLA,2,2,,,,,,,2,1,2.153327979,41.40344831
01-2012-0158,CIUTAT VELLA,el Barri Gòtic,PASSATGE,RELLOTGE,2,2,,,,,,,EN,1,2.17719903,41.38006772
02-2012-0641,L'EIXAMPLE,l'Antiga Esquerra de l'Eixample,CARRER,CONSELL DE CENT,2,258,,,,,,,PR,1,2.161243282,41.38759863
05-2012-0236,SARRIA-SANT GERVASI,Sant Gervasi - Galvany,TRAVESSERA,GRACIA,2,32,,,,,,,4,2,2.147724513,41.3948134
02-2012-0651,L'EIXAMPLE,Sant Antoni,CARRER,SEPULVEDA,1,23,,,,,,,6,2,2.153397149,41.37648591
10-2012-0199,SANT MARTI,el Poblenou,CARRER,DOCTOR TRUETA,2,228,,,,,,,3,1,2.204324294,41.39908883
10-2012-0200,SANT MARTI,el Poblenou,CARRER,DOCTOR TRUETA,2,228,,,,,,,2,1,2.204324294,41.39908883
06-2012-0232,GRACIA,la Vila de Gràcia,CARRER,TORRENT DE LES FLORS,1,139,,141,,,,,4,4,2.156899443,41.40946492
02-2012-0653,L'EIXAMPLE,la Sagrada Família,CARRER,SICILIA,2,322,,,,,,,PR,1,2.171812305,41.40297226
05-2012-0131,SARRIA-SANT GERVASI,Sant Gervasi - Galvany,AVINGUDA,DIAGONAL,2,506,,,,,,,7,1C,2.15395555,41.39537651
03-2012-0159,SANTS-MONTJUÏC,la Bordeta,CARRER,JOCS FLORALS,2,172,,174,,,,,1,3,2.136508907,41.37056578
02-2012-0370,L'EIXAMPLE,la Dreta de l'Eixample,CARRER,ROSSELLO,1,309,,,,,,,2,1,2.165290492,41.39949417
10-2012-0039,SANT MARTI,el Clot,CARRER,SEQUIA COMTAL,2,10,,12,,,,,1,2,2.187559087,41.40834659
10-2012-0040,SANT MARTI,el Clot,CARRER,SEQUIA COMTAL,2,10,,12,,,,,1,1,2.187559087,41.40834659
05-2012-0102,SARRIA-SANT GERVASI,Sant Gervasi - Galvany,CARRER,LAFORJA,1,89,,,,,,,EN,2,2.144602605,41.39594467
02-2012-0345,L'EIXAMPLE,la Dreta de l'Eixample,RONDA,UNIVERSITAT,1,13,,,,,,,4,2,2.165787366,41.38651131
02-2012-0348,L'EIXAMPLE,la Dreta de l'Eixample,RONDA,UNIVERSITAT,1,13,,,,,,,3,1,2.165787366,41.38651131
02-2012-0350,L'EIXAMPLE,la Dreta de l'Eixample,RONDA,UNIVERSITAT,1,13,,,,,,,2,2,2.165787366,41.38651131
02-2012-0351,L'EIXAMPLE,la Dreta de l'Eixample,RONDA,UNIVERSITAT,1,13,,,,,,,4,1,2.165787366,41.38651131
02-2012-0352,L'EIXAMPLE,la Dreta de l'Eixample,RONDA,UNIVERSITAT,1,13,,,,,,,3,2,2.165787366,41.38651131
02-2012-0573,L'EIXAMPLE,el Fort Pienc,CARRER,SARDENYA,1,213,,,,,,,1,2,2.17823805,41.3995468
02-2012-0627,L'EIXAMPLE,la Dreta de l'Eixample,CARRER,ROGER DE LLURIA,2,82,,,,,,,3,2,2.166197685,41.3952742
02-2012-0515,L'EIXAMPLE,Sant Antoni,CARRER,COMTE D'URGELL,2,62,,,,,,,PR,2,2.159154804,41.3818955
02-2012-0612,L'EIXAMPLE,la Dreta de l'Eixample,RONDA,UNIVERSITAT,2,6,,,,,,,2,2,2.166065731,41.38629326
07-2012-0137,HORTA-GUINARDÓ,el Carmel,CARRER,CALDERON DE LA BARCA,2,112,,114,,,,,4,2,2.157035773,41.41971935
01-2012-0317,CIUTAT VELLA,el Barri Gòtic,PASSEIG,COLOM,2,2,,,,,,,4,B,2.181394368,41.38091706
02-2012-0575,L'EIXAMPLE,la Nova Esquerra de l'Eixample,CARRER,ARAGO,1,63,,,,,,,4,2,2.149694651,41.38087957
06-2012-0083,GRACIA,la Vila de Gràcia,CARRER,MARIA,2,14,,,,,,,EN,,2.157291817,41.3991977
03-2012-0040,SANTS-MONTJUÏC,el Poble Sec,CARRER,NOU DE LA RAMBLA,1,157,,,,,,1,PR,3,2.167390983,41.37231806
06-2012-0046,GRACIA,la Vila de Gràcia,CARRER,GRAN DE GRACIA,1,205,,,,,,,1,1,2.151547431,41.40423557
02-2012-0448,L'EIXAMPLE,la Sagrada Família,CARRER,ROSSELLO,2,380,,382,,,,,BJ,1,2.172531405,41.40460233
02-2012-0449,L'EIXAMPLE,la Sagrada Família,CARRER,ROSSELLO,2,380,,,,,,,BJ,2,2.172531405,41.40460233
02-2012-0450,L'EIXAMPLE,la Sagrada Família,CARRER,ROSSELLO,2,380,,382,,,,,BJ,3,2.172531405,41.40460233
02-2012-0451,L'EIXAMPLE,la Sagrada Família,CARRER,ROSSELLO,2,380,,382,,,,,1,1,2.172531405,41.40460233
02-2012-0452,L'EIXAMPLE,la Sagrada Família,CARRER,ROSSELLO,2,380,,382,,,,,1,5,2.172531405,41.40460233
05-2012-0132,SARRIA-SANT GERVASI,Sant Gervasi - Galvany,AVINGUDA,DIAGONAL,2,506,,,,,,,7,1D,2.15395555,41.39537651
03-2012-0166,SANTS-MONTJUÏC,Hostafrancs,CARRER,CREU COBERTA,1,121,,,,,,,2,2,2.141971328,41.37517292
03-2012-0167,SANTS-MONTJUÏC,Hostafrancs,CARRER,CREU COBERTA,1,121,,,,,,,1,2,2.141971328,41.37517292
03-2012-0168,SANTS-MONTJUÏC,Hostafrancs,CARRER,CREU COBERTA,1,121,,,,,,,1,1,2.141971328,41.37517292
08-2012-0029,NOU BARRIS,Vilapicina i la Torre Llobeta,CARRER,COSTA I CUXART,2,4,,,,,,,BJ,1,2.174076677,41.42767739
02-2012-0655,L'EIXAMPLE,la Sagrada Família,CARRER,SICILIA,2,322,,,,,,,PR,2,2.171812305,41.40297226
05-2012-0361,SARRIA-SANT GERVASI,el Putxet i el Farró,CARRER,GUILLEM TELL,1,21,,,,,,,AT,2,2.149025191,41.40265289
02-2012-1239,L'EIXAMPLE,Sant Antoni,CARRER,TAMARIT,2,104,,,,,,E,EN,1,2.157919793,41.37621702
10-2012-0516,SANT MARTI,el Poblenou,CARRER,TAULAT,1,105,,,,,,,3,1,2.205647288,41.39953149
02-2012-1518,L'EIXAMPLE,la Nova Esquerra de l'Eixample,CARRER,CALABRIA,2,102,,,,,,,PR,,2.154858758,41.37996181
02-2012-1519,L'EIXAMPLE,la Dreta de l'Eixample,CARRER,MALLORCA,1,241,,,,,,,EN,2,2.160445716,41.39238165
02-2012-1083,L'EIXAMPLE,la Dreta de l'Eixample,RAMBLA,CATALUNYA,2,8,,,,,,,5,1,2.168016451,41.38793678
02-2012-1084,L'EIXAMPLE,la Dreta de l'Eixample,GRAN VIA,CORTS CATALANES,2,638,,,,,,,PR,1,2.169240101,41.38981729
02-2012-1175,L'EIXAMPLE,l'Antiga Esquerra de l'Eixample,CARRER,CONSELL DE CENT,1,207,,,,,,,3,5,2.156914896,41.38461925
02-2012-1176,L'EIXAMPLE,l'Antiga Esquerra de l'Eixample,CARRER,CONSELL DE CENT,1,207,,,,,,,4,1,2.156914896,41.38461925
02-2012-1177,L'EIXAMPLE,l'Antiga Esquerra de l'Eixample,CARRER,CONSELL DE CENT,1,207,,,,,,,4,3,2.156914896,41.38461925
02-2012-1178,L'EIXAMPLE,l'Antiga Esquerra de l'Eixample,CARRER,CONSELL DE CENT,1,207,,,,,,,4,4,2.156914896,41.38461925
02-2012-1179,L'EIXAMPLE,l'Antiga Esquerra de l'Eixample,CARRER,CONSELL DE CENT,1,207,,,,,,,4,2,2.156914896,41.38461925
02-2012-1180,L'EIXAMPLE,l'Antiga Esquerra de l'Eixample,CARRER,CONSELL DE CENT,1,207,,,,,,,3,4,2.156914896,41.38461925
06-2012-0267,GRACIA,la Vila de Gràcia,CARRER,MARE DEU DELS DESEMPARATS,1,23,,,,,,,EN,1,2.158560941,41.40224497
06-2012-0268,GRACIA,la Vila de Gràcia,CARRER,MARE DEU DELS DESEMPARATS,1,23,,,,,,,EN,2,2.158560941,41.40224497
02-2012-1452,L'EIXAMPLE,el Fort Pienc,AVINGUDA,DIAGONAL,1,245,,,,,,,PR,2,2.180932278,41.40165436
02-2012-1445,L'EIXAMPLE,l'Antiga Esquerra de l'Eixample,CARRER,ENRIC GRANADOS,1,99,,,,,,,3,2,2.15572894,41.39268455
02-2012-1453,L'EIXAMPLE,el Fort Pienc,AVINGUDA,DIAGONAL,1,245,,,,,,,1,2,2.180932278,41.40165436
06-2012-0473,GRACIA,el Camp d'en Grassot i Gràcia Nova,CARRER,ESCORIAL,2,50,,,,,,,2,3,2.161035722,41.4077701
02-2012-1501,L'EIXAMPLE,Sant Antoni,CARRER,CASANOVA,1,9,,,,,,,2,1,2.16270056,41.38229942
02-2012-1335,L'EIXAMPLE,l'Antiga Esquerra de l'Eixample,CARRER,PROVENÇA,2,230,,,,,,,AT,1,2.157142892,41.39132101
02-2012-1558,L'EIXAMPLE,la Dreta de l'Eixample,CARRER,ARAGO,2,312,,,,,,,4,2,2.168587371,41.3947396
02-2012-1560,L'EIXAMPLE,la Dreta de l'Eixample,CARRER,ARAGO,2,312,,,,,,,4,3,2.168587371,41.3947396
02-2012-1562,L'EIXAMPLE,la Dreta de l'Eixample,CARRER,ARAGO,2,312,,,,,,,5,1,2.168587371,41.3947396
02-2012-1564,L'EIXAMPLE,la Dreta de l'Eixample,CARRER,ARAGO,2,312,,,,,,,5,2,2.168587371,41.3947396
02-2012-1565,L'EIXAMPLE,la Dreta de l'Eixample,CARRER,ARAGO,2,312,,,,,,,6,1,2.168587371,41.3947396
02-2012-1216,L'EIXAMPLE,la Nova Esquerra de l'Eixample,CARRER,ARAGO,1,85,,,,,,,1,4,2.150860256,41.3817621
06-2012-0405,GRACIA,la Vila de Gràcia,CARRER,MARTINEZ DE LA ROSA,2,24,,,,,,,EN,1,2.159471637,41.39954852
06-2012-0406,GRACIA,la Vila de Gràcia,CARRER,TORRIJOS,2,12,,,,,,,2,1,2.159643277,41.40267883
06-2012-0407,GRACIA,la Vila de Gràcia,CARRER,BRUNIQUER,2,46,,,,,,,4,2,2.161704267,41.40522499
06-2012-0408,GRACIA,la Vila de Gràcia,CARRER,TORRIJOS,2,12,,,,,,,1,1,2.159643277,41.40267883
02-2012-0751,L'EIXAMPLE,la Sagrada Família,CARRER,DOS DE MAIG,1,283,,,,,,,6,2,2.179048478,41.40918267
02-2012-0752,L'EIXAMPLE,la Sagrada Família,CARRER,PADILLA,2,264,,,,,,,4,4,2.176031659,41.40672058
03-2012-0394,SANTS-MONTJUÏC,el Poble Sec,CARRER,VILA I VILA,1,77,,,,,,,1,2,2.168564797,41.37417245
02-2012-0720,L'EIXAMPLE,l'Antiga Esquerra de l'Eixample,CARRER,CONSELL DE CENT,1,203,,,,,,,1,1,2.156716799,41.38447049
02-2012-0722,L'EIXAMPLE,l'Antiga Esquerra de l'Eixample,CARRER,CONSELL DE CENT,1,203,,,,,,,1,2,2.156716799,41.38447049
02-2012-0725,L'EIXAMPLE,l'Antiga Esquerra de l'Eixample,CARRER,CONSELL DE CENT,1,203,,,,,,,2,2,2.156716799,41.38447049
02-2012-0729,L'EIXAMPLE,l'Antiga Esquerra de l'Eixample,CARRER,CONSELL DE CENT,1,203,,,,,,,3,2,2.156716799,41.38447049
02-2012-0733,L'EIXAMPLE,l'Antiga Esquerra de l'Eixample,CARRER,CONSELL DE CENT,1,203,,,,,,,5,1,2.156716799,41.38447049
02-2012-0735,L'EIXAMPLE,l'Antiga Esquerra de l'Eixample,CARRER,CONSELL DE CENT,1,203,,,,,,,5,3,2.156716799,41.38447049
02-2012-1028,L'EIXAMPLE,Sant Antoni,CARRER,VILLARROEL,2,30,,,,,,,2,1,2.161437513,41.38182046
06-2012-0380,GRACIA,la Vila de Gràcia,CARRER,SANT PERE MARTIR,1,15,,,,,,,1,2,2.157523078,41.39921357
02-2013-1031,L'EIXAMPLE,la Dreta de l'Eixample,RONDA,SANT PERE,1,35,,,,,,,1,1,2.176037748,41.39034905
02-2013-1032,L'EIXAMPLE,la Dreta de l'Eixample,RONDA,SANT PERE,1,35,,,,,,,1,2,2.176037748,41.39034905
03-2012-0431,SANTS-MONTJUÏC,Sants,CARRER,FERNANDEZ DURO,1,3,,,,,,,2,2,2.135493334,41.37450285
06-2012-0522,GRACIA,la Vila de Gràcia,CARRER,CORSEGA,1,369,,,,,,,5,1,2.162349022,41.39895271
03-2012-0315,SANTS-MONTJUÏC,el Poble Sec,CARRER,POETA CABANYES,1,81,,,,,,,PR,1,2.16452347,41.37211178
03-2012-0316,SANTS-MONTJUÏC,el Poble Sec,CARRER,SALVA,1,65,,,,,,,2,2,2.165248839,41.37209395
03-2012-0317,SANTS-MONTJUÏC,el Poble Sec,CARRER,PEDRERES,1,35,,,,,,,1,1,2.159425996,41.37323115
02-2012-1139,L'EIXAMPLE,Sant Antoni,CARRER,ROCAFORT,2,12,,20,,,,E,EN,4,2.157991973,41.37589358
03-2012-0377,SANTS-MONTJUÏC,el Poble Sec,CARRER,RADAS,1,59,,,,,,,3,1,2.160564483,41.3724297
03-2012-0278,SANTS-MONTJUÏC,el Poble Sec,CARRER,SALVA,1,37,,,,,,,4,2,2.165720428,41.37298958
10-2012-0335,SANT MARTI,el Parc i la Llacuna del Poblenou,CARRER,ROGER DE FLOR,2,24,,,,,,,AT,,2.183249083,41.39090141
03-2012-0271,SANTS-MONTJUÏC,el Poble Sec,AVINGUDA,PARAL.LEL,1,17,,19,,,,,7,2,2.174479037,41.37449801
02-2012-1320,L'EIXAMPLE,Sant Antoni,CARRER,VILADOMAT,1,29,,,,,,,4,,2.161385519,41.37645984
10-2012-0502,SANT MARTI,el Clot,CARRER,ARAGO,2,550,,,,,,,1,1,2.184307512,41.40648154
02-2012-1321,L'EIXAMPLE,Sant Antoni,CARRER,MANSO,2,4,,,,,,,2,1,2.159139598,41.3754405
02-2012-1322,L'EIXAMPLE,l'Antiga Esquerra de l'Eixample,CARRER,MUNTANER,2,26,,,,,,,2,1,2.161244576,41.38537613
02-2012-1323,L'EIXAMPLE,la Dreta de l'Eixample,PASSEIG,SANT JOAN,1,57,,,,,,,PR,2B,2.172387729,41.3969427
02-2012-1330,L'EIXAMPLE,la Sagrada Família,CARRER,ARAGO,1,481,,,,,,,4,2,2.18024363,41.40385333
02-2012-1485,L'EIXAMPLE,el Fort Pienc,CARRER,AUSIAS MARC,1,125,,,,,,,5,2,2.181898079,41.39618838
03-2012-0234,SANTS-MONTJUÏC,Sants - Badal,CARRER,SUGRANYES,2,62,,,,,,,2,1,2.129044782,41.37316422
06-2012-0344,GRACIA,el Camp d'en Grassot i Gràcia Nova,CARRER,SARDENYA,1,427,,,,,,,1,2,2.166876699,41.40815247
10-2012-0494,SANT MARTI,Diagonal Mar i el Front Marítim del Poblenou,PASSEIG,GARCIA FARIA,1,77,,,,,,,14,1,2.215323118,41.40496996
10-2012-0495,SANT MARTI,Diagonal Mar i el Front Marítim del Poblenou,PASSEIG,GARCIA FARIA,1,77,,,,,,,10,1,2.215323118,41.40496996
06-2012-0448,GRACIA,la Vila de Gràcia,CARRER,TORRENT DE L'OLLA,1,193,,195,,,,,5,2,2.152670933,41.40606266
05-2012-0478,SARRIA-SANT GERVASI,Sant Gervasi - Galvany,CARRER,COPERNIC,1,83,,,,,,,2,1,2.143528553,41.40213674
03-2012-0329,SANTS-MONTJUÏC,el Poble Sec,CARRER,CONCORDIA,2,26,,,,,,,3,3,2.160333713,41.37369871
04-2012-0236,LES CORTS,les Corts,CARRER,GERARD PIERA,1,5,,11,,,,,BJ,7,2.129351488,41.3826181
05-2012-0466,SARRIA-SANT GERVASI,Sant Gervasi - Galvany,CARRER,ARIBAU,2,296,,,,,,,1,1,2.146583046,41.398637
03-2012-0446,SANTS-MONTJUÏC,el Poble Sec,PASSEIG,MONTJUIC,2,64,,66,,,,,1,6,2.167888616,41.37167633
02-2012-0757,L'EIXAMPLE,la Nova Esquerra de l'Eixample,CARRER,ENTENÇA,2,118,,,,,,,1,4,2.148897482,41.38105444
02-2012-0791,L'EIXAMPLE,la Dreta de l'Eixample,CARRER,BAILEN,1,125,,,,,,,EN,1,2.168940433,41.39804172
02-2012-0793,L'EIXAMPLE,la Dreta de l'Eixample,CARRER,BAILEN,1,125,,,,,,,EN,2,2.168940433,41.39804172
02-2012-0794,L'EIXAMPLE,la Dreta de l'Eixample,CARRER,BAILEN,1,125,,,,,,,4,4,2.168940433,41.39804172
02-2012-0796,L'EIXAMPLE,la Dreta de l'Eixample,CARRER,BAILEN,1,125,,,,,,,4,1,2.168940433,41.39804172
02-2012-0798,L'EIXAMPLE,la Dreta de l'Eixample,CARRER,BAILEN,1,125,,,,,,,3,3,2.168940433,41.39804172
02-2012-1399,L'EIXAMPLE,la Dreta de l'Eixample,CARRER,MALLORCA,2,266,,,,,,,2,1,2.163814628,41.39464448
02-2012-1400,L'EIXAMPLE,la Dreta de l'Eixample,CARRER,MALLORCA,2,266,,,,,,,2,2,2.163814628,41.39464448
05-2012-0428,SARRIA-SANT GERVASI,les Tres Torres,CARRER,ALT DE GIRONELLA,2,40,,,,,,,1,4,2.132367065,41.39623051
02-2012-1523,L'EIXAMPLE,la Sagrada Família,CARRER,DOS DE MAIG,1,225,,,,,,,1,2,2.182583906,41.40650404
02-2012-1131,L'EIXAMPLE,la Dreta de l'Eixample,CARRER,VALENCIA,2,290,,,,,,,4,4,2.165039045,41.39385559
02-2012-1132,L'EIXAMPLE,la Dreta de l'Eixample,CARRER,VALENCIA,2,290,,,,,,,4,2,2.165039045,41.39385559
02-2012-1133,L'EIXAMPLE,la Dreta de l'Eixample,CARRER,VALENCIA,2,290,,,,,,,4,1,2.165039045,41.39385559
02-2012-1134,L'EIXAMPLE,la Dreta de l'Eixample,CARRER,VALENCIA,2,290,,,,,,,2,4,2.165039045,41.39385559
02-2012-1135,L'EIXAMPLE,la Dreta de l'Eixample,CARRER,VALENCIA,2,290,,,,,,,4,3,2.165039045,41.39385559
02-2012-1250,L'EIXAMPLE,la Dreta de l'Eixample,GRAN VIA,CORTS CATALANES,1,593,,,,,,A,3,2,2.165959673,41.38801569
10-2012-0461,SANT MARTI,el Poblenou,CARRER,SANT FRANCESC,2,8,,,,,,,BJ,2,2.205494275,41.39872297
07-2012-0227,HORTA-GUINARDÓ,el Baix Guinardó,CARRER,NIÇA,1,9,,11,,,,,1,1,2.169289511,41.41403167
10-2012-0510,SANT MARTI,el Poblenou,CARRER,LOPE DE VEGA,2,10,,,,,,,5,1,2.207478485,41.40164592
02-2012-1342,L'EIXAMPLE,la Sagrada Família,CARRER,CORSEGA,1,535,,,,,,,3,3,2.171280829,41.40566713
02-2012-1348,L'EIXAMPLE,la Sagrada Família,CARRER,ROSSELLO,2,408,,,,,,,2,2,2.173763058,41.40553699
02-2012-1350,L'EIXAMPLE,la Sagrada Família,CARRER,PADILLA,1,241,,,,,,,4,1,2.178082391,41.40487093
10-2012-0513,SANT MARTI,el Camp de l'Arpa del Clot,CARRER,NACIO,2,18,,,,,,,4,,2.185848621,41.41278171
02-2012-0948,L'EIXAMPLE,la Dreta de l'Eixample,CARRER,ROSSELLO,2,272,,,,,,,EN,1,2.164799344,41.39880317
02-2012-0949,L'EIXAMPLE,la Dreta de l'Eixample,CARRER,MALLORCA,1,319,,,,,,,EN,1,2.167664457,41.39782307
01-2012-0446,CIUTAT VELLA,Sant Pere Santa Caterina i la Ribera,CARRER,VOLTA D'EN COLOMINES,1,3,,,,,,,1,,2.179142645,41.38457019
01-2012-0468,CIUTAT VELLA,el Barri Gòtic,CARRER,FLOR,1,5,,,,,,,2,2,2.172765604,41.38515293
01-2012-0469,CIUTAT VELLA,Sant Pere Santa Caterina i la Ribera,CARRER,CONSOLAT DE MAR,1,15,,,,,,,1,2,2.181898222,41.38214751
06-2012-0466,GRACIA,la Vila de Gràcia,CARRER,VALLFOGONA,1,29,,,,,,,BJ,2,2.158143945,41.40366439
02-2012-1441,L'EIXAMPLE,l'Antiga Esquerra de l'Eixample,CARRER,ARIBAU,1,47,,,,,,,AT,1,2.159800551,41.3879033
03-2012-0395,SANTS-MONTJUÏC,el Poble Sec,CARRER,VILA I VILA,1,77,,,,,,,EN,2,2.168564797,41.37417245
03-2012-0396,SANTS-MONTJUÏC,el Poble Sec,CARRER,VILA I VILA,1,77,,,,,,,EN,1,2.168564797,41.37417245
03-2012-0397,SANTS-MONTJUÏC,el Poble Sec,CARRER,VILA I VILA,1,77,,,,,,,3,2,2.168564797,41.37417245
03-2012-0398,SANTS-MONTJUÏC,el Poble Sec,CARRER,VILA I VILA,1,77,,,,,,,2,2,2.168564797,41.37417245
03-2012-0399,SANTS-MONTJUÏC,el Poble Sec,CARRER,VILA I VILA,1,77,,,,,,,3,1,2.168564797,41.37417245
03-2012-0400,SANTS-MONTJUÏC,el Poble Sec,CARRER,VILA I VILA,1,77,,,,,,,1,1,2.168564797,41.37417245
01-2012-0560,CIUTAT VELLA,el Raval,CARRER,VALLDONZELLA,1,7,,,,,,,EN,3,2.16645419,41.38462923
09-2012-0236,SANT ANDREU,Sant Andreu,PASSEIG,SANTA COLOMA,1,37,,,,,,,8,3,2.19137765,41.4457421
02-2012-0934,L'EIXAMPLE,la Sagrada Família,AVINGUDA,DIAGONAL,2,318,,,,,,,6,1,2.175763718,41.40084965
02-2012-0935,L'EIXAMPLE,la Sagrada Família,AVINGUDA,DIAGONAL,2,318,,,,,,,1,1,2.175763718,41.40084965
02-2012-0936,L'EIXAMPLE,la Sagrada Família,AVINGUDA,DIAGONAL,2,318,,,,,,,4,1,2.175763718,41.40084965
02-2012-0937,L'EIXAMPLE,la Sagrada Família,AVINGUDA,DIAGONAL,2,318,,,,,,,5,1,2.175763718,41.40084965
02-2012-0938,L'EIXAMPLE,la Sagrada Família,AVINGUDA,DIAGONAL,2,318,,,,,,,3,1,2.175763718,41.40084965
02-2012-0939,L'EIXAMPLE,la Sagrada Família,AVINGUDA,DIAGONAL,2,318,,,,,,,2,1,2.175763718,41.40084965
02-2012-0750,L'EIXAMPLE,la Dreta de l'Eixample,CARRER,BALMES,2,8,,,,,,,PR,1,2.166962345,41.38619984
03-2012-0229,SANTS-MONTJUÏC,el Poble Sec,PASSATGE,PRUNERA,2,14,,,,,,,BJ,,2.156280425,41.37422689
05-2012-0307,SARRIA-SANT GERVASI,Sant Gervasi - la Bonanova,CARRER,CIUTAT DE BALAGUER,2,30,,,,,,,3,1,2.1355367,41.40329118
06-2012-0314,GRACIA,la Vila de Gràcia,CARRER,RAMON Y CAJAL,1,69,,71,,,,,BJ,,2.160988594,41.40412378
02-2012-1389,L'EIXAMPLE,la Dreta de l'Eixample,PASSATGE,PERMANYER,1,7,,,,,,,,,2.168513204,41.39230889
02-2012-1538,L'EIXAMPLE,Sant Antoni,CARRER,MANSO,2,58,,,,,,,4,2,2.161818825,41.37746569
02-2012-1540,L'EIXAMPLE,Sant Antoni,CARRER,MANSO,2,58,,,,,,,4,3,2.161818825,41.37746569
02-2012-1542,L'EIXAMPLE,Sant Antoni,CARRER,MANSO,2,58,,,,,,,5,1,2.161818825,41.37746569
02-2012-1543,L'EIXAMPLE,Sant Antoni,CARRER,MANSO,2,58,,,,,,,5,2,2.161818825,41.37746569
02-2012-1544,L'EIXAMPLE,Sant Antoni,CARRER,MANSO,2,58,,,,,,,5,3,2.161818825,41.37746569
02-2012-1020,L'EIXAMPLE,Sant Antoni,GRAN VIA,CORTS CATALANES,2,578,,,,,,,3,2,2.162407936,41.38469428
02-2012-1334,L'EIXAMPLE,el Fort Pienc,CARRER,CASP,2,106,,,,,,,3,1,2.177567083,41.39437437
03-2012-0373,SANTS-MONTJUÏC,Sants,CARRER,VALLADOLID,1,21,,,,,,,BJ,,2.136280347,41.37781574
03-2012-0374,SANTS-MONTJUÏC,Sants,CARRER,VALLADOLID,1,21,,,,,,,1,,2.136280347,41.37781574
01-2012-0391,CIUTAT VELLA,el Raval,CARRER,PEU DE LA CREU,1,19,,,,,,,EN,1,2.16696485,41.38109998
10-2012-0337,SANT MARTI,el Camp de l'Arpa del Clot,CARRER,CORSEGA,1,703,,,,,,,EN,2,2.180566635,41.4126759
10-2012-0341,SANT MARTI,el Camp de l'Arpa del Clot,CARRER,CORSEGA,1,703,,,,,,,PR,1,2.180566635,41.4126759
10-2012-0343,SANT MARTI,el Camp de l'Arpa del Clot,CARRER,CORSEGA,1,703,,,,,,,1,4,2.180566635,41.4126759
10-2012-0345,SANT MARTI,el Camp de l'Arpa del Clot,CARRER,CORSEGA,1,703,,,,,,,2,2,2.180566635,41.4126759
02-2012-1073,L'EIXAMPLE,la Nova Esquerra de l'Eixample,CARRER,ENTENÇA,2,140,,,,,,,PR,2,2.147682097,41.38197146
02-2012-1612,L'EIXAMPLE,la Dreta de l'Eixample,CARRER,ROSSELLO,2,202,,,,,,,PR,2,2.157713858,41.39343953
10-2012-0529,SANT MARTI,el Parc i la Llacuna del Poblenou,CARRER,SARDENYA,2,104,,106,,,,,2,3,2.187217825,41.39302665
10-2012-0530,SANT MARTI,el Parc i la Llacuna del Poblenou,CARRER,SARDENYA,2,104,,106,,,,,2,2,2.187217825,41.39302665
05-2012-0430,SARRIA-SANT GERVASI,Sant Gervasi - Galvany,CARRER,SANTALO,2,138,,,,,,,3,2,2.140191086,41.40027461
04-2012-0251,LES CORTS,les Corts,CARRER,LORETO,2,32,,,,,,,2,1,2.142307102,41.39025039
02-2012-1415,L'EIXAMPLE,la Dreta de l'Eixample,PASSEIG,GRACIA,2,52,,,,,,,3,,2.16553876,41.39207085
02-2012-1417,L'EIXAMPLE,la Sagrada Família,CARRER,DOS DE MAIG,1,265,,,,,,,BJ,1,2.18016064,41.4083406
06-2012-0464,GRACIA,el Camp d'en Grassot i Gràcia Nova,CARRER,ROGER DE FLOR,2,254,,,,,,,3,1,2.168270202,41.40227472
05-2012-0432,SARRIA-SANT GERVASI,Sant Gervasi - Galvany,CARRER,MUNTANER,1,425,,,,,,,PR,1,2.140672395,41.40062646
03-2012-0389,SANTS-MONTJUÏC,la Bordeta,RAMBLA,BADAL,2,20,,22,,,,B,AT,3,2.134796873,41.36647328
06-2012-0350,GRACIA,el Camp d'en Grassot i Gràcia Nova,CARRER,INDUSTRIA,2,42,,,,,,,4,2,2.167346534,41.40410463
02-2012-0957,L'EIXAMPLE,el Fort Pienc,CARRER,AUSIAS MARC,1,59,,,,,,,7,,2.178297607,41.39349362
02-2012-1317,L'EIXAMPLE,la Sagrada Família,CARRER,INDUSTRIA,1,183,,,,,,,1,2,2.17592334,41.41082358
02-2012-1136,L'EIXAMPLE,la Dreta de l'Eixample,CARRER,VALENCIA,2,290,,,,,,,2,3,2.165039045,41.39385559
02-2012-1224,L'EIXAMPLE,l'Antiga Esquerra de l'Eixample,CARRER,ARIBAU,1,39,,,,,,,3,1B,2.160099958,41.38767492
07-2012-0199,HORTA-GUINARDÓ,el Guinardó,CARRER,TELEGRAF,1,19,,21,,,,,1,1,2.174991467,41.4165581
07-2012-0200,HORTA-GUINARDÓ,el Guinardó,CARRER,TELEGRAF,1,19,,21,,,,,1,2,2.174991467,41.4165581
07-2012-0201,HORTA-GUINARDÓ,el Guinardó,CARRER,TELEGRAF,1,19,,21,,,,,1,3,2.174991467,41.4165581
07-2012-0202,HORTA-GUINARDÓ,el Guinardó,CARRER,TELEGRAF,1,19,,21,,,,,1,4,2.174991467,41.4165581
07-2012-0203,HORTA-GUINARDÓ,el Guinardó,CARRER,TELEGRAF,1,19,,21,,,,,2,1,2.174991467,41.4165581
07-2012-0204,HORTA-GUINARDÓ,el Guinardó,CARRER,TELEGRAF,1,19,,21,,,,,2,2,2.174991467,41.4165581
06-2012-0383,GRACIA,el Camp d'en Grassot i Gràcia Nova,CARRER,CORSEGA,2,446,,,,,,I,3,2,2.16720779,41.40231993
03-2012-0269,SANTS-MONTJUÏC,el Poble Sec,CARRER,MURILLO,2,6,,,,,,,1,2,2.162262603,41.3730397
02-2012-1044,L'EIXAMPLE,la Dreta de l'Eixample,AVINGUDA,DIAGONAL,2,434,,,,,,A,4,1,2.161686224,41.39730469
06-2012-0384,GRACIA,el Camp d'en Grassot i Gràcia Nova,CARRER,INDUSTRIA,2,12,,,,,,,2,1,2.164949324,41.40226413
02-2012-1057,L'EIXAMPLE,la Dreta de l'Eixample,PASSEIG,GRACIA,2,44,,,,,,,5,I,2.165977919,41.39172116
02-2012-1058,L'EIXAMPLE,la Dreta de l'Eixample,RAMBLA,CATALUNYA,2,42,,,,,,,3,1,2.164963405,41.39016883
02-2012-1041,L'EIXAMPLE,la Dreta de l'Eixample,RAMBLA,CATALUNYA,1,5,,,,,,,2,2,2.167863509,41.38764894
02-2012-1197,L'EIXAMPLE,la Sagrada Família,CARRER,ROSSELLO,2,446,,,,,,,EN,2,2.1760579,41.40726002
02-2012-1292,L'EIXAMPLE,Sant Antoni,CARRER,FLORIDABLANCA,1,79,,,,,,,1,2,2.159153923,41.37911918
03-2012-0381,SANTS-MONTJUÏC,el Poble Sec,CARRER,GRASES,2,8,,,,,,,2,1,2.156615861,41.37319014
02-2012-1354,L'EIXAMPLE,el Fort Pienc,PASSEIG,SANT JOAN,2,6,,,,,,,PR,2,2.179949816,41.39189899
02-2012-1459,L'EIXAMPLE,la Dreta de l'Eixample,AVINGUDA,DIAGONAL,1,377,,,,,,,5,2,2.161079024,41.3966882
02-2012-1460,L'EIXAMPLE,la Dreta de l'Eixample,AVINGUDA,DIAGONAL,1,377,,,,,,,PR,,2.161079024,41.3966882
02-2012-1461,L'EIXAMPLE,la Dreta de l'Eixample,AVINGUDA,DIAGONAL,1,377,,,,,,,6,1,2.161079024,41.3966882
01-2012-0519,CIUTAT VELLA,el Barri Gòtic,CARRER,AVINYO,2,58,,,,,,,3,1B,2.17928937,41.38018913
02-2012-0940,L'EIXAMPLE,Sant Antoni,CARRER,MUNTANER,1,7,,,,,,,2,2A,2.162910139,41.38384194
06-2012-0355,GRACIA,la Vila de Gràcia,PLAÇA,VILA DE GRACIA,1,19,,,,,,,3,1,2.157480386,41.39996823
10-2012-0318,SANT MARTI,el Poblenou,AVINGUDA,DIAGONAL,1,141,,,,,,,1,4,2.198480782,41.40595144
02-2012-1040,L'EIXAMPLE,la Dreta de l'Eixample,CARRER,PAU CLARIS,2,178,,,,,,,4,2,2.163318026,41.39574466
02-2012-1234,L'EIXAMPLE,la Dreta de l'Eixample,CARRER,PAU CLARIS,2,178,,,,,,,2,1B,2.163318026,41.39574466
02-2012-1369,L'EIXAMPLE,Sant Antoni,CARRER,COMTE BORRELL,2,98,,,,,,,1,2,2.158443488,41.38065986
10-2012-0519,SANT MARTI,Diagonal Mar i el Front Marítim del Poblenou,CARRER,SELVA DE MAR,2,6,,,,,,,1,1,2.214327629,41.40529129
10-2012-0520,SANT MARTI,Diagonal Mar i el Front Marítim del Poblenou,PASSEIG,GARCIA FARIA,1,75,,,,,,A,12,4,2.215323118,41.40496996
05-2012-0479,SARRIA-SANT GERVASI,Sant Gervasi - Galvany,RONDA,GENERAL MITRE,2,164,,,,,,,5,3,2.14075073,41.40425884
05-2012-0309,SARRIA-SANT GERVASI,Sant Gervasi - Galvany,CARRER,PRATS DE MOLLO,2,18,,,,,,,BJ,1,2.138164967,41.40130413
05-2012-0310,SARRIA-SANT GERVASI,Sant Gervasi - Galvany,CARRER,PRATS DE MOLLO,2,18,,,,,,,BJ,2,2.138164967,41.40130413
05-2012-0311,SARRIA-SANT GERVASI,Sant Gervasi - Galvany,CARRER,PRATS DE MOLLO,2,18,,,,,,,1,1,2.138164967,41.40130413
05-2012-0312,SARRIA-SANT GERVASI,Sant Gervasi - Galvany,CARRER,PRATS DE MOLLO,2,18,,,,,,,1,2,2.138164967,41.40130413
05-2012-0313,SARRIA-SANT GERVASI,Sant Gervasi - Galvany,CARRER,PRATS DE MOLLO,2,18,,,,,,,1,3,2.138164967,41.40130413
05-2012-0314,SARRIA-SANT GERVASI,Sant Gervasi - Galvany,CARRER,PRATS DE MOLLO,2,18,,,,,,,2,1,2.138164967,41.40130413
05-2012-0315,SARRIA-SANT GERVASI,Sant Gervasi - Galvany,CARRER,PRATS DE MOLLO,2,18,,,,,,,2,2,2.138164967,41.40130413
05-2012-0316,SARRIA-SANT GERVASI,Sant Gervasi - Galvany,CARRER,PRATS DE MOLLO,2,18,,,,,,,2,3,2.138164967,41.40130413
02-2012-0861,L'EIXAMPLE,la Sagrada Família,CARRER,SARDENYA,2,288,,,,,,,2,2,2.17586955,41.401616
10-2012-0445,SANT MARTI,la Vila Olímpica del Poblenou,CARRER,HELSINKI,1,19,,,,,,,BJ,,2.195884065,41.391872
10-2012-0456,SANT MARTI,la Vila Olímpica del Poblenou,CARRER,HELSINKI,1,3,,,,,,,BJ,,2.195884065,41.391872
10-2012-0457,SANT MARTI,la Vila Olímpica del Poblenou,CARRER,ANVERS,1,7,,,,,,,,,2.195980793,41.39206349
02-2012-0770,L'EIXAMPLE,la Nova Esquerra de l'Eixample,CARRER,ENTENÇA,2,132,,,,,,,3,1,2.147999921,41.38172964
02-2012-0771,L'EIXAMPLE,la Sagrada Família,CARRER,MARINA,2,234,,,,,,,5,2,2.177374234,41.40239418
02-2012-0773,L'EIXAMPLE,la Nova Esquerra de l'Eixample,CARRER,ROCAFORT,1,251,,,,,,,AT,4,2.144465482,41.38582943
02-2012-0778,L'EIXAMPLE,la Dreta de l'Eixample,CARRER,ROGER DE LLURIA,2,40,,,,,,,2,4,2.17048376,41.39203561
02-2012-1371,L'EIXAMPLE,la Sagrada Família,CARRER,INDUSTRIA,1,105,,,,,,,SA,1,2.170723018,41.40691902
02-2012-1372,L'EIXAMPLE,la Sagrada Família,CARRER,INDUSTRIA,1,105,,,,,,,5,3,2.170723018,41.40691902
06-2012-0453,GRACIA,el Camp d'en Grassot i Gràcia Nova,CARRER,SECRETARI COLOMA,1,57,,,,,,,3,1,2.163319591,41.40903011
06-2012-0454,GRACIA,el Camp d'en Grassot i Gràcia Nova,CARRER,SECRETARI COLOMA,1,57,,,,,,,3,2,2.163319591,41.40903011
06-2012-0455,GRACIA,el Camp d'en Grassot i Gràcia Nova,CARRER,SECRETARI COLOMA,1,57,,,,,,,3,4,2.163319591,41.40903011
06-2012-0456,GRACIA,el Camp d'en Grassot i Gràcia Nova,CARRER,SECRETARI COLOMA,1,57,,,,,,,4,2,2.163319591,41.40903011
06-2012-0457,GRACIA,el Camp d'en Grassot i Gràcia Nova,CARRER,SECRETARI COLOMA,1,57,,,,,,,4,3,2.163319591,41.40903011
06-2012-0458,GRACIA,el Camp d'en Grassot i Gràcia Nova,CARRER,SECRETARI COLOMA,1,57,,,,,,,4,4,2.163319591,41.40903011
03-2012-0401,SANTS-MONTJUÏC,la Font de la Guatlla,CARRER,MEXIC,2,16,,18,,,,,2,2A,2.148033738,41.37298984
10-2012-0565,SANT MARTI,Diagonal Mar i el Front Marítim del Poblenou,PASSEIG,GARCIA FARIA,1,77,,,,,,,1,1,2.215323118,41.40496996
06-2012-0418,GRACIA,la Vila de Gràcia,AVINGUDA,PRINCEP D'ASTURIES,2,2,,,,,,,4,1,2.151335669,41.4013453
01-2012-0486,CIUTAT VELLA,el Barri Gòtic,PLAÇA,REIAL,2,8,,,,,,,3,3,2.175275496,41.38046949
02-2012-1584,L'EIXAMPLE,la Dreta de l'Eixample,CARRER,ARAGO,2,312,,,,,,,6,2,2.168587371,41.3947396
07-2012-0205,HORTA-GUINARDÓ,el Guinardó,CARRER,TELEGRAF,1,19,,21,,,,,2,3,2.174991467,41.4165581
07-2012-0206,HORTA-GUINARDÓ,el Guinardó,CARRER,TELEGRAF,1,19,,21,,,,,2,4,2.174991467,41.4165581
07-2012-0207,HORTA-GUINARDÓ,el Guinardó,CARRER,TELEGRAF,1,19,,21,,,,,3,1,2.174991467,41.4165581
07-2012-0208,HORTA-GUINARDÓ,el Guinardó,CARRER,TELEGRAF,1,19,,21,,,,,3,2,2.174991467,41.4165581
07-2012-0209,HORTA-GUINARDÓ,el Guinardó,CARRER,TELEGRAF,1,19,,21,,,,,3,3,2.174991467,41.4165581
10-2012-0474,SANT MARTI,Provençals del Poblenou,GRAN VIA,CORTS CATALANES,2,984,,,,,,,10,2,2.19776048,41.41072476
01-2012-0516,CIUTAT VELLA,el Raval,CARRER,NOU DE LA RAMBLA,1,31,,,,,,,4,2,2.173130055,41.37791817
02-2012-0976,L'EIXAMPLE,la Sagrada Família,CARRER,INDUSTRIA,2,158,,,,,,,AT,1,2.174872314,41.40975692
02-2012-0977,L'EIXAMPLE,la Sagrada Família,CARRER,CARTAGENA,1,247,,,,,,,AT,3,2.178184592,41.40810795
02-2012-1166,L'EIXAMPLE,l'Antiga Esquerra de l'Eixample,CARRER,CONSELL DE CENT,1,207,,,,,,,3,3,2.156914896,41.38461925
02-2012-1167,L'EIXAMPLE,l'Antiga Esquerra de l'Eixample,CARRER,CONSELL DE CENT,1,207,,,,,,,1,5,2.156914896,41.38461925
02-2012-1168,L'EIXAMPLE,l'Antiga Esquerra de l'Eixample,CARRER,CONSELL DE CENT,1,207,,,,,,,3,2,2.156914896,41.38461925
02-2012-1169,L'EIXAMPLE,l'Antiga Esquerra de l'Eixample,CARRER,CONSELL DE CENT,1,207,,,,,,,3,1,2.156914896,41.38461925
02-2012-1170,L'EIXAMPLE,l'Antiga Esquerra de l'Eixample,CARRER,CONSELL DE CENT,1,207,,,,,,,2,5,2.156914896,41.38461925
02-2012-1171,L'EIXAMPLE,l'Antiga Esquerra de l'Eixample,CARRER,CONSELL DE CENT,1,207,,,,,,,2,4,2.156914896,41.38461925
02-2012-0898,L'EIXAMPLE,la Dreta de l'Eixample,PASSEIG,GRACIA,1,89,,,,,,,5,2,2.161116391,41.39480827
02-2012-1448,L'EIXAMPLE,Sant Antoni,CARRER,SEPULVEDA,1,169,,,,,,,2,1,2.162309898,41.38319697
02-2012-1524,L'EIXAMPLE,la Dreta de l'Eixample,CARRER,ARAGO,2,312,,,,,,,1,1,2.168587371,41.3947396
02-2012-1218,L'EIXAMPLE,la Dreta de l'Eixample,RONDA,UNIVERSITAT,2,6,,,,,,,EN,2,2.166065731,41.38629326
03-2012-0340,SANTS-MONTJUÏC,Hostafrancs,CARRER,TORRE D'EN DAMIANS,2,14,B,,,,,,BJ,,2.144041933,41.37620781
02-2012-1271,L'EIXAMPLE,Sant Antoni,GRAN VIA,CORTS CATALANES,2,474,,,,,,,5,2,2.155771303,41.37969822
06-2012-0519,GRACIA,el Camp d'en Grassot i Gràcia Nova,CARRER,SANT ANTONI MARIA CLARET,1,3,,,,,,,1,3,2.163230412,41.40295289
10-2012-0594,SANT MARTI,Diagonal Mar i el Front Marítim del Poblenou,PASSEIG,GARCIA FARIA,1,83,,,,,,,3,2,2.21700445,41.40621632
03-2012-0259,SANTS-MONTJUÏC,el Poble Sec,CARRER,BLESA,1,47,,,,,,,2,C,2.166788437,41.37274109
01-2012-0450,CIUTAT VELLA,el Raval,CARRER,TIGRE,2,4,,,,,,,2,1,2.164962909,41.38288091
10-2012-0379,SANT MARTI,el Parc i la Llacuna del Poblenou,CARRER,SARDENYA,2,80,,,,,,,6,4,2.188401521,41.39213686
05-2012-0335,SARRIA-SANT GERVASI,Sant Gervasi - la Bonanova,CARRER,MUNTANER,1,511,,,,,,,1,1,2.136920132,41.40354763
02-2012-1046,L'EIXAMPLE,la Sagrada Família,CARRER,SARDENYA,2,302,,,,,,,PR,2,2.175004769,41.40226972
02-2012-1047,L'EIXAMPLE,la Sagrada Família,CARRER,SARDENYA,2,302,,,,,,,1,2,2.175004769,41.40226972
02-2012-1048,L'EIXAMPLE,la Sagrada Família,CARRER,SARDENYA,2,302,,,,,,,PR,1,2.175004769,41.40226972
02-2012-1050,L'EIXAMPLE,la Sagrada Família,CARRER,MARINA,2,240,,,,,,,BJ,,2.177152845,41.40256275
10-2012-0441,SANT MARTI,Diagonal Mar i el Front Marítim del Poblenou,PASSEIG,TAULAT,2,196,,200,,,,9,4,2,2.212111578,41.4039476
10-2012-0442,SANT MARTI,Diagonal Mar i el Front Marítim del Poblenou,CARRER,SELVA DE MAR,2,12,,,,,,,1,2,2.214327629,41.40529129
10-2012-0465,SANT MARTI,la Vila Olímpica del Poblenou,CARRER,SALVADOR ESPRIU,1,33,,,,,,,4,2,2.197251767,41.38935154
02-2012-1311,L'EIXAMPLE,la Sagrada Família,CARRER,LEPANT,1,279,,,,,,,4,2,2.175826661,41.4049478
02-2012-1159,L'EIXAMPLE,l'Antiga Esquerra de l'Eixample,CARRER,CONSELL DE CENT,1,207,,,,,,,1,3,2.156914896,41.38461925
06-2012-0531,GRACIA,el Camp d'en Grassot i Gràcia Nova,CARRER,SANT ANTONI MARIA CLARET,1,3,,,,,,,2,1,2.163230412,41.40295289
02-2012-0954,L'EIXAMPLE,la Sagrada Família,CARRER,ROSSELLO,2,444,,,,,,,2,1,2.175980087,41.40720309
02-2012-1130,L'EIXAMPLE,Sant Antoni,CARRER,ROCAFORT,2,8,,,,,,,3,2,2.158305341,41.37565719
02-2012-1152,L'EIXAMPLE,la Dreta de l'Eixample,CARRER,VALENCIA,1,355,,,,,,,3,2,2.170417236,41.39817824
06-2012-0413,GRACIA,la Vila de Gràcia,CARRER,ESCORIAL,1,11,,13,,,,,4,1,2.162125563,41.40627339
06-2012-0303,GRACIA,el Camp d'en Grassot i Gràcia Nova,CARRER,INDUSTRIA,1,81,,,,,,,3,1,2.169120868,41.40571888
02-2012-0831,L'EIXAMPLE,la Dreta de l'Eixample,CARRER,BRUC,1,55,,,,,,,PR,1A,2.171071069,41.39301723
02-2012-0832,L'EIXAMPLE,la Dreta de l'Eixample,CARRER,BRUC,1,55,,,,,,B,2,1,2.171071069,41.39301723
02-2012-0834,L'EIXAMPLE,la Dreta de l'Eixample,CARRER,BRUC,1,55,,,,,,A,2,1,2.171071069,41.39301723
02-2012-0836,L'EIXAMPLE,la Dreta de l'Eixample,CARRER,BRUC,1,55,,,,,,B,3,2,2.171071069,41.39301723
02-2012-0838,L'EIXAMPLE,la Dreta de l'Eixample,CARRER,DIPUTACIO,1,309,,,,,,,EN,1,2.170241016,41.39294043
03-2012-0279,SANTS-MONTJUÏC,Sants,CARRER,MIRACLE,1,19,,,,,,,1,D,2.133390848,41.37683823
02-2012-1096,L'EIXAMPLE,la Dreta de l'Eixample,CARRER,BRUC,2,42,,44,,,,,4,D,2.173056393,41.39179568
02-2012-1360,L'EIXAMPLE,la Dreta de l'Eixample,AVINGUDA,DIAGONAL,2,354,,,,,,,1,2,2.17232047,41.39998109
02-2012-1361,L'EIXAMPLE,la Dreta de l'Eixample,CARRER,PAU CLARIS,2,76,,,,,,,AT,1,2.171648178,41.38945381
02-2012-1365,L'EIXAMPLE,la Dreta de l'Eixample,CARRER,BAILEN,2,56,,,,,,,2,3,2.173860954,41.39460391
03-2012-0289,SANTS-MONTJUÏC,el Poble Sec,CARRER,TEODOR BONAPLATA,2,6,,,,,,,1,2,2.158984258,41.37448069
03-2012-0291,SANTS-MONTJUÏC,el Poble Sec,CARRER,TEODOR BONAPLATA,2,6,,,,,,,1,1,2.158984258,41.37448069
06-2012-0460,GRACIA,el Camp d'en Grassot i Gràcia Nova,CARRER,SECRETARI COLOMA,1,57,,,,,,,EN,1B,2.163319591,41.40903011
06-2012-0461,GRACIA,el Camp d'en Grassot i Gràcia Nova,CARRER,SECRETARI COLOMA,1,57,,,,,,,5,3,2.163319591,41.40903011
06-2012-0462,GRACIA,el Camp d'en Grassot i Gràcia Nova,CARRER,SECRETARI COLOMA,1,57,,,,,,,5,4,2.163319591,41.40903011
04-2012-0219,LES CORTS,les Corts,CARRER,TAQUIGRAF GARRIGA,2,34,,,,,,,2,1,2.133191621,41.38656692
05-2012-0465,SARRIA-SANT GERVASI,el Putxet i el Farró,CARRER,SANT MAGI,2,24,,,,,,,1,2,2.148449869,41.40529505
05-2012-0468,SARRIA-SANT GERVASI,Sant Gervasi - Galvany,CARRER,GANDUXER,2,50,,,,,,,4,2,2.136872603,41.39598472
10-2012-0492,SANT MARTI,Diagonal Mar i el Front Marítim del Poblenou,PASSEIG,GARCIA FARIA,1,75,,,,,,A,2,4,2.215323118,41.40496996
10-2012-0569,SANT MARTI,la Vila Olímpica del Poblenou,CARRER,SALVADOR ESPRIU,1,25,,,,,,,6,1,2.196294986,41.38863418
02-2013-1030,L'EIXAMPLE,la Dreta de l'Eixample,RONDA,SANT PERE,1,35,,,,,,,PR,,2.176037748,41.39034905
10-2012-0415,SANT MARTI,el Camp de l'Arpa del Clot,CARRER,INDEPENDENCIA,1,315,,,,,,,6,4,2.181554977,41.4090368
10-2012-0416,SANT MARTI,el Camp de l'Arpa del Clot,CARRER,INDEPENDENCIA,1,319,,,,,,,4,,2.181367725,41.40917939
10-2012-0417,SANT MARTI,el Camp de l'Arpa del Clot,CARRER,INDEPENDENCIA,1,319,,,,,,,3,,2.181367725,41.40917939
10-2012-0418,SANT MARTI,el Camp de l'Arpa del Clot,CARRER,INDEPENDENCIA,1,319,,,,,,,2,,2.181367725,41.40917939
10-2012-0419,SANT MARTI,el Camp de l'Arpa del Clot,CARRER,INDEPENDENCIA,1,319,,,,,,,1,,2.181367725,41.40917939
10-2012-0370,SANT MARTI,la Vila Olímpica del Poblenou,CARRER,SALVADOR ESPRIU,1,37,,,,,,,3,1,2.197251767,41.38935154
02-2012-1172,L'EIXAMPLE,Sant Antoni,CARRER,COMTE BORRELL,1,105,,,,,,,5,2,2.159317606,41.37972842
02-2012-1264,L'EIXAMPLE,la Dreta de l'Eixample,CARRER,AUSIAS MARC,1,13,,,,,,,3,4,2.174144037,41.39037909
06-2012-0389,GRACIA,el Camp d'en Grassot i Gràcia Nova,CARRER,PARE LAINEZ,1,55,,,,,,,3,2,2.166831738,41.40796507
06-2012-0390,GRACIA,el Camp d'en Grassot i Gràcia Nova,CARRER,PARE LAINEZ,1,55,,,,,,,2,1,2.166831738,41.40796507
02-2012-1527,L'EIXAMPLE,la Dreta de l'Eixample,CARRER,ARAGO,2,312,,,,,,,1,2,2.168587371,41.3947396
02-2012-1528,L'EIXAMPLE,la Dreta de l'Eixample,CARRER,ARAGO,2,312,,,,,,,2,1,2.168587371,41.3947396
01-2012-0521,CIUTAT VELLA,el Barri Gòtic,CARRER,AVINYO,2,58,,,,,,,3,1A,2.17928937,41.38018913
01-2012-0522,CIUTAT VELLA,el Barri Gòtic,CARRER,BOT,1,11,,,,,,,3,2,2.172144038,41.38395057
01-2012-0523,CIUTAT VELLA,la Barceloneta,CARRER,PESCADORS,1,85,,,,,,,3,2,2.189974322,41.3761808
01-2012-0524,CIUTAT VELLA,Sant Pere Santa Caterina i la Ribera,CARRER,TRAFALGAR,2,70,,,,,,,4,C,2.17885226,41.39056494
02-2012-1520,L'EIXAMPLE,Sant Antoni,GRAN VIA,CORTS CATALANES,2,460,,,,,,,4,1A,2.15500386,41.37912094
02-2012-1521,L'EIXAMPLE,Sant Antoni,GRAN VIA,CORTS CATALANES,2,460,,,,,,,5,1A,2.15500386,41.37912094
02-2012-1522,L'EIXAMPLE,Sant Antoni,GRAN VIA,CORTS CATALANES,2,460,,,,,,,5,1B,2.15500386,41.37912094
10-2012-0338,SANT MARTI,el Camp de l'Arpa del Clot,CARRER,CORSEGA,1,703,,,,,,,BJ,3,2.180566635,41.4126759
10-2012-0340,SANT MARTI,el Camp de l'Arpa del Clot,CARRER,CORSEGA,1,703,,,,,,,EN,1,2.180566635,41.4126759
10-2012-0342,SANT MARTI,el Camp de l'Arpa del Clot,CARRER,CORSEGA,1,703,,,,,,,PR,2,2.180566635,41.4126759
10-2012-0344,SANT MARTI,el Camp de l'Arpa del Clot,CARRER,CORSEGA,1,703,,,,,,,2,1,2.180566635,41.4126759
10-2012-0346,SANT MARTI,el Camp de l'Arpa del Clot,CARRER,CORSEGA,1,703,,,,,,,2,3,2.180566635,41.4126759
10-2012-0347,SANT MARTI,el Camp de l'Arpa del Clot,CARRER,CORSEGA,1,703,,,,,,,3,1,2.180566635,41.4126759
10-2012-0348,SANT MARTI,el Camp de l'Arpa del Clot,CARRER,CORSEGA,1,703,,,,,,,3,3,2.180566635,41.4126759
10-2012-0349,SANT MARTI,el Camp de l'Arpa del Clot,CARRER,CORSEGA,1,703,,,,,,,3,4,2.180566635,41.4126759
02-2012-0843,L'EIXAMPLE,la Nova Esquerra de l'Eixample,CARRER,CALABRIA,2,130,,,,,,,3,1,2.153322683,41.3811257
02-2012-1637,L'EIXAMPLE,la Nova Esquerra de l'Eixample,AVINGUDA,SARRIA,1,33,,,,,,,PR,4,2.144702788,41.3902114
02-2012-1638,L'EIXAMPLE,l'Antiga Esquerra de l'Eixample,GRAN VIA,CORTS CATALANES,1,571,,,,,,,PR,1,2.16197094,41.38501472
02-2012-1639,L'EIXAMPLE,l'Antiga Esquerra de l'Eixample,CARRER,PARIS,2,202,,,,,,,PR,2,2.15442534,41.39439213
10-2012-0601,SANT MARTI,la Vila Olímpica del Poblenou,CARRER,ARQUITECTE SERT,2,14,,,,,,,3,1,2.198734263,41.39141058
10-2012-0378,SANT MARTI,la Vila Olímpica del Poblenou,AVINGUDA,ICARIA,1,137,,,,,,,1,2,2.195876368,41.39052621
02-2012-0971,L'EIXAMPLE,Sant Antoni,CARRER,COMTE BORRELL,2,98,,,,,,,PR,2,2.158443488,41.38065986
06-2012-0356,GRACIA,el Camp d'en Grassot i Gràcia Nova,CARRER,HIPOLIT LAZARO,1,19,,,,,,E,3,3,2.164241259,41.40671901
05-2012-0286,SARRIA-SANT GERVASI,el Putxet i el Farró,CARRER,BALLESTER,2,46,,,,,,,1,1,2.146899696,41.40771588
05-2012-0287,SARRIA-SANT GERVASI,el Putxet i el Farró,CARRER,BALLESTER,2,46,,,,,,,1,2,2.146899696,41.40771588
05-2012-0288,SARRIA-SANT GERVASI,el Putxet i el Farró,CARRER,BALLESTER,2,46,,,,,,,1,3,2.146899696,41.40771588
05-2012-0289,SARRIA-SANT GERVASI,el Putxet i el Farró,CARRER,BALLESTER,2,46,,,,,,,1,4,2.146899696,41.40771588
05-2012-0290,SARRIA-SANT GERVASI,el Putxet i el Farró,CARRER,BALLESTER,2,46,,,,,,,1,5,2.146899696,41.40771588
05-2012-0291,SARRIA-SANT GERVASI,el Putxet i el Farró,CARRER,BALLESTER,2,46,,,,,,,1,6,2.146899696,41.40771588
02-2012-0857,L'EIXAMPLE,la Sagrada Família,CARRER,PROVENÇA,1,529,,,,,,,AT,2,2.179224016,41.40814512
05-2012-0282,SARRIA-SANT GERVASI,el Putxet i el Farró,CARRER,BALLESTER,2,46,,,,,,,BJ,2,2.146899696,41.40771588
05-2012-0283,SARRIA-SANT GERVASI,el Putxet i el Farró,CARRER,BALLESTER,2,46,,,,,,,BJ,3,2.146899696,41.40771588
05-2012-0284,SARRIA-SANT GERVASI,el Putxet i el Farró,CARRER,BALLESTER,2,46,,,,,,,BJ,4,2.146899696,41.40771588
10-2012-0363,SANT MARTI,el Clot,CARRER,ESPRONCEDA,1,293,,,,,,,AT,1,2.192978952,41.41397796
06-2012-0366,GRACIA,el Camp d'en Grassot i Gràcia Nova,TRAVESSERA,GRACIA,1,343,,,,,,,BJ,,2.167424557,41.40748622
06-2012-0367,GRACIA,el Camp d'en Grassot i Gràcia Nova,TRAVESSERA,GRACIA,1,343,,,,,,,1,1,2.167424557,41.40748622
06-2012-0368,GRACIA,el Camp d'en Grassot i Gràcia Nova,TRAVESSERA,GRACIA,1,343,,,,,,,1,2,2.167424557,41.40748622
06-2012-0369,GRACIA,el Camp d'en Grassot i Gràcia Nova,TRAVESSERA,GRACIA,1,343,,,,,,,2,1,2.167424557,41.40748622
06-2012-0370,GRACIA,el Camp d'en Grassot i Gràcia Nova,TRAVESSERA,GRACIA,1,343,,,,,,,2,2,2.167424557,41.40748622
02-2012-0894,L'EIXAMPLE,la Sagrada Família,PASSATGE,UREÑA,1,9,,,,,,,BJ,,2.176633401,41.41007247
02-2012-0895,L'EIXAMPLE,el Fort Pienc,AVINGUDA,DIAGONAL,1,283,,,,,,,1,2,2.176318878,41.40050068
06-2012-0328,GRACIA,la Salut,CARRER,SARDENYA,1,555,,,,,,,6,2,2.161579474,41.41299049
09-2012-0270,SANT ANDREU,la Sagrera,CARRER,CORTIT,1,11,,19,,,,,BJ,2,2.189762416,41.42563512
09-2012-0271,SANT ANDREU,la Sagrera,CARRER,CORTIT,1,11,,19,,,,,BJ,3,2.189762416,41.42563512
09-2012-0272,SANT ANDREU,Sant Andreu,CARRER,CASTELLBELL,1,25,,29,,,,2,1,1,2.185885676,41.4336498
09-2012-0273,SANT ANDREU,Sant Andreu,CARRER,CASTELLBELL,1,25,,29,,,,2,2,1,2.185885676,41.4336498
06-2012-0499,GRACIA,la Salut,CARRER,CA L'ALEGRE DE DALT,2,112,,,,,,,1,1,2.158425117,41.41212932
06-2012-0500,GRACIA,la Salut,CARRER,CA L'ALEGRE DE DALT,2,112,,,,,,,1,2,2.158425117,41.41212932
06-2012-0501,GRACIA,la Salut,CARRER,CA L'ALEGRE DE DALT,2,112,,,,,,,1,3,2.158425117,41.41212932
06-2012-0502,GRACIA,la Salut,CARRER,CA L'ALEGRE DE DALT,2,112,,,,,,,1,4,2.158425117,41.41212932
06-2012-0503,GRACIA,la Salut,CARRER,CA L'ALEGRE DE DALT,2,112,,,,,,,1,5,2.158425117,41.41212932
06-2012-0504,GRACIA,la Salut,CARRER,CA L'ALEGRE DE DALT,2,112,,,,,,,1,6,2.158425117,41.41212932
06-2012-0505,GRACIA,la Salut,CARRER,CA L'ALEGRE DE DALT,2,112,,,,,,,1,7,2.158425117,41.41212932
03-2012-0416,SANTS-MONTJUÏC,el Poble Sec,CARRER,ELKANO,2,16,,,,,,,1,1,2.165027281,41.37261988
03-2012-0417,SANTS-MONTJUÏC,Sants,CARRER,JACQUARD,2,14,,18,,,,,1,1,2.13430039,41.3777674
04-2012-0166,LES CORTS,la Maternitat i Sant Ramon,TRAVESSERA,CORTS,2,100,,,,,,,1,3,2.124523866,41.37977312
02-2012-0786,L'EIXAMPLE,l'Antiga Esquerra de l'Eixample,CARRER,ARIBAU,2,46,,,,,,,2,1,2.160325813,41.38777782
02-2012-1573,L'EIXAMPLE,la Sagrada Família,CARRER,PADILLA,1,219,,,,,,,4,1,2.179341215,41.40390878
02-2012-1577,L'EIXAMPLE,l'Antiga Esquerra de l'Eixample,CARRER,MALLORCA,2,152,,,,,,,3,2,2.154670595,41.38775534
02-2012-1324,L'EIXAMPLE,la Sagrada Família,CARRER,CASTILLEJOS,2,332,,,,,,,2,4,2.173840911,41.41005379
06-2012-0486,GRACIA,la Vila de Gràcia,CARRER,FERRER DE BLANES,2,14,,,,,,,3,2,2.158831735,41.39880931
05-2012-0469,SARRIA-SANT GERVASI,Sant Gervasi - Galvany,CARRER,GANDUXER,2,50,,,,,,,4,3,2.136872603,41.39598472
05-2012-0470,SARRIA-SANT GERVASI,Sant Gervasi - Galvany,CARRER,GANDUXER,2,50,,,,,,,4,4,2.136872603,41.39598472
05-2012-0471,SARRIA-SANT GERVASI,Sant Gervasi - Galvany,CARRER,GANDUXER,2,50,,,,,,,5,1,2.136872603,41.39598472
05-2012-0472,SARRIA-SANT GERVASI,Sant Gervasi - Galvany,CARRER,GANDUXER,2,50,,,,,,,5,2,2.136872603,41.39598472
05-2012-0473,SARRIA-SANT GERVASI,Sant Gervasi - Galvany,CARRER,GANDUXER,2,50,,,,,,,5,3,2.136872603,41.39598472
05-2012-0474,SARRIA-SANT GERVASI,Sant Gervasi - Galvany,CARRER,GANDUXER,2,50,,,,,,,5,4,2.136872603,41.39598472
05-2012-0475,SARRIA-SANT GERVASI,Sant Gervasi - Galvany,CARRER,GANDUXER,2,50,,,,,,,6,1,2.136872603,41.39598472
02-2012-0901,L'EIXAMPLE,la Dreta de l'Eixample,CARRER,BALMES,2,2,,4,,,,,5,4,2.167307007,41.38604879
02-2012-0902,L'EIXAMPLE,la Dreta de l'Eixample,RONDA,UNIVERSITAT,1,35,,,,,,,3,3,2.167640517,41.38720437
02-2012-0903,L'EIXAMPLE,la Dreta de l'Eixample,CARRER,ALI BEI,1,29,,,,,,,5,2,2.178565554,41.39200047
10-2012-0420,SANT MARTI,el Camp de l'Arpa del Clot,CARRER,INDEPENDENCIA,1,317,,,,,,,1,1,2.181450159,41.40911657
10-2012-0421,SANT MARTI,el Camp de l'Arpa del Clot,CARRER,INDEPENDENCIA,1,317,,,,,,,5,1,2.181450159,41.40911657
10-2012-0422,SANT MARTI,el Camp de l'Arpa del Clot,CARRER,INDEPENDENCIA,1,317,,,,,,,5,3,2.181450159,41.40911657
10-2012-0423,SANT MARTI,el Camp de l'Arpa del Clot,CARRER,INDEPENDENCIA,1,317,,,,,,,AT,3,2.181450159,41.40911657
10-2012-0537,SANT MARTI,el Camp de l'Arpa del Clot,CARRER,INDEPENDENCIA,1,317,,,,,,,2,3,2.181450159,41.40911657
02-2012-0944,L'EIXAMPLE,l'Antiga Esquerra de l'Eixample,CARRER,CASANOVA,2,212,,,,,,,1,2,2.150234416,41.39199375
02-2012-1227,L'EIXAMPLE,Sant Antoni,CARRER,VILADOMAT,2,100,,,,,,,PR,1,2.157860671,41.37941622
03-2012-0346,SANTS-MONTJUÏC,Hostafrancs,CARRER,ERMENGARDA,2,2,,,,,,,1,2,2.141226626,41.37594293
02-2012-1504,L'EIXAMPLE,l'Antiga Esquerra de l'Eixample,CARRER,COMTE D'URGELL,2,106,,,,,,,3,,2.156637077,41.38379736
06-2012-0396,GRACIA,el Camp d'en Grassot i Gràcia Nova,CARRER,SARDENYA,1,337,,,,,,,6,2,2.171400399,41.40471021
02-2012-1141,L'EIXAMPLE,la Dreta de l'Eixample,CARRER,VALENCIA,2,290,,,,,,,5,2,2.165039045,41.39385559
02-2012-1142,L'EIXAMPLE,la Dreta de l'Eixample,CARRER,VALENCIA,2,290,,,,,,,5,3,2.165039045,41.39385559
02-2012-1395,L'EIXAMPLE,la Dreta de l'Eixample,CARRER,ROGER DE FLOR,2,228,,,,,,,5,2,2.169557947,41.40128095
02-2012-1407,L'EIXAMPLE,la Sagrada Família,PASSATGE,SIMO,1,3,,,,,,,EN,1,2.172840657,41.40416438
02-2012-1408,L'EIXAMPLE,la Sagrada Família,PASSATGE,SIMO,1,3,,,,,,,1,2,2.172840657,41.40416438
02-2012-1412,L'EIXAMPLE,la Sagrada Família,PASSATGE,SIMO,1,3,,,,,,,AT,,2.172840657,41.40416438
10-2012-0532,SANT MARTI,la Vila Olímpica del Poblenou,CARRER,SALVADOR ESPRIU,1,77,,,,,,,,,2.199917229,41.39133785
02-2012-1418,L'EIXAMPLE,la Dreta de l'Eixample,CARRER,CONSELL DE CENT,1,389,,,,,,,4,1,2.169964471,41.39443499
07-2012-0238,HORTA-GUINARDÓ,el Guinardó,CARRER,VINYA,2,12,,,,,,,3,1,2.178159078,41.41809751
02-2012-1526,L'EIXAMPLE,la Dreta de l'Eixample,CARRER,ARAGO,2,312,,,,,,,1,3,2.168587371,41.3947396
06-2012-0529,GRACIA,el Camp d'en Grassot i Gràcia Nova,CARRER,SANT ANTONI MARIA CLARET,1,3,,,,,,,1,4,2.163230412,41.40295289
02-2012-1030,L'EIXAMPLE,la Sagrada Família,CARRER,ROSSELLO,1,449,,,,,,,2,2,2.174020442,41.40600987
02-2012-1031,L'EIXAMPLE,la Nova Esquerra de l'Eixample,CARRER,CALABRIA,2,216,,218,,,,,EN,2,2.148001145,41.38514031
02-2012-1353,L'EIXAMPLE,Sant Antoni,AVINGUDA,PARAL.LEL,2,180,,,,,,B,EN,1,2.154698433,41.37519253
02-2012-0814,L'EIXAMPLE,la Sagrada Família,CARRER,MARINA,2,240,,,,,,,2,6,2.177152845,41.40256275
02-2012-1140,L'EIXAMPLE,la Dreta de l'Eixample,CARRER,BRUC,1,25,,,,,,,2,3,2.173755301,41.39099316
06-2012-0315,GRACIA,la Vila de Gràcia,CARRER,RAMON Y CAJAL,1,69,,71,,,,,1,1,2.160988594,41.40412378
06-2012-0316,GRACIA,la Vila de Gràcia,CARRER,RAMON Y CAJAL,1,69,,71,,,,,1,2,2.160988594,41.40412378
06-2012-0317,GRACIA,la Vila de Gràcia,CARRER,RAMON Y CAJAL,1,69,,71,,,,,1,3,2.160988594,41.40412378
06-2012-0318,GRACIA,la Vila de Gràcia,CARRER,RAMON Y CAJAL,1,69,,71,,,,,1,4,2.160988594,41.40412378
02-2012-0869,L'EIXAMPLE,el Fort Pienc,CARRER,ROGER DE FLOR,2,70,,,,,,,BJ,,2.18056921,41.39293347
02-2012-0870,L'EIXAMPLE,el Fort Pienc,CARRER,ROGER DE FLOR,2,70,,,,,,,1,,2.18056921,41.39293347
02-2012-0871,L'EIXAMPLE,el Fort Pienc,CARRER,ROGER DE FLOR,2,70,,,,,,,2,,2.18056921,41.39293347
02-2012-0872,L'EIXAMPLE,el Fort Pienc,CARRER,ROGER DE FLOR,2,70,,,,,,,3,,2.18056921,41.39293347
02-2012-0873,L'EIXAMPLE,el Fort Pienc,CARRER,ROGER DE FLOR,2,70,,,,,,,4,,2.18056921,41.39293347
02-2012-0874,L'EIXAMPLE,el Fort Pienc,CARRER,ROGER DE FLOR,2,70,,,,,,,5,,2.18056921,41.39293347
09-2012-0274,SANT ANDREU,Sant Andreu,CARRER,CASTELLBELL,1,25,,29,,,,2,BJ,1,2.185885676,41.4336498
02-2012-1097,L'EIXAMPLE,la Dreta de l'Eixample,CARRER,BRUC,1,41,,,,,,,1,2,2.172593383,41.39186824
02-2012-1098,L'EIXAMPLE,la Dreta de l'Eixample,PASSEIG,GRACIA,2,88,,,,,,,7,B,2.162178129,41.39477839
02-2012-1099,L'EIXAMPLE,la Dreta de l'Eixample,PASSEIG,GRACIA,2,44,,,,,,,7,B,2.165977919,41.39172116
02-2012-1235,L'EIXAMPLE,l'Antiga Esquerra de l'Eixample,CARRER,LONDRES,2,90,,,,,,,PR,1,2.150398494,41.3930609
02-2012-1252,L'EIXAMPLE,la Dreta de l'Eixample,RAMBLA,CATALUNYA,2,8,,,,,,,5,4,2.168016451,41.38793678
02-2012-1444,L'EIXAMPLE,la Sagrada Família,CARRER,CARTAGENA,1,209,,,,,,,1,1,2.181238596,41.40580274
03-2012-0391,SANTS-MONTJUÏC,el Poble Sec,CARRER,VILA I VILA,1,73,,,,,,,3,6,2.168829633,41.37409449
03-2012-0418,SANTS-MONTJUÏC,Sants,CARRER,JACQUARD,2,14,,18,,,,,1,7,2.13430039,41.3777674
02-2012-0913,L'EIXAMPLE,l'Antiga Esquerra de l'Eixample,CARRER,LONDRES,2,78,,,,,,,6,4,2.149815136,41.39262427
10-2012-0548,SANT MARTI,el Poblenou,CARRER,AMISTAT,2,16,,22,,,,,1,3,2.205665044,41.40005583
06-2012-0343,GRACIA,el Camp d'en Grassot i Gràcia Nova,CARRER,SARDENYA,1,427,,,,,,,BJ,,2.166876699,41.40815247
05-2012-0410,SARRIA-SANT GERVASI,Sant Gervasi - la Bonanova,CARRER,BISBE SIVILLA,2,32,,,,,,,1,2,2.134830236,41.40451321
02-2012-0785,L'EIXAMPLE,el Fort Pienc,CARRER,ROGER DE FLOR,2,98,,,,,,,5,2,2.178608515,41.39441616
09-2012-0225,SANT ANDREU,el Congrés i els Indians,CARRER,ACACIES,2,52,,,,,,,2,1,2.178217751,41.42583686
02-2012-1585,L'EIXAMPLE,la Dreta de l'Eixample,CARRER,ARAGO,2,312,,,,,,,6,3,2.168587371,41.3947396
02-2012-1586,L'EIXAMPLE,la Dreta de l'Eixample,CARRER,ARAGO,2,312,,,,,,,5,3,2.168587371,41.3947396
02-2012-1587,L'EIXAMPLE,la Dreta de l'Eixample,CARRER,ARAGO,2,312,,,,,,,7,2,2.168587371,41.3947396
02-2012-1588,L'EIXAMPLE,la Dreta de l'Eixample,CARRER,ARAGO,2,312,,,,,,,7,3,2.168587371,41.3947396
02-2012-1589,L'EIXAMPLE,la Dreta de l'Eixample,CARRER,ARAGO,2,312,,,,,,,8,,2.168587371,41.3947396
02-2012-1590,L'EIXAMPLE,la Dreta de l'Eixample,CARRER,ARAGO,2,312,,,,,,,8,2,2.168587371,41.3947396
10-2012-0538,SANT MARTI,el Camp de l'Arpa del Clot,CARRER,INDEPENDENCIA,1,317,,,,,,,3,2,2.181450159,41.40911657
10-2012-0539,SANT MARTI,el Camp de l'Arpa del Clot,CARRER,INDEPENDENCIA,1,317,,,,,,,4,4,2.181450159,41.40911657
10-2012-0540,SANT MARTI,el Camp de l'Arpa del Clot,CARRER,INDEPENDENCIA,1,317,,,,,,,5,2,2.181450159,41.40911657
06-2012-0398,GRACIA,el Camp d'en Grassot i Gràcia Nova,CARRER,INDUSTRIA,2,80,,,,,,,5,2,2.16962025,41.40581777
04-2012-0218,LES CORTS,les Corts,CARRER,BERLIN,1,29,,,,,,,3,2,2.137698658,41.38275596
02-2012-1437,L'EIXAMPLE,l'Antiga Esquerra de l'Eixample,CARRER,PROVENÇA,1,183,,,,,,,3,3,2.156476297,41.39108646
03-2012-0283,SANTS-MONTJUÏC,el Poble Sec,CARRER,CONCORDIA,2,8,,,,,,,3,2,2.160997633,41.37441259
06-2012-0353,GRACIA,la Vila de Gràcia,CARRER,FRANCISCO GINER,1,47,,,,,,,2,2,2.158380392,41.39975356
03-2012-0324,SANTS-MONTJUÏC,el Poble Sec,CARRER,POETA CABANYES,2,20,,,,,,,EN,1,2.165492343,41.37409449
02-2012-1055,L'EIXAMPLE,la Dreta de l'Eixample,CARRER,CONSELL DE CENT,1,343,,,,,,,1,2A,2.16500413,41.39070739
07-2012-0237,HORTA-GUINARDÓ,el Baix Guinardó,CARRER,PADILLA,1,347,,,,,,,EN,2,2.171205453,41.41009196
02-2012-1616,L'EIXAMPLE,la Dreta de l'Eixample,CARRER,MALLORCA,2,344,,,,,,,EN,2,2.171198049,41.40016905
02-2012-1143,L'EIXAMPLE,l'Antiga Esquerra de l'Eixample,CARRER,CONSELL DE CENT,1,207,,,,,,,1,2,2.156914896,41.38461925
02-2012-1144,L'EIXAMPLE,l'Antiga Esquerra de l'Eixample,CARRER,CONSELL DE CENT,1,207,,,,,,,1,1,2.156914896,41.38461925
02-2012-1145,L'EIXAMPLE,l'Antiga Esquerra de l'Eixample,CARRER,CONSELL DE CENT,1,207,,,,,,,BJ,3,2.156914896,41.38461925
02-2012-1146,L'EIXAMPLE,l'Antiga Esquerra de l'Eixample,CARRER,CONSELL DE CENT,1,207,,,,,,,BJ,2,2.156914896,41.38461925
06-2012-0422,GRACIA,la Vila de Gràcia,CARRER,TORRENT DE LES FLORS,2,42,,,,,,,3,1,2.160649872,41.4058303
01-2012-0492,CIUTAT VELLA,Sant Pere Santa Caterina i la Ribera,CARRER,ESPASERIA,1,7,,,,,,,1,,2.182339837,41.38332691
06-2012-0465,GRACIA,la Vila de Gràcia,CARRER,NEPTU,2,30,,,,,,,,,2.154251589,41.39827547
02-2012-1423,L'EIXAMPLE,la Dreta de l'Eixample,CARRER,ROGER DE LLURIA,2,110,,,,,,,1,3,2.164766275,41.39635373
02-2012-1425,L'EIXAMPLE,la Dreta de l'Eixample,CARRER,CONSELL DE CENT,2,338,,,,,,,4,1,2.168344253,41.39294008
02-2012-1443,L'EIXAMPLE,Sant Antoni,CARRER,COMTE BORRELL,2,106,,,,,,,PR,1,2.158174218,41.38086713
06-2012-0361,GRACIA,la Vila de Gràcia,PLAÇA,VILA DE GRACIA,1,19,,,,,,,1,1,2.157480386,41.39996823
02-2012-1626,L'EIXAMPLE,la Dreta de l'Eixample,RAMBLA,CATALUNYA,1,101,,,,,,,4,B,2.160186188,41.39325527
06-2012-0530,GRACIA,el Camp d'en Grassot i Gràcia Nova,CARRER,SANT ANTONI MARIA CLARET,1,3,,,,,,,2,2,2.163230412,41.40295289
02-2012-0960,L'EIXAMPLE,Sant Antoni,CARRER,SEPULVEDA,2,94,,,,,,,PR,4,2.157305566,41.37915411
02-2012-1366,L'EIXAMPLE,la Dreta de l'Eixample,CARRER,ROGER DE FLOR,2,148,,,,,,,5,3,2.175059728,41.39710858
06-2012-0433,GRACIA,el Camp d'en Grassot i Gràcia Nova,CARRER,INDUSTRIA,2,18,,,,,,,1,2,2.165852326,41.40295987
03-2012-0379,SANTS-MONTJUÏC,el Poble Sec,CARRER,LLEIDA,1,35,,,,,,,PR,2,2.155594202,41.37238743
02-2012-1338,L'EIXAMPLE,la Dreta de l'Eixample,CARRER,ROSSELLO,2,202,,,,,,,4,,2.157713858,41.39343953
02-2012-1432,L'EIXAMPLE,l'Antiga Esquerra de l'Eixample,CARRER,ARAGO,1,207,,,,,,,2,1,2.159779871,41.38853401
02-2012-1433,L'EIXAMPLE,la Sagrada Família,CARRER,MARINA,2,240,,,,,,,1,1,2.177152845,41.40256275
10-2012-0562,SANT MARTI,Diagonal Mar i el Front Marítim del Poblenou,PASSEIG,GARCIA FARIA,1,77,,,,,,,4,1,2.215323118,41.40496996
10-2012-0563,SANT MARTI,Diagonal Mar i el Front Marítim del Poblenou,PASSEIG,GARCIA FARIA,1,75,,,,,,A,15,3,2.215323118,41.40496996
05-2012-0330,SARRIA-SANT GERVASI,Sant Gervasi - Galvany,CARRER,ARIBAU,2,226,,,,,,E,PR,1,2.150536157,41.39517058
05-2012-0331,SARRIA-SANT GERVASI,Sant Gervasi - Galvany,CARRER,ARIBAU,2,226,,,,,,E,PR,2,2.150536157,41.39517058
06-2012-0371,GRACIA,el Camp d'en Grassot i Gràcia Nova,TRAVESSERA,GRACIA,1,343,,,,,,,3,1,2.167424557,41.40748622
06-2012-0372,GRACIA,el Camp d'en Grassot i Gràcia Nova,TRAVESSERA,GRACIA,1,343,,,,,,,3,2,2.167424557,41.40748622
06-2012-0373,GRACIA,el Camp d'en Grassot i Gràcia Nova,TRAVESSERA,GRACIA,1,343,,,,,,,4,1,2.167424557,41.40748622
06-2012-0374,GRACIA,el Camp d'en Grassot i Gràcia Nova,TRAVESSERA,GRACIA,1,343,,,,,,,4,2,2.167424557,41.40748622
06-2012-0375,GRACIA,el Camp d'en Grassot i Gràcia Nova,TRAVESSERA,GRACIA,1,343,,,,,,,5,1,2.167424557,41.40748622
06-2012-0376,GRACIA,el Camp d'en Grassot i Gràcia Nova,TRAVESSERA,GRACIA,1,343,,,,,,,5,2,2.167424557,41.40748622
10-2012-0496,SANT MARTI,el Camp de l'Arpa del Clot,CARRER,CORSEGA,2,668,,,,,,,4,3,2.179526397,41.41158788
02-2012-1355,L'EIXAMPLE,Sant Antoni,GRAN VIA,CORTS CATALANES,2,496,,,,,,,1,2,2.15707625,41.38068147
02-2012-1374,L'EIXAMPLE,la Nova Esquerra de l'Eixample,CARRER,PARIS,2,42,,,,,,,2,3,2.143189503,41.38592427
02-2012-1377,L'EIXAMPLE,la Dreta de l'Eixample,CARRER,MALLORCA,2,264,,,,,,,1,1B,2.163685795,41.3945468
02-2012-1398,L'EIXAMPLE,Sant Antoni,CARRER,COMTE D'URGELL,2,22,,,,,,,4,2,2.161635477,41.38002815
02-2012-1392,L'EIXAMPLE,la Dreta de l'Eixample,RONDA,SANT PERE,1,3,,,,,,,5,8,2.17068944,41.38834878
06-2012-0311,GRACIA,la Vila de Gràcia,PLAÇA,NORD,2,12,,,,,,,2,3,2.155220638,41.40708452
10-2012-0470,SANT MARTI,el Poblenou,PASSATGE,PIQUER,2,2,,6,,,,,1,2,2.206978739,41.40264635
10-2012-0330,SANT MARTI,Diagonal Mar i el Front Marítim del Poblenou,CARRER,SELVA DE MAR,2,10,,,,,,,1,1,2.214327629,41.40529129
02-2012-1363,L'EIXAMPLE,la Nova Esquerra de l'Eixample,CARRER,PARIS,2,46,,,,,,,4,2,2.143443483,41.3861153
02-2012-1064,L'EIXAMPLE,la Dreta de l'Eixample,PASSEIG,SANT JOAN,1,87,,,,,,,1,1,2.170915425,41.39805696
02-2012-1065,L'EIXAMPLE,la Dreta de l'Eixample,PASSEIG,SANT JOAN,1,87,,,,,,,1,4,2.170915425,41.39805696
02-2012-1066,L'EIXAMPLE,la Dreta de l'Eixample,PASSEIG,SANT JOAN,1,87,,,,,,,PR,4,2.170915425,41.39805696
02-2012-1294,L'EIXAMPLE,la Dreta de l'Eixample,CARRER,GIRONA,2,80,,,,,,,5,2,2.17047838,41.39545067
02-2012-1295,L'EIXAMPLE,la Dreta de l'Eixample,CARRER,GIRONA,2,80,,,,,,,5,1,2.17047838,41.39545067
02-2012-1296,L'EIXAMPLE,la Dreta de l'Eixample,CARRER,GIRONA,2,80,,,,,,,4,3,2.17047838,41.39545067
02-2012-1297,L'EIXAMPLE,la Dreta de l'Eixample,CARRER,GIRONA,2,80,,,,,,,4,2,2.17047838,41.39545067
01-2012-0464,CIUTAT VELLA,Sant Pere Santa Caterina i la Ribera,CARRER,ESQUIROL,2,4,,,,,,,2,2,2.179725768,41.38435407
01-2012-0465,CIUTAT VELLA,el Raval,CARRER,NOU DE LA RAMBLA,2,6,,,,,,,1,1,2.17432178,41.37923568
02-2012-1529,L'EIXAMPLE,la Dreta de l'Eixample,CARRER,ARAGO,2,312,,,,,,,2,2,2.168587371,41.3947396
10-2012-0357,SANT MARTI,Provençals del Poblenou,CARRER,LLACUNA,2,148,,150,,,,,5,5,2.193135754,41.40564314
03-2012-0252,SANTS-MONTJUÏC,el Poble Sec,CARRER,POETA CABANYES,1,9,,,,,,,2,1,2.165919293,41.37449625
03-2012-0286,SANTS-MONTJUÏC,el Poble Sec,CARRER,POETA CABANYES,1,23,,,,,,,2,2,2.165644144,41.37408666
03-2012-0411,SANTS-MONTJUÏC,Hostafrancs,CARRER,MIQUEL BLEACH,2,38,,,,,,,BJ,1,2.143291358,41.37576954
03-2012-0432,SANTS-MONTJUÏC,la Font de la Guatlla,CARRER,SANT FRUCTUOS,2,64,,74,,,,,1,1,2.144131249,41.37012049
05-2012-0323,SARRIA-SANT GERVASI,el Putxet i el Farró,CARRER,VALLIRANA,1,33,,,,,,,1,3,2.147848334,41.40396233
02-2012-0951,L'EIXAMPLE,la Dreta de l'Eixample,CARRER,ARAGO,2,266,,,,,,,2,2,2.16394575,41.39123191
06-2012-0348,GRACIA,la Vila de Gràcia,CARRER,LLIBERTAT,1,15,,,,,,,3,1,2.161191416,41.39972987
06-2012-0349,GRACIA,la Vila de Gràcia,CARRER,LLIBERTAT,1,15,,,,,,,AT,,2.161191416,41.39972987
02-2012-1341,L'EIXAMPLE,la Sagrada Família,AVINGUDA,GAUDI,2,64,,,,,,,1,2,2.174513588,41.41013327
06-2012-0490,GRACIA,el Camp d'en Grassot i Gràcia Nova,CARRER,GRASSOT,2,38,,,,,,,3,1,2.16747234,41.40364374
02-2012-1051,L'EIXAMPLE,Sant Antoni,CARRER,CALABRIA,1,67,,,,,,,2,2,2.157036774,41.37803821
02-2012-1383,L'EIXAMPLE,la Dreta de l'Eixample,RONDA,UNIVERSITAT,1,11,,,,,,,PR,1,2.16561616,41.38644713
02-2012-1385,L'EIXAMPLE,la Dreta de l'Eixample,RONDA,UNIVERSITAT,1,11,,,,,,,AT,2,2.16561616,41.38644713
02-2012-0760,L'EIXAMPLE,la Dreta de l'Eixample,CARRER,ROSSELLO,2,274,,,,,,,3,2,2.164899658,41.39887831
02-2012-0761,L'EIXAMPLE,el Fort Pienc,GRAN VIA,CORTS CATALANES,1,701,,,,,,,AT,2,2.178370926,41.39733807
02-2012-0762,L'EIXAMPLE,la Dreta de l'Eixample,CARRER,BRUC,1,55,,,,,,B,PR,1,2.171071069,41.39301723
02-2012-0763,L'EIXAMPLE,la Dreta de l'Eixample,CARRER,BRUC,1,55,,,,,,,PR,2,2.171071069,41.39301723
02-2012-0764,L'EIXAMPLE,la Dreta de l'Eixample,CARRER,BRUC,1,55,,,,,,A,3,2,2.171071069,41.39301723
02-2012-0765,L'EIXAMPLE,la Dreta de l'Eixample,CARRER,BRUC,1,55,,,,,,B,3,1,2.171071069,41.39301723
02-2012-0766,L'EIXAMPLE,la Dreta de l'Eixample,CARRER,BRUC,1,55,,,,,,A,3,1,2.171071069,41.39301723
02-2012-0767,L'EIXAMPLE,la Dreta de l'Eixample,CARRER,BRUC,1,55,,,,,,B,1,1,2.171071069,41.39301723
02-2012-0768,L'EIXAMPLE,la Dreta de l'Eixample,CARRER,BRUC,1,55,,,,,,A,1,1,2.171071069,41.39301723
06-2012-0399,GRACIA,la Vila de Gràcia,CARRER,IGUALADA,2,20,,,,,,,4,2,2.163128435,41.40177162
02-2012-1029,L'EIXAMPLE,Sant Antoni,CARRER,SEPULVEDA,1,179,,,,,,,1,2,2.162829468,41.38358186
02-2012-1154,L'EIXAMPLE,la Dreta de l'Eixample,PASSEIG,GRACIA,2,64,,,,,,,2,3,2.164371326,41.3930125
03-2012-0260,SANTS-MONTJUÏC,el Poble Sec,CARRER,PIQUER,1,51,,,,,,,1,2,2.167971656,41.37350953
02-2012-1379,L'EIXAMPLE,la Dreta de l'Eixample,CARRER,MALLORCA,2,264,,,,,,,1,2,2.163685795,41.3945468
02-2012-1381,L'EIXAMPLE,la Dreta de l'Eixample,CARRER,PELAI,1,5,,,,,,,1,2A,2.166129159,41.38589339
03-2012-0306,SANTS-MONTJUÏC,el Poble Sec,CARRER,RICART,2,30,,,,,,,1,3,2.157747952,41.37325518
06-2012-0381,GRACIA,la Vila de Gràcia,CARRER,RIERA DE SANT MIQUEL,2,64,,,,,,,2,2,2.155004283,41.39855891
10-2012-0557,SANT MARTI,el Poblenou,CARRER,BILBAO,1,137,,,,,,,1,1,2.199259127,41.40585245
03-2012-0419,SANTS-MONTJUÏC,Sants,CARRER,JACQUARD,2,14,,18,,,,,BJ,2,2.13430039,41.3777674
10-2012-0392,SANT MARTI,Diagonal Mar i el Front Marítim del Poblenou,CARRER,BAC DE RODA,1,5,,,,,,3,4,B,2.210608442,41.40229448
10-2012-0393,SANT MARTI,el Poblenou,CARRER,PERELLO,2,42,,,,,,,1,1,2.206548494,41.39882124
02-2012-0844,L'EIXAMPLE,la Dreta de l'Eixample,RONDA,SANT PERE,1,27,,,,,,,3,2,2.174843947,41.38990087
05-2012-0303,SARRIA-SANT GERVASI,les Tres Torres,CARRER,ALT DE GIRONELLA,1,5,,,,,,D,3,3,2.129557227,41.39452909
02-2012-1537,L'EIXAMPLE,la Dreta de l'Eixample,RAMBLA,CATALUNYA,1,103,,,,,,,2,B1,2.160099323,41.39332127
02-2012-1539,L'EIXAMPLE,la Dreta de l'Eixample,RAMBLA,CATALUNYA,1,103,,,,,,,2,B2,2.160099323,41.39332127
06-2012-0364,GRACIA,el Camp d'en Grassot i Gràcia Nova,PASSATGE,ALIO,1,5,,,,,,,1,1,2.166587911,41.4024933
06-2012-0365,GRACIA,el Camp d'en Grassot i Gràcia Nova,PASSATGE,ALIO,2,30,,,,,,,BJ,2,2.165494866,41.40342789
05-2012-0415,SARRIA-SANT GERVASI,Sant Gervasi - Galvany,CARRER,BALMES,1,331,,,,,,,4,1,2.143451712,41.40301594
02-2012-1500,L'EIXAMPLE,la Dreta de l'Eixample,CARRER,ROSSELLO,2,202,,,,,,,PR,1,2.157713858,41.39343953
02-2012-1298,L'EIXAMPLE,la Dreta de l'Eixample,CARRER,GIRONA,2,80,,,,,,,4,1,2.17047838,41.39545067
02-2012-1299,L'EIXAMPLE,la Dreta de l'Eixample,CARRER,GIRONA,2,80,,,,,,,3,3,2.17047838,41.39545067
02-2012-1300,L'EIXAMPLE,la Dreta de l'Eixample,CARRER,GIRONA,2,80,,,,,,,3,2,2.17047838,41.39545067
02-2012-1301,L'EIXAMPLE,la Dreta de l'Eixample,CARRER,GIRONA,2,80,,,,,,,3,1,2.17047838,41.39545067
02-2012-1302,L'EIXAMPLE,la Dreta de l'Eixample,CARRER,GIRONA,2,80,,,,,,,2,3,2.17047838,41.39545067
02-2012-1303,L'EIXAMPLE,la Dreta de l'Eixample,CARRER,GIRONA,2,80,,,,,,,2,2,2.17047838,41.39545067
02-2012-1304,L'EIXAMPLE,la Dreta de l'Eixample,CARRER,GIRONA,2,80,,,,,,,2,1,2.17047838,41.39545067
02-2012-1305,L'EIXAMPLE,la Dreta de l'Eixample,CARRER,GIRONA,2,80,,,,,,,1,3,2.17047838,41.39545067
02-2012-1306,L'EIXAMPLE,la Dreta de l'Eixample,CARRER,GIRONA,2,80,,,,,,,1,2,2.17047838,41.39545067
02-2012-1307,L'EIXAMPLE,la Dreta de l'Eixample,CARRER,GIRONA,2,80,,,,,,,1,1,2.17047838,41.39545067
03-2012-0334,SANTS-MONTJUÏC,Sants - Badal,CARRER,PAVIA,1,43,,45,,,,,3,2,2.130683833,41.37232685
10-2012-0541,SANT MARTI,el Camp de l'Arpa del Clot,CARRER,INDEPENDENCIA,1,317,,,,,,,5,4,2.181450159,41.40911657
10-2012-0542,SANT MARTI,el Camp de l'Arpa del Clot,CARRER,INDEPENDENCIA,1,317,,,,,,,6,1,2.181450159,41.40911657
10-2012-0543,SANT MARTI,el Camp de l'Arpa del Clot,CARRER,INDEPENDENCIA,1,317,,,,,,,6,3,2.181450159,41.40911657
10-2012-0544,SANT MARTI,el Camp de l'Arpa del Clot,CARRER,INDEPENDENCIA,1,317,,,,,,,6,4,2.181450159,41.40911657
02-2012-0943,L'EIXAMPLE,Sant Antoni,CARRER,CASANOVA,2,28,,,,,,,PR,,2.161748865,41.38329199
10-2012-0386,SANT MARTI,Diagonal Mar i el Front Marítim del Poblenou,PASSEIG,GARCIA FARIA,1,81,,,,,,E,23,3,2.21700445,41.40621632
10-2012-0403,SANT MARTI,el Poblenou,CARRER,ESPRONCEDA,2,38,,,,,,,BJ,2,2.207972453,41.40294367
02-2012-1530,L'EIXAMPLE,la Dreta de l'Eixample,CARRER,ARAGO,2,312,,,,,,,2,3,2.168587371,41.3947396
02-2012-1536,L'EIXAMPLE,Sant Antoni,CARRER,MANSO,2,58,,,,,,,4,1,2.161818825,41.37746569
04-2012-0259,LES CORTS,Pedralbes,CARRER,BELTRAN I ROZPIDE,1,7,,9,,,,,5,10,2.121452254,41.38920777
03-2012-0433,SANTS-MONTJUÏC,la Font de la Guatlla,CARRER,SANT FRUCTUOS,2,64,,74,,,,,1,28,2.144131249,41.37012049
03-2012-0434,SANTS-MONTJUÏC,la Font de la Guatlla,CARRER,SANT FRUCTUOS,2,64,,74,,,,,1,27,2.144131249,41.37012049
03-2012-0435,SANTS-MONTJUÏC,la Font de la Guatlla,CARRER,SANT FRUCTUOS,2,64,,74,,,,,1,7,2.144131249,41.37012049
02-2012-1120,L'EIXAMPLE,la Dreta de l'Eixample,RONDA,SANT PERE,1,33,,,,,,,2,3,2.175854462,41.39028041
02-2012-1121,L'EIXAMPLE,la Dreta de l'Eixample,PASSEIG,GRACIA,2,44,,,,,,,6,H,2.165977919,41.39172116
02-2012-1228,L'EIXAMPLE,la Dreta de l'Eixample,CARRER,BALMES,2,62,,,,,,,4,2,2.162322067,41.38968287
02-2012-1229,L'EIXAMPLE,la Dreta de l'Eixample,CARRER,BALMES,2,62,,,,,,,4,1,2.162322067,41.38968287
02-2012-1285,L'EIXAMPLE,la Dreta de l'Eixample,RAMBLA,CATALUNYA,1,101,,,,,,,2,1,2.160186188,41.39325527
02-2012-0800,L'EIXAMPLE,la Dreta de l'Eixample,CARRER,BAILEN,1,125,,,,,,,PR,1,2.168940433,41.39804172
02-2012-0801,L'EIXAMPLE,la Dreta de l'Eixample,CARRER,BAILEN,1,125,,,,,,,PR,4,2.168940433,41.39804172
02-2012-0802,L'EIXAMPLE,la Dreta de l'Eixample,CARRER,BAILEN,1,125,,,,,,,3,4,2.168940433,41.39804172
02-2012-0813,L'EIXAMPLE,la Sagrada Família,CARRER,CORSEGA,1,613,,,,,,,EN,2,2.175449789,41.40889295
07-2012-0240,HORTA-GUINARDÓ,el Baix Guinardó,CARRER,PADILLA,1,381,,,,,,,2,2,2.169307226,41.41156312
05-2012-0279,SARRIA-SANT GERVASI,el Putxet i el Farró,CARRER,BALLESTER,2,46,,,,,,,BJ,5,2.146899696,41.40771588
05-2012-0281,SARRIA-SANT GERVASI,el Putxet i el Farró,CARRER,BALLESTER,2,46,,,,,,,BJ,1,2.146899696,41.40771588
02-2012-1288,L'EIXAMPLE,la Nova Esquerra de l'Eixample,CARRER,COMTE BORRELL,2,238,,,,,,,AT,1,2.149873542,41.38713237
05-2012-0413,SARRIA-SANT GERVASI,Sant Gervasi - Galvany,CARRER,CALVET,2,16,,,A,,,,4,2,2.144683602,41.39387329
02-2012-1436,L'EIXAMPLE,la Sagrada Família,AVINGUDA,GAUDI,2,52,,,,,,,BJ,,2.174532542,41.40871732
02-2012-1397,L'EIXAMPLE,el Fort Pienc,CARRER,RIBES,1,73,,,,,,,2,3F,2.184084425,41.39997503
02-2012-1439,L'EIXAMPLE,la Dreta de l'Eixample,CARRER,DIPUTACIO,2,354,,,,,,,3,3,2.175985504,41.39696747
02-2012-1112,L'EIXAMPLE,la Sagrada Família,AVINGUDA,GAUDI,2,2,,,,,,,6,4,2.174585476,41.40491138
02-2012-1386,L'EIXAMPLE,la Dreta de l'Eixample,RONDA,UNIVERSITAT,1,11,,,,,,,AT,1,2.16561616,41.38644713
02-2012-1387,L'EIXAMPLE,Sant Antoni,CARRER,COMTE D'URGELL,1,53,,,,,,,SA,1,2.159048077,41.38157708
06-2012-0451,GRACIA,la Vila de Gràcia,CARRER,VILAFRANCA,2,32,,,,,,,BJ,3,2.156201549,41.40773766
02-2012-1455,L'EIXAMPLE,la Sagrada Família,CARRER,NAPOLS,2,266,,,,,,,PR,4,2.170478547,41.40227668
02-2012-1155,L'EIXAMPLE,l'Antiga Esquerra de l'Eixample,CARRER,CONSELL DE CENT,1,207,,,,,,,2,1,2.156914896,41.38461925
02-2012-1156,L'EIXAMPLE,l'Antiga Esquerra de l'Eixample,CARRER,CONSELL DE CENT,1,207,,,,,,,1,4,2.156914896,41.38461925
02-2012-1157,L'EIXAMPLE,l'Antiga Esquerra de l'Eixample,CARRER,CONSELL DE CENT,1,207,,,,,,,2,2,2.156914896,41.38461925
02-2012-1158,L'EIXAMPLE,l'Antiga Esquerra de l'Eixample,CARRER,CONSELL DE CENT,1,207,,,,,,,2,3,2.156914896,41.38461925
07-2012-0210,HORTA-GUINARDÓ,el Guinardó,CARRER,TELEGRAF,1,19,,21,,,,,3,4,2.174991467,41.4165581
10-2012-0435,SANT MARTI,el Poblenou,CARRER,PALLARS,1,319,,,,,,,3,A,2.20366242,41.4058355
02-2012-1390,L'EIXAMPLE,la Dreta de l'Eixample,CARRER,ARAGO,2,312,,,,,,,7,1,2.168587371,41.3947396
02-2012-1449,L'EIXAMPLE,la Nova Esquerra de l'Eixample,CARRER,CALABRIA,1,199,,,,,,,PR,1,2.14855726,41.38444227
06-2012-0471,GRACIA,la Vila de Gràcia,CARRER,AULESTIA I PIJOAN,1,25,,,,,,,BJ,,2.150821142,41.4031597
10-2012-0550,SANT MARTI,el Parc i la Llacuna del Poblenou,CARRER,ALMOGAVERS,2,56,,,,,,,2,3,2.18533062,41.39346476
02-2012-0922,L'EIXAMPLE,la Dreta de l'Eixample,CARRER,PELAI,1,5,,,,,,,1,2B,2.166129159,41.38589339
02-2012-0923,L'EIXAMPLE,el Fort Pienc,CARRER,CONSELL DE CENT,2,478,,,,,,,5,,2.17750647,41.39981507
02-2012-1502,L'EIXAMPLE,la Dreta de l'Eixample,CARRER,MALLORCA,1,301,,,,,,,4,1,2.166506243,41.39695025
05-2012-0462,SARRIA-SANT GERVASI,Sant Gervasi - la Bonanova,CARRER,MUNTANER,2,510,,,,,,,4,,2.136603153,41.40413823
02-2012-0904,L'EIXAMPLE,l'Antiga Esquerra de l'Eixample,GRAN VIA,CORTS CATALANES,1,549,,,,,,,3,1,2.160124383,41.38362731
10-2012-0364,SANT MARTI,el Poblenou,AVINGUDA,ICARIA,1,217,,,,,,,EN,1,2.200880552,41.39483243
02-2012-0905,L'EIXAMPLE,Sant Antoni,CARRER,CALABRIA,1,69,,,,,,,AT,1,2.156937047,41.37811154
10-2012-0365,SANT MARTI,el Camp de l'Arpa del Clot,CARRER,INDEPENDENCIA,1,319,,,,,,,5,,2.181367725,41.40917939
02-2012-0818,L'EIXAMPLE,la Sagrada Família,PASSATGE,GAIOLA,1,11,,,,,,,EN,2,2.17309077,41.40101057
02-2012-0848,L'EIXAMPLE,la Sagrada Família,CARRER,VALENCIA,1,469,,,,,,,2,B,2.178078439,41.4039238
02-2012-0849,L'EIXAMPLE,la Sagrada Família,CARRER,VALENCIA,1,469,,,,,,,2,A,2.178078439,41.4039238
02-2012-0850,L'EIXAMPLE,la Sagrada Família,CARRER,VALENCIA,2,468,,,,,,,AT,3,2.177590718,41.40328541
02-2012-0851,L'EIXAMPLE,la Sagrada Família,CARRER,MALLORCA,2,492,,,,,,,6,3,2.179782085,41.40662182
02-2012-0852,L'EIXAMPLE,l'Antiga Esquerra de l'Eixample,CARRER,LONDRES,1,77,,,,,,,EN,,2.149593801,41.39273257
07-2012-0158,HORTA-GUINARDÓ,el Baix Guinardó,CARRER,ENCARNACIO,2,200,,,,,,,8,2,2.167157989,41.41075795
02-2012-0853,L'EIXAMPLE,la Sagrada Família,CARRER,ENAMORATS,1,9,,,,,,,EN,2,2.179585316,41.40201634
02-2012-1308,L'EIXAMPLE,la Dreta de l'Eixample,CARRER,GIRONA,2,80,,,,,,,BJ,1,2.17047838,41.39545067
02-2012-1309,L'EIXAMPLE,la Dreta de l'Eixample,CARRER,GIRONA,2,80,,,,,,,BJ,2,2.17047838,41.39545067
02-2012-1310,L'EIXAMPLE,la Dreta de l'Eixample,CARRER,GIRONA,2,80,,,,,,,5,3,2.17047838,41.39545067
10-2012-0504,SANT MARTI,el Camp de l'Arpa del Clot,CARRER,NACIO,2,18,,,,,,,2,,2.185848621,41.41278171
10-2012-0506,SANT MARTI,el Camp de l'Arpa del Clot,CARRER,NACIO,2,18,,,,,,,3,,2.185848621,41.41278171
10-2012-0383,SANT MARTI,el Poblenou,CARRER,CASTELLA,1,1,,3,,,,,AT,,2.198814928,41.40449311
03-2012-0270,SANTS-MONTJUÏC,el Poble Sec,CARRER,VILA I VILA,1,19,,,,,,,6,2,2.172934422,41.37288667
02-2012-0925,L'EIXAMPLE,la Sagrada Família,AVINGUDA,GAUDI,2,26,,28,,,,,2,2,2.174562836,41.40662172
02-2012-1312,L'EIXAMPLE,la Dreta de l'Eixample,RAMBLA,CATALUNYA,1,101,,,,,,,2,2,2.160186188,41.39325527
02-2012-1494,L'EIXAMPLE,Sant Antoni,CARRER,MANSO,1,45,,,,,,,2,2,2.161426001,41.37744557
02-2012-1497,L'EIXAMPLE,Sant Antoni,CARRER,MUNTANER,1,7,,,,,,,PR,2B,2.162910139,41.38384194
02-2012-1498,L'EIXAMPLE,Sant Antoni,CARRER,SEPULVEDA,1,181,,,,,,,PR,1A,2.162962491,41.3836766
07-2012-0165,HORTA-GUINARDÓ,el Baix Guinardó,RONDA,GUINARDO,1,77,,,,,,,4,1,2.170069971,41.41375406
06-2012-0395,GRACIA,la Vila de Gràcia,CARRER,PERILL,2,50,,,,,,,AT,,2.162925658,41.40043306
10-2012-0306,SANT MARTI,el Camp de l'Arpa del Clot,CARRER,MALLORCA,2,616,,,,,,,3,1,2.185913622,41.41122772
10-2012-0307,SANT MARTI,el Camp de l'Arpa del Clot,CARRER,MALLORCA,2,616,,,,,,,3,2,2.185913622,41.41122772
10-2012-0308,SANT MARTI,el Camp de l'Arpa del Clot,CARRER,MALLORCA,2,616,,,,,,,1,2,2.185913622,41.41122772
10-2012-0309,SANT MARTI,el Camp de l'Arpa del Clot,CARRER,MALLORCA,2,616,,,,,,,1,1,2.185913622,41.41122772
10-2012-0310,SANT MARTI,el Camp de l'Arpa del Clot,CARRER,MALLORCA,2,616,,,,,,,2,2,2.185913622,41.41122772
10-2012-0311,SANT MARTI,el Camp de l'Arpa del Clot,CARRER,MALLORCA,2,616,,,,,,,PR,1,2.185913622,41.41122772
03-2012-0436,SANTS-MONTJUÏC,la Font de la Guatlla,CARRER,SANT FRUCTUOS,2,64,,74,,,,,1,6,2.144131249,41.37012049
03-2012-0437,SANTS-MONTJUÏC,la Font de la Guatlla,CARRER,SANT FRUCTUOS,2,64,,74,,,,,1,5,2.144131249,41.37012049
03-2012-0438,SANTS-MONTJUÏC,la Font de la Guatlla,CARRER,SANT FRUCTUOS,2,64,,74,,,,,1,4,2.144131249,41.37012049
02-2012-1563,L'EIXAMPLE,la Sagrada Família,CARRER,SANT ANTONI MARIA CLARET,2,234,,,,,,,5,2,2.175085383,41.41161612
10-2012-0360,SANT MARTI,el Clot,AVINGUDA,MERIDIANA,1,113,,,,,,,1,,2.186566778,41.4079654
10-2012-0361,SANT MARTI,el Clot,AVINGUDA,MERIDIANA,1,113,,,,,,,5,,2.186566778,41.4079654
06-2012-0378,GRACIA,la Vila de Gràcia,PLAÇA,VILA DE GRACIA,1,19,,,,,,,3,2,2.157480386,41.39996823
02-2012-0888,L'EIXAMPLE,la Dreta de l'Eixample,PASSEIG,GRACIA,1,83,,,,,,,2,5,2.161740552,41.39430074
02-2012-0933,L'EIXAMPLE,l'Antiga Esquerra de l'Eixample,CARRER,DIPUTACIO,1,205,,,,,,,1,1,2.161435853,41.38631174
02-2012-1532,L'EIXAMPLE,la Dreta de l'Eixample,CARRER,ARAGO,2,288,,,,,,,2,,2.166876671,41.39346808
02-2012-1210,L'EIXAMPLE,la Dreta de l'Eixample,CARRER,BRUC,1,25,,,,,,,2,1,2.173755301,41.39099316
02-2012-1211,L'EIXAMPLE,la Dreta de l'Eixample,RONDA,SANT PERE,1,3,,,,,,,3,3,2.17068944,41.38834878
04-2012-0200,LES CORTS,Pedralbes,CARRER,BELTRAN I ROZPIDE,1,7,,9,,,,,10,6,2.121452254,41.38920777
09-2012-0294,SANT ANDREU,el Congrés i els Indians,CARRER,ACACIES,2,52,,,,,,,BJ,1,2.178217751,41.42583686
02-2012-1313,L'EIXAMPLE,Sant Antoni,GRAN VIA,CORTS CATALANES,2,444,,,,,,,3,2,2.154022415,41.37837941
02-2012-1471,L'EIXAMPLE,Sant Antoni,CARRER,FLORIDABLANCA,2,128,,,,,,,3,1,2.161548198,41.38064647
02-2012-1472,L'EIXAMPLE,Sant Antoni,CARRER,FLORIDABLANCA,2,128,,,,,,,1,,2.161548198,41.38064647
02-2012-1473,L'EIXAMPLE,Sant Antoni,CARRER,FLORIDABLANCA,2,128,,,,,,,4,2,2.161548198,41.38064647
02-2012-1474,L'EIXAMPLE,Sant Antoni,CARRER,FLORIDABLANCA,2,128,,,,,,,3,2,2.161548198,41.38064647
02-2012-1077,L'EIXAMPLE,l'Antiga Esquerra de l'Eixample,CARRER,VALENCIA,2,198,,,,,,,3,2,2.157908732,41.38848411
02-2012-1078,L'EIXAMPLE,Sant Antoni,AVINGUDA,PARAL.LEL,2,188,,,,,,,6,6,2.153204951,41.37519979
02-2012-1079,L'EIXAMPLE,la Dreta de l'Eixample,PLAÇA,TETUAN,2,10,,,,,,,PR,3,2.175026678,41.39413806
02-2012-1199,L'EIXAMPLE,la Nova Esquerra de l'Eixample,CARRER,TARRAGONA,2,96,,,,,,,EN,4,2.144101537,41.37956698
02-2012-1215,L'EIXAMPLE,l'Antiga Esquerra de l'Eixample,CARRER,ROSSELLO,1,209,,,,,,,PR,1,2.156548006,41.39284174
02-2012-1226,L'EIXAMPLE,la Nova Esquerra de l'Eixample,CARRER,LLANÇA,1,29,,,,,,,BJ,B,2.14658465,41.3791142
10-2012-0475,SANT MARTI,Diagonal Mar i el Front Marítim del Poblenou,PASSEIG,GARCIA FARIA,1,57,,,,,,,9,2,2.213387798,41.40350379
02-2012-1416,L'EIXAMPLE,l'Antiga Esquerra de l'Eixample,CARRER,ARAGO,2,130,,,,,,,2,2,2.155530246,41.38499752
02-2012-1419,L'EIXAMPLE,l'Antiga Esquerra de l'Eixample,CARRER,ARAGO,2,130,,,,,,,3,1,2.155530246,41.38499752
02-2012-1422,L'EIXAMPLE,l'Antiga Esquerra de l'Eixample,CARRER,ARAGO,2,130,,,,,,,3,2,2.155530246,41.38499752
02-2012-1424,L'EIXAMPLE,l'Antiga Esquerra de l'Eixample,CARRER,ARAGO,2,130,,,,,,,4,1,2.155530246,41.38499752
03-2012-0410,SANTS-MONTJUÏC,el Poble Sec,CARRER,BLASCO DE GARAY,2,48,,,,,,,4,2,2.16241822,41.3726335
03-2012-0420,SANTS-MONTJUÏC,Sants,CARRER,JACQUARD,2,14,,18,,,,,1,6,2.13430039,41.3777674
03-2012-0421,SANTS-MONTJUÏC,Sants,CARRER,JACQUARD,2,14,,18,,,,,BJ,C,2.13430039,41.3777674
03-2012-0423,SANTS-MONTJUÏC,Sants,CARRER,JACQUARD,2,14,,18,,,,,1,3,2.13430039,41.3777674
03-2012-0424,SANTS-MONTJUÏC,Sants,CARRER,JACQUARD,2,14,,18,,,,,BJ,3,2.13430039,41.3777674
02-2012-1598,L'EIXAMPLE,l'Antiga Esquerra de l'Eixample,GRAN VIA,CORTS CATALANES,1,555,,,,,,,2,,2.16041126,41.38384238
09-2012-0333,SANT ANDREU,la Sagrera,CARRER,OLESA,1,73,,,,,,,5,3,2.185875396,41.42483841
02-2012-1457,L'EIXAMPLE,el Fort Pienc,GRAN VIA,CORTS CATALANES,2,794,,,,,,,7,1,2.182434576,41.39972434
02-2012-1458,L'EIXAMPLE,el Fort Pienc,GRAN VIA,CORTS CATALANES,2,794,,,,,,,7,2,2.182434576,41.39972434
05-2012-0446,SARRIA-SANT GERVASI,Sant Gervasi - Galvany,CARRER,COPERNIC,2,54,,,,,,,7,3,2.140335255,41.4007435
02-2012-1600,L'EIXAMPLE,l'Antiga Esquerra de l'Eixample,CARRER,MUNTANER,2,94,,,,,,,2,1,2.157136781,41.38848264
02-2012-1601,L'EIXAMPLE,la Sagrada Família,CARRER,MARINA,1,225,,,,,,,EN,3,2.177317824,41.40215731
02-2012-1618,L'EIXAMPLE,l'Antiga Esquerra de l'Eixample,CARRER,ARIBAU,1,167,,,,,,,1,2,2.152888501,41.39309473
02-2012-0855,L'EIXAMPLE,l'Antiga Esquerra de l'Eixample,CARRER,VILLARROEL,2,124,,,,,,,1,1,2.155535194,41.38627152
01-2012-0440,CIUTAT VELLA,el Barri Gòtic,CARRER,VIDRE,1,7,,,,,,,1,1,2.176235612,41.37978509
01-2012-0441,CIUTAT VELLA,el Raval,CARRER,SANT PAU,1,29,,,,,,,2,,2.172205167,41.37915696
01-2012-0442,CIUTAT VELLA,el Raval,CARRER,SANT PAU,1,29,,,,,,,1,,2.172205167,41.37915696
01-2012-0443,CIUTAT VELLA,el Raval,CARRER,SANT PAU,1,29,,,,,,,PR,,2.172205167,41.37915696
10-2012-0394,SANT MARTI,el Poblenou,CARRER,TAULAT,1,33,,35,,,,,10,2,2.202171727,41.39666893
02-2012-0995,L'EIXAMPLE,el Fort Pienc,CARRER,SICILIA,1,109,,,,,,,1,A,2.180569645,41.39607137
02-2012-0996,L'EIXAMPLE,el Fort Pienc,CARRER,SICILIA,1,109,,,,,,,1,B,2.180569645,41.39607137
02-2012-0997,L'EIXAMPLE,el Fort Pienc,CARRER,SICILIA,1,109,,,,,,,1,C,2.180569645,41.39607137
02-2012-0998,L'EIXAMPLE,el Fort Pienc,CARRER,SICILIA,1,109,,,,,,,2,A,2.180569645,41.39607137
02-2012-0999,L'EIXAMPLE,el Fort Pienc,CARRER,SICILIA,1,109,,,,,,,2,B,2.180569645,41.39607137
02-2012-1000,L'EIXAMPLE,el Fort Pienc,CARRER,SICILIA,1,109,,,,,,,2,C,2.180569645,41.39607137
02-2012-1001,L'EIXAMPLE,el Fort Pienc,CARRER,SICILIA,1,109,,,,,,,3,A,2.180569645,41.39607137
02-2012-1002,L'EIXAMPLE,el Fort Pienc,CARRER,SICILIA,1,109,,,,,,,3,B,2.180569645,41.39607137
02-2012-1003,L'EIXAMPLE,el Fort Pienc,CARRER,SICILIA,1,109,,,,,,,3,C,2.180569645,41.39607137
06-2012-0436,GRACIA,el Coll,CARRER,RUBENS,2,14,,,,,,,AT,4,2.145466007,41.41444184
10-2012-0545,SANT MARTI,el Camp de l'Arpa del Clot,CARRER,INDEPENDENCIA,1,317,,,,,,,AT,4,2.181450159,41.40911657
10-2012-0468,SANT MARTI,la Vila Olímpica del Poblenou,CARRER,ROSA SENSAT,2,40,,,,,,1,3,3,2.194551013,41.39254104
02-2012-1233,L'EIXAMPLE,la Dreta de l'Eixample,CARRER,CORSEGA,1,293,,,,,,,6,3,2.156652712,41.39462722
02-2012-1325,L'EIXAMPLE,la Dreta de l'Eixample,RONDA,UNIVERSITAT,1,35,,,,,,,2,3,2.167640517,41.38720437
03-2012-0336,SANTS-MONTJUÏC,el Poble Sec,CARRER,FONTRODONA,2,70,,,,,,,4,2,2.166271861,41.37207038
03-2012-0363,SANTS-MONTJUÏC,el Poble Sec,CARRER,ROSER,2,28,,,,,,,3,1B,2.166641101,41.37345059
04-2012-0232,LES CORTS,les Corts,CARRER,GERARD PIERA,1,5,,11,,,,,BJ,8,2.129351488,41.3826181
04-2012-0233,LES CORTS,les Corts,CARRER,GERARD PIERA,1,5,,11,,,,,BJ,1,2.129351488,41.3826181
04-2012-0234,LES CORTS,les Corts,CARRER,GERARD PIERA,1,5,,11,,,,,BJ,5,2.129351488,41.3826181
04-2012-0235,LES CORTS,les Corts,CARRER,GERARD PIERA,1,5,,11,,,,,BJ,6,2.129351488,41.3826181
02-2012-1164,L'EIXAMPLE,l'Antiga Esquerra de l'Eixample,CARRER,MALLORCA,2,148,,,,,,,5,4,2.15451391,41.38763541
02-2012-1081,L'EIXAMPLE,Sant Antoni,CARRER,VILLARROEL,2,20,,,,,,,1,2,2.161825134,41.38152702
02-2012-1221,L'EIXAMPLE,la Dreta de l'Eixample,CARRER,VALENCIA,1,365,,,,,,,3,2,2.171439695,41.398944
10-2012-0571,SANT MARTI,la Vila Olímpica del Poblenou,CARRER,RAMON TURRO,1,89,,,,,,,2,4,2.195494962,41.39445825
02-2012-1548,L'EIXAMPLE,Sant Antoni,CARRER,PARLAMENT,1,35,,,,,,,3,4,2.162735786,41.37672885
02-2012-1550,L'EIXAMPLE,Sant Antoni,CARRER,PARLAMENT,1,35,,,,,,,3,3,2.162735786,41.37672885
02-2012-1551,L'EIXAMPLE,Sant Antoni,CARRER,PARLAMENT,1,35,,,,,,,2,4,2.162735786,41.37672885
02-2012-1553,L'EIXAMPLE,Sant Antoni,CARRER,PARLAMENT,1,35,,,,,,,2,2,2.162735786,41.37672885
02-2012-1555,L'EIXAMPLE,Sant Antoni,CARRER,PARLAMENT,1,35,,,,,,,1,1,2.162735786,41.37672885
02-2012-1557,L'EIXAMPLE,Sant Antoni,CARRER,PARLAMENT,1,35,,,,,,,4,3,2.162735786,41.37672885
02-2012-1212,L'EIXAMPLE,la Dreta de l'Eixample,CARRER,ROSSELLO,2,266,,,,,,,PR,1,2.164544535,41.3986112
02-2012-1213,L'EIXAMPLE,l'Antiga Esquerra de l'Eixample,CARRER,ARIBAU,2,176,B,,,,,,3,2,2.153266678,41.39312149
06-2012-0452,GRACIA,la Vila de Gràcia,CARRER,TORRENT DE L'OLLA,1,33,,,,,,,5,,2.159887283,41.39974728
02-2012-1475,L'EIXAMPLE,Sant Antoni,CARRER,FLORIDABLANCA,2,128,,,,,,,4,1,2.161548198,41.38064647
02-2012-1476,L'EIXAMPLE,Sant Antoni,CARRER,FLORIDABLANCA,2,128,,,,,,,2,,2.161548198,41.38064647
06-2012-0477,GRACIA,la Vila de Gràcia,CARRER,SANTA PERPETUA,1,13,,,,,,,BJ,1,2.152221165,41.40782284
02-2012-1094,L'EIXAMPLE,la Dreta de l'Eixample,CARRER,PAU CLARIS,2,178,,,,,,,2,1A,2.163318026,41.39574466
06-2012-0424,GRACIA,la Vila de Gràcia,CARRER,PEREZ GALDOS,2,10,,,,,,,EN,2,2.152331922,41.40505473
10-2012-0500,SANT MARTI,la Vila Olímpica del Poblenou,CARRER,PAMPLONA,1,45,,,,,,,1,11,2.194247208,41.39440333
10-2012-0564,SANT MARTI,Diagonal Mar i el Front Marítim del Poblenou,PASSEIG,GARCIA FARIA,1,75,,,,,,A,15,2,2.215323118,41.40496996
02-2012-1602,L'EIXAMPLE,la Sagrada Família,CARRER,ROSSELLO,2,466,,,,,,,6,2,2.177190379,41.40809093
03-2012-0298,SANTS-MONTJUÏC,Hostafrancs,CARRER,FARELL,1,25,,,,,,,EN,2,2.143615008,41.37287344
03-2012-0299,SANTS-MONTJUÏC,Hostafrancs,CARRER,FARELL,1,25,,,,,,,EN,3,2.143615008,41.37287344
03-2012-0300,SANTS-MONTJUÏC,Hostafrancs,CARRER,FARELL,1,25,,,,,,,EN,4,2.143615008,41.37287344
03-2012-0301,SANTS-MONTJUÏC,Hostafrancs,CARRER,FARELL,1,25,,,,,,,EN,5,2.143615008,41.37287344
03-2012-0302,SANTS-MONTJUÏC,Hostafrancs,CARRER,FARELL,1,25,,,,,,,1,2,2.143615008,41.37287344
02-2012-0930,L'EIXAMPLE,la Sagrada Família,CARRER,MARINA,1,223,,,,,,,5,4,2.177414549,41.40208412
02-2012-1269,L'EIXAMPLE,la Dreta de l'Eixample,RAMBLA,CATALUNYA,2,8,,,,,,,4,2,2.168016451,41.38793678
02-2012-1270,L'EIXAMPLE,la Dreta de l'Eixample,RAMBLA,CATALUNYA,2,8,,,,,,,3,2,2.168016451,41.38793678
03-2012-0413,SANTS-MONTJUÏC,el Poble Sec,CARRER,NOU DE LA RAMBLA,2,168,,,,,,,PR,2,2.166665519,41.37185036
03-2012-0414,SANTS-MONTJUÏC,el Poble Sec,AVINGUDA,RIUS I TAULET,1,1,B,,,,,,SA,1,2.154301709,41.37261085
03-2012-0425,SANTS-MONTJUÏC,Sants,CARRER,JACQUARD,2,14,,18,,,,,1,4,2.13430039,41.3777674
03-2012-0426,SANTS-MONTJUÏC,Sants,CARRER,JACQUARD,2,14,,18,,,,,1,2,2.13430039,41.3777674
03-2012-0427,SANTS-MONTJUÏC,Sants,CARRER,JACQUARD,2,14,,18,,,,,1,5,2.13430039,41.3777674
03-2012-0428,SANTS-MONTJUÏC,Sants,CARRER,JACQUARD,2,14,,18,,,,,BJ,B,2.13430039,41.3777674
03-2012-0429,SANTS-MONTJUÏC,Sants,CARRER,JACQUARD,2,14,,18,,,,,BJ,1,2.13430039,41.3777674
03-2012-0430,SANTS-MONTJUÏC,Hostafrancs,CARRER,CREU COBERTA,1,121,,,,,,,PR,4,2.141971328,41.37517292
02-2012-1251,L'EIXAMPLE,la Nova Esquerra de l'Eixample,CARRER,VALENCIA,2,70,,,,,,,2,3,2.148828704,41.38164779
03-2012-0386,SANTS-MONTJUÏC,el Poble Sec,CARRER,POETA CABANYES,2,20,B,,,,,,3,1,2.16544352,41.3740214
05-2012-0488,SARRIA-SANT GERVASI,el Putxet i el Farró,CARRER,BERTRAN,2,88,,,,,,,,,2.139846921,41.40738063
02-2012-1603,L'EIXAMPLE,l'Antiga Esquerra de l'Eixample,CARRER,MUNTANER,2,94,,,,,,,5,1,2.157136781,41.38848264
02-2012-1604,L'EIXAMPLE,la Dreta de l'Eixample,CARRER,ROGER DE LLURIA,2,6,,,,,,,AT,1,2.17309105,41.39006522
10-2012-0587,SANT MARTI,el Camp de l'Arpa del Clot,CARRER,XIFRE,1,117,,,,,,,AT,2,2.179867864,41.41160415
06-2012-0518,GRACIA,el Camp d'en Grassot i Gràcia Nova,CARRER,SANT ANTONI MARIA CLARET,1,3,,,,,,,1,2,2.163230412,41.40295289
02-2012-1086,L'EIXAMPLE,la Sagrada Família,AVINGUDA,GAUDI,2,8,,,,,,,PR,1B,2.174582435,41.40515544
02-2012-1087,L'EIXAMPLE,la Sagrada Família,AVINGUDA,GAUDI,2,8,,,,,,,PR,2B,2.174582435,41.40515544
02-2012-1089,L'EIXAMPLE,la Sagrada Família,AVINGUDA,GAUDI,2,8,,,,,,,PR,2,2.174582435,41.40515544
02-2012-1090,L'EIXAMPLE,la Sagrada Família,AVINGUDA,GAUDI,2,8,,,,,,,1,1B,2.174582435,41.40515544
02-2012-1091,L'EIXAMPLE,la Sagrada Família,AVINGUDA,GAUDI,2,8,,,,,,,4,2B,2.174582435,41.40515544
02-2012-1092,L'EIXAMPLE,la Sagrada Família,AVINGUDA,GAUDI,2,8,,,,,,,3,2,2.174582435,41.40515544
02-2012-1093,L'EIXAMPLE,la Sagrada Família,AVINGUDA,GAUDI,2,8,,,,,,,5,1,2.174582435,41.40515544
03-2012-0343,SANTS-MONTJUÏC,Sants,RAMBLA,BADAL,2,156,,,,,,,2,1,2.13146796,41.37332671
02-2012-1219,L'EIXAMPLE,Sant Antoni,CARRER,COMTE BORRELL,2,82,,,,,,,SA,1,2.159460859,41.37989503
02-2012-1258,L'EIXAMPLE,la Sagrada Família,CARRER,MARINA,1,245,,,,,,,EN,3,2.175998932,41.40316143
02-2012-0781,L'EIXAMPLE,la Dreta de l'Eixample,CARRER,ROGER DE FLOR,2,148,,,,,,A,4,2,2.175059728,41.39710858
02-2012-1071,L'EIXAMPLE,la Dreta de l'Eixample,GRAN VIA,CORTS CATALANES,1,671,,,,,,,3,1,2.176819151,41.39617338
02-2012-1173,L'EIXAMPLE,la Dreta de l'Eixample,CARRER,BAILEN,1,169,,,,,,,5,2,2.165473038,41.40066349
02-2012-1388,L'EIXAMPLE,Sant Antoni,CARRER,CALABRIA,2,60,,,,,,,3,1,2.157406293,41.37802772
05-2012-0433,SARRIA-SANT GERVASI,Sant Gervasi - Galvany,CARRER,ARIBAU,2,228,,,,,,E,PR,1,2.150536157,41.39517058
02-2012-1004,L'EIXAMPLE,el Fort Pienc,CARRER,SICILIA,1,109,,,,,,,4,A,2.180569645,41.39607137
02-2012-1005,L'EIXAMPLE,el Fort Pienc,CARRER,SICILIA,1,109,,,,,,,4,B,2.180569645,41.39607137
02-2012-1006,L'EIXAMPLE,el Fort Pienc,CARRER,SICILIA,1,109,,,,,,,4,C,2.180569645,41.39607137
02-2012-1007,L'EIXAMPLE,el Fort Pienc,CARRER,SICILIA,1,109,,,,,,,5,A,2.180569645,41.39607137
02-2012-1008,L'EIXAMPLE,el Fort Pienc,CARRER,SICILIA,1,109,,,,,,,5,B,2.180569645,41.39607137
02-2012-1009,L'EIXAMPLE,el Fort Pienc,CARRER,SICILIA,1,109,,,,,,,5,C,2.180569645,41.39607137
02-2012-1249,L'EIXAMPLE,l'Antiga Esquerra de l'Eixample,CARRER,PROVENÇA,1,131,,133,,,,,1,1,2.152236782,41.38791921
10-2012-0503,SANT MARTI,Diagonal Mar i el Front Marítim del Poblenou,PASSEIG,TAULAT,1,227,,,,,,,6,1,2.210431706,41.40344702
08-2012-0173,NOU BARRIS,Verdun,VIA,JULIA,1,125,,,,,,,AT,3,2.177903974,41.44270713
10-2012-0524,SANT MARTI,Diagonal Mar i el Front Marítim del Poblenou,PASSEIG,GARCIA FARIA,1,75,,,,,,A,10,6,2.215323118,41.40496996
01-2012-0537,CIUTAT VELLA,el Raval,CARRER,SANT PAU,1,29,,,,,,,3,,2.172205167,41.37915696
10-2012-0505,SANT MARTI,la Vila Olímpica del Poblenou,CARRER,MARINA,2,44,,,,,,2,BJ,C,2.191982793,41.39126839
02-2012-1346,L'EIXAMPLE,la Sagrada Família,CARRER,CASTILLEJOS,1,339,,,,,,,PR,2,2.173974719,41.40966883
10-2012-0590,SANT MARTI,Diagonal Mar i el Front Marítim del Poblenou,PASSEIG,TAULAT,2,146,,148,,,,,1,1,2.209814229,41.402219
10-2012-0560,SANT MARTI,la Vila Olímpica del Poblenou,CARRER,SALVADOR ESPRIU,1,43,,,,,,,3,2,2.197251767,41.38935154
03-2012-0236,SANTS-MONTJUÏC,el Poble Sec,CARRER,OLIVERA,1,23,,,,,,,2,3,2.158191982,41.37361542
02-2012-0956,L'EIXAMPLE,la Sagrada Família,CARRER,PROVENÇA,1,497,,,,,,,4,4,2.177411933,41.40682476
02-2012-1410,L'EIXAMPLE,l'Antiga Esquerra de l'Eixample,CARRER,ARAGO,2,130,,,,,,,1,1,2.155530246,41.38499752
02-2012-1413,L'EIXAMPLE,l'Antiga Esquerra de l'Eixample,CARRER,ARAGO,2,130,,,,,,,1,2,2.155530246,41.38499752
10-2012-0574,SANT MARTI,el Poblenou,CARRER,RAMON TURRO,2,120,,,,,,,1,1,2.197492173,41.39566692
02-2012-1559,L'EIXAMPLE,Sant Antoni,CARRER,PARLAMENT,1,35,,,,,,,1,2,2.162735786,41.37672885
02-2012-1561,L'EIXAMPLE,la Sagrada Família,CARRER,SANT ANTONI MARIA CLARET,2,234,,,,,,,5,1,2.175085383,41.41161612
10-2012-0412,SANT MARTI,el Camp de l'Arpa del Clot,CARRER,DEGA BAHI,1,65,,,,,,,4,1,2.185055613,41.41290344
02-2012-1129,L'EIXAMPLE,la Nova Esquerra de l'Eixample,AVINGUDA,JOSEP TARRADELLAS,2,80,,,,,,,2,3,2.143206646,41.3873688
02-2012-1225,L'EIXAMPLE,l'Antiga Esquerra de l'Eixample,CARRER,VILLARROEL,1,161,,,,,,,PR,3,2.153250891,41.38772347
02-2012-1512,L'EIXAMPLE,l'Antiga Esquerra de l'Eixample,GRAN VIA,CORTS CATALANES,1,571,,,,,,,EN,2,2.16197094,41.38501472
02-2012-1513,L'EIXAMPLE,l'Antiga Esquerra de l'Eixample,GRAN VIA,CORTS CATALANES,1,571,,,,,,,1,1,2.16197094,41.38501472
06-2012-0478,GRACIA,la Vila de Gràcia,CARRER,SANTA PERPETUA,1,13,,,,,,,1,1,2.152221165,41.40782284
06-2012-0479,GRACIA,la Vila de Gràcia,CARRER,SANTA PERPETUA,1,13,,,,,,,2,2,2.152221165,41.40782284
06-2012-0480,GRACIA,la Vila de Gràcia,CARRER,SANTA PERPETUA,1,13,,,,,,,3,1,2.152221165,41.40782284
02-2012-1477,L'EIXAMPLE,la Dreta de l'Eixample,RAMBLA,CATALUNYA,2,52,,,,,,,5,5,2.164168587,41.39075107
02-2012-1479,L'EIXAMPLE,la Dreta de l'Eixample,RAMBLA,CATALUNYA,2,52,,,,,,,5,4,2.164168587,41.39075107
02-2012-1481,L'EIXAMPLE,la Sagrada Família,CARRER,SANT ANTONI MARIA CLARET,2,110,,112,,,,,9,3,2.169241861,41.40723556
02-2012-0953,L'EIXAMPLE,la Dreta de l'Eixample,CARRER,CONSELL DE CENT,2,368,,,,,,,PR,1B,2.170585845,41.39462371
06-2012-0347,GRACIA,la Vila de Gràcia,CARRER,GOYA,2,16,,,,,,,4,1,2.157413069,41.39968868
02-2012-1267,L'EIXAMPLE,la Sagrada Família,CARRER,VALENCIA,1,437,,,,,,,3,1,2.176224582,41.40253375
02-2012-1268,L'EIXAMPLE,la Sagrada Família,CARRER,VALENCIA,1,437,,,,,,,PR,2,2.176224582,41.40253375
10-2012-0476,SANT MARTI,Diagonal Mar i el Front Marítim del Poblenou,PASSEIG,GARCIA FARIA,1,81,,,,,,E,10,1,2.21700445,41.40621632
10-2012-0477,SANT MARTI,Diagonal Mar i el Front Marítim del Poblenou,PASSEIG,GARCIA FARIA,1,75,,,,,,A,1,7,2.215323118,41.40496996
10-2012-0478,SANT MARTI,Diagonal Mar i el Front Marítim del Poblenou,PASSEIG,GARCIA FARIA,1,75,,,,,,A,7,6,2.215323118,41.40496996
10-2012-0479,SANT MARTI,Diagonal Mar i el Front Marítim del Poblenou,CARRER,SELVA DE MAR,2,6,,,,,,,2,1,2.214327629,41.40529129
10-2012-0480,SANT MARTI,Diagonal Mar i el Front Marítim del Poblenou,PASSEIG,GARCIA FARIA,1,75,,,,,,A,9,2,2.215323118,41.40496996
02-2012-0964,L'EIXAMPLE,Sant Antoni,CARRER,ENTENÇA,2,8,,,,,,,5,1,2.156124876,41.37559512
02-2012-1272,L'EIXAMPLE,la Dreta de l'Eixample,RAMBLA,CATALUNYA,2,8,,,,,,,3,3,2.168016451,41.38793678
02-2012-1273,L'EIXAMPLE,la Dreta de l'Eixample,RAMBLA,CATALUNYA,2,8,,,,,,,3,4,2.168016451,41.38793678
02-2012-1274,L'EIXAMPLE,la Dreta de l'Eixample,RAMBLA,CATALUNYA,2,8,,,,,,,3,1,2.168016451,41.38793678
02-2012-1276,L'EIXAMPLE,la Nova Esquerra de l'Eixample,CARRER,ARAGO,1,51,,,,,,,5,2,2.148818753,41.380219
06-2012-0493,GRACIA,la Vila de Gràcia,CARRER,FRATERNITAT,1,23,,,,,,,PR,,2.160591789,41.40044416
02-2012-1531,L'EIXAMPLE,la Sagrada Família,CARRER,MARINA,1,223,,,,,,,1,3,2.177414549,41.40208412
01-2012-0541,CIUTAT VELLA,el Barri Gòtic,PLAÇA,PORTAL DE LA PAU,2,4,,,,,,,1,2,2.177445503,41.37682321
02-2012-0721,L'EIXAMPLE,l'Antiga Esquerra de l'Eixample,CARRER,CONSELL DE CENT,1,203,,,,,,,1,3,2.156716799,41.38447049
02-2012-0723,L'EIXAMPLE,l'Antiga Esquerra de l'Eixample,CARRER,CONSELL DE CENT,1,203,,,,,,,2,1,2.156716799,41.38447049
02-2012-0724,L'EIXAMPLE,l'Antiga Esquerra de l'Eixample,CARRER,CONSELL DE CENT,1,203,,,,,,,2,3,2.156716799,41.38447049
02-2012-0726,L'EIXAMPLE,l'Antiga Esquerra de l'Eixample,CARRER,CONSELL DE CENT,1,203,,,,,,,3,1,2.156716799,41.38447049
02-2012-0727,L'EIXAMPLE,l'Antiga Esquerra de l'Eixample,CARRER,CONSELL DE CENT,1,203,,,,,,,3,3,2.156716799,41.38447049
02-2012-0728,L'EIXAMPLE,l'Antiga Esquerra de l'Eixample,CARRER,CONSELL DE CENT,1,203,,,,,,,4,1,2.156716799,41.38447049
02-2012-0730,L'EIXAMPLE,l'Antiga Esquerra de l'Eixample,CARRER,CONSELL DE CENT,1,203,,,,,,,4,2,2.156716799,41.38447049
02-2012-0731,L'EIXAMPLE,l'Antiga Esquerra de l'Eixample,CARRER,CONSELL DE CENT,1,203,,,,,,,4,3,2.156716799,41.38447049
02-2012-0734,L'EIXAMPLE,l'Antiga Esquerra de l'Eixample,CARRER,CONSELL DE CENT,1,203,,,,,,,5,2,2.156716799,41.38447049
02-2012-0856,L'EIXAMPLE,la Dreta de l'Eixample,PASSEIG,GRACIA,2,44,,,,,,,6,I,2.165977919,41.39172116
06-2012-0385,GRACIA,la Vila de Gràcia,CARRER,PERE SERAFI,2,36,,,,,,,PR,4,2.154857623,41.40160401
02-2012-1403,L'EIXAMPLE,l'Antiga Esquerra de l'Eixample,CARRER,VALENCIA,1,183,,,,,,,EN,1,2.158142836,41.38894232
02-2012-1406,L'EIXAMPLE,la Dreta de l'Eixample,AVINGUDA,DIAGONAL,1,377,,,,,,,1,,2.161079024,41.3966882
02-2012-0783,L'EIXAMPLE,Sant Antoni,CARRER,MANSO,2,58,,,,,,,2,1,2.161818825,41.37746569
10-2012-0425,SANT MARTI,el Camp de l'Arpa del Clot,CARRER,INDEPENDENCIA,1,317,,,,,,,3,1,2.181450159,41.40911657
05-2012-0434,SARRIA-SANT GERVASI,Sant Gervasi - Galvany,CARRER,ARIBAU,2,226,,,,,,E,3,1,2.150536157,41.39517058
05-2012-0435,SARRIA-SANT GERVASI,Sant Gervasi - Galvany,CARRER,ARIBAU,2,226,,,,,,E,2,2,2.150536157,41.39517058
10-2012-0448,SANT MARTI,el Poblenou,CARRER,PALLARS,1,171,,,,,,,1,1,2.196223965,41.4001264
10-2012-0449,SANT MARTI,el Poblenou,CARRER,PALLARS,1,171,,,,,,,3,1,2.196223965,41.4001264
10-2012-0450,SANT MARTI,el Poblenou,CARRER,PALLARS,1,171,,,,,,,3,2,2.196223965,41.4001264
02-2012-1277,L'EIXAMPLE,la Dreta de l'Eixample,CARRER,BAILEN,1,125,,,,,,,PR,3,2.168940433,41.39804172
06-2012-0279,GRACIA,la Vila de Gràcia,CARRER,SANT SALVADOR,2,20,,26,,,,,BJ,1,2.153459111,41.40693882
06-2012-0280,GRACIA,la Vila de Gràcia,CARRER,SANT SALVADOR,2,20,,26,,,,,BJ,2,2.153459111,41.40693882
06-2012-0281,GRACIA,la Vila de Gràcia,CARRER,SANT SALVADOR,2,20,,26,,,,,BJ,3,2.153459111,41.40693882
06-2012-0282,GRACIA,la Vila de Gràcia,CARRER,SANT SALVADOR,2,20,,26,,,,,1,1,2.153459111,41.40693882
06-2012-0283,GRACIA,la Vila de Gràcia,CARRER,SANT SALVADOR,2,20,,26,,,,,1,2,2.153459111,41.40693882
06-2012-0284,GRACIA,la Vila de Gràcia,CARRER,SANT SALVADOR,2,20,,26,,,,,1,3,2.153459111,41.40693882
06-2012-0286,GRACIA,la Vila de Gràcia,CARRER,SANT SALVADOR,2,20,,26,,,,,2,1,2.153459111,41.40693882
06-2012-0287,GRACIA,la Vila de Gràcia,CARRER,SANT SALVADOR,2,20,,26,,,,,2,2,2.153459111,41.40693882
06-2012-0288,GRACIA,la Vila de Gràcia,CARRER,SANT SALVADOR,2,20,,26,,,,,2,3,2.153459111,41.40693882
06-2012-0289,GRACIA,la Vila de Gràcia,CARRER,SANT SALVADOR,2,20,,26,,,,,2,4,2.153459111,41.40693882
02-2012-1202,L'EIXAMPLE,el Fort Pienc,CARRER,NAPOLS,2,166,,,,,,,5,2,2.176184152,41.39795908
10-2012-0577,SANT MARTI,el Camp de l'Arpa del Clot,CARRER,BASSOLS,2,32,,,,,,,3,2,2.184325003,41.40920013
10-2012-0559,SANT MARTI,el Camp de l'Arpa del Clot,CARRER,INDEPENDENCIA,1,317,,,,,,,EN,2,2.181450159,41.40911657
04-2012-0264,LES CORTS,la Maternitat i Sant Ramon,TRAVESSERA,CORTS,2,114,,,,,,,1,1,2.125590359,41.37978367
04-2012-0265,LES CORTS,la Maternitat i Sant Ramon,TRAVESSERA,CORTS,2,114,,,,,,,1,2,2.125590359,41.37978367
04-2012-0266,LES CORTS,la Maternitat i Sant Ramon,TRAVESSERA,CORTS,2,114,,,,,,,2,1,2.125590359,41.37978367
04-2012-0267,LES CORTS,la Maternitat i Sant Ramon,TRAVESSERA,CORTS,2,114,,,,,,,2,2,2.125590359,41.37978367
04-2012-0268,LES CORTS,la Maternitat i Sant Ramon,TRAVESSERA,CORTS,2,114,,,,,,,3,1,2.125590359,41.37978367
04-2012-0269,LES CORTS,la Maternitat i Sant Ramon,TRAVESSERA,CORTS,2,114,,,,,,,3,2,2.125590359,41.37978367
06-2012-0492,GRACIA,la Vila de Gràcia,CARRER,BANYOLES,1,9,,,,,,B,1,2,2.162521987,41.401752
10-2012-0591,SANT MARTI,Diagonal Mar i el Front Marítim del Poblenou,PASSEIG,GARCIA FARIA,1,57,,59,,,,,5,3,2.213387798,41.40350379
06-2012-0329,GRACIA,la Salut,CARRER,CAMELIES,1,39,,,,,,B,EN,3,2.16058949,41.41197317
04-2012-0213,LES CORTS,les Corts,CARRER,JOAN GUELL,2,108,,,,,,I,1,1,2.132235751,41.38148072
02-2012-1160,L'EIXAMPLE,la Sagrada Família,CARRER,ROSSELLO,1,501,,,,,,,5,4,2.176893761,41.40814957
02-2012-1161,L'EIXAMPLE,la Sagrada Família,CARRER,CONSELL DE CENT,2,536,,,,,,,5,1,2.181660428,41.40292827
02-2012-1162,L'EIXAMPLE,la Dreta de l'Eixample,RONDA,SANT PERE,1,3,,,,,,,1,4,2.17068944,41.38834878
02-2012-1163,L'EIXAMPLE,la Dreta de l'Eixample,PASSEIG,GRACIA,1,99,,,,,,,8,H,2.160475065,41.39532894
10-2012-0316,SANT MARTI,Diagonal Mar i el Front Marítim del Poblenou,CARRER,JOSEP PLA,1,19,,,,,,,4,5,2.215777856,41.40863864
02-2012-1414,L'EIXAMPLE,l'Antiga Esquerra de l'Eixample,CARRER,ARAGO,2,130,,,,,,,2,1,2.155530246,41.38499752
05-2012-0456,SARRIA-SANT GERVASI,les Tres Torres,RONDA,GENERAL MITRE,1,15,,17,,,,A,9,2,2.131728604,41.39356232
02-2012-1625,L'EIXAMPLE,la Nova Esquerra de l'Eixample,CARRER,COMTE D'URGELL,1,151,,,,,,2,6,2,2.151801662,41.38704256
03-2012-0276,SANTS-MONTJUÏC,el Poble Sec,CARRER,ROSER,1,3,,,,,,,6,,2.16737022,41.37435506
02-2012-0979,L'EIXAMPLE,el Fort Pienc,CARRER,CONSELL DE CENT,1,477,,,,,,,1,1,2.176784231,41.39955122
02-2012-0980,L'EIXAMPLE,el Fort Pienc,CARRER,ROGER DE FLOR,2,98,,,,,,,1,5,2.178608515,41.39441616
10-2012-0522,SANT MARTI,la Vila Olímpica del Poblenou,CARRER,JAUME VICENS I VIVES,1,15,,,,,,,3,1,2.201801246,41.39356638
05-2012-0429,SARRIA-SANT GERVASI,Sant Gervasi - Galvany,CARRER,SANTALO,2,138,,,,,,,3,1,2.140191086,41.40027461
02-2012-1402,L'EIXAMPLE,l'Antiga Esquerra de l'Eixample,CARRER,ARIBAU,1,45,,,,,,,1,1,2.159888735,41.38783368
10-2012-0446,SANT MARTI,Provençals del Poblenou,CARRER,FLUVIA,1,113,,115,,,,B,8,1,2.204236287,41.40860008
01-2012-0555,CIUTAT VELLA,el Barri Gòtic,CARRER,N'AGLA,2,4,,,,,,,1,1,2.176399992,41.38011202
10-2012-0482,SANT MARTI,Diagonal Mar i el Front Marítim del Poblenou,CARRER,JOSEP PLA,1,19,,,,,,,2,5,2.215777856,41.40863864
03-2012-0367,SANTS-MONTJUÏC,el Poble Sec,CARRER,MARGARIT,2,44,,,,,,,2,2,2.163199944,41.37281131
02-2012-1401,L'EIXAMPLE,Sant Antoni,CARRER,VILADOMAT,1,11,,,,,,,4,1,2.162427235,41.37567247
06-2012-0459,GRACIA,el Camp d'en Grassot i Gràcia Nova,CARRER,CA L'ALEGRE DE DALT,2,18,,,,,,,PR,2,2.162568539,41.4077811
06-2012-0463,GRACIA,la Vila de Gràcia,PLAÇA,REVOLUCIO SETEMBRE 1868,2,12,,,,,,,EN,2,2.157920251,41.40265342
02-2012-1427,L'EIXAMPLE,l'Antiga Esquerra de l'Eixample,CARRER,ARAGO,2,130,,,,,,,4,2,2.155530246,41.38499752
05-2012-0381,SARRIA-SANT GERVASI,Sant Gervasi - la Bonanova,PLAÇA,JOAQUIM FOLGUERA,2,2,,,,,,,EN,1,2.139118888,41.40526886
02-2012-1256,L'EIXAMPLE,el Fort Pienc,CARRER,SICILIA,2,202,,,,,,,PR,2,2.179473225,41.39718277
05-2012-0417,SARRIA-SANT GERVASI,el Putxet i el Farró,CARRER,BALMES,2,382,,,,,,,8,2,2.140059426,41.40494464
06-2012-0481,GRACIA,la Vila de Gràcia,CARRER,SANTA PERPETUA,1,13,,,,,,,2,1,2.152221165,41.40782284
06-2012-0482,GRACIA,la Vila de Gràcia,CARRER,SANTA PERPETUA,1,13,,,,,,,1,2,2.152221165,41.40782284
02-2012-1480,L'EIXAMPLE,Sant Antoni,GRAN VIA,CORTS CATALANES,2,442,,,,,,,2,2,2.153942176,41.37831813
03-2012-0262,SANTS-MONTJUÏC,el Poble Sec,AVINGUDA,PARAL.LEL,1,17,,19,,,,,7,4,2.174479037,41.37449801
03-2012-0356,SANTS-MONTJUÏC,Sants,RAMBLA,BADAL,2,156,,,,,,,5,1,2.13146796,41.37332671
02-2012-1261,L'EIXAMPLE,Sant Antoni,GRAN VIA,CORTS CATALANES,2,474,,,,,,,5,1,2.155771303,41.37969822
07-2012-0225,HORTA-GUINARDÓ,el Baix Guinardó,TRAVESSERA,GRACIA,2,366,,,,,,,1,1,2.171309356,41.40969172
10-2012-0381,SANT MARTI,la Vila Olímpica del Poblenou,CARRER,ANVERS,1,3,,,,,,,,,2.195980793,41.39206349
10-2012-0427,SANT MARTI,Provençals del Poblenou,CARRER,BAC DE RODA,2,100,,,,,,1,15,A,2.203682695,41.40797378
10-2012-0428,SANT MARTI,Diagonal Mar i el Front Marítim del Poblenou,CARRER,FLUVIA,1,97,,,,,,,12,5,2.205922052,41.40764991
02-2012-1260,L'EIXAMPLE,la Dreta de l'Eixample,CARRER,BRUC,1,19,,,,,,,EN,2,2.174063257,41.39076046
08-2012-0139,NOU BARRIS,la Prosperitat,CARRER,CONVENI,2,6,,,,,,C,BJ,1,2.185380438,41.44320278
05-2012-0384,SARRIA-SANT GERVASI,Sant Gervasi - Galvany,CARRER,BRUSI,2,102,,,,,,,BJ,1,2.144227189,41.40228569
05-2012-0385,SARRIA-SANT GERVASI,Sant Gervasi - la Bonanova,CARRER,PINTOR GIMENO,1,7,,9,,,,,PR,5,2.139157232,41.40487822
02-2012-1280,L'EIXAMPLE,la Dreta de l'Eixample,RONDA,SANT PERE,2,14,,,,,,,3,1,2.171803426,41.3884448
02-2012-0890,L'EIXAMPLE,la Dreta de l'Eixample,RONDA,SANT PERE,2,44,,,,,,,PR,3,2.176041488,41.39002824
02-2012-0908,L'EIXAMPLE,la Nova Esquerra de l'Eixample,CARRER,ROCAFORT,1,159,,,,,,,1,3,2.149792022,41.38180706
03-2012-0292,SANTS-MONTJUÏC,Hostafrancs,CARRER,FARELL,1,25,,,,,,,1,4,2.143615008,41.37287344
03-2012-0293,SANTS-MONTJUÏC,Hostafrancs,CARRER,FARELL,1,25,,,,,,,3,1,2.143615008,41.37287344
03-2012-0294,SANTS-MONTJUÏC,Hostafrancs,CARRER,FARELL,1,25,,,,,,,4,1,2.143615008,41.37287344
03-2012-0295,SANTS-MONTJUÏC,Hostafrancs,CARRER,FARELL,1,25,,,,,,,1,5,2.143615008,41.37287344
06-2012-0379,GRACIA,el Camp d'en Grassot i Gràcia Nova,CARRER,CORSEGA,1,513,,,,,,,3,1,2.169938904,41.40464694
06-2012-0487,GRACIA,la Vila de Gràcia,CARRER,MONTMANY,1,27,,,,,,,2,3,2.159797703,41.40449416
10-2012-0578,SANT MARTI,el Camp de l'Arpa del Clot,CARRER,BASSOLS,2,32,,,,,,,4,2,2.184325003,41.40920013
02-2012-1591,L'EIXAMPLE,la Dreta de l'Eixample,CARRER,ARAGO,2,312,,,,,,,9,1,2.168587371,41.3947396
10-2012-0324,SANT MARTI,el Poblenou,CARRER,TORTELLA,2,6,,10,,,,,1,1,2.208578481,41.40325248
06-2012-0321,GRACIA,la Vila de Gràcia,CARRER,BRUNIQUER,1,59,,,,,,,AT,3,2.162106531,41.40561202
06-2012-0322,GRACIA,la Vila de Gràcia,CARRER,BRUNIQUER,1,59,,,,,,,AT,4,2.162106531,41.40561202
02-2012-1113,L'EIXAMPLE,la Dreta de l'Eixample,CARRER,VALENCIA,2,290,,,,,,,1,2,2.165039045,41.39385559
02-2012-1114,L'EIXAMPLE,la Dreta de l'Eixample,CARRER,VALENCIA,2,290,,,,,,,1,3,2.165039045,41.39385559
02-2012-1115,L'EIXAMPLE,la Dreta de l'Eixample,CARRER,VALENCIA,2,290,,,,,,,1,4,2.165039045,41.39385559
02-2012-1116,L'EIXAMPLE,la Dreta de l'Eixample,CARRER,VALENCIA,2,290,,,,,,,1,1,2.165039045,41.39385559
02-2012-1117,L'EIXAMPLE,la Dreta de l'Eixample,CARRER,VALENCIA,2,290,,,,,,,BJ,2,2.165039045,41.39385559
02-2012-1118,L'EIXAMPLE,la Dreta de l'Eixample,CARRER,VALENCIA,2,290,,,,,,,BJ,1,2.165039045,41.39385559
02-2012-0737,L'EIXAMPLE,la Dreta de l'Eixample,CARRER,NAPOLS,1,149,,,,,,,PR,2,2.177235971,41.39688395
02-2012-0738,L'EIXAMPLE,la Dreta de l'Eixample,CARRER,NAPOLS,1,149,,,,,,,PR,4,2.177235971,41.39688395
02-2012-1165,L'EIXAMPLE,la Sagrada Família,CARRER,LEPANT,1,325,,,,,,,8,3,2.172698852,41.4072985
02-2012-1331,L'EIXAMPLE,la Dreta de l'Eixample,CARRER,VALENCIA,2,318,,,,,,,4,2,2.167007434,41.3953383
02-2012-1332,L'EIXAMPLE,la Dreta de l'Eixample,CARRER,ROGER DE LLURIA,2,82,,,,,,,2,2B,2.166197685,41.3952742
02-2012-1333,L'EIXAMPLE,la Dreta de l'Eixample,CARRER,ROGER DE LLURIA,2,82,,,,,,,2,2A,2.166197685,41.3952742
02-2012-1378,L'EIXAMPLE,la Dreta de l'Eixample,CARRER,ROGER DE LLURIA,2,40,,,,,,,3,1,2.17048376,41.39203561
02-2012-1380,L'EIXAMPLE,la Dreta de l'Eixample,CARRER,ROGER DE LLURIA,2,40,,,,,,,2,2,2.17048376,41.39203561
03-2012-0352,SANTS-MONTJUÏC,Hostafrancs,CARRER,CREU COBERTA,2,48,,,,,,,3,1,2.146089689,41.37530366
02-2012-1248,L'EIXAMPLE,la Sagrada Família,CARRER,ROSSELLO,1,437,,,,,,,PR,2,2.173567212,41.40566899
04-2012-0227,LES CORTS,les Corts,CARRER,GERARD PIERA,1,5,,11,,,,,BJ,2,2.129351488,41.3826181
04-2012-0228,LES CORTS,les Corts,CARRER,GERARD PIERA,1,5,,11,,,,,BJ,3,2.129351488,41.3826181
10-2012-0499,SANT MARTI,el Camp de l'Arpa del Clot,CARRER,NACIO,2,18,,,,,,,1,,2.185848621,41.41278171
05-2012-0407,SARRIA-SANT GERVASI,Sant Gervasi - Galvany,CARRER,LAFORJA,2,44,,,,,,,3,1,2.148880029,41.39860679
02-2012-1566,L'EIXAMPLE,el Fort Pienc,CARRER,DIPUTACIO,2,378,,,,,,,2,3,2.177063992,41.39777605
02-2012-1314,L'EIXAMPLE,la Dreta de l'Eixample,RAMBLA,CATALUNYA,1,101,,,,,,,4,A,2.160186188,41.39325527
02-2012-1315,L'EIXAMPLE,la Dreta de l'Eixample,RAMBLA,CATALUNYA,1,101,,,,,,,5,B,2.160186188,41.39325527
02-2012-1316,L'EIXAMPLE,la Dreta de l'Eixample,RAMBLA,CATALUNYA,1,103,,,,,,,5,B,2.160099323,41.39332127
02-2012-1032,L'EIXAMPLE,la Dreta de l'Eixample,CARRER,ROGER DE LLURIA,1,51,,,,,,,PR,2,2.168299799,41.39340594
02-2012-1137,L'EIXAMPLE,Sant Antoni,CARRER,PARLAMENT,2,18,,,,,,,EN,2,2.16191774,41.37583983
02-2012-1185,L'EIXAMPLE,l'Antiga Esquerra de l'Eixample,CARRER,CONSELL DE CENT,1,207,,,,,,,5,1,2.156914896,41.38461925
02-2012-1186,L'EIXAMPLE,l'Antiga Esquerra de l'Eixample,CARRER,CONSELL DE CENT,1,207,,,,,,,5,2,2.156914896,41.38461925
02-2012-1187,L'EIXAMPLE,l'Antiga Esquerra de l'Eixample,CARRER,CONSELL DE CENT,1,207,,,,,,,5,3,2.156914896,41.38461925
02-2012-1188,L'EIXAMPLE,l'Antiga Esquerra de l'Eixample,CARRER,CONSELL DE CENT,1,207,,,,,,,5,4,2.156914896,41.38461925
02-2012-1189,L'EIXAMPLE,l'Antiga Esquerra de l'Eixample,CARRER,CONSELL DE CENT,1,207,,,,,,,5,5,2.156914896,41.38461925
02-2012-1190,L'EIXAMPLE,l'Antiga Esquerra de l'Eixample,CARRER,CONSELL DE CENT,1,207,,,,,,,4,5,2.156914896,41.38461925
06-2012-0419,GRACIA,el Camp d'en Grassot i Gràcia Nova,CARRER,PI I MARGALL,2,42,,,,,,,SA,2,2.1637657,41.40768276
08-2012-0166,NOU BARRIS,Vilapicina i la Torre Llobeta,CARRER,CARTELLA,2,60,,,,,,,3,3,2.170879325,41.4282973
06-2012-0491,GRACIA,el Camp d'en Grassot i Gràcia Nova,CARRER,GRASSOT,1,35,,,,,,,BJ,2,2.167445721,41.40353975
10-2012-0566,SANT MARTI,Diagonal Mar i el Front Marítim del Poblenou,PASSEIG,GARCIA FARIA,1,57,,,,,,,10,4,2.213387798,41.40350379
02-2012-1204,L'EIXAMPLE,la Dreta de l'Eixample,CARRER,ROGER DE FLOR,2,240,,,,,,,3,3,2.16915363,41.40159377
03-2012-0368,SANTS-MONTJUÏC,el Poble Sec,CARRER,MARGARIT,2,44,,,,,,,2,1,2.163199944,41.37281131
02-2012-0741,L'EIXAMPLE,la Nova Esquerra de l'Eixample,CARRER,ARAGO,1,95,,,,,,,AT,2,2.151194126,41.3820125
10-2012-0305,SANT MARTI,el Camp de l'Arpa del Clot,CARRER,MALLORCA,2,616,,,,,,,2,1,2.185913622,41.41122772
02-2012-1138,L'EIXAMPLE,la Dreta de l'Eixample,CARRER,BRUC,1,65,,,,,,,2,2,2.170092561,41.39375576
10-2012-0433,SANT MARTI,Diagonal Mar i el Front Marítim del Poblenou,CARRER,RAMON TURRO,2,340,,342,,,,,5,4,2.211407493,41.40616037
06-2012-0397,GRACIA,el Camp d'en Grassot i Gràcia Nova,CARRER,ESCORIAL,2,152,,,,,,,2,1,2.159059281,41.40986351
02-2012-1541,L'EIXAMPLE,la Dreta de l'Eixample,CARRER,PELAI,1,5,,,,,,,3,2A,2.166129159,41.38589339
02-2012-0748,L'EIXAMPLE,l'Antiga Esquerra de l'Eixample,CARRER,CONSELL DE CENT,2,200,,,,,,,3,2,2.156784473,41.3842461
02-2012-1465,L'EIXAMPLE,la Dreta de l'Eixample,CARRER,PAU CLARIS,2,76,,,,,,,1,3,2.171648178,41.38945381
02-2012-1343,L'EIXAMPLE,Sant Antoni,AVINGUDA,PARAL.LEL,2,204,,,,,,,3,B,2.151102579,41.37525289
06-2012-0435,GRACIA,la Vila de Gràcia,CARRER,OR,2,16,,,,,,,1,3,2.156397127,41.40405857
02-2012-1411,L'EIXAMPLE,la Dreta de l'Eixample,AVINGUDA,DIAGONAL,1,377,,,,,,,4,,2.161079024,41.3966882
02-2012-1420,L'EIXAMPLE,la Dreta de l'Eixample,AVINGUDA,DIAGONAL,1,377,,,,,,,6,2,2.161079024,41.3966882
02-2012-1421,L'EIXAMPLE,la Dreta de l'Eixample,AVINGUDA,DIAGONAL,1,377,,,,,,,AT,,2.161079024,41.3966882
06-2012-0442,GRACIA,el Camp d'en Grassot i Gràcia Nova,CARRER,ROGER DE FLOR,1,233,B,,,,,,2,2,2.167928251,41.40225733
06-2012-0476,GRACIA,la Vila de Gràcia,CARRER,TORRENT DE L'OLLA,2,42,,,,,,,1,1,2.160154749,41.39972484
05-2012-0364,SARRIA-SANT GERVASI,Sant Gervasi - Galvany,CARRER,GANDUXER,2,50,,,,,,,2,1,2.136872603,41.39598472
05-2012-0365,SARRIA-SANT GERVASI,Sant Gervasi - Galvany,CARRER,GANDUXER,2,50,,,,,,,2,3,2.136872603,41.39598472
05-2012-0366,SARRIA-SANT GERVASI,Sant Gervasi - Galvany,CARRER,GANDUXER,2,50,,,,,,,2,4,2.136872603,41.39598472
05-2012-0367,SARRIA-SANT GERVASI,Sant Gervasi - Galvany,CARRER,GANDUXER,2,50,,,,,,,3,1,2.136872603,41.39598472
05-2012-0368,SARRIA-SANT GERVASI,Sant Gervasi - Galvany,CARRER,GANDUXER,2,50,,,,,,,3,2,2.136872603,41.39598472
02-2012-0756,L'EIXAMPLE,Sant Antoni,CARRER,MANSO,2,58,,,,,,,2,2,2.161818825,41.37746569
06-2012-0659,GRACIA,la Vila de Gràcia,CARRER,JOSEP TORRES,2,2,,,,,,,4,1,2.178527007,41.44713699
02-2012-1596,L'EIXAMPLE,el Fort Pienc,CARRER,NAPOLS,2,94,,,,,,,1,1,2.180934783,41.39436344
02-2012-0946,L'EIXAMPLE,la Sagrada Família,CARRER,CASTILLEJOS,1,287,,,,,,,AT,2,2.17695278,41.40741491
02-2012-0947,L'EIXAMPLE,el Fort Pienc,CARRER,AUSIAS MARC,1,143,,,,,,,4,3,2.182854796,41.39690307
06-2012-0346,GRACIA,el Camp d'en Grassot i Gràcia Nova,CARRER,GRASSOT,2,100,,,,,,,1,1,2.165131074,41.40536774
05-2012-0353,SARRIA-SANT GERVASI,Sant Gervasi - Galvany,CARRER,CALVET,1,17,,,,,,,5,1,2.144077594,41.39411612
05-2012-0354,SARRIA-SANT GERVASI,Sant Gervasi - Galvany,CARRER,CALVET,1,17,,,,,,,5,2,2.144077594,41.39411612
05-2012-0355,SARRIA-SANT GERVASI,Sant Gervasi - Galvany,CARRER,CALVET,1,17,,,,,,,5,4,2.144077594,41.39411612
05-2012-0356,SARRIA-SANT GERVASI,Sant Gervasi - Galvany,CARRER,CALVET,1,17,,,,,,,5,3,2.144077594,41.39411612
05-2012-0357,SARRIA-SANT GERVASI,Sant Gervasi - Galvany,CARRER,CALVET,1,17,,,,,,,6,4,2.144077594,41.39411612
02-2012-0978,L'EIXAMPLE,Sant Antoni,CARRER,ROCAFORT,2,68,,,,,,,PR,B,2.154569216,41.37847501
05-2012-0340,SARRIA-SANT GERVASI,Sant Gervasi - Galvany,CARRER,LAFORJA,1,101,,,,,,,4,3,2.143787393,41.3954658
02-2012-0835,L'EIXAMPLE,la Dreta de l'Eixample,PASSEIG,GRACIA,1,3,,,,,,,2,4,2.169270627,41.38821806
02-2012-0837,L'EIXAMPLE,la Dreta de l'Eixample,PASSEIG,GRACIA,1,3,,,,,,,4,4,2.169270627,41.38821806
02-2012-0839,L'EIXAMPLE,la Dreta de l'Eixample,RAMBLA,CATALUNYA,2,10,,,,,,,2,1,2.167870875,41.388043
03-2012-0383,SANTS-MONTJUÏC,Sants,CARRER,VALLADOLID,1,21,,,,,,,2,,2.136280347,41.37781574
03-2012-0384,SANTS-MONTJUÏC,Sants,CARRER,VALLADOLID,1,21,,,,,,,3,,2.136280347,41.37781574
02-2012-1404,L'EIXAMPLE,la Sagrada Família,PASSATGE,SIMO,1,3,,,,,,,1,1,2.172840657,41.40416438
02-2012-1405,L'EIXAMPLE,la Sagrada Família,PASSATGE,SIMO,1,3,,,,,,,EN,2,2.172840657,41.40416438
10-2012-0588,SANT MARTI,la Vila Olímpica del Poblenou,CARRER,DOCTOR TRUETA,1,69,,71,,,,,BJ,1,2.195174882,41.3925561
01-2012-0557,CIUTAT VELLA,Sant Pere Santa Caterina i la Ribera,CARRER,VOLTA D'EN BUFANALLA,1,3,,,,,,,6,,2.182722064,41.38404385
06-2012-0497,GRACIA,el Camp d'en Grassot i Gràcia Nova,CARRER,SANT ANTONI MARIA CLARET,2,98,,,,,,,3,2,2.168473879,41.40665015
06-2012-0449,GRACIA,la Vila de Gràcia,CARRER,ALZINA,2,26,,,,,,,1,,2.156204587,41.40671968
10-2012-0526,SANT MARTI,el Parc i la Llacuna del Poblenou,CARRER,MARINA,2,104,,,,,,,7,6,2.187845158,41.39439245
03-2012-0385,SANTS-MONTJUÏC,Sants,CARRER,TINENT FLOMESTA,2,32,,,,,,,1,2,2.132090374,41.3732284
02-2012-1376,L'EIXAMPLE,la Nova Esquerra de l'Eixample,CARRER,VILADOMAT,1,211,,,,,,,3,2,2.150150259,41.38494276
07-2012-0231,HORTA-GUINARDÓ,Can Baró,AVINGUDA,CAN BARO,1,3,,,,,,,PR,2,2.161104679,41.41534345
02-2012-1595,L'EIXAMPLE,el Fort Pienc,CARRER,ARAGO,2,424,,,,,,I,AT,2,2.175308718,41.39981155
02-2012-1633,L'EIXAMPLE,la Dreta de l'Eixample,RAMBLA,CATALUNYA,2,106,,,,,,,3,4,2.159432103,41.39420527
03-2012-0369,SANTS-MONTJUÏC,el Poble Sec,CARRER,MARGARIT,2,44,,,,,,,1,2,2.163199944,41.37281131
03-2012-0370,SANTS-MONTJUÏC,el Poble Sec,CARRER,MARGARIT,2,44,,,,,,,1,1,2.163199944,41.37281131
10-2012-0501,SANT MARTI,el Parc i la Llacuna del Poblenou,CARRER,NAPOLS,1,9,,11,,,,,4,4,2.185029573,41.39098217
02-2012-1319,L'EIXAMPLE,l'Antiga Esquerra de l'Eixample,CARRER,ARAGO,1,207,,,,,,,3,1,2.159779871,41.38853401
04-2012-0240,LES CORTS,Pedralbes,CARRER,BELTRAN I ROZPIDE,1,7,,9,,,,,6,1,2.121452254,41.38920777
05-2012-0405,SARRIA-SANT GERVASI,les Tres Torres,RONDA,GENERAL MITRE,1,7,,,,,,,6,1,2.131022749,41.39320471
05-2012-0406,SARRIA-SANT GERVASI,les Tres Torres,RONDA,GENERAL MITRE,1,7,,,,,,,9,3,2.131022749,41.39320471
10-2012-0467,SANT MARTI,el Parc i la Llacuna del Poblenou,PASSATGE,ALI BEI,2,4,,,,,,,,,2.189552466,41.40059969
02-2012-1428,L'EIXAMPLE,l'Antiga Esquerra de l'Eixample,CARRER,ARAGO,2,130,,,,,,,5,1,2.155530246,41.38499752
02-2012-1431,L'EIXAMPLE,l'Antiga Esquerra de l'Eixample,CARRER,ARAGO,2,130,,,,,,,5,2,2.155530246,41.38499752
02-2012-1122,L'EIXAMPLE,la Dreta de l'Eixample,CARRER,VALENCIA,2,290,,,,,,,3,2,2.165039045,41.39385559
02-2012-1123,L'EIXAMPLE,la Dreta de l'Eixample,CARRER,VALENCIA,2,290,,,,,,,3,3,2.165039045,41.39385559
02-2012-1124,L'EIXAMPLE,la Dreta de l'Eixample,CARRER,VALENCIA,2,290,,,,,,,2,1,2.165039045,41.39385559
02-2012-1125,L'EIXAMPLE,la Dreta de l'Eixample,CARRER,VALENCIA,2,290,,,,,,,2,2,2.165039045,41.39385559
02-2012-1126,L'EIXAMPLE,la Dreta de l'Eixample,CARRER,VALENCIA,2,290,,,,,,,3,1,2.165039045,41.39385559
02-2012-1127,L'EIXAMPLE,la Dreta de l'Eixample,CARRER,VALENCIA,2,290,,,,,,,3,4,2.165039045,41.39385559
03-2012-0357,SANTS-MONTJUÏC,el Poble Sec,CARRER,JULIA,1,33,,,,,,,1,,2.159905694,41.37098622
03-2012-0358,SANTS-MONTJUÏC,el Poble Sec,CARRER,JULIA,1,33,,,,,,,2,,2.159905694,41.37098622
02-2012-0959,L'EIXAMPLE,la Sagrada Família,CARRER,MALLORCA,2,436,B,,,,,,PR,3,2.177027448,41.40456029
02-2012-1039,L'EIXAMPLE,Sant Antoni,CARRER,ROCAFORT,2,68,,,,,,,PR,2,2.154569216,41.37847501
02-2012-1466,L'EIXAMPLE,Sant Antoni,CARRER,CALABRIA,1,87,,,,,,,1,1,2.155890575,41.37890159
02-2012-1181,L'EIXAMPLE,la Dreta de l'Eixample,GRAN VIA,CORTS CATALANES,1,671,,,,,,,3,2,2.176819151,41.39617338
02-2012-1426,L'EIXAMPLE,la Dreta de l'Eixample,AVINGUDA,DIAGONAL,1,377,,,,,,,3,,2.161079024,41.3966882
02-2012-1430,L'EIXAMPLE,la Dreta de l'Eixample,AVINGUDA,DIAGONAL,1,377,,,,,,,2,,2.161079024,41.3966882
01-2012-0513,CIUTAT VELLA,Sant Pere Santa Caterina i la Ribera,CARRER,MONTANYANS,2,6,,8,,,,,4,1,2.180124354,41.38738394
01-2012-0514,CIUTAT VELLA,el Raval,PLAÇA,EMILI VENDRELL,1,1,,,,,,,3,1,2.16685211,41.38124703
03-2012-0277,SANTS-MONTJUÏC,el Poble Sec,CARRER,TAPIOLES,1,17,,19,,,,,3,7,2.164758679,41.37402996
02-2012-1080,L'EIXAMPLE,la Nova Esquerra de l'Eixample,CARRER,DIPUTACIO,2,52,,,,,,,EN,4,2.152542208,41.37934737
02-2012-1549,L'EIXAMPLE,la Dreta de l'Eixample,CARRER,ARAGO,2,312,,,,,,,3,1,2.168587371,41.3947396
02-2012-1552,L'EIXAMPLE,la Dreta de l'Eixample,CARRER,ARAGO,2,312,,,,,,,3,2,2.168587371,41.3947396
02-2012-1554,L'EIXAMPLE,la Dreta de l'Eixample,CARRER,ARAGO,2,312,,,,,,,3,3,2.168587371,41.3947396
02-2012-1556,L'EIXAMPLE,la Dreta de l'Eixample,CARRER,ARAGO,2,312,,,,,,,4,1,2.168587371,41.3947396
10-2012-0377,SANT MARTI,el Poblenou,CARRER,TAULAT,1,1,,,,,,,2,3,2.200914524,41.39494957
05-2012-0369,SARRIA-SANT GERVASI,Sant Gervasi - Galvany,CARRER,GANDUXER,2,50,,,,,,,3,3,2.136872603,41.39598472
05-2012-0370,SARRIA-SANT GERVASI,Sant Gervasi - Galvany,CARRER,GANDUXER,2,50,,,,,,,3,4,2.136872603,41.39598472
05-2012-0371,SARRIA-SANT GERVASI,Sant Gervasi - Galvany,CARRER,GANDUXER,2,50,,,,,,,4,1,2.136872603,41.39598472
06-2012-0272,GRACIA,la Vila de Gràcia,CARRER,TRES SENYORES,1,21,,,,,,,BJ,D,2.158188967,41.40654119
02-2012-1594,L'EIXAMPLE,la Sagrada Família,CARRER,PROVENÇA,1,443,,,,,,,1,1,2.174146725,41.40437879
05-2012-0486,SARRIA-SANT GERVASI,Sant Gervasi - Galvany,CARRER,CALAF,2,50,,,,,,,AT,2,2.142353394,41.39621788
02-2012-1597,L'EIXAMPLE,el Fort Pienc,CARRER,NAPOLS,2,94,,,,,,,3,2,2.180934783,41.39436344
10-2012-0589,SANT MARTI,el Clot,CARRER,MALLORCA,2,674,,,,,,,3,2,2.1905139,41.4146812
02-2012-0955,L'EIXAMPLE,la Dreta de l'Eixample,RONDA,SANT PERE,2,70,,,,,,,PR,1,2.178933213,41.39110961
02-2012-1013,L'EIXAMPLE,la Nova Esquerra de l'Eixample,CARRER,VALENCIA,1,95,,,,,,B,PR,1,2.153538997,41.3854689
01-2012-0538,CIUTAT VELLA,el Raval,CARRER,SANT PAU,1,29,,,,,,,4,,2.172205167,41.37915696
03-2012-0267,SANTS-MONTJUÏC,la Marina de Port,CARRER,MINERIA,1,7,,,,,,B,1,2,2.137123304,41.36429637
03-2012-0311,SANTS-MONTJUÏC,el Poble Sec,CARRER,TEODOR BONAPLATA,2,6,,,,,,,4,2,2.158984258,41.37448069
02-2012-1119,L'EIXAMPLE,la Sagrada Família,CARRER,MALLORCA,2,408,,,,,,,PR,2,2.174795387,41.40288444
05-2012-0278,SARRIA-SANT GERVASI,Sant Gervasi - Galvany,CARRER,SAGUES,2,16,,,,,,,PR,4,2.145094308,41.39420191
02-2012-0819,L'EIXAMPLE,la Nova Esquerra de l'Eixample,CARRER,ROSSELLO,2,42,,,,,,,1,2,2.14698308,41.38536608
05-2012-0299,SARRIA-SANT GERVASI,Sarrià,CARRER,BONAPLATA,1,39,,,,,,,,,2.123388665,41.39620491
02-2012-0899,L'EIXAMPLE,la Dreta de l'Eixample,CARRER,BRUC,2,42,,44,,,,,3,C,2.173056393,41.39179568
02-2012-1018,L'EIXAMPLE,la Dreta de l'Eixample,PASSEIG,SANT JOAN,1,87,,,,,,,PR,1,2.170915425,41.39805696
06-2012-0400,GRACIA,la Vila de Gràcia,VIA,AUGUSTA,2,40,,,,,,,1,2,2.153930104,41.39800458
06-2012-0401,GRACIA,la Vila de Gràcia,VIA,AUGUSTA,2,40,,,,,,,1,1,2.153930104,41.39800458
02-2012-1631,L'EIXAMPLE,la Nova Esquerra de l'Eixample,CARRER,DIPUTACIO,2,118,,,,,,D,4,1,2.155820135,41.38181191
01-2012-0559,CIUTAT VELLA,el Raval,CARRER,TALLERS,2,76,,,,,,,EN,2,2.165039223,41.38517612
03-2012-0250,SANTS-MONTJUÏC,Hostafrancs,CARRER,CREU COBERTA,2,94,,,,,,,2,2,2.142844571,41.37536496
02-2012-0879,L'EIXAMPLE,la Sagrada Família,CARRER,VALENCIA,1,441,,,,,,,3,2,2.176367269,41.4026408
03-2012-0451,SANTS-MONTJUÏC,el Poble Sec,CARRER,ROSER,1,7,,,,,,,3,1,2.167265798,41.37419036
06-2012-0526,GRACIA,el Camp d'en Grassot i Gràcia Nova,CARRER,INDUSTRIA,1,81,,,,,,,1,3,2.169120868,41.40571888
02-2012-0829,L'EIXAMPLE,la Dreta de l'Eixample,RAMBLA,CATALUNYA,1,67,,,,,,,2,1B,2.162869094,41.39129916
02-2012-0830,L'EIXAMPLE,la Dreta de l'Eixample,RAMBLA,CATALUNYA,1,67,,,,,,,2,1A,2.162869094,41.39129916
05-2012-0292,SARRIA-SANT GERVASI,el Putxet i el Farró,CARRER,BALLESTER,2,34,,,,,,,2,4,2.146277643,41.40717358
05-2012-0293,SARRIA-SANT GERVASI,el Putxet i el Farró,CARRER,BALLESTER,2,34,,,,,,,2,3,2.146277643,41.40717358
05-2012-0294,SARRIA-SANT GERVASI,el Putxet i el Farró,CARRER,BALLESTER,2,34,,,,,,,2,2,2.146277643,41.40717358
05-2012-0295,SARRIA-SANT GERVASI,el Putxet i el Farró,CARRER,BALLESTER,2,34,,,,,,,BJ,4,2.146277643,41.40717358
05-2012-0296,SARRIA-SANT GERVASI,el Putxet i el Farró,CARRER,BALLESTER,2,34,,,,,,,BJ,3,2.146277643,41.40717358
02-2012-1022,L'EIXAMPLE,l'Antiga Esquerra de l'Eixample,CARRER,ARIBAU,2,92,,,,,,,4,1,2.157676772,41.38978271
02-2012-1023,L'EIXAMPLE,l'Antiga Esquerra de l'Eixample,CARRER,BALMES,1,77,,,,,,,AT,,2.16086903,41.39049744
02-2012-1468,L'EIXAMPLE,la Sagrada Família,CARRER,VALENCIA,1,467,,,,,,,4,2,2.178010277,41.40387298
02-2012-1067,L'EIXAMPLE,la Dreta de l'Eixample,RAMBLA,CATALUNYA,2,32,,,,,,,2,1D,2.165567376,41.38973024
02-2012-1068,L'EIXAMPLE,la Dreta de l'Eixample,RAMBLA,CATALUNYA,2,32,,,,,,,2,1B,2.165567376,41.38973024
02-2012-1069,L'EIXAMPLE,la Dreta de l'Eixample,RAMBLA,CATALUNYA,2,32,,,,,,,2,1A,2.165567376,41.38973024
02-2012-1191,L'EIXAMPLE,la Dreta de l'Eixample,CARRER,ROSSELLO,2,266,,,,,,,1,1,2.164544535,41.3986112
02-2012-1192,L'EIXAMPLE,la Dreta de l'Eixample,CARRER,ROSSELLO,2,266,,,,,,,1,1B,2.164544535,41.3986112
02-2012-1193,L'EIXAMPLE,la Dreta de l'Eixample,CARRER,ROSSELLO,2,266,,,,,,,PR,2,2.164544535,41.3986112
02-2012-1194,L'EIXAMPLE,la Dreta de l'Eixample,CARRER,ROSSELLO,2,266,,,,,,,EN,1,2.164544535,41.3986112
02-2012-1195,L'EIXAMPLE,Sant Antoni,CARRER,TAMARIT,1,185,,,,,,,1,D,2.162444082,41.37989693
02-2012-1196,L'EIXAMPLE,Sant Antoni,CARRER,TAMARIT,1,185,,,,,,,1,C,2.162444082,41.37989693
02-2012-1223,L'EIXAMPLE,el Fort Pienc,PASSEIG,SANT JOAN,2,36,,,,,,,1,1,2.177834846,41.39349455
05-2012-0383,SARRIA-SANT GERVASI,Sant Gervasi - Galvany,CARRER,FRANCESC PEREZ-CABRERO,1,11,,,,,,,1,2,2.139543625,41.39412049
02-2012-1364,L'EIXAMPLE,l'Antiga Esquerra de l'Eixample,GRAN VIA,CORTS CATALANES,1,549,,,,,,,PR,3,2.160124383,41.38362731
06-2012-0443,GRACIA,el Camp d'en Grassot i Gràcia Nova,PASSATGE,ALIO,2,12,,,,,,,2,1,2.166448807,41.40271944
06-2012-0444,GRACIA,el Camp d'en Grassot i Gràcia Nova,PASSATGE,ALIO,2,12,,,,,,,2,2,2.166448807,41.40271944
06-2012-0445,GRACIA,la Vila de Gràcia,CARRER,DOCTOR RIZAL,1,15,,,,,,,4,1,2.15590782,41.39744186
06-2012-0446,GRACIA,el Camp d'en Grassot i Gràcia Nova,CARRER,SICILIA,2,352,,,,,,,3,2,2.170370972,41.40406195
03-2012-0485,SANTS-MONTJUÏC,el Poble Sec,CARRER,MAGALHAES,1,67,,,,,,,SA,1,2.160365188,41.37271381
02-2012-1813,L'EIXAMPLE,la Dreta de l'Eixample,RONDA,SANT PERE,2,44,,,,,,,2,2,2.176041488,41.39002824
03-2013-0068,SANTS-MONTJUÏC,el Poble Sec,CARRER,LLEIDA,1,25,,,,,,,1,3,2.155366604,41.37280291
02-2012-1763,L'EIXAMPLE,l'Antiga Esquerra de l'Eixample,CARRER,MALLORCA,1,215,,,,,,,2,3,2.158702699,41.39106303
01-2012-0636,CIUTAT VELLA,Sant Pere Santa Caterina i la Ribera,CARRER,MERCADERS,1,5,,,,,,,3,,2.17883564,41.38482613
01-2012-0637,CIUTAT VELLA,Sant Pere Santa Caterina i la Ribera,CARRER,MERCADERS,1,5,,,,,,,EN,2,2.17883564,41.38482613
02-2012-1757,L'EIXAMPLE,la Dreta de l'Eixample,CARRER,AUSIAS MARC,2,24,,,,,,,PR,C,2.175427038,41.3910657
02-2012-1753,L'EIXAMPLE,la Sagrada Família,CARRER,CORSEGA,2,540,,,,,,,5,4,2.172904924,41.40662299
05-2012-0567,SARRIA-SANT GERVASI,el Putxet i el Farró,CARRER,SARAGOSSA,1,137,,,,,,,2,2,2.145060271,41.40475386
04-2012-0354,LES CORTS,les Corts,CARRER,LORETO,2,42,,,,,,,1,4,2.142551475,41.39113808
02-2013-0069,L'EIXAMPLE,la Sagrada Família,PASSATGE,SIMO,2,8,,,,,,,4,1,2.173090843,41.40423019
06-2013-0015,GRACIA,la Vila de Gràcia,CARRER,LLIBERTAT,1,47,,,,,,,2,3,2.162439705,41.40063117
06-2013-0016,GRACIA,la Vila de Gràcia,CARRER,LLIBERTAT,1,47,,,,,,,1,2,2.162439705,41.40063117
10-2014-0021,SANT MARTI,el Poblenou,CARRER,RAMON TURRO,2,226,,,,,,,6,1,2.204009086,41.40055274
02-2012-1861,L'EIXAMPLE,l'Antiga Esquerra de l'Eixample,CARRER,ARIBAU,1,39,,,,,,,2,2B,2.160099958,41.38767492
01-2012-0629,CIUTAT VELLA,Sant Pere Santa Caterina i la Ribera,CARRER,CARDERS,1,23,,,,,,,1,2,2.18014587,41.38672801
02-2012-1862,L'EIXAMPLE,el Fort Pienc,CARRER,ALI BEI,1,57,,,,,,,3,4,2.1805303,41.39347913
09-2013-0010,SANT ANDREU,Sant Andreu,AVINGUDA,MERIDIANA,2,556,,558,,,,,2,4,2.186329524,41.44116222
10-2013-0053,SANT MARTI,el Poblenou,CARRER,FERROCARRIL,1,27,,,,,,,6,1,2.207070421,41.3988077
10-2013-0054,SANT MARTI,el Poblenou,CARRER,FERROCARRIL,1,27,,,,,,,6,2,2.207070421,41.3988077
10-2013-0055,SANT MARTI,el Poblenou,CARRER,FERROCARRIL,1,27,,,,,,,6,3,2.207070421,41.3988077
10-2013-0056,SANT MARTI,el Poblenou,CARRER,FERROCARRIL,1,27,,,,,,,6,4,2.207070421,41.3988077
02-2013-1559,L'EIXAMPLE,Sant Antoni,RONDA,SANT PAU,1,71,,,,,,,5,2,2.163582551,41.3781428
10-2013-0086,SANT MARTI,el Parc i la Llacuna del Poblenou,PASSEIG,PUJADES,1,25,,,,,,,PR,1,2.185642255,41.39087817
10-2013-0087,SANT MARTI,el Parc i la Llacuna del Poblenou,PASSEIG,PUJADES,1,25,,,,,,,PR,2,2.185642255,41.39087817
10-2013-0088,SANT MARTI,el Parc i la Llacuna del Poblenou,PASSEIG,PUJADES,1,25,,,,,,,1,1,2.185642255,41.39087817
10-2013-0089,SANT MARTI,el Parc i la Llacuna del Poblenou,PASSEIG,PUJADES,1,25,,,,,,,3,1,2.185642255,41.39087817
02-2012-1811,L'EIXAMPLE,el Fort Pienc,CARRER,ARAGO,2,424,,,,,,,AT,3,2.175308718,41.39981155
05-2013-0079,SARRIA-SANT GERVASI,les Tres Torres,RONDA,GENERAL MITRE,1,7,,,,,,,11,1,2.131022749,41.39320471
05-2013-0081,SARRIA-SANT GERVASI,les Tres Torres,RONDA,GENERAL MITRE,1,7,,,,,,,1,6,2.131022749,41.39320471
02-2013-0240,L'EIXAMPLE,la Nova Esquerra de l'Eixample,CARRER,CONSELL DE CENT,1,151,,,,,,,1,1,2.15412017,41.38251096
02-2012-1721,L'EIXAMPLE,l'Antiga Esquerra de l'Eixample,CARRER,CASANOVA,2,96,,,,,,,AT,1,2.156773051,41.38704822
02-2012-1722,L'EIXAMPLE,l'Antiga Esquerra de l'Eixample,CARRER,CASANOVA,2,96,,,,,,,6,1,2.156773051,41.38704822
02-2012-1723,L'EIXAMPLE,l'Antiga Esquerra de l'Eixample,CARRER,CASANOVA,2,96,,,,,,,AT,2,2.156773051,41.38704822
02-2012-1724,L'EIXAMPLE,l'Antiga Esquerra de l'Eixample,CARRER,CASANOVA,2,96,,,,,,,6,2,2.156773051,41.38704822
02-2012-1725,L'EIXAMPLE,l'Antiga Esquerra de l'Eixample,CARRER,CASANOVA,2,96,,,,,,,5,2,2.156773051,41.38704822
02-2012-1726,L'EIXAMPLE,l'Antiga Esquerra de l'Eixample,CARRER,CASANOVA,2,96,,,,,,,5,1,2.156773051,41.38704822
02-2012-1727,L'EIXAMPLE,l'Antiga Esquerra de l'Eixample,CARRER,CASANOVA,2,96,,,,,,,4,2,2.156773051,41.38704822
02-2012-1728,L'EIXAMPLE,l'Antiga Esquerra de l'Eixample,CARRER,CASANOVA,2,96,,,,,,,4,1,2.156773051,41.38704822
02-2012-1729,L'EIXAMPLE,l'Antiga Esquerra de l'Eixample,CARRER,CASANOVA,2,96,,,,,,,3,1,2.156773051,41.38704822
02-2013-1553,L'EIXAMPLE,la Dreta de l'Eixample,CARRER,CONSELL DE CENT,2,436,,,,,,,3,1,2.175122174,41.39802605
02-2013-1554,L'EIXAMPLE,el Fort Pienc,CARRER,SARDENYA,1,153,,157,,,,,6,3,2.181806363,41.39684666
02-2013-1555,L'EIXAMPLE,la Nova Esquerra de l'Eixample,CARRER,CALABRIA,2,224,,,,,,,5,1,2.147743733,41.38533408
02-2013-0091,L'EIXAMPLE,la Dreta de l'Eixample,PASSEIG,GRACIA,2,42,,,,,,,4,1,2.166465529,41.39132267
02-2012-1667,L'EIXAMPLE,la Dreta de l'Eixample,CARRER,GIRONA,2,74,,,,,,,5,2,2.170712217,41.39527437
05-2012-0626,SARRIA-SANT GERVASI,Sant Gervasi - Galvany,CARRER,CALVET,1,17,,,,,,,1,3,2.144077594,41.39411612
05-2012-0628,SARRIA-SANT GERVASI,Sant Gervasi - Galvany,CARRER,CALVET,1,17,,,,,,,2,1,2.144077594,41.39411612
05-2012-0629,SARRIA-SANT GERVASI,Sant Gervasi - Galvany,CARRER,CALVET,1,17,,,,,,,4,4,2.144077594,41.39411612
05-2012-0630,SARRIA-SANT GERVASI,Sant Gervasi - Galvany,CARRER,CALVET,1,17,,,,,,,6,3,2.144077594,41.39411612
05-2013-0652,SARRIA-SANT GERVASI,el Putxet i el Farró,CARRER,VALLIRANA,1,29,,,,,,,BJ,,2.148007154,41.40385312
02-2013-2375,L'EIXAMPLE,la Dreta de l'Eixample,CARRER,DIPUTACIO,2,268,,,,,,,4,1,2.168446445,41.39131697
01-2013-0970,CIUTAT VELLA,Sant Pere Santa Caterina i la Ribera,CARRER,PESCATERIA,1,1,,,,,,,1,2,2.183578411,41.38422899
01-2013-0971,CIUTAT VELLA,Sant Pere Santa Caterina i la Ribera,CARRER,PESCATERIA,1,1,,,,,,,2,1,2.183578411,41.38422899
01-2013-0972,CIUTAT VELLA,Sant Pere Santa Caterina i la Ribera,CARRER,PESCATERIA,1,1,,,,,,,2,2,2.183578411,41.38422899
01-2013-0973,CIUTAT VELLA,Sant Pere Santa Caterina i la Ribera,CARRER,PESCATERIA,1,1,,,,,,,2,3,2.183578411,41.38422899
01-2013-0974,CIUTAT VELLA,Sant Pere Santa Caterina i la Ribera,CARRER,PESCATERIA,1,1,,,,,,,2,4,2.183578411,41.38422899
03-2013-0665,SANTS-MONTJUÏC,Sants - Badal,RAMBLA,BADAL,1,151,,,,,,,7,3,2.13078774,41.3740735
02-2013-2300,L'EIXAMPLE,l'Antiga Esquerra de l'Eixample,CARRER,ARIBAU,2,82,,,,,,,5,2,2.158032657,41.38951496
02-2013-2302,L'EIXAMPLE,l'Antiga Esquerra de l'Eixample,CARRER,ARIBAU,2,82,,,,,,,5,1,2.158032657,41.38951496
02-2013-2303,L'EIXAMPLE,Sant Antoni,CARRER,SEPULVEDA,1,157,,,,,,,1,1,2.161487452,41.3825795
02-2013-2304,L'EIXAMPLE,Sant Antoni,CARRER,SEPULVEDA,1,157,,,,,,,1,2,2.161487452,41.3825795
02-2013-2305,L'EIXAMPLE,Sant Antoni,CARRER,SEPULVEDA,1,157,,,,,,,2,1,2.161487452,41.3825795
02-2013-2306,L'EIXAMPLE,Sant Antoni,CARRER,SEPULVEDA,1,157,,,,,,,2,2,2.161487452,41.3825795
02-2013-2307,L'EIXAMPLE,Sant Antoni,CARRER,SEPULVEDA,1,157,,,,,,,3,1,2.161487452,41.3825795
02-2014-0139,L'EIXAMPLE,la Dreta de l'Eixample,CARRER,BAILEN,1,43,,,,,,,4,1,2.174760971,41.39364626
02-2014-0138,L'EIXAMPLE,la Sagrada Família,CARRER,CASTILLEJOS,2,332,,,,,,,1,1,2.173840911,41.41005379
02-2012-1739,L'EIXAMPLE,la Nova Esquerra de l'Eixample,CARRER,ROCAFORT,1,159,,,,,,,1,1,2.149792022,41.38180706
03-2013-0031,SANTS-MONTJUÏC,el Poble Sec,CARRER,TAPIOLES,2,38,,,,,,,PR,2,2.163895326,41.37279475
02-2013-1810,L'EIXAMPLE,la Sagrada Família,CARRER,CASTILLEJOS,1,251,,,,,,,PR,2,2.17951264,41.40544944
06-2012-0649,GRACIA,la Vila de Gràcia,CARRER,BANYOLES,1,7,,,,,,A,1,3,2.162521987,41.401752
02-2013-0195,L'EIXAMPLE,la Dreta de l'Eixample,CARRER,VALENCIA,2,334,,,,,,,2,1,2.168416059,41.39639559
10-2013-0090,SANT MARTI,la Vila Olímpica del Poblenou,CARRER,PAMPLONA,1,45,,,,,,,1,10,2.194247208,41.39440333
10-2013-0726,SANT MARTI,el Parc i la Llacuna del Poblenou,CARRER,JOAN D'AUSTRIA,1,99,,,,,,,4,4,2.188361984,41.3953114
02-2012-1668,L'EIXAMPLE,la Dreta de l'Eixample,CARRER,BRUC,2,16,,,,,,,PR,1,2.175038105,41.3903024
02-2012-1670,L'EIXAMPLE,la Dreta de l'Eixample,CARRER,BRUC,2,16,,,,,,,PR,2,2.175038105,41.3903024
02-2012-1672,L'EIXAMPLE,la Dreta de l'Eixample,CARRER,BRUC,2,16,,,,,,,PR,3,2.175038105,41.3903024
02-2012-1673,L'EIXAMPLE,la Dreta de l'Eixample,CARRER,BRUC,2,16,,,,,,,PR,4,2.175038105,41.3903024
05-2012-0511,SARRIA-SANT GERVASI,Sant Gervasi - Galvany,CARRER,CALVET,1,15,,,,,,,PR,2,2.144238486,41.39399069
02-2012-1897,L'EIXAMPLE,la Nova Esquerra de l'Eixample,CARRER,CALABRIA,2,142,,,,,,,AT,2,2.15251752,41.38173343
06-2012-0613,GRACIA,la Vila de Gràcia,CARRER,SAMSO,2,2,,,,,,,1,4,2.160368984,41.40135643
06-2013-0560,GRACIA,la Vila de Gràcia,CARRER,CAMPRODON,1,27,,,,,,,BJ,1,2.164199357,41.40108233
06-2013-0561,GRACIA,la Vila de Gràcia,CARRER,CAMPRODON,1,27,,,,,,,BJ,2,2.164199357,41.40108233
10-2014-0082,SANT MARTI,Provençals del Poblenou,AVINGUDA,DIAGONAL,2,98,,100,,,,,3,4,2.206042539,41.40834117
02-2014-0178,L'EIXAMPLE,Sant Antoni,AVINGUDA,MISTRAL,2,54,,,,,,,1,2,2.15414968,41.37611082
02-2013-1433,L'EIXAMPLE,la Sagrada Família,PASSATGE,FONT,1,11,,,,,,,3,1,2.175293684,41.40257422
10-2013-0570,SANT MARTI,la Vila Olímpica del Poblenou,CARRER,RAMON TURRO,1,21,,,,,,,1,1,2.191945297,41.39180519
02-2013-2298,L'EIXAMPLE,la Dreta de l'Eixample,CARRER,ROSSELLO,2,268,,,,,,,3,3,2.164660113,41.39869842
10-2012-0637,SANT MARTI,el Camp de l'Arpa del Clot,PASSATGE,GRAZIELLA PARETO,1,7,,,,,,,BJ,,2.178504502,41.41208096
02-2012-2004,L'EIXAMPLE,el Fort Pienc,CARRER,SARDENYA,1,199,,,,,,,4,2,2.179340686,41.39871349
02-2013-2379,L'EIXAMPLE,la Dreta de l'Eixample,CARRER,ROSSELLO,2,282,,,,,,,PR,1,2.165165043,41.39904611
02-2013-0128,L'EIXAMPLE,la Dreta de l'Eixample,AVINGUDA,DIAGONAL,2,434,,,,,,,3,1,2.161686224,41.39730469
02-2012-1941,L'EIXAMPLE,l'Antiga Esquerra de l'Eixample,PLAÇA,DOCTOR LETAMENDI,1,35,,,,,,,PR,2,2.161369213,41.38893061
02-2013-0132,L'EIXAMPLE,la Sagrada Família,CARRER,MALLORCA,2,436,B,,,,,,1,2,2.177027448,41.40456029
02-2012-1767,L'EIXAMPLE,la Dreta de l'Eixample,CARRER,BRUC,1,91,,,,,,,1,,2.16797674,41.39535318
05-2012-0609,SARRIA-SANT GERVASI,Sant Gervasi - Galvany,CARRER,GANDUXER,2,50,,,,,,,1,1,2.136872603,41.39598472
05-2012-0610,SARRIA-SANT GERVASI,Sant Gervasi - Galvany,CARRER,GANDUXER,2,50,,,,,,,6,2,2.136872603,41.39598472
01-2013-0850,CIUTAT VELLA,la Barceloneta,CARRER,SANT MIQUEL,1,105,,,,,,,1,1,2.189433241,41.37707901
02-2013-2461,L'EIXAMPLE,la Nova Esquerra de l'Eixample,CARRER,ARAGO,2,78,,,,,,,SA,1,2.152372334,41.3826211
02-2013-0113,L'EIXAMPLE,la Dreta de l'Eixample,PASSEIG,SANT JOAN,2,128,,,,,,,EN,2A,2.167984184,41.40093173
02-2013-1880,L'EIXAMPLE,l'Antiga Esquerra de l'Eixample,CARRER,COMTE D'URGELL,2,256,,,,,,,1,3,2.147603154,41.39060573
02-2012-1742,L'EIXAMPLE,l'Antiga Esquerra de l'Eixample,CARRER,CASANOVA,2,96,,,,,,,BJ,,2.156773051,41.38704822
02-2012-1743,L'EIXAMPLE,l'Antiga Esquerra de l'Eixample,CARRER,CASANOVA,2,96,,,,,,,1,2,2.156773051,41.38704822
02-2012-1744,L'EIXAMPLE,l'Antiga Esquerra de l'Eixample,CARRER,CASANOVA,2,96,,,,,,,2,1,2.156773051,41.38704822
02-2012-1745,L'EIXAMPLE,l'Antiga Esquerra de l'Eixample,CARRER,CASANOVA,2,96,,,,,,,PR,1,2.156773051,41.38704822
02-2012-1746,L'EIXAMPLE,l'Antiga Esquerra de l'Eixample,CARRER,CASANOVA,2,96,,,,,,,2,2,2.156773051,41.38704822
02-2012-1747,L'EIXAMPLE,l'Antiga Esquerra de l'Eixample,CARRER,CASANOVA,2,96,,,,,,,1,1,2.156773051,41.38704822
05-2012-0518,SARRIA-SANT GERVASI,el Putxet i el Farró,CARRER,FRANCOLI,1,55,,,,,,,PR,4,2.145933544,41.40339395
05-2012-0519,SARRIA-SANT GERVASI,el Putxet i el Farró,CARRER,FRANCOLI,1,55,,,,,,,PR,3,2.145933544,41.40339395
05-2012-0520,SARRIA-SANT GERVASI,el Putxet i el Farró,CARRER,FRANCOLI,1,55,,,,,,,1,1,2.145933544,41.40339395
05-2013-0488,SARRIA-SANT GERVASI,Sant Gervasi - Galvany,CARRER,ARIBAU,2,226,,,,,,D,1,,2.150536157,41.39517058
05-2013-0489,SARRIA-SANT GERVASI,Sant Gervasi - Galvany,CARRER,ARIBAU,2,228,,,,,,D,3,2,2.150536157,41.39517058
02-2012-1945,L'EIXAMPLE,la Nova Esquerra de l'Eixample,CARRER,COMTE BORRELL,2,164,,,,,,I,2,1,2.15454506,41.38361517
01-2013-0082,CIUTAT VELLA,el Barri Gòtic,PASSATGE,RELLOTGE,2,2,,,,,,,2,1,2.17719903,41.38006772
02-2013-0297,L'EIXAMPLE,la Sagrada Família,CARRER,PROVENÇA,1,435,,,,,,,6,2,2.173864955,41.40416839
02-2013-0301,L'EIXAMPLE,la Dreta de l'Eixample,CARRER,ROSSELLO,2,244,,,,,,,4,2,2.161466261,41.39629113
02-2013-1919,L'EIXAMPLE,la Sagrada Família,AVINGUDA,GAUDI,1,27,,29,,,,,3,4,2.174243396,41.40658293
01-2013-0709,CIUTAT VELLA,el Barri Gòtic,PASSEIG,COLOM,1,3,,,,,,,PR,4,2.181336507,41.38084855
01-2013-0711,CIUTAT VELLA,Sant Pere Santa Caterina i la Ribera,CARRER,REC,2,34,,,,,,,5,,2.182794126,41.38515736
01-2013-0712,CIUTAT VELLA,Sant Pere Santa Caterina i la Ribera,CARRER,REC,2,34,,,,,,,4,,2.182794126,41.38515736
01-2013-0713,CIUTAT VELLA,Sant Pere Santa Caterina i la Ribera,CARRER,REC,2,34,,,,,,,3,,2.182794126,41.38515736
01-2013-0714,CIUTAT VELLA,Sant Pere Santa Caterina i la Ribera,CARRER,REC,2,34,,,,,,,2,,2.182794126,41.38515736
01-2013-0715,CIUTAT VELLA,Sant Pere Santa Caterina i la Ribera,CARRER,REC,2,34,,,,,,,1,,2.182794126,41.38515736
06-2014-0030,GRACIA,la Vila de Gràcia,CARRER,SIRACUSA,2,16,,,,,,,BJ,2,2.160464937,41.40146076
10-2014-0049,SANT MARTI,el Poblenou,RAMBLA,POBLENOU,2,78,,,,,,,1,2,2.201044617,41.40137311
06-2012-0535,GRACIA,el Camp d'en Grassot i Gràcia Nova,CARRER,PI I MARGALL,2,40,,,,,,,EN,2,2.163728693,41.40754759
02-2013-0133,L'EIXAMPLE,Sant Antoni,GRAN VIA,CORTS CATALANES,2,530,,,,,,,PR,2,2.159218317,41.38228945
02-2012-2006,L'EIXAMPLE,Sant Antoni,CARRER,SEPULVEDA,1,169,,,,,,,3,1,2.162309898,41.38319697
02-2012-2007,L'EIXAMPLE,Sant Antoni,CARRER,SEPULVEDA,1,169,,,,,,,3,2,2.162309898,41.38319697
02-2012-2008,L'EIXAMPLE,Sant Antoni,CARRER,SEPULVEDA,1,169,,,,,,,4,1,2.162309898,41.38319697
02-2012-2009,L'EIXAMPLE,Sant Antoni,CARRER,SEPULVEDA,1,169,,,,,,,4,2,2.162309898,41.38319697
02-2012-2010,L'EIXAMPLE,Sant Antoni,CARRER,SEPULVEDA,1,169,,,,,,,5,1,2.162309898,41.38319697
02-2012-2011,L'EIXAMPLE,Sant Antoni,CARRER,SEPULVEDA,1,169,,,,,,,5,2,2.162309898,41.38319697
05-2012-0497,SARRIA-SANT GERVASI,el Putxet i el Farró,CARRER,BERTRAN,2,90,,,,,,,,,2.139842804,41.40747052
06-2012-0532,GRACIA,el Coll,PASSEIG,MARE DE DEU DEL COLL,2,140,,,,,,,SO,,2.148956165,41.41983942
02-2012-1648,L'EIXAMPLE,la Dreta de l'Eixample,RAMBLA,CATALUNYA,2,52,,,,,,,5,1,2.164168587,41.39075107
05-2012-0533,SARRIA-SANT GERVASI,el Putxet i el Farró,CARRER,FRANCOLI,1,55,,,,,,,4,4,2.145933544,41.40339395
05-2012-0534,SARRIA-SANT GERVASI,el Putxet i el Farró,CARRER,FRANCOLI,1,55,,,,,,,PR,2,2.145933544,41.40339395
05-2012-0535,SARRIA-SANT GERVASI,el Putxet i el Farró,CARRER,FRANCOLI,1,55,,,,,,,PR,1,2.145933544,41.40339395
05-2012-0536,SARRIA-SANT GERVASI,el Putxet i el Farró,CARRER,FRANCOLI,1,55,,,,,,E,BJ,2,2.145933544,41.40339395
03-2013-0472,SANTS-MONTJUÏC,la Font de la Guatlla,CARRER,AMPOSTA,1,1,,,,,,,4,3,2.147593668,41.37175021
01-2013-0975,CIUTAT VELLA,Sant Pere Santa Caterina i la Ribera,CARRER,PESCATERIA,1,1,,,,,,,3,1,2.183578411,41.38422899
01-2013-0976,CIUTAT VELLA,Sant Pere Santa Caterina i la Ribera,CARRER,PESCATERIA,1,1,,,,,,,3,2,2.183578411,41.38422899
01-2013-0977,CIUTAT VELLA,Sant Pere Santa Caterina i la Ribera,CARRER,PESCATERIA,1,1,,,,,,,3,3,2.183578411,41.38422899
02-2014-0160,L'EIXAMPLE,la Dreta de l'Eixample,CARRER,BRUC,2,116,,,,,,,EN,1,2.167231425,41.39619366
06-2013-0067,GRACIA,la Vila de Gràcia,CARRER,SANT PERE MARTIR,2,52,,,,,,,2,2,2.156639146,41.40018397
06-2013-0068,GRACIA,la Vila de Gràcia,CARRER,SANT PERE MARTIR,2,52,,,,,,,3,1,2.156639146,41.40018397
06-2013-0069,GRACIA,la Vila de Gràcia,CARRER,SANT PERE MARTIR,2,52,,,,,,,3,2,2.156639146,41.40018397
02-2013-0349,L'EIXAMPLE,Sant Antoni,CARRER,COMTE D'URGELL,1,51,B,,,,,,2,,2.159125347,41.38151951
02-2013-0350,L'EIXAMPLE,Sant Antoni,CARRER,COMTE D'URGELL,1,51,B,,,,,,6,,2.159125347,41.38151951
02-2013-0351,L'EIXAMPLE,Sant Antoni,CARRER,COMTE D'URGELL,1,51,B,,,,,,SA,,2.159125347,41.38151951
02-2013-2309,L'EIXAMPLE,Sant Antoni,CARRER,SEPULVEDA,1,157,,,,,,,4,2,2.161487452,41.3825795
02-2013-2308,L'EIXAMPLE,Sant Antoni,CARRER,SEPULVEDA,1,157,,,,,,,3,2,2.161487452,41.3825795
02-2014-0142,L'EIXAMPLE,la Sagrada Família,CARRER,LEPANT,1,321,,,,,,,PR,1,2.172903129,41.40714843
02-2012-1657,L'EIXAMPLE,l'Antiga Esquerra de l'Eixample,CARRER,CORSEGA,2,244,,,,,,,1,1,2.155033863,41.39308869
02-2013-0220,L'EIXAMPLE,la Dreta de l'Eixample,GRAN VIA,CORTS CATALANES,2,634,,,,,,,9,1,2.168981079,41.38961875
04-2013-0038,LES CORTS,les Corts,AVINGUDA,DIAGONAL,1,537,,,,,,,6,C,2.138028057,41.39068713
10-2014-0050,SANT MARTI,Diagonal Mar i el Front Marítim del Poblenou,CARRER,JOSEP FERRATER I MORA,1,7,B,,,,,,1,1,2.211874405,41.40311356
02-2014-0120,L'EIXAMPLE,la Dreta de l'Eixample,RAMBLA,CATALUNYA,2,8,,,,,,,5,9,2.168016451,41.38793678
06-2012-0614,GRACIA,la Vila de Gràcia,CARRER,SAMSO,2,2,,,,,,,1,1,2.160368984,41.40135643
01-2012-0642,CIUTAT VELLA,el Barri Gòtic,CARRER,SANT DOMENEC DEL CALL,2,14,,,,,,,EN,2,2.175493835,41.38289812
02-2014-0180,L'EIXAMPLE,l'Antiga Esquerra de l'Eixample,CARRER,DIPUTACIO,1,201,,,,,,,5,4,2.161270914,41.38618847
01-2014-0039,CIUTAT VELLA,Sant Pere Santa Caterina i la Ribera,CARRER,SANT PERE MES ALT,1,23,,,,,,,PR,1,2.17620741,41.38808412
02-2014-0184,L'EIXAMPLE,la Dreta de l'Eixample,CARRER,MALLORCA,2,304,,,,,,,4,1,2.166988065,41.3970342
02-2014-0185,L'EIXAMPLE,la Dreta de l'Eixample,CARRER,MALLORCA,2,304,,,,,,,3,2,2.166988065,41.3970342
02-2014-0186,L'EIXAMPLE,la Dreta de l'Eixample,CARRER,MALLORCA,2,304,,,,,,,3,1,2.166988065,41.3970342
02-2014-0187,L'EIXAMPLE,la Dreta de l'Eixample,CARRER,MALLORCA,2,304,,,,,,,1,1,2.166988065,41.3970342
01-2012-0652,CIUTAT VELLA,el Raval,CARRER,NOU DE LA RAMBLA,2,10,,,,,,,2,1B,2.174141855,41.37906374
01-2012-0653,CIUTAT VELLA,el Raval,CARRER,NOU DE LA RAMBLA,2,10,,,,,,,2,1A,2.174141855,41.37906374
01-2012-0654,CIUTAT VELLA,el Raval,CARRER,NOU DE LA RAMBLA,2,10,,,,,,,3,1A,2.174141855,41.37906374
01-2012-0655,CIUTAT VELLA,el Raval,CARRER,NOU DE LA RAMBLA,2,10,,,,,,,3,1B,2.174141855,41.37906374
02-2013-0032,L'EIXAMPLE,Sant Antoni,CARRER,FLORIDABLANCA,1,119,,,,,,,SA,2,2.161417168,41.38082365
02-2013-1945,L'EIXAMPLE,la Dreta de l'Eixample,CARRER,BAILEN,1,125,,,,,,,3,1,2.168940433,41.39804172
03-2014-0069,SANTS-MONTJUÏC,el Poble Sec,CARRER,SALVA,2,14,,,,,,,1,2,2.166413295,41.37425472
02-2014-0179,L'EIXAMPLE,Sant Antoni,CARRER,FLORIDABLANCA,2,90,,,,,,,2,2,2.159315388,41.37896644
03-2014-0075,SANTS-MONTJUÏC,el Poble Sec,CARRER,HORTES,1,3,,,,,,,BJ,,2.167443483,41.37302472
03-2014-0076,SANTS-MONTJUÏC,el Poble Sec,CARRER,HORTES,1,3,,,,,,,BJ,1,2.167443483,41.37302472
02-2013-1534,L'EIXAMPLE,la Dreta de l'Eixample,CARRER,BAILEN,2,136,,138,,,,,1,4,2.167989519,41.39903906
10-2012-0618,SANT MARTI,el Poblenou,RAMBLA,POBLENOU,2,68,,,,,,,2,1,2.201473443,41.40104606
03-2012-0468,SANTS-MONTJUÏC,Hostafrancs,GRAN VIA,CORTS CATALANES,1,331,,,,,,,AT,,2.146147832,41.37315473
02-2013-0317,L'EIXAMPLE,la Dreta de l'Eixample,GRAN VIA,CORTS CATALANES,2,686,,,,,,,EN,1,2.173290383,41.39286326
02-2013-0318,L'EIXAMPLE,la Dreta de l'Eixample,CARRER,AUSIAS MARC,1,13,,,,,,,3,5,2.174144037,41.39037909
02-2013-1446,L'EIXAMPLE,l'Antiga Esquerra de l'Eixample,CARRER,COMTE D'URGELL,2,130,,,,,,,PR,1,2.155403977,41.38476047
05-2012-0611,SARRIA-SANT GERVASI,Sant Gervasi - Galvany,CARRER,GANDUXER,2,50,,,,,,,6,3,2.136872603,41.39598472
05-2012-0612,SARRIA-SANT GERVASI,Sant Gervasi - Galvany,CARRER,GANDUXER,2,50,,,,,,,6,4,2.136872603,41.39598472
02-2013-0002,L'EIXAMPLE,la Dreta de l'Eixample,CARRER,BRUC,2,58,,,,,,,PR,2,2.171507193,41.39296594
02-2013-0184,L'EIXAMPLE,la Nova Esquerra de l'Eixample,CARRER,ENTENÇA,2,136,,,,,,,PR,2,2.147842827,41.38184917
02-2013-0289,L'EIXAMPLE,la Dreta de l'Eixample,CARRER,VALENCIA,2,334,,,,,,,5,1,2.168416059,41.39639559
02-2013-0290,L'EIXAMPLE,la Dreta de l'Eixample,CARRER,VALENCIA,2,334,,,,,,,5,3,2.168416059,41.39639559
06-2013-0117,GRACIA,la Vila de Gràcia,CARRER,SANT AGUSTI,2,8,,,,,,,1,2,2.160660259,41.39834342
02-2013-2104,L'EIXAMPLE,la Dreta de l'Eixample,RAMBLA,CATALUNYA,1,5,,,,,,,2,3,2.167863509,41.38764894
02-2013-2288,L'EIXAMPLE,l'Antiga Esquerra de l'Eixample,CARRER,ARIBAU,1,159,,,,,,,PR,2,2.153207901,41.39288258
01-2014-0056,CIUTAT VELLA,el Barri Gòtic,CARRER,HOSTAL D'EN SOL,1,3,,5,,,,,4,1,2.180073381,41.38184574
05-2014-0020,SARRIA-SANT GERVASI,Sarrià,CARRER,ABAT SAMSO,2,4,,,,,,,BJ,,2.125310472,41.39663438
03-2014-0090,SANTS-MONTJUÏC,el Poble Sec,CARRER,BLASCO DE GARAY,1,7,,,,,,,1,2,2.163282982,41.37452437
03-2014-0091,SANTS-MONTJUÏC,el Poble Sec,CARRER,BLASCO DE GARAY,1,7,,,,,,,PR,1,2.163282982,41.37452437
10-2012-0632,SANT MARTI,Diagonal Mar i el Front Marítim del Poblenou,PASSEIG,GARCIA FARIA,1,23,,,,,,,7,3,2.209990556,41.40093482
02-2012-1874,L'EIXAMPLE,la Sagrada Família,PASSATGE,FONT,2,4,,,,,,,3,4,2.175662379,41.40241633
02-2012-2024,L'EIXAMPLE,l'Antiga Esquerra de l'Eixample,CARRER,ARIBAU,1,137,,,,,,,PR,1,2.154349949,41.39202177
04-2013-0370,LES CORTS,les Corts,CARRER,POBLA DE LILLET,2,22,,,,,,,BJ,A,2.129822003,41.38118645
04-2013-0371,LES CORTS,les Corts,CARRER,POBLA DE LILLET,2,22,,,,,,,BJ,B,2.129822003,41.38118645
03-2012-0455,SANTS-MONTJUÏC,Sants,CARRER,BERLIN,2,20,,,,,,,4,2B,2.137986153,41.38259864
03-2013-0066,SANTS-MONTJUÏC,la Bordeta,AVINGUDA,CARRILET,2,16,A,,,,,A,EN,2,2.13505026,41.36630171
02-2012-1666,L'EIXAMPLE,la Dreta de l'Eixample,CARRER,GIRONA,2,74,,,,,,,5,1,2.170712217,41.39527437
10-2012-0643,SANT MARTI,el Poblenou,PASSATGE,MAS DE RODA,2,26,,,,B,,,4,5,2.200504214,41.39709544
06-2012-0606,GRACIA,la Vila de Gràcia,CARRER,FRANCISCO GINER,2,44,,,,,,,1,1,2.158562734,41.39970589
02-2013-2269,L'EIXAMPLE,la Sagrada Família,CARRER,CORSEGA,2,524,,,,,,,1,2,2.171592072,41.40562176
05-2012-0537,SARRIA-SANT GERVASI,el Putxet i el Farró,CARRER,FRANCOLI,1,55,,,,,,I,BJ,2,2.145933544,41.40339395
05-2012-0538,SARRIA-SANT GERVASI,el Putxet i el Farró,CARRER,FRANCOLI,1,55,,,,,,,BJ,1,2.145933544,41.40339395
05-2012-0539,SARRIA-SANT GERVASI,el Putxet i el Farró,CARRER,FRANCOLI,1,55,,,,,,,4,3,2.145933544,41.40339395
05-2012-0540,SARRIA-SANT GERVASI,el Putxet i el Farró,CARRER,FRANCOLI,1,55,,,,,,,4,2,2.145933544,41.40339395
05-2012-0541,SARRIA-SANT GERVASI,el Putxet i el Farró,CARRER,FRANCOLI,1,55,,,,,,,3,4,2.145933544,41.40339395
05-2012-0542,SARRIA-SANT GERVASI,el Putxet i el Farró,CARRER,FRANCOLI,1,55,,,,,,,3,3,2.145933544,41.40339395
02-2012-1771,L'EIXAMPLE,la Dreta de l'Eixample,CARRER,CONSELL DE CENT,1,421,,,,,,,3,2,2.172296298,41.39618581
01-2012-0602,CIUTAT VELLA,el Raval,CARRER,CARME,1,69,,,,,,,5,1,2.167735173,41.38070353
06-2013-0592,GRACIA,la Vila de Gràcia,CARRER,SAMSO,2,4,,,,,,,3,2,2.160431166,41.40131109
06-2013-0593,GRACIA,la Vila de Gràcia,CARRER,SAMSO,2,4,,,,,,,3,1,2.160431166,41.40131109
02-2013-0187,L'EIXAMPLE,la Dreta de l'Eixample,PASSATGE,CONCEPCIO,2,14,,,,,,,1,1,2.159777355,41.39439204
02-2013-0189,L'EIXAMPLE,la Nova Esquerra de l'Eixample,CARRER,ENTENÇA,2,136,,,,,,,2,3,2.147842827,41.38184917
02-2013-0191,L'EIXAMPLE,la Nova Esquerra de l'Eixample,CARRER,ENTENÇA,2,136,,,,,,,4,1,2.147842827,41.38184917
01-2013-0979,CIUTAT VELLA,Sant Pere Santa Caterina i la Ribera,CARRER,PESCATERIA,1,1,,,,,,,3,4,2.183578411,41.38422899
01-2013-0980,CIUTAT VELLA,Sant Pere Santa Caterina i la Ribera,CARRER,PESCATERIA,1,1,,,,,,,4,1,2.183578411,41.38422899
01-2013-0983,CIUTAT VELLA,Sant Pere Santa Caterina i la Ribera,CARRER,PESCATERIA,1,1,,,,,,,4,2,2.183578411,41.38422899
06-2014-0003,GRACIA,la Salut,CARRER,PARE JACINT ALEGRE,2,2,,4,,,,,BJ,1,2.156579612,41.41209148
02-2012-1815,L'EIXAMPLE,la Nova Esquerra de l'Eixample,CARRER,ARAGO,2,92,,,,,,,EN,5,2.153241377,41.38327422
02-2012-1816,L'EIXAMPLE,la Sagrada Família,CARRER,CORSEGA,2,530,,,,,,,1,1,2.171966103,41.40590688
06-2012-0632,GRACIA,la Vila de Gràcia,CARRER,BERGA,2,34,,,,,,,2,1,2.152622581,41.40100866
10-2013-0082,SANT MARTI,el Poblenou,CARRER,FERROCARRIL,1,27,,,,,,1,BJ,1,2.207070421,41.3988077
02-2013-2087,L'EIXAMPLE,la Sagrada Família,CARRER,ROSSELLO,2,408,,,,,,,4,2,2.173763058,41.40553699
02-2014-0268,L'EIXAMPLE,la Dreta de l'Eixample,RAMBLA,CATALUNYA,1,103,,,,,,,3,B,2.160099323,41.39332127
02-2014-0269,L'EIXAMPLE,la Dreta de l'Eixample,RAMBLA,CATALUNYA,1,103,,,,,,,4,A,2.160099323,41.39332127
02-2014-0963,L'EIXAMPLE,la Nova Esquerra de l'Eixample,CARRER,VILAMARI,1,101,,,,,,,1,1,2.145323074,41.38170432
05-2014-0181,SARRIA-SANT GERVASI,el Putxet i el Farró,CARRER,ESCIPIO,1,23,,,,,,,,,2.145958109,41.40748386
02-2014-0971,L'EIXAMPLE,Sant Antoni,GRAN VIA,CORTS CATALANES,2,586,,,,,,,PR,1,2.162896175,41.38506125
02-2012-1857,L'EIXAMPLE,la Nova Esquerra de l'Eixample,CARRER,VILADOMAT,2,198,,,,,,,3,2,2.150950355,41.3846125
10-2013-0705,SANT MARTI,el Poblenou,CARRER,LOPE DE VEGA,2,150,,,,,,B,6,5,2.201463959,41.40616813
03-2014-0089,SANTS-MONTJUÏC,el Poble Sec,CARRER,BLASCO DE GARAY,1,7,,,,,,,2,1,2.163282982,41.37452437
02-2013-2465,L'EIXAMPLE,la Dreta de l'Eixample,PASSEIG,GRACIA,1,65,B,,,,,,2,,2.163078755,41.39321991
02-2013-2466,L'EIXAMPLE,la Dreta de l'Eixample,PASSEIG,GRACIA,1,65,B,,,,,,1,,2.163078755,41.39321991
02-2012-1677,L'EIXAMPLE,la Dreta de l'Eixample,RAMBLA,CATALUNYA,1,103,,,,,,,5,C,2.160099323,41.39332127
04-2012-0357,LES CORTS,les Corts,AVINGUDA,DIAGONAL,1,511,,,,,,,6,4,2.141002664,41.39144445
02-2013-0261,L'EIXAMPLE,el Fort Pienc,PASSEIG,SANT JOAN,2,32,,,,,,,3,2,2.178373134,41.393086
10-2013-0843,SANT MARTI,el Camp de l'Arpa del Clot,CARRER,DOS DE MAIG,2,306,,,,,,,PR,1,2.177124911,41.41092007
02-2012-1714,L'EIXAMPLE,la Dreta de l'Eixample,RAMBLA,CATALUNYA,2,42,,,,,,,AT,2A,2.164963405,41.39016883
02-2012-2041,L'EIXAMPLE,l'Antiga Esquerra de l'Eixample,CARRER,ARAGO,1,151,,,,,,,2,,2.15526396,41.385071
06-2013-0019,GRACIA,el Camp d'en Grassot i Gràcia Nova,PASSATGE,NOGUES,1,5,,,,,,,1,1,2.166871383,41.40741481
02-2013-0106,L'EIXAMPLE,la Dreta de l'Eixample,CARRER,ROGER DE FLOR,1,121,,,,,,,PR,2,2.175847508,41.39623072
02-2012-1845,L'EIXAMPLE,la Sagrada Família,AVINGUDA,GAUDI,2,14,,,,,,,3,2,2.174579238,41.40541183
02-2012-1847,L'EIXAMPLE,la Sagrada Família,AVINGUDA,GAUDI,2,14,,,,,,,1,1,2.174579238,41.40541183
02-2012-1848,L'EIXAMPLE,la Sagrada Família,AVINGUDA,GAUDI,2,14,,,,,,,EN,2,2.174579238,41.40541183
01-2012-0666,CIUTAT VELLA,el Raval,CARRER,RAMBLA,1,73,,,,,,,2,2,2.173056509,41.38111088
06-2012-0625,GRACIA,la Vila de Gràcia,CARRER,MARTINEZ DE LA ROSA,2,40,,,,,,,PR,1,2.159000531,41.39996056
02-2013-1565,L'EIXAMPLE,la Sagrada Família,CARRER,CASTILLEJOS,1,255,,,,,,,5,1,2.179410011,41.40552671
01-2014-0051,CIUTAT VELLA,el Barri Gòtic,CARRER,RAMBLA,2,36,,,,,,,4,1,2.175691519,41.37901798
02-2012-1976,L'EIXAMPLE,la Dreta de l'Eixample,RAMBLA,CATALUNYA,2,8,,,,,,,2,1,2.168016451,41.38793678
02-2012-1977,L'EIXAMPLE,la Dreta de l'Eixample,RAMBLA,CATALUNYA,2,8,,,,,,,2,2,2.168016451,41.38793678
02-2012-1978,L'EIXAMPLE,la Dreta de l'Eixample,RAMBLA,CATALUNYA,2,8,,,,,,,2,3,2.168016451,41.38793678
02-2012-1979,L'EIXAMPLE,la Dreta de l'Eixample,RAMBLA,CATALUNYA,2,8,,,,,,,2,4,2.168016451,41.38793678
01-2012-0705,CIUTAT VELLA,Sant Pere Santa Caterina i la Ribera,CARRER,CALDERS,2,4,,,,,,,5,,2.183106137,41.38456908
02-2012-2035,L'EIXAMPLE,la Dreta de l'Eixample,RONDA,SANT PERE,2,26,,,,,,,2,1,2.174241047,41.38935499
02-2013-0319,L'EIXAMPLE,el Fort Pienc,CARRER,RIBES,1,13,,,,,,,EN,1,2.181293576,41.39346841
10-2013-0160,SANT MARTI,Diagonal Mar i el Front Marítim del Poblenou,CARRER,PROVENÇALS,1,5,,,,,,,5,2,2.21297966,41.4039879
02-2013-0324,L'EIXAMPLE,la Dreta de l'Eixample,CARRER,ARAGO,2,284,B,,,,,,5,2D,2.16591288,41.3927443
03-2013-0471,SANTS-MONTJUÏC,el Poble Sec,CARRER,MARE DE DEU DEL REMEI,1,43,,45,,,,,AT,2,2.156293725,41.37291268
02-2013-2168,L'EIXAMPLE,el Fort Pienc,CARRER,MARINA,2,124,,,,,,,PR,3,2.185170997,41.39644876
03-2013-0033,SANTS-MONTJUÏC,el Poble Sec,AVINGUDA,PARAL.LEL,1,15,,,,,,,5,3,2.174741591,41.37448186
02-2013-0286,L'EIXAMPLE,la Dreta de l'Eixample,CARRER,ARAGO,2,250,,,,,,A,2,2,2.16277996,41.39038547
01-2013-0733,CIUTAT VELLA,el Barri Gòtic,CARRER,RAMBLA,2,36,,,,,,,2,,2.175691519,41.37901798
01-2013-0734,CIUTAT VELLA,el Barri Gòtic,CARRER,RAMBLA,2,36,,,,,,,4,2,2.175691519,41.37901798
02-2013-2474,L'EIXAMPLE,la Nova Esquerra de l'Eixample,CARRER,CONSELL DE CENT,1,71,,,,,,,5,2,2.149528337,41.37905906
03-2012-0508,SANTS-MONTJUÏC,el Poble Sec,CARRER,BLAI,1,45,,,,,,,EN,1,2.163303419,41.3740829
04-2013-0052,LES CORTS,les Corts,AVINGUDA,DIAGONAL,1,511,,,,,,,AT,2,2.141002664,41.39144445
02-2013-2378,L'EIXAMPLE,l'Antiga Esquerra de l'Eixample,CARRER,PARIS,2,160,,,,,,,PR,2,2.151395086,41.39210335
01-2012-0567,CIUTAT VELLA,la Barceloneta,PASSEIG,JOAN BORBO C BARCELONA,2,50,,,,,,,4,1,2.188643201,41.37744982
01-2012-0568,CIUTAT VELLA,la Barceloneta,PASSEIG,JOAN BORBO C BARCELONA,2,50,,,,,,,4,4,2.188643201,41.37744982
02-2012-1936,L'EIXAMPLE,la Dreta de l'Eixample,CARRER,GIRONA,1,15,,,,,,,AT,,2.175263,41.39155797
08-2013-0001,NOU BARRIS,la Guineueta,CARRER,MARIE CURIE,1,9,,,,,,,BJ,1,2.167166899,41.43772181
02-2013-0064,L'EIXAMPLE,l'Antiga Esquerra de l'Eixample,CARRER,PROVENÇA,1,131,,133,,,,,AT,1,2.152236782,41.38791921
02-2013-0066,L'EIXAMPLE,l'Antiga Esquerra de l'Eixample,CARRER,PROVENÇA,1,131,,133,,,,,4,1,2.152236782,41.38791921
06-2012-0643,GRACIA,la Vila de Gràcia,CARRER,BONAVISTA,2,20,,,,,,,PR,3,2.16014003,41.39847733
02-2012-1736,L'EIXAMPLE,la Nova Esquerra de l'Eixample,AVINGUDA,JOSEP TARRADELLAS,2,48,,,,,,,7,4,2.142862445,41.38436369
03-2013-0043,SANTS-MONTJUÏC,el Poble Sec,CARRER,RICART,2,8,,,,,,,4,2,2.158212129,41.37430836
05-2013-0010,SARRIA-SANT GERVASI,Sant Gervasi - Galvany,CARRER,MADRAZO,2,78,,,,,,,4,2,2.146374095,41.39834359
02-2012-2022,L'EIXAMPLE,la Sagrada Família,CARRER,PROVENÇA,1,493,,,,,,,EN,4,2.17722985,41.40668833
10-2013-0133,SANT MARTI,la Vila Olímpica del Poblenou,CARRER,MOSCOU,2,4,,,,,,,5,2,2.193977773,41.3870484
02-2013-0364,L'EIXAMPLE,la Dreta de l'Eixample,CARRER,PAU CLARIS,2,126,,,,,,,5,2,2.167047453,41.3929214
02-2013-0365,L'EIXAMPLE,la Dreta de l'Eixample,CARRER,PAU CLARIS,2,126,,,,,,,2,2,2.167047453,41.3929214
02-2013-2166,L'EIXAMPLE,la Dreta de l'Eixample,CARRER,BALMES,2,12,,,,,,,PR,2,2.16671772,41.38636294
06-2014-0012,GRACIA,la Salut,PASSATGE,SANT JOSEP MUNTANYA,1,15,,,,,,,,,2.154462637,41.41108924
02-2014-0069,L'EIXAMPLE,la Dreta de l'Eixample,CARRER,ROSSELLO,2,244,,,,,,,4,2B,2.161466261,41.39629113
05-2013-0040,SARRIA-SANT GERVASI,Sant Gervasi - Galvany,CARRER,SAGUES,2,18,,,,,,,AT,,2.145014169,41.39426545
02-2013-0160,L'EIXAMPLE,la Nova Esquerra de l'Eixample,CARRER,DIPUTACIO,1,133,,,,,,,3,2,2.156953597,41.38294342
06-2013-0100,GRACIA,la Vila de Gràcia,CARRER,MARTI,2,76,,,,,,,EN,2,2.157917338,41.40820971
01-2012-0603,CIUTAT VELLA,Sant Pere Santa Caterina i la Ribera,CARRER,PORTAL NOU,1,57,,,,,,,3,1,2.18084295,41.38962066
01-2012-0604,CIUTAT VELLA,el Raval,CARRER,NOU DE LA RAMBLA,2,28,,,,,,,3,2,2.173295336,41.37824788
03-2012-0492,SANTS-MONTJUÏC,el Poble Sec,CARRER,TAPIOLES,2,36,,,,,,,PR,2,2.16399866,41.37299413
03-2012-0493,SANTS-MONTJUÏC,el Poble Sec,CARRER,TAPIOLES,2,36,,,,,,,3,2,2.16399866,41.37299413
06-2013-0645,GRACIA,la Salut,CARRER,SOSTRES,1,17,,,,,,,1,2,2.150230727,41.4115873
01-2013-0751,CIUTAT VELLA,Sant Pere Santa Caterina i la Ribera,CARRER,MARQUESA,1,9,,,,,,,4,,2.185219195,41.38323094
01-2013-0752,CIUTAT VELLA,Sant Pere Santa Caterina i la Ribera,CARRER,MARQUESA,1,9,,,,,,,3,,2.185219195,41.38323094
01-2013-0834,CIUTAT VELLA,el Raval,CARRER,NOU DE LA RAMBLA,2,20,,,,,,,EN,1,2.173681272,41.37862391
03-2013-0770,SANTS-MONTJUÏC,el Poble Sec,CARRER,CREU DELS MOLERS,2,20,,,,,,,4,3,2.161541591,41.37354427
03-2013-0771,SANTS-MONTJUÏC,el Poble Sec,CARRER,NOU DE LA RAMBLA,2,138,,140,,,,,2,1,2.167990259,41.37312877
06-2013-0070,GRACIA,la Vila de Gràcia,CARRER,GRAN DE GRACIA,1,189,,,,,,,1,1,2.151904579,41.40379593
10-2013-0074,SANT MARTI,el Camp de l'Arpa del Clot,CARRER,DEGA BAHI,1,73,,,,,,,1,2,2.185350729,41.41337895
02-2013-0224,L'EIXAMPLE,la Dreta de l'Eixample,RAMBLA,CATALUNYA,1,1,,,,,,,5,2,2.16804208,41.38751855
10-2013-0820,SANT MARTI,el Poblenou,CARRER,TANGER,2,150,,156,,,,,2,6,2.195653983,41.40450058
02-2014-0080,L'EIXAMPLE,el Fort Pienc,CARRER,ROGER DE FLOR,1,89,,,,,,,4,2,2.178337168,41.39434526
10-2013-0007,SANT MARTI,Diagonal Mar i el Front Marítim del Poblenou,CARRER,BAC DE RODA,2,8,B,,,,,,5,2,2.210979011,41.40243438
05-2013-0006,SARRIA-SANT GERVASI,Sant Gervasi - la Bonanova,CARRER,MOSSEN VIVES,2,26,,,,,,,1,,2.128872012,41.41024893
02-2013-0022,L'EIXAMPLE,la Nova Esquerra de l'Eixample,CARRER,ROCAFORT,1,105,,,,,,A,3,2,2.15241307,41.37982751
03-2012-0509,SANTS-MONTJUÏC,el Poble Sec,CARRER,LAFONT,2,22,,,,,,,2,2,2.168781436,41.37287197
02-2013-0250,L'EIXAMPLE,la Sagrada Família,CARRER,MALLORCA,1,419,,,,,,D,2,5,2.176915498,41.40475317
02-2013-2362,L'EIXAMPLE,la Sagrada Família,PASSATGE,FONT,2,4,,,,,,,PR,4,2.175662379,41.40241633
02-2013-2467,L'EIXAMPLE,la Dreta de l'Eixample,PASSEIG,GRACIA,1,65,B,,,,,,PR,,2.163078755,41.39321991
03-2014-0056,SANTS-MONTJUÏC,el Poble Sec,CARRER,FONTRODONA,1,13,B,,,,,,1,1,2.167282514,41.37355754
02-2014-0153,L'EIXAMPLE,l'Antiga Esquerra de l'Eixample,CARRER,ENRIC GRANADOS,1,47,,,,,,,3,1A,2.158904512,41.39028049
02-2014-0154,L'EIXAMPLE,l'Antiga Esquerra de l'Eixample,CARRER,ENRIC GRANADOS,1,47,,,,,,,PR,2A,2.158904512,41.39028049
02-2014-0155,L'EIXAMPLE,la Dreta de l'Eixample,CARRER,BAILEN,2,22,,,,,,,2,1D,2.176293108,41.39276599
02-2014-0522,L'EIXAMPLE,la Dreta de l'Eixample,CARRER,DIPUTACIO,1,391,,,,,,A,6,2,2.1762001,41.3974057
10-2014-0196,SANT MARTI,Diagonal Mar i el Front Marítim del Poblenou,CARRER,LLULL,2,350,,354,,,,,5,4,2.212208792,41.40845624
02-2013-0095,L'EIXAMPLE,la Dreta de l'Eixample,CARRER,GIRONA,1,15,,,,,,,1,,2.175263,41.39155797
02-2013-0096,L'EIXAMPLE,Sant Antoni,GRAN VIA,CORTS CATALANES,2,530,,,,,,,4,4,2.159218317,41.38228945
06-2013-0025,GRACIA,el Camp d'en Grassot i Gràcia Nova,CARRER,SARDENYA,1,333,,,,,,,6,4,2.171512699,41.40462476
02-2013-1897,L'EIXAMPLE,Sant Antoni,CARRER,FLORIDABLANCA,2,90,,,,,,,1,1,2.159315388,41.37896644
03-2013-0600,SANTS-MONTJUÏC,Sants,PLAÇA,SANTS,2,4,,,,,,,8,3,2.135048829,41.37601633
10-2013-0722,SANT MARTI,el Poblenou,PASSEIG,CALVELL,1,13,,,,,,,2,2,2.205629596,41.39711574
01-2013-0809,CIUTAT VELLA,Sant Pere Santa Caterina i la Ribera,CARRER,SANT PERE MITJA,2,62,,,,,,,2,A,2.178688771,41.38892219
01-2013-0810,CIUTAT VELLA,Sant Pere Santa Caterina i la Ribera,CARRER,SANT PERE MITJA,2,62,,,,,,,2,B,2.178688771,41.38892219
01-2013-0812,CIUTAT VELLA,Sant Pere Santa Caterina i la Ribera,CARRER,SANT PERE MITJA,2,62,,,,,,,3,B,2.178688771,41.38892219
01-2013-0814,CIUTAT VELLA,Sant Pere Santa Caterina i la Ribera,CARRER,SANT PERE MITJA,2,62,,,,,,,4,B,2.178688771,41.38892219
01-2013-0815,CIUTAT VELLA,Sant Pere Santa Caterina i la Ribera,CARRER,SANT PERE MITJA,2,62,,,,,,,5,B,2.178688771,41.38892219
03-2013-0673,SANTS-MONTJUÏC,el Poble Sec,CARRER,LAFONT,2,4,,,,,,,2,2,2.169242711,41.3737892
02-2012-1821,L'EIXAMPLE,la Dreta de l'Eixample,CARRER,DIPUTACIO,2,268,,,,,,,1,2,2.168446445,41.39131697
02-2012-1822,L'EIXAMPLE,la Dreta de l'Eixample,CARRER,DIPUTACIO,2,268,,,,,,,1,1,2.168446445,41.39131697
02-2012-1823,L'EIXAMPLE,la Dreta de l'Eixample,CARRER,DIPUTACIO,2,268,,,,,,,1,3,2.168446445,41.39131697
02-2012-1824,L'EIXAMPLE,la Dreta de l'Eixample,CARRER,DIPUTACIO,2,268,,,,,,,1,4,2.168446445,41.39131697
02-2012-1825,L'EIXAMPLE,la Dreta de l'Eixample,CARRER,DIPUTACIO,2,268,,,,,,,2,1,2.168446445,41.39131697
02-2012-1826,L'EIXAMPLE,la Dreta de l'Eixample,CARRER,DIPUTACIO,2,268,,,,,,,2,2,2.168446445,41.39131697
02-2012-1827,L'EIXAMPLE,la Dreta de l'Eixample,CARRER,DIPUTACIO,2,268,,,,,,,2,3,2.168446445,41.39131697
02-2012-1828,L'EIXAMPLE,la Dreta de l'Eixample,CARRER,DIPUTACIO,2,268,,,,,,,2,4,2.168446445,41.39131697
05-2013-0058,SARRIA-SANT GERVASI,Sant Gervasi - Galvany,CARRER,BALMES,2,222,,,,,,,EN,2,2.151322417,41.39837693
06-2013-0072,GRACIA,la Vila de Gràcia,CARRER,GRAN DE GRACIA,2,84,,,,,,,4,1,2.155125596,41.40026667
06-2013-0506,GRACIA,la Vila de Gràcia,CARRER,PERE SERAFI,2,36,,,,,,,2,1,2.154857623,41.40160401
01-2013-0873,CIUTAT VELLA,el Raval,CARRER,HOSPITAL,2,114,,,,,,,EN,1,2.167558099,41.37966951
01-2013-0874,CIUTAT VELLA,el Raval,CARRER,HOSPITAL,2,114,,,,,,,EN,2,2.167558099,41.37966951
01-2013-0875,CIUTAT VELLA,el Raval,CARRER,HOSPITAL,2,114,,,,,,,2,2,2.167558099,41.37966951
01-2013-0877,CIUTAT VELLA,el Raval,CARRER,HOSPITAL,2,114,,,,,,,3,2,2.167558099,41.37966951
06-2014-0046,GRACIA,la Vila de Gràcia,PLAÇA,VILA DE GRACIA,1,5,,,,,,,2,2,2.157910696,41.40027071
02-2012-2036,L'EIXAMPLE,la Dreta de l'Eixample,RONDA,SANT PERE,2,26,,,,,,,5,1,2.174241047,41.38935499
02-2012-2037,L'EIXAMPLE,la Dreta de l'Eixample,RONDA,SANT PERE,2,26,,,,,,,4,1,2.174241047,41.38935499
03-2013-0029,SANTS-MONTJUÏC,la Marina del Prat Vermell,CARRER,GABRIEL MIRO,2,12,,,,,,,,,2.147654847,41.35259538
05-2013-0062,SARRIA-SANT GERVASI,el Putxet i el Farró,CARRER,VALLIRANA,1,29,,31,,,,,2,B,2.148007154,41.40385312
02-2013-0326,L'EIXAMPLE,Sant Antoni,CARRER,COMTE BORRELL,1,41,,,,,,,1,1,2.162817733,41.37707988
02-2013-0327,L'EIXAMPLE,Sant Antoni,CARRER,COMTE BORRELL,1,41,,,,,,,1,2,2.162817733,41.37707988
02-2013-0328,L'EIXAMPLE,Sant Antoni,CARRER,COMTE BORRELL,1,41,,,,,,,PR,2,2.162817733,41.37707988
02-2012-1780,L'EIXAMPLE,la Sagrada Família,CARRER,CASTILLEJOS,1,251,,,,,,,PR,4,2.17951264,41.40544944
02-2013-0141,L'EIXAMPLE,la Dreta de l'Eixample,GRAN VIA,CORTS CATALANES,2,662,,,,,,,PR,1A,2.171025128,41.39116223
02-2013-0142,L'EIXAMPLE,la Dreta de l'Eixample,GRAN VIA,CORTS CATALANES,2,662,,,,,,,PR,2B,2.171025128,41.39116223
02-2013-0143,L'EIXAMPLE,la Dreta de l'Eixample,GRAN VIA,CORTS CATALANES,2,662,,,,,,,PR,2A,2.171025128,41.39116223
02-2013-0144,L'EIXAMPLE,la Dreta de l'Eixample,GRAN VIA,CORTS CATALANES,2,662,,,,,,,PR,1B,2.171025128,41.39116223
02-2013-0145,L'EIXAMPLE,la Dreta de l'Eixample,GRAN VIA,CORTS CATALANES,2,662,,,,,,,1,1A,2.171025128,41.39116223
02-2013-0146,L'EIXAMPLE,la Dreta de l'Eixample,GRAN VIA,CORTS CATALANES,2,662,,,,,,,1,1B,2.171025128,41.39116223
02-2013-0147,L'EIXAMPLE,la Dreta de l'Eixample,GRAN VIA,CORTS CATALANES,2,662,,,,,,,1,C,2.171025128,41.39116223
01-2013-0851,CIUTAT VELLA,la Barceloneta,CARRER,SANT MIQUEL,1,107,,,,,,,1,1,2.189474326,41.37697349
10-2013-0867,SANT MARTI,la Vila Olímpica del Poblenou,CARRER,ROSA SENSAT,1,31,,,,,,,5,3,2.194267619,41.392456
02-2014-0065,L'EIXAMPLE,la Dreta de l'Eixample,RAMBLA,CATALUNYA,1,89,,,,,,,3,4,2.160780987,41.39282125
10-2014-0181,SANT MARTI,el Parc i la Llacuna del Poblenou,CARRER,MARINA,1,69,,,,,,,4,5,2.18973823,41.39231436
02-2013-0098,L'EIXAMPLE,la Sagrada Família,CARRER,CARTAGENA,2,314,,316,,,,,6,3,2.175204571,41.41065281
10-2013-0846,SANT MARTI,el Camp de l'Arpa del Clot,CARRER,INDEPENDENCIA,2,284,,,,,,,BJ,2,2.182750972,41.40840774
03-2013-0049,SANTS-MONTJUÏC,el Poble Sec,CARRER,ROSER,1,81,,,,,,,2,2,2.165801041,41.37188663
02-2013-2016,L'EIXAMPLE,l'Antiga Esquerra de l'Eixample,CARRER,PARIS,1,123,,,,,,,1,4,2.148636802,41.39031203
06-2013-0032,GRACIA,la Salut,CARRER,MARE DE DEU DE LA SALUT,2,92,,,,,,,BJ,1,2.160338915,41.41349808
06-2013-0033,GRACIA,la Salut,CARRER,MARE DE DEU DE LA SALUT,2,92,,,,,,,BJ,4,2.160338915,41.41349808
10-2013-0725,SANT MARTI,Diagonal Mar i el Front Marítim del Poblenou,PASSEIG,GARCIA FARIA,1,57,,,,,,,2,2,2.213387798,41.40350379
02-2013-0157,L'EIXAMPLE,la Sagrada Família,CARRER,PROVENÇA,1,451,,,,,,,4,1,2.175014172,41.40502869
06-2013-0111,GRACIA,Vallcarca i els Penitents,CARRER,GOMIS,1,19,,19,B,,,,PR,,2.141459122,41.41219218
02-2013-0321,L'EIXAMPLE,l'Antiga Esquerra de l'Eixample,CARRER,ARIBAU,2,60,,,,,,,PR,2,2.159286499,41.38856682
02-2013-1515,L'EIXAMPLE,Sant Antoni,CARRER,SEPULVEDA,1,5,,,,,,,SA,2,2.152415238,41.37575147
02-2013-1516,L'EIXAMPLE,la Nova Esquerra de l'Eixample,CARRER,ROCAFORT,1,139,,,,,,,5,2,2.150801499,41.38104413
03-2013-0571,SANTS-MONTJUÏC,la Marina de Port,CARRER,FERROCARRILS CATALANS,1,41,,,,,,,4,1,2.144335307,41.35784245
02-2012-1678,L'EIXAMPLE,la Sagrada Família,CARRER,PADILLA,2,300,,,,,,,EN,1,2.173807243,41.40840017
02-2012-1686,L'EIXAMPLE,el Fort Pienc,PLAÇA,TETUAN,2,36,,,,,,,17,1,2.176439527,41.39512958
10-2013-0628,SANT MARTI,el Poblenou,PASSATGE,MAS DE RODA,2,26,,,,,,B,1,1,2.200504214,41.39709544
06-2012-0566,GRACIA,la Vila de Gràcia,CARRER,TRILLA,2,2,,,,,,,BJ,,2.153327979,41.40344831
01-2012-0598,CIUTAT VELLA,Sant Pere Santa Caterina i la Ribera,CARRER,CIRERA,2,2,,,,,,,1,,2.181928763,41.38514971
10-2012-0616,SANT MARTI,el Parc i la Llacuna del Poblenou,CARRER,MARINA,2,110,,,,,,,1,1,2.187466287,41.39468187
02-2012-1752,L'EIXAMPLE,l'Antiga Esquerra de l'Eixample,CARRER,CASANOVA,2,96,,,,,,,PR,2,2.156773051,41.38704822
05-2012-0522,SARRIA-SANT GERVASI,el Putxet i el Farró,CARRER,FRANCOLI,1,55,,,,,,,3,1,2.145933544,41.40339395
05-2012-0524,SARRIA-SANT GERVASI,el Putxet i el Farró,CARRER,FRANCOLI,1,55,,,,,,,3,2,2.145933544,41.40339395
05-2012-0525,SARRIA-SANT GERVASI,el Putxet i el Farró,CARRER,FRANCOLI,1,55,,,,,,,2,4,2.145933544,41.40339395
05-2012-0526,SARRIA-SANT GERVASI,el Putxet i el Farró,CARRER,FRANCOLI,1,55,,,,,,,2,3,2.145933544,41.40339395
05-2013-0658,SARRIA-SANT GERVASI,el Putxet i el Farró,CARRER,SANT EUSEBI,2,10,,,,,,,3,2,2.149781803,41.40182477
02-2013-0226,L'EIXAMPLE,la Sagrada Família,CARRER,SARDENYA,2,332,,,,,,,3,2,2.172566734,41.40410811
10-2013-0084,SANT MARTI,el Poblenou,CARRER,FERROCARRIL,1,27,,,,,,1,3,5,2.207070421,41.3988077
10-2013-0085,SANT MARTI,el Poblenou,CARRER,FERROCARRIL,1,27,,,,,,1,3,4,2.207070421,41.3988077
02-2013-0232,L'EIXAMPLE,la Dreta de l'Eixample,GRAN VIA,CORTS CATALANES,2,662,,,,,,,5,2A,2.171025128,41.39116223
10-2013-0101,SANT MARTI,el Poblenou,PASSEIG,CALVELL,1,45,,,,,,C,2,4,2.20760134,41.39891663
10-2013-0102,SANT MARTI,el Poblenou,PASSEIG,CALVELL,1,45,,,,,,C,2,5,2.20760134,41.39891663
02-2012-1654,L'EIXAMPLE,Sant Antoni,AVINGUDA,PARAL.LEL,2,142,,,,,,,PR,1B,2.159500987,41.37518629
10-2012-0683,SANT MARTI,Diagonal Mar i el Front Marítim del Poblenou,PASSEIG,GARCIA FARIA,1,75,,,,,,A,25,2,2.215323118,41.40496996
10-2013-0093,SANT MARTI,el Parc i la Llacuna del Poblenou,PASSEIG,PUJADES,1,25,,,,,,,4,2,2.185642255,41.39087817
10-2013-0094,SANT MARTI,el Parc i la Llacuna del Poblenou,PASSEIG,PUJADES,1,25,,,,,,,5,1,2.185642255,41.39087817
10-2013-0095,SANT MARTI,el Parc i la Llacuna del Poblenou,PASSEIG,PUJADES,1,25,,,,,,,5,2,2.185642255,41.39087817
10-2013-0096,SANT MARTI,el Parc i la Llacuna del Poblenou,PASSEIG,PUJADES,1,25,,,,,,,AT,,2.185642255,41.39087817
03-2012-0529,SANTS-MONTJUÏC,el Poble Sec,CARRER,BLASCO DE GARAY,1,39,,,,,,,EN,1,2.162845708,41.37337437
01-2013-0117,CIUTAT VELLA,el Barri Gòtic,CARRER,NOU DE SANT FRANCESC,1,7,,,,,,,3,2,2.177025476,41.37924929
03-2014-0046,SANTS-MONTJUÏC,el Poble Sec,CARRER,PALMA,2,10,,,,,,,3,2,2.159658853,41.3717548
03-2014-0070,SANTS-MONTJUÏC,el Poble Sec,CARRER,SALVA,1,17,,,,,,,1,2,2.166373409,41.37396486
02-2013-0196,L'EIXAMPLE,el Fort Pienc,CARRER,CONSELL DE CENT,1,477,,,,,,,PR,1,2.176784231,41.39955122
02-2013-0197,L'EIXAMPLE,el Fort Pienc,CARRER,CONSELL DE CENT,1,477,,,,,,,PR,2,2.176784231,41.39955122
02-2013-0198,L'EIXAMPLE,el Fort Pienc,CARRER,CONSELL DE CENT,1,477,,,,,,,1,2,2.176784231,41.39955122
02-2013-0199,L'EIXAMPLE,el Fort Pienc,CARRER,CONSELL DE CENT,1,477,,,,,,,2,1,2.176784231,41.39955122
02-2013-0200,L'EIXAMPLE,el Fort Pienc,CARRER,CONSELL DE CENT,1,477,,,,,,,2,2,2.176784231,41.39955122
06-2013-0102,GRACIA,el Camp d'en Grassot i Gràcia Nova,CARRER,VENTALLO,1,35,,,,,,,PR,2,2.165672625,41.40775175
06-2013-0103,GRACIA,el Camp d'en Grassot i Gràcia Nova,CARRER,ROGER DE FLOR,2,288,,,,,,,4,2,2.166716452,41.40343289
10-2013-0707,SANT MARTI,el Poblenou,CARRER,LOPE DE VEGA,1,121,,,,,,,PR,2,2.201995989,41.40547658
03-2013-0719,SANTS-MONTJUÏC,la Font de la Guatlla,CARRER,GIMBERNAT,2,8,,,,,,,5,1,2.148770712,41.37179118
05-2012-0621,SARRIA-SANT GERVASI,Sant Gervasi - Galvany,PLAÇA,GAL.LA PLACIDIA,1,1,,3,,,,B,18,1,2.152926038,41.39857818
05-2012-0622,SARRIA-SANT GERVASI,Sant Gervasi - Galvany,PLAÇA,GAL.LA PLACIDIA,1,5,,7,,,,C,18,1,2.152926038,41.39857818
02-2012-2038,L'EIXAMPLE,la Dreta de l'Eixample,CARRER,BRUC,1,117,,,,,,,5,2,2.16659159,41.39640089
02-2012-2039,L'EIXAMPLE,la Dreta de l'Eixample,CARRER,BRUC,1,117,,,,,,,3,2,2.16659159,41.39640089
02-2013-0017,L'EIXAMPLE,la Dreta de l'Eixample,CARRER,CORSEGA,2,394,,,,,,,2,3,2.163792758,41.39975347
02-2013-0164,L'EIXAMPLE,la Dreta de l'Eixample,CARRER,ARAGO,1,373,,,,,,,1,1,2.172827153,41.39837373
02-2013-0166,L'EIXAMPLE,l'Antiga Esquerra de l'Eixample,PASSATGE,BATLLO,1,1,,,,,,,2,,2.151425816,41.3884159
01-2013-0878,CIUTAT VELLA,el Raval,CARRER,HOSPITAL,2,114,,,,,,,4,1,2.167558099,41.37966951
01-2013-0880,CIUTAT VELLA,el Raval,CARRER,HOSPITAL,2,114,,,,,,,4,2,2.167558099,41.37966951
01-2013-0882,CIUTAT VELLA,el Raval,CARRER,NOU DE LA RAMBLA,2,20,,,,,,,PR,2,2.173681272,41.37862391
02-2012-1655,L'EIXAMPLE,la Dreta de l'Eixample,CARRER,BAILEN,1,23,,,,,,,PR,1,2.176156263,41.39258825
02-2012-1674,L'EIXAMPLE,la Sagrada Família,CARRER,DOS DE MAIG,1,225,,,,,,,2,3,2.182583906,41.40650404
02-2013-1593,L'EIXAMPLE,la Dreta de l'Eixample,RAMBLA,CATALUNYA,2,8,,,,,,,AT,7,2.168016451,41.38793678
02-2013-2464,L'EIXAMPLE,la Dreta de l'Eixample,RAMBLA,CATALUNYA,2,10,,,,,,,AT,2,2.167870875,41.388043
02-2014-0011,L'EIXAMPLE,la Dreta de l'Eixample,AVINGUDA,DIAGONAL,2,434,,,,,,,1,1,2.161686224,41.39730469
02-2014-0012,L'EIXAMPLE,Sant Antoni,CARRER,SEPULVEDA,2,140,,,,,,,6,1,2.160201996,41.3813281
02-2014-0242,L'EIXAMPLE,la Dreta de l'Eixample,CARRER,NAPOLS,1,189,,,,,,,4,4,2.174882255,41.39866441
06-2013-0037,GRACIA,la Vila de Gràcia,CARRER,MARTINEZ DE LA ROSA,2,42,,,,,,,EN,1,2.158934021,41.40001505
06-2013-0038,GRACIA,la Vila de Gràcia,CARRER,MARIA,2,14,,,,,,,1,,2.157291817,41.3991977
02-2013-0193,L'EIXAMPLE,l'Antiga Esquerra de l'Eixample,CARRER,BALMES,1,23,,,,,,,PR,1,2.164381238,41.3878476
02-2013-0329,L'EIXAMPLE,Sant Antoni,CARRER,COMTE BORRELL,1,41,,,,,,,PR,1,2.162817733,41.37707988
02-2013-0331,L'EIXAMPLE,Sant Antoni,CARRER,COMTE BORRELL,1,41,,,,,,,3,1,2.162817733,41.37707988
10-2013-0164,SANT MARTI,el Poblenou,PASSATGE,MAS DE RODA,1,5,,13,,,,D,3,B,2.199067503,41.39648454
02-2013-0332,L'EIXAMPLE,Sant Antoni,CARRER,COMTE BORRELL,1,41,,,,,,,2,2,2.162817733,41.37707988
02-2013-0333,L'EIXAMPLE,Sant Antoni,CARRER,COMTE BORRELL,1,41,,,,,,,3,2,2.162817733,41.37707988
02-2013-2118,L'EIXAMPLE,la Dreta de l'Eixample,CARRER,ROGER DE LLURIA,2,102,,,,,,,AT,2,2.165182047,41.39608332
02-2012-1688,L'EIXAMPLE,l'Antiga Esquerra de l'Eixample,CARRER,CONSELL DE CENT,1,207,,,,,,,BJ,1,2.156914896,41.38461925
02-2012-1689,L'EIXAMPLE,la Dreta de l'Eixample,CARRER,VALENCIA,2,290,,,,,,,5,1,2.165039045,41.39385559
02-2012-1893,L'EIXAMPLE,la Dreta de l'Eixample,CARRER,CONSELL DE CENT,1,343,,,,,,,1,2B,2.16500413,41.39070739
03-2013-0013,SANTS-MONTJUÏC,el Poble Sec,CARRER,RADAS,2,20,,22,,,,E,1,4,2.160635143,41.37302212
03-2013-0660,SANTS-MONTJUÏC,el Poble Sec,CARRER,BLAI,1,31,,,,,,,3,1,2.164281718,41.3737105
03-2013-0734,SANTS-MONTJUÏC,Hostafrancs,CARRER,PRINCEP JORDI,1,7,,,,,,,EN,3,2.146684016,41.37603202
03-2013-0485,SANTS-MONTJUÏC,el Poble Sec,CARRER,ROSER,2,68,,,,,,,PR,4,2.165776663,41.37208941
06-2013-0761,GRACIA,la Vila de Gràcia,CARRER,LLIBERTAT,1,5,B,,,,,,3,1,2.160803834,41.39944436
06-2013-0491,GRACIA,la Vila de Gràcia,CARRER,SANT PERE MARTIR,2,52,,,,,,,AT,,2.156639146,41.40018397
06-2013-0493,GRACIA,la Vila de Gràcia,CARRER,MOZART,2,6,,,,,,,BJ,1,2.158559414,41.3990999
02-2013-1859,L'EIXAMPLE,la Dreta de l'Eixample,CARRER,CONSELL DE CENT,2,302,,,,,,,3,2A,2.165122789,41.39052004
02-2013-1860,L'EIXAMPLE,la Dreta de l'Eixample,CARRER,CONSELL DE CENT,2,302,,,,,,,3,2B,2.165122789,41.39052004
02-2013-1861,L'EIXAMPLE,la Dreta de l'Eixample,CARRER,BRUC,2,164,,,,,,,PR,2,2.163869424,41.39872986
01-2013-0693,CIUTAT VELLA,la Barceloneta,CARRER,ALCANAR,2,22,,,,,,,BJ,2,2.190885626,41.37929963
02-2013-1862,L'EIXAMPLE,Sant Antoni,RONDA,SANT PAU,1,37,,,,,,,5,,2.165624591,41.37658795
02-2013-1913,L'EIXAMPLE,la Sagrada Família,CARRER,PROVENÇA,2,416,,418,,,,,5,4,2.171360868,41.40201632
02-2013-2071,L'EIXAMPLE,l'Antiga Esquerra de l'Eixample,CARRER,ARIBAU,2,82,,,,,,,4,2,2.158032657,41.38951496
06-2013-0762,GRACIA,la Vila de Gràcia,CARRER,LLIBERTAT,1,5,B,,,,,,4,2,2.160803834,41.39944436
10-2014-0194,SANT MARTI,el Poblenou,CARRER,TAULAT,1,87,,,,,,,4,2,2.204717629,41.3987629
07-2014-0322,HORTA-GUINARDÓ,Can Baró,CARRER,JOSEP SERRANO,1,3,,,,,,,BJ,,2.159726756,41.4169287
03-2012-0500,SANTS-MONTJUÏC,Hostafrancs,CARRER,MIQUEL BLEACH,2,16,,,,,,,1,3,2.141603342,41.3758136
06-2012-0652,GRACIA,la Vila de Gràcia,CARRER,SANTA TECLA,1,7,,,,,,,1,1,2.1604664,41.39800553
02-2013-0181,L'EIXAMPLE,la Dreta de l'Eixample,RAMBLA,CATALUNYA,2,100,,,,,,,3,2,2.160343638,41.39353699
01-2013-0066,CIUTAT VELLA,el Barri Gòtic,PASSEIG,COLOM,1,5,,,,,,,4,1,2.181214469,41.38070211
01-2013-0067,CIUTAT VELLA,el Barri Gòtic,CARRER,BOQUERIA,2,28,,,,,,,1,3,2.174807348,41.38160584
01-2013-0068,CIUTAT VELLA,Sant Pere Santa Caterina i la Ribera,CARRER,REC,2,32,,,,,,,1,,2.182730084,41.38524388
05-2013-0637,SARRIA-SANT GERVASI,Sant Gervasi - Galvany,CARRER,REGAS,1,17,,,,,,,1,2,2.151650185,41.39887224
02-2013-2316,L'EIXAMPLE,l'Antiga Esquerra de l'Eixample,CARRER,ARAGO,1,207,,,,,,,1,3,2.159779871,41.38853401
10-2013-0037,SANT MARTI,el Besòs i el Maresme,AVINGUDA,DIAGONAL,2,8,,,,,,,3,1,2.217628271,41.4113018
05-2013-0032,SARRIA-SANT GERVASI,Sant Gervasi - Galvany,TRAVESSERA,GRACIA,1,81,,,,,,,4,1,2.151055404,41.39717711
02-2014-0071,L'EIXAMPLE,la Dreta de l'Eixample,CARRER,ROSSELLO,2,244,,,,,,,AT,1,2.161466261,41.39629113
02-2014-0072,L'EIXAMPLE,la Dreta de l'Eixample,CARRER,ROSSELLO,2,244,,,,,,,2,1,2.161466261,41.39629113
07-2013-0023,HORTA-GUINARDÓ,el Baix Guinardó,TRAVESSERA,GRACIA,1,449,,451,,,,,BJ,2,2.173515366,41.4114573
03-2013-0028,SANTS-MONTJUÏC,Sants,CARRER,TIRSO DE MOLINA,2,14,,,,,,,1,1,2.131303601,41.37614496
04-2013-0051,LES CORTS,les Corts,CARRER,MARQUES DE SENTMENAT,1,85,,,,,,,5,C,2.14097273,41.38546172
05-2012-0527,SARRIA-SANT GERVASI,el Putxet i el Farró,CARRER,FRANCOLI,1,55,,,,,,,2,2,2.145933544,41.40339395
05-2012-0528,SARRIA-SANT GERVASI,el Putxet i el Farró,CARRER,FRANCOLI,1,55,,,,,,,2,1,2.145933544,41.40339395
05-2012-0529,SARRIA-SANT GERVASI,el Putxet i el Farró,CARRER,FRANCOLI,1,55,,,,,,,1,4,2.145933544,41.40339395
05-2012-0530,SARRIA-SANT GERVASI,el Putxet i el Farró,CARRER,FRANCOLI,1,55,,,,,,,1,3,2.145933544,41.40339395
05-2012-0531,SARRIA-SANT GERVASI,el Putxet i el Farró,CARRER,FRANCOLI,1,55,,,,,,,1,2,2.145933544,41.40339395
02-2012-1765,L'EIXAMPLE,l'Antiga Esquerra de l'Eixample,CARRER,ENRIC GRANADOS,1,125,,,,,,,2,2,2.154581424,41.39355709
02-2012-1799,L'EIXAMPLE,la Dreta de l'Eixample,CARRER,VALENCIA,1,363,,,,,,,1,,2.171368135,41.39889032
02-2012-1800,L'EIXAMPLE,la Dreta de l'Eixample,CARRER,VALENCIA,1,363,,,,,,,2,,2.171368135,41.39889032
02-2012-1801,L'EIXAMPLE,la Dreta de l'Eixample,CARRER,VALENCIA,1,363,,,,,,,PR,,2.171368135,41.39889032
02-2012-1802,L'EIXAMPLE,la Dreta de l'Eixample,CARRER,VALENCIA,1,363,,,,,,,4,,2.171368135,41.39889032
06-2013-0043,GRACIA,Vallcarca i els Penitents,AVINGUDA,REPUBLICA ARGENTINA,2,164,,,,,,,4,2,2.14239489,41.411667
10-2013-0104,SANT MARTI,el Poblenou,PASSEIG,CALVELL,1,45,,,,,,A,6,2,2.20760134,41.39891663
10-2013-0105,SANT MARTI,el Poblenou,PASSEIG,CALVELL,1,45,,,,,,B,3,1,2.20760134,41.39891663
10-2013-0106,SANT MARTI,el Poblenou,PASSEIG,CALVELL,1,45,,,,,,B,3,2,2.20760134,41.39891663
10-2013-0110,SANT MARTI,el Poblenou,PASSEIG,CALVELL,1,45,,,,,,D,2,3,2.20760134,41.39891663
02-2013-0247,L'EIXAMPLE,la Sagrada Família,AVINGUDA,GAUDI,1,37,,,,,,,4,4,2.174237095,41.40698986
03-2013-0725,SANTS-MONTJUÏC,Hostafrancs,CARRER,VILARDELL,1,9,,,,,,,BJ,2,2.142237862,41.37461981
02-2014-0124,L'EIXAMPLE,Sant Antoni,CARRER,SEPULVEDA,1,169,,,,,,,1,2,2.162309898,41.38319697
01-2012-0669,CIUTAT VELLA,el Barri Gòtic,PASSATGE,DORMITORI DE ST FRANCE,2,2,,,,,,,2,1,2.178647746,41.37772741
01-2012-0670,CIUTAT VELLA,el Barri Gòtic,PASSATGE,DORMITORI SANT FRANCES,2,2,,,,,,,2,2,2.178647746,41.37772741
01-2012-0671,CIUTAT VELLA,el Barri Gòtic,PASSATGE,DORMITORI SANT FRANCES,2,2,,,,,,,3,1,2.178647746,41.37772741
01-2012-0672,CIUTAT VELLA,el Barri Gòtic,PASSATGE,DORMITORI SANT FRANCES,2,2,,,,,,,3,2,2.178647746,41.37772741
01-2012-0673,CIUTAT VELLA,el Barri Gòtic,PASSATGE,DORMITORI SANT FRANCES,2,2,,,,,,,4,1,2.178647746,41.37772741
01-2012-0674,CIUTAT VELLA,el Barri Gòtic,PASSATGE,DORMITORI SANT FRANCES,2,2,,,,,,,4,2,2.178647746,41.37772741
01-2012-0675,CIUTAT VELLA,el Barri Gòtic,PLAÇA,CATALUNYA,1,21,,,,,,,7,2,2.170717969,41.38591553
02-2013-2372,L'EIXAMPLE,la Dreta de l'Eixample,CARRER,VALENCIA,2,282,,,,,,,4,1,2.164644404,41.39355943
01-2013-0965,CIUTAT VELLA,el Barri Gòtic,CARRER,MERCE,1,11,,,,,,,EN,2,2.180167307,41.37999401
01-2013-0966,CIUTAT VELLA,el Barri Gòtic,CARRER,POM D'OR,2,2,,,,,,,2,2,2.180057494,41.38228786
01-2013-0967,CIUTAT VELLA,Sant Pere Santa Caterina i la Ribera,CARRER,FLOR DE LLIRI,1,9,,,,,,,2,1,2.179106896,41.38568466
02-2014-0148,L'EIXAMPLE,la Dreta de l'Eixample,CARRER,VALENCIA,1,241,,,,,,,PR,B,2.1625502,41.39225872
03-2014-0198,SANTS-MONTJUÏC,el Poble Sec,AVINGUDA,PARAL.LEL,1,17,,19,,,,,2,6,2.174479037,41.37449801
02-2014-0527,L'EIXAMPLE,la Dreta de l'Eixample,CARRER,ARAGO,1,277,,,,,,,2,1,2.165857795,41.39310564
04-2012-0355,LES CORTS,les Corts,CARRER,DOLORS MASFERRER I BOSCH,1,11,,,,,,,3,2,2.129112096,41.38528612
02-2012-2027,L'EIXAMPLE,la Nova Esquerra de l'Eixample,CARRER,DIPUTACIO,2,130,,132,,,,,AT,1,2.156628949,41.38242059
02-2012-2028,L'EIXAMPLE,la Sagrada Família,CARRER,NAPOLS,2,258,,,,,,,1,3,2.170681747,41.40212306
02-2013-0336,L'EIXAMPLE,l'Antiga Esquerra de l'Eixample,CARRER,CASANOVA,2,144,,,,,,,3,2,2.154309299,41.38890273
03-2013-0572,SANTS-MONTJUÏC,Sants,CARRER,SANTS,1,63,,,,,,,2,2,2.137619008,41.37526125
02-2013-0300,L'EIXAMPLE,l'Antiga Esquerra de l'Eixample,CARRER,ARIBAU,1,155,,,,,,,3,4,2.153331404,41.39278764
06-2012-0569,GRACIA,la Vila de Gràcia,TRAVESSERA,GRACIA,1,171,,,,,,,BJ,2,2.158165359,41.40168545
02-2012-1996,L'EIXAMPLE,la Dreta de l'Eixample,CARRER,ROSSELLO,2,328,,,,,,,1,1,2.16923328,41.4021292
02-2012-1998,L'EIXAMPLE,la Dreta de l'Eixample,CARRER,ROSSELLO,2,328,,,,,,,4,2,2.16923328,41.4021292
02-2012-1999,L'EIXAMPLE,la Dreta de l'Eixample,CARRER,ROSSELLO,2,328,,,,,,,5,1,2.16923328,41.4021292
02-2012-2000,L'EIXAMPLE,la Dreta de l'Eixample,CARRER,ROSSELLO,2,328,,,,,,,6,2,2.16923328,41.4021292
02-2012-2001,L'EIXAMPLE,la Dreta de l'Eixample,CARRER,ROSSELLO,2,328,,,,,,,AT,2,2.16923328,41.4021292
07-2013-0205,HORTA-GUINARDÓ,el Guinardó,CARRER,SANT QUINTI,2,52,,,,,,,4,4,2.177299696,41.41420005
02-2013-1909,L'EIXAMPLE,l'Antiga Esquerra de l'Eixample,CARRER,MALLORCA,1,183,,185,,,,,4,1,2.156628841,41.38950741
02-2013-2169,L'EIXAMPLE,el Fort Pienc,CARRER,MARINA,2,124,,,,,,,1,3,2.185170997,41.39644876
02-2013-2170,L'EIXAMPLE,el Fort Pienc,CARRER,MARINA,2,124,,,,,,,2,,2.185170997,41.39644876
03-2012-0471,SANTS-MONTJUÏC,la Marina de Port,CARRER,FERROCARRILS CATALANS,1,41,,,,,,3,3,A,2.144335307,41.35784245
01-2012-0595,CIUTAT VELLA,el Barri Gòtic,CARRER,ESPOLSA-SACS,2,4,,,,,,,EN,1,2.173319351,41.38630543
02-2013-1637,L'EIXAMPLE,la Dreta de l'Eixample,CARRER,ROGER DE FLOR,2,148,,,,,,E,2,3,2.175059728,41.39710858
03-2014-0063,SANTS-MONTJUÏC,el Poble Sec,CARRER,BLASCO DE GARAY,1,7,,,,,,,PR,2,2.163282982,41.37452437
03-2014-0064,SANTS-MONTJUÏC,el Poble Sec,CARRER,BLASCO DE GARAY,1,7,,,,,,,1,1,2.163282982,41.37452437
02-2014-0114,L'EIXAMPLE,Sant Antoni,GRAN VIA,CORTS CATALANES,2,444,,,,,,,7,2,2.154022415,41.37837941
06-2014-0045,GRACIA,la Vila de Gràcia,CARRER,SANTA ROSA,2,16,,,,,,,BJ,1,2.153672275,41.40339585
06-2012-0545,GRACIA,la Vila de Gràcia,CARRER,TORDERA,2,8,,,,,,,4,1,2.160170953,41.40053368
10-2013-0718,SANT MARTI,el Camp de l'Arpa del Clot,CARRER,MUNTANYA,1,115,,,,,,,4,1,2.182899457,41.41275924
01-2013-0071,CIUTAT VELLA,el Barri Gòtic,CARRER,DAGUERIA,1,3,,,,,,,EN,,2.177912206,41.38340448
01-2013-0072,CIUTAT VELLA,el Barri Gòtic,CARRER,DAGUERIA,1,3,,,,,,,PR,,2.177912206,41.38340448
01-2013-0073,CIUTAT VELLA,el Barri Gòtic,CARRER,DAGUERIA,1,3,,,,,,,2,,2.177912206,41.38340448
10-2013-0719,SANT MARTI,el Camp de l'Arpa del Clot,CARRER,MUNTANYA,1,115,,,,,,,2,1,2.182899457,41.41275924
10-2013-0720,SANT MARTI,el Camp de l'Arpa del Clot,CARRER,MUNTANYA,1,115,,,,,,,3,1,2.182899457,41.41275924
02-2014-0121,L'EIXAMPLE,l'Antiga Esquerra de l'Eixample,CARRER,CORSEGA,1,225,,,,,,,4,1,2.152973882,41.39186562
07-2012-0256,HORTA-GUINARDÓ,la Teixonera,CARRER,LORDA,2,6,,8,,,,,SA,1,2.149543492,41.42112893
02-2012-1662,L'EIXAMPLE,Sant Antoni,CARRER,COMTE BORRELL,2,102,,,,,,,5,1,2.158306302,41.38076382
02-2012-1664,L'EIXAMPLE,l'Antiga Esquerra de l'Eixample,CARRER,ARIBAU,1,83,,,,,,,3,1,2.157668055,41.38951011
02-2013-0059,L'EIXAMPLE,la Sagrada Família,CARRER,LEPANT,2,330,,332,,,,,5,4,2.173626983,41.40689081
02-2013-0061,L'EIXAMPLE,la Sagrada Família,AVINGUDA,GAUDI,2,26,,28,,,,,AT,2,2.174562836,41.40662172
02-2013-0062,L'EIXAMPLE,la Sagrada Família,AVINGUDA,GAUDI,2,26,,28,,,,,1,2,2.174562836,41.40662172
10-2013-0103,SANT MARTI,el Poblenou,PASSEIG,CALVELL,1,45,,,,,,A,6,1,2.20760134,41.39891663
02-2013-0291,L'EIXAMPLE,l'Antiga Esquerra de l'Eixample,CARRER,ARIBAU,2,124,,,,,,,4,1,2.155841347,41.39116888
02-2013-1952,L'EIXAMPLE,Sant Antoni,CARRER,VILLARROEL,2,50,,,,,,,EN,2,2.160372985,41.38261913
03-2012-0549,SANTS-MONTJUÏC,el Poble Sec,CARRER,OLIVERA,1,29,,,,,,D,BJ,3,2.157457129,41.37360041
06-2013-0009,GRACIA,la Vila de Gràcia,CARRER,SENECA,1,7,,,,,,,3,3,2.156894431,41.39721954
07-2013-0009,HORTA-GUINARDÓ,el Carmel,CARRER,MUHLBERG,2,44,,,,,,,SO,1,2.159179074,41.41809307
06-2013-0049,GRACIA,la Vila de Gràcia,VIA,AUGUSTA,2,58,,,,,,,1,1,2.152091629,41.39996389
06-2013-0050,GRACIA,la Vila de Gràcia,VIA,AUGUSTA,2,58,,,,,,,1,2,2.152091629,41.39996389
06-2013-0051,GRACIA,la Vila de Gràcia,VIA,AUGUSTA,2,58,,,,,,,2,1,2.152091629,41.39996389
03-2013-0714,SANTS-MONTJUÏC,el Poble Sec,CARRER,TAPIOLES,2,36,,,,,,,4,1,2.16399866,41.37299413
02-2014-0016,L'EIXAMPLE,la Dreta de l'Eixample,CARRER,CONSELL DE CENT,2,300,,,,,,,4,,2.165030955,41.39045061
06-2013-0008,GRACIA,la Vila de Gràcia,CARRER,MOZART,1,9,,,,,,,AT,,2.158444263,41.39910439
06-2013-0058,GRACIA,la Vila de Gràcia,CARRER,GUILLERIES,2,22,,,,,,,1,,2.156425796,41.40360124
02-2013-1872,L'EIXAMPLE,la Nova Esquerra de l'Eixample,CARRER,VILADOMAT,1,279,,,,,,,6,3,2.146492927,41.38769281
06-2013-0012,GRACIA,la Vila de Gràcia,AVINGUDA,PRINCEP D'ASTURIES,2,2,,,,,,,1,2,2.151335669,41.4013453
06-2013-0013,GRACIA,la Vila de Gràcia,AVINGUDA,PRINCEP D'ASTURIES,2,2,,,,,,,PR,2,2.151335669,41.4013453
02-2013-0304,L'EIXAMPLE,l'Antiga Esquerra de l'Eixample,CARRER,CASANOVA,1,101,,,,,,,AT,1,2.156375676,41.38708067
03-2013-0638,SANTS-MONTJUÏC,el Poble Sec,CARRER,JAUME FABRA,1,1,,,,,,,AT,2,2.160359777,41.37471537
02-2012-1873,L'EIXAMPLE,la Dreta de l'Eixample,RAMBLA,CATALUNYA,1,101,,,,,,,3,1,2.160186188,41.39325527
02-2013-0244,L'EIXAMPLE,el Fort Pienc,CARRER,MARINA,2,212,,,,,,,5,3,2.179256852,41.40104486
02-2013-0112,L'EIXAMPLE,el Fort Pienc,CARRER,AUSIAS MARC,2,86,,,,,,,3,2,2.180706596,41.39501808
02-2013-0271,L'EIXAMPLE,la Dreta de l'Eixample,CARRER,AUSIAS MARC,1,5,,,,,,,AT,2,2.173783535,41.39011227
10-2013-0163,SANT MARTI,el Poblenou,CARRER,AMISTAT,2,22,,,,,,,1,1,2.205665044,41.40005583
03-2013-0490,SANTS-MONTJUÏC,el Poble Sec,CARRER,CABANES,1,27,,,,,,,BJ,2,2.16994657,41.37278865
06-2013-0549,GRACIA,la Vila de Gràcia,CARRER,SANTA ROSA,2,10,,,,,,,2,1,2.153157683,41.40325815
06-2013-0551,GRACIA,la Vila de Gràcia,CARRER,SANTA ROSA,2,10,,,,,,,2,2,2.153157683,41.40325815
01-2013-0754,CIUTAT VELLA,el Barri Gòtic,CARRER,HEURES,2,4,,10,,,,D,4,2,2.175267282,41.38074478
02-2012-1803,L'EIXAMPLE,l'Antiga Esquerra de l'Eixample,CARRER,BALMES,1,119,,,,,,,1,1,2.158168454,41.39253699
02-2012-1804,L'EIXAMPLE,l'Antiga Esquerra de l'Eixample,CARRER,BALMES,1,119,,,,,,,2,1,2.158168454,41.39253699
02-2012-1805,L'EIXAMPLE,l'Antiga Esquerra de l'Eixample,CARRER,BALMES,1,119,,,,,,,4,1,2.158168454,41.39253699
02-2012-1807,L'EIXAMPLE,l'Antiga Esquerra de l'Eixample,CARRER,BALMES,1,119,,,,,,,3,1,2.158168454,41.39253699
02-2012-1808,L'EIXAMPLE,l'Antiga Esquerra de l'Eixample,CARRER,BALMES,1,119,,,,,,,AT,,2.158168454,41.39253699
06-2012-0578,GRACIA,la Vila de Gràcia,CARRER,GRAN DE GRACIA,2,12,,,,,,,3,,2.157490237,41.39824684
02-2012-1850,L'EIXAMPLE,la Sagrada Família,AVINGUDA,GAUDI,2,14,,,,,,,PR,2,2.174579238,41.40541183
02-2012-1851,L'EIXAMPLE,la Sagrada Família,AVINGUDA,GAUDI,2,14,,,,,,,1,2,2.174579238,41.40541183
02-2013-2070,L'EIXAMPLE,Sant Antoni,RONDA,SANT PAU,1,59,,,,,,,EN,2,2.164412617,41.37750909
03-2013-0655,SANTS-MONTJUÏC,Sants,CARRER,SANTS,1,19,,,,,,,3,,2.139994338,41.37521276
02-2013-0034,L'EIXAMPLE,l'Antiga Esquerra de l'Eixample,CARRER,CORSEGA,1,209,,,,,,,6,1,2.151932605,41.39108287
03-2013-0641,SANTS-MONTJUÏC,el Poble Sec,CARRER,BLASCO DE GARAY,2,46,,,,,,,4,3,2.16245624,41.37273463
03-2013-0644,SANTS-MONTJUÏC,Sants,CARRER,CICERO,1,5,,,,,,,2,1,2.137941516,41.37641378
03-2013-0645,SANTS-MONTJUÏC,Sants,CARRER,CICERO,1,5,,,,,,,3,1,2.137941516,41.37641378
02-2013-2215,L'EIXAMPLE,la Dreta de l'Eixample,CARRER,VALENCIA,1,261,,,,,,,2,3,2.164615529,41.39381816
02-2013-2248,L'EIXAMPLE,Sant Antoni,CARRER,MANSO,2,60,,,,,,,4,2,2.161910256,41.37753506
02-2013-2249,L'EIXAMPLE,Sant Antoni,CARRER,COMTE BORRELL,1,51,,,,,,,4,1,2.162445686,41.37736434
02-2013-2250,L'EIXAMPLE,Sant Antoni,CARRER,MANSO,2,60,,,,,,,2,2,2.161910256,41.37753506
03-2013-0694,SANTS-MONTJUÏC,el Poble Sec,AVINGUDA,PARAL.LEL,1,159,,,,,,,3,1,2.15676395,41.37481586
03-2012-0474,SANTS-MONTJUÏC,el Poble Sec,AVINGUDA,RIUS I TAULET,1,1,B,,,,,,5,2,2.154301709,41.37261085
02-2012-1964,L'EIXAMPLE,l'Antiga Esquerra de l'Eixample,CARRER,MUNTANER,1,101,,,,,,,1,1,2.156458574,41.38871842
01-2012-0676,CIUTAT VELLA,el Raval,CARRER,TALLERS,1,1,,,,,,,PR,,2.170145864,41.38466995
02-2012-1965,L'EIXAMPLE,la Dreta de l'Eixample,CARRER,DIPUTACIO,1,317,,,,,,,AT,,2.1705552,41.39317737
10-2013-0626,SANT MARTI,la Vila Olímpica del Poblenou,CARRER,SALVADOR ESPRIU,1,47,,49,,,,,5,2,2.198558921,41.3903278
02-2013-1683,L'EIXAMPLE,la Sagrada Família,CARRER,SARDENYA,1,289,,,,,,,PR,2,2.174441398,41.40241697
01-2013-0943,CIUTAT VELLA,el Barri Gòtic,CARRER,SANTA ANNA,2,2,,,,,,,4,2,2.171033244,41.3848136
01-2013-0944,CIUTAT VELLA,el Barri Gòtic,CARRER,SANTA ANNA,2,2,,,,,,,2,2,2.171033244,41.3848136
01-2013-0945,CIUTAT VELLA,el Barri Gòtic,CARRER,SANTA ANNA,2,2,,,,,,,2,1,2.171033244,41.3848136
02-2014-0290,L'EIXAMPLE,el Fort Pienc,CARRER,ALI BEI,2,38,,,,,,,EN,4,2.180818375,41.39341513
10-2012-0608,SANT MARTI,el Poblenou,CARRER,BILBAO,2,24,,32,,2,,C,3,2,2.204880667,41.40235889
05-2012-0597,SARRIA-SANT GERVASI,Sarrià,CARRER,BONAPLATA,2,8,B,,,,,,AT,2,2.122277703,41.39690754
02-2012-1764,L'EIXAMPLE,la Dreta de l'Eixample,CARRER,ARAGO,1,347,,,,,,,2,2,2.17126858,41.39717853
02-2012-1928,L'EIXAMPLE,el Fort Pienc,CARRER,LEPANT,2,194,,,,,,,1,3,2.181812644,41.40067889
05-2013-0002,SARRIA-SANT GERVASI,Sant Gervasi - Galvany,RONDA,GENERAL MITRE,2,132,,,,,,,AT,4,2.138237441,41.40286147
10-2013-0042,SANT MARTI,el Poblenou,CARRER,TANGER,2,150,,156,,,,,1,6,2.195653983,41.40450058
03-2014-0071,SANTS-MONTJUÏC,el Poble Sec,AVINGUDA,PARAL.LEL,1,15,,,,,,,3,2,2.174741591,41.37448186
02-2013-2472,L'EIXAMPLE,el Fort Pienc,CARRER,ALI BEI,1,37,,,,,,,1,1,2.179485641,41.39269442
01-2013-1035,CIUTAT VELLA,Sant Pere Santa Caterina i la Ribera,CARRER,JONQUERES,1,13,,,,,,,2,1,2.173939955,41.38837423
01-2013-1036,CIUTAT VELLA,Sant Pere Santa Caterina i la Ribera,CARRER,JONQUERES,1,13,,,,,,,4,1,2.173939955,41.38837423
01-2013-1037,CIUTAT VELLA,Sant Pere Santa Caterina i la Ribera,CARRER,JONQUERES,1,13,,,,,,,3,1,2.173939955,41.38837423
05-2014-0013,SARRIA-SANT GERVASI,el Putxet i el Farró,CARRER,BERTRAN,2,156,,,,,,,2,4,2.139717751,41.4106631
03-2014-0049,SANTS-MONTJUÏC,el Poble Sec,PASSEIG,EXPOSICIO,2,46,,,,,,,AT,1,2.161333455,41.37159442
02-2013-0006,L'EIXAMPLE,el Fort Pienc,CARRER,CONSELL DE CENT,2,474,,,,,,,AT,B,2.177237696,41.39961345
02-2013-0007,L'EIXAMPLE,Sant Antoni,CARRER,SEPULVEDA,1,41,,,,,,,5,1,2.154338511,41.37719596
03-2013-0005,SANTS-MONTJUÏC,Hostafrancs,CARRER,CREU COBERTA,2,90,,,,,,,1,1,2.142927507,41.37536367
02-2013-1845,L'EIXAMPLE,la Sagrada Família,CARRER,ROSSELLO,2,408,,,,,,,3,2,2.173763058,41.40553699
06-2013-0705,GRACIA,Vallcarca i els Penitents,CARRER,AUGUST FONT,2,24,,,,,,,1,,2.133365674,41.41925922
10-2012-0658,SANT MARTI,el Poblenou,RAMBLA,POBLENOU,1,117,,119,,,,B,1,4,2.197618379,41.40363454
05-2012-0613,SARRIA-SANT GERVASI,Sant Gervasi - Galvany,CARRER,GANDUXER,2,50,,,,,,,1,2,2.136872603,41.39598472
05-2012-0614,SARRIA-SANT GERVASI,Sant Gervasi - Galvany,CARRER,GANDUXER,2,50,,,,,,,1,3,2.136872603,41.39598472
05-2012-0615,SARRIA-SANT GERVASI,Sant Gervasi - Galvany,CARRER,GANDUXER,2,50,,,,,,,1,4,2.136872603,41.39598472
02-2013-0076,L'EIXAMPLE,la Dreta de l'Eixample,CARRER,CONSELL DE CENT,2,386,,,,,,,EN,1,2.171790991,41.39552544
02-2013-0116,L'EIXAMPLE,la Sagrada Família,CARRER,PROVENÇA,1,491,,,,,,,BJ,1,2.177156059,41.40663304
03-2014-0065,SANTS-MONTJUÏC,el Poble Sec,CARRER,BLASCO DE GARAY,1,7,,,,,,,4,1,2.163282982,41.37452437
03-2014-0066,SANTS-MONTJUÏC,el Poble Sec,CARRER,BLASCO DE GARAY,1,7,,,,,,,3,1,2.163282982,41.37452437
03-2014-0097,SANTS-MONTJUÏC,el Poble Sec,AVINGUDA,RIUS I TAULET,1,1,B,,,,,,4,2,2.154301709,41.37261085
03-2013-0460,SANTS-MONTJUÏC,el Poble Sec,CARRER,RADAS,2,32,,,,,,,2,1,2.160459898,41.37253778
02-2013-2008,L'EIXAMPLE,Sant Antoni,RONDA,SANT PAU,1,17,,,,,,E,5,2,2.166052055,41.37626451
03-2013-0629,SANTS-MONTJUÏC,la Font de la Guatlla,GRAN VIA,CORTS CATALANES,2,320,,,,,,,AT,3,2.147065575,41.37314949
02-2013-2119,L'EIXAMPLE,la Dreta de l'Eixample,CARRER,VALENCIA,1,347,,,,,,,3,2,2.170132502,41.39796495
02-2013-2121,L'EIXAMPLE,el Fort Pienc,CARRER,SICILIA,1,159,,,,,,,6,2,2.176937434,41.39882438
02-2013-2123,L'EIXAMPLE,el Fort Pienc,CARRER,SICILIA,1,159,,,,,,,PR,3,2.176937434,41.39882438
02-2013-2125,L'EIXAMPLE,el Fort Pienc,CARRER,SICILIA,1,159,,,,,,,6,1,2.176937434,41.39882438
02-2013-2129,L'EIXAMPLE,el Fort Pienc,CARRER,SICILIA,1,159,,,,,,,1,4,2.176937434,41.39882438
03-2014-0005,SANTS-MONTJUÏC,el Poble Sec,AVINGUDA,PARAL.LEL,1,95,,,,,,,7,2,2.164409309,41.37479445
02-2014-0079,L'EIXAMPLE,l'Antiga Esquerra de l'Eixample,CARRER,ENRIC GRANADOS,1,3,,,,,,,3,2,2.162643394,41.38745259
01-2013-0074,CIUTAT VELLA,el Barri Gòtic,CARRER,DAGUERIA,1,3,,,,,,,1,,2.177912206,41.38340448
07-2013-0051,HORTA-GUINARDÓ,el Baix Guinardó,RONDA,GUINARDO,2,58,,,,,,,AT,1,2.167898688,41.4122802
02-2013-2275,L'EIXAMPLE,la Dreta de l'Eixample,CARRER,ROGER DE LLURIA,2,82,,,,,,,2,1,2.166197685,41.3952742
10-2013-0070,SANT MARTI,Diagonal Mar i el Front Marítim del Poblenou,PASSEIG,GARCIA FARIA,1,75,,,,,,A,1,5,2.215323118,41.40496996
02-2013-0219,L'EIXAMPLE,la Sagrada Família,CARRER,LEPANT,1,259,,,,,,,5,2,2.177069025,41.40400439
02-2013-0342,L'EIXAMPLE,Sant Antoni,CARRER,VILLARROEL,2,28,,,,,,D,PR,2,2.161541113,41.38174172
01-2013-0135,CIUTAT VELLA,el Raval,CARRER,NOU DE LA RAMBLA,2,6,,,,,,,1,2,2.17432178,41.37923568
05-2013-0663,SARRIA-SANT GERVASI,Sant Gervasi - la Bonanova,CARRER,CIUTAT DE BALAGUER,1,25,,,,,,,1,2,2.135564837,41.4030683
06-2013-0052,GRACIA,la Vila de Gràcia,VIA,AUGUSTA,2,58,,,,,,,2,2,2.152091629,41.39996389
06-2013-0053,GRACIA,la Vila de Gràcia,VIA,AUGUSTA,2,58,,,,,,,3,1,2.152091629,41.39996389
02-2013-0231,L'EIXAMPLE,la Dreta de l'Eixample,GRAN VIA,CORTS CATALANES,2,662,,,,,,,5,2B,2.171025128,41.39116223
06-2013-0084,GRACIA,la Vila de Gràcia,CARRER,MINERVA,2,6,,,,,,,AT,2,2.156523112,41.3964559
06-2013-0087,GRACIA,la Salut,PASSATGE,SANT JOSEP MUNTANYA,1,13,,,,,,,1,1,2.154386802,41.41105617
05-2013-0054,SARRIA-SANT GERVASI,Sant Gervasi - Galvany,CARRER,CASANOVA,1,211,,,,,,,AT,2,2.147067427,41.39410303
05-2013-0055,SARRIA-SANT GERVASI,Sant Gervasi - Galvany,CARRER,CASANOVA,1,211,,,,,,,EN,1,2.147067427,41.39410303
05-2013-0056,SARRIA-SANT GERVASI,el Putxet i el Farró,CARRER,SARAGOSSA,2,16,,,,,,,3,3,2.149986307,41.40156733
02-2013-0229,L'EIXAMPLE,la Sagrada Família,CARRER,INDUSTRIA,1,169,,,,,,,3,1,2.175147299,41.41026095
02-2013-0230,L'EIXAMPLE,l'Antiga Esquerra de l'Eixample,CARRER,CORSEGA,1,163,,169,,,,,4,1D,2.149707321,41.38941487
02-2012-1660,L'EIXAMPLE,la Sagrada Família,CARRER,PADILLA,2,216,,,,,,,2,4,2.179301197,41.40421394
10-2012-0680,SANT MARTI,el Camp de l'Arpa del Clot,CARRER,ROSSELLO,1,563,,,,,,,BJ,1,2.181160044,41.4111937
06-2012-0618,GRACIA,la Salut,CARRER,MAIGNON,2,32,,,,,,,1,2,2.151387787,41.40897448
02-2013-1835,L'EIXAMPLE,l'Antiga Esquerra de l'Eixample,CARRER,VILLARROEL,2,68,,,,,,,AT,3,2.158880445,41.38374753
01-2013-0681,CIUTAT VELLA,el Barri Gòtic,CARRER,FERRAN,2,2,,,,,,,3,2,2.174306433,41.38035824
01-2013-0682,CIUTAT VELLA,el Barri Gòtic,CARRER,FERRAN,2,2,,,,,,,AT,1,2.174306433,41.38035824
03-2013-0084,SANTS-MONTJUÏC,la Font de la Guatlla,GRAN VIA,CORTS CATALANES,2,238,,,,,,,2,2,2.14313011,41.37013125
02-2013-0366,L'EIXAMPLE,Sant Antoni,GRAN VIA,CORTS CATALANES,2,460,,,,,,,3,1A,2.15500386,41.37912094
01-2013-0137,CIUTAT VELLA,el Barri Gòtic,PASSEIG,COLOM,1,5,,,,,,,1,2,2.181214469,41.38070211
02-2012-1852,L'EIXAMPLE,la Sagrada Família,AVINGUDA,GAUDI,2,14,,,,,,,2,2,2.174579238,41.40541183
02-2012-1876,L'EIXAMPLE,la Dreta de l'Eixample,CARRER,VALENCIA,1,317,,,,,,,1,1,2.168213226,41.3965252
03-2013-0603,SANTS-MONTJUÏC,el Poble Sec,CARRER,SALVA,1,5,,,,,,,4,1,2.166698007,41.37444859
02-2013-2015,L'EIXAMPLE,Sant Antoni,CARRER,COMTE BORRELL,2,42,,,,,,,1,4,2.16291398,41.37728573
03-2013-0656,SANTS-MONTJUÏC,Sants,CARRER,SANTS,1,19,,,,,,,1,,2.139994338,41.37521276
03-2013-0657,SANTS-MONTJUÏC,Sants,CARRER,SANTS,1,19,,,,,,,2,,2.139994338,41.37521276
01-2012-0573,CIUTAT VELLA,el Raval,CARRER,UNIO,1,23,,,,,,,PR,1,2.172908484,41.37898372
02-2012-1951,L'EIXAMPLE,la Dreta de l'Eixample,CARRER,VALENCIA,1,305,,,,,,,PR,,2.167719868,41.39615393
02-2012-1955,L'EIXAMPLE,la Dreta de l'Eixample,CARRER,VALENCIA,1,305,,,,,,,3,,2.167719868,41.39615393
06-2012-0633,GRACIA,la Vila de Gràcia,CARRER,SALINAS,1,13,,15,,,,,PR,2,2.157273111,41.40648262
02-2013-2051,L'EIXAMPLE,la Dreta de l'Eixample,CARRER,MALLORCA,1,305,,,,,,,EN,,2.166702886,41.39709865
02-2013-2173,L'EIXAMPLE,Sant Antoni,RONDA,SANT PAU,1,25,,,,,,,1,1,2.166052055,41.37626451
02-2014-0229,L'EIXAMPLE,Sant Antoni,CARRER,CALABRIA,1,5,,,,,,,EN,,2.160461011,41.37544945
02-2014-0232,L'EIXAMPLE,Sant Antoni,CARRER,CALABRIA,1,5,,,,,,,2,,2.160461011,41.37544945
02-2014-0233,L'EIXAMPLE,Sant Antoni,CARRER,CALABRIA,1,5,,,,,,,3,,2.160461011,41.37544945
05-2012-0547,SARRIA-SANT GERVASI,les Tres Torres,CARRER,DOCTOR ROUX,1,5,,7,,,,,AT,,2.132991617,41.39471042
10-2012-0700,SANT MARTI,el Poblenou,AVINGUDA,DIAGONAL,1,111,,,,,,,3,3,2.202854767,41.40704758
02-2013-1932,L'EIXAMPLE,la Sagrada Família,CARRER,MARINA,1,257,,,,,,,EN,3,2.174038873,41.40466128
01-2013-0948,CIUTAT VELLA,el Barri Gòtic,CARRER,SANTA ANNA,2,2,,,,,,,4,1,2.171033244,41.3848136
01-2013-0946,CIUTAT VELLA,el Barri Gòtic,CARRER,SANTA ANNA,2,2,,,,,,,3,1,2.171033244,41.3848136
01-2013-0949,CIUTAT VELLA,el Barri Gòtic,CARRER,SANTA ANNA,2,2,,,,,,,3,2,2.171033244,41.3848136
03-2014-0007,SANTS-MONTJUÏC,la Font de la Guatlla,GRAN VIA,CORTS CATALANES,2,192,,,,,,B,4,3,2.14076347,41.36840397
05-2014-0063,SARRIA-SANT GERVASI,Sant Gervasi - Galvany,CARRER,ARIBAU,2,228,,,,,,D,3,1,2.150536157,41.39517058
05-2014-0064,SARRIA-SANT GERVASI,Sant Gervasi - Galvany,CARRER,ARIBAU,2,226,,,,,,E,2,1,2.150536157,41.39517058
02-2012-1829,L'EIXAMPLE,l'Antiga Esquerra de l'Eixample,CARRER,PROVENÇA,1,175,,,,,,,5,3,2.155767248,41.39055217
03-2012-0462,SANTS-MONTJUÏC,Sants,AVINGUDA,JOSEP TARRADELLAS,1,19,,21,,,,,1,4,2.14209198,41.38213205
02-2012-1837,L'EIXAMPLE,la Dreta de l'Eixample,CARRER,NAPOLS,1,229,,,,,,,4,3,2.172624373,41.40036877
02-2012-1838,L'EIXAMPLE,la Dreta de l'Eixample,CARRER,NAPOLS,1,229,,,,,,,3,3,2.172624373,41.40036877
03-2013-0516,SANTS-MONTJUÏC,el Poble Sec,CARRER,JAUME FABRA,2,8,,,,,,,PR,1,2.159784768,41.37449039
02-2013-1911,L'EIXAMPLE,la Dreta de l'Eixample,CARRER,VALENCIA,1,317,,,,,,,3,2,2.168213226,41.3965252
06-2013-0693,GRACIA,la Vila de Gràcia,PLAÇA,LLIBERTAT,1,25,,,,,,,4,1,2.153838271,41.39966068
02-2013-0175,L'EIXAMPLE,Sant Antoni,GRAN VIA,CORTS CATALANES,2,482,,,,,,,PR,1A,2.156133714,41.37997187
05-2013-0531,SARRIA-SANT GERVASI,Sant Gervasi - Galvany,CARRER,BALMES,2,176,,,,,,B,4,2,2.154083228,41.39595343
01-2013-0866,CIUTAT VELLA,Sant Pere Santa Caterina i la Ribera,CARRER,CARDERS,2,34,,,,,,,EN,,2.180409108,41.38700216
01-2014-0044,CIUTAT VELLA,el Raval,CARRER,SANTA MONICA,2,4,,,,,,,3,,2.175142325,41.37733339
01-2014-0155,CIUTAT VELLA,la Barceloneta,CARRER,SAFAREIGS,1,15,,,,,,,3,,2.189134835,41.38115457
01-2013-0617,CIUTAT VELLA,el Raval,CARRER,UNIO,1,21,,,,,,,BJ,2,2.172973854,41.37904683
01-2013-0618,CIUTAT VELLA,el Raval,CARRER,UNIO,1,21,,,,,,,1,1,2.172973854,41.37904683
01-2013-0619,CIUTAT VELLA,el Raval,CARRER,UNIO,1,21,,,,,,,1,2,2.172973854,41.37904683
01-2013-0620,CIUTAT VELLA,el Raval,CARRER,UNIO,1,21,,,,,,,2,1,2.172973854,41.37904683
01-2013-0621,CIUTAT VELLA,el Raval,CARRER,UNIO,1,21,,,,,,,2,2,2.172973854,41.37904683
01-2013-0622,CIUTAT VELLA,el Raval,CARRER,UNIO,1,21,,,,,,,3,1,2.172973854,41.37904683
01-2013-0623,CIUTAT VELLA,el Raval,CARRER,UNIO,1,21,,,,,,,3,2,2.172973854,41.37904683
01-2013-0624,CIUTAT VELLA,el Raval,CARRER,UNIO,1,21,,,,,,,4,1,2.172973854,41.37904683
01-2013-0625,CIUTAT VELLA,el Raval,CARRER,UNIO,1,21,,,,,,,4,2,2.172973854,41.37904683
01-2013-0914,CIUTAT VELLA,Sant Pere Santa Caterina i la Ribera,CARRER,REINA CRISTINA,2,12,,,,,,,4,,2.183682053,41.38191504
01-2013-0920,CIUTAT VELLA,el Barri Gòtic,CARRER,MERCE,2,6,,,,,,,AT,2,2.179390046,41.37885131
01-2013-0921,CIUTAT VELLA,el Barri Gòtic,CARRER,AVINYO,2,58,,,,,,,PR,3A,2.17928937,41.38018913
03-2013-0071,SANTS-MONTJUÏC,el Poble Sec,PLAÇA,SORTIDOR,2,16,,,,,,,1,2,2.162745364,41.37245527
03-2013-0461,SANTS-MONTJUÏC,Hostafrancs,CARRETERA,BORDETA,1,57,,,,,,,5,3,2.142973522,41.37276282
06-2014-0039,GRACIA,el Camp d'en Grassot i Gràcia Nova,CARRER,SECRETARI COLOMA,2,42,,46,,,,,EN,3,2.164333182,41.40832753
06-2013-0059,GRACIA,la Vila de Gràcia,VIA,AUGUSTA,2,58,,,,,,,3,2,2.152091629,41.39996389
06-2013-0060,GRACIA,la Vila de Gràcia,VIA,AUGUSTA,2,58,,,,,,,4,1,2.152091629,41.39996389
06-2013-0061,GRACIA,la Vila de Gràcia,VIA,AUGUSTA,2,58,,,,,,,4,2,2.152091629,41.39996389
06-2013-0014,GRACIA,la Vila de Gràcia,TRAVESSERA,GRACIA,1,233,,,,,,,1,,2.161595011,41.40381433
02-2013-0201,L'EIXAMPLE,Sant Antoni,AVINGUDA,PARAL.LEL,2,204,,,,,,,AT,A,2.151102579,41.37525289
10-2013-0645,SANT MARTI,el Poblenou,CARRER,TAULAT,2,70,,,,,,,1,1,2.20624244,41.39971995
02-2013-1878,L'EIXAMPLE,Sant Antoni,CARRER,COMTE D'URGELL,2,56,,,,,,,3,3,2.159534746,41.38161127
02-2014-0014,L'EIXAMPLE,la Nova Esquerra de l'Eixample,CARRER,COMTE BORRELL,1,169,,,,,,,AT,1,2.154320748,41.38350757
06-2014-0042,GRACIA,la Vila de Gràcia,CARRER,TORDERA,1,47,,,,,,,BJ,1,2.162100336,41.40209356
02-2012-1931,L'EIXAMPLE,l'Antiga Esquerra de l'Eixample,CARRER,ARIBAU,1,39,,,,,,,3,1,2.160099958,41.38767492
02-2012-1932,L'EIXAMPLE,la Dreta de l'Eixample,CARRER,BALMES,2,66,,,,,,,6,2,2.161647693,41.39019242
08-2012-0209,NOU BARRIS,Vilapicina i la Torre Llobeta,CARRER,SANTAPAU,2,4,,,,,,,PR,3,2.179014918,41.4281905
02-2012-1881,L'EIXAMPLE,Sant Antoni,CARRER,COMTE BORRELL,2,42,,,,,,,1,2,2.16291398,41.37728573
02-2013-0001,L'EIXAMPLE,la Sagrada Família,CARRER,NAPOLS,2,272,,,,,,,PR,2,2.170182164,41.40250096
10-2013-0121,SANT MARTI,Diagonal Mar i el Front Marítim del Poblenou,PASSEIG,GARCIA FARIA,1,57,,59,,,,,1,2,2.213387798,41.40350379
03-2013-0623,SANTS-MONTJUÏC,el Poble Sec,CARRER,MARGARIT,1,11,,,,,,,1,,2.163848183,41.37420612
03-2013-0690,SANTS-MONTJUÏC,el Poble Sec,CARRER,SALVA,2,30,,,,,,,3,2,2.165948993,41.37356325
02-2013-0203,L'EIXAMPLE,la Dreta de l'Eixample,GRAN VIA,CORTS CATALANES,2,620,,,,,,,3,1C,2.166629356,41.38785596
06-2012-0556,GRACIA,la Vila de Gràcia,CARRER,TORRIJOS,2,6,,,,,,,BJ,2,2.159995561,41.40234817
02-2012-1898,L'EIXAMPLE,la Dreta de l'Eixample,CARRER,ROSSELLO,2,328,,,,,,,1,2,2.16923328,41.4021292
02-2012-1899,L'EIXAMPLE,la Dreta de l'Eixample,CARRER,ROSSELLO,2,328,,,,,,,2,1,2.16923328,41.4021292
02-2012-1900,L'EIXAMPLE,la Dreta de l'Eixample,CARRER,ROSSELLO,2,328,,,,,,,2,2,2.16923328,41.4021292
02-2012-1901,L'EIXAMPLE,la Dreta de l'Eixample,CARRER,ROSSELLO,2,328,,,,,,,3,1,2.16923328,41.4021292
02-2012-1902,L'EIXAMPLE,la Dreta de l'Eixample,CARRER,ROSSELLO,2,328,,,,,,,3,2,2.16923328,41.4021292
02-2012-1903,L'EIXAMPLE,la Dreta de l'Eixample,CARRER,ROSSELLO,2,328,,,,,,,4,1,2.16923328,41.4021292
02-2012-1904,L'EIXAMPLE,la Dreta de l'Eixample,CARRER,ROSSELLO,2,328,,,,,,,5,2,2.16923328,41.4021292
02-2012-1905,L'EIXAMPLE,la Dreta de l'Eixample,CARRER,ROSSELLO,2,328,,,,,,,6,1,2.16923328,41.4021292
01-2013-0755,CIUTAT VELLA,el Barri Gòtic,CARRER,HEURES,2,4,,10,,,,D,4,1,2.175267282,41.38074478
01-2013-0756,CIUTAT VELLA,Sant Pere Santa Caterina i la Ribera,CARRER,MARE DEU PILAR,1,17,,,,,,,2,2,2.176136205,41.38750171
02-2013-2080,L'EIXAMPLE,la Sagrada Família,PLAÇA,SAGRADA FAMILIA,1,11,,,,,,,6,2,2.172477188,41.40313023
02-2013-2157,L'EIXAMPLE,la Sagrada Família,AVINGUDA,GAUDI,2,42,,,,,,,6,3,2.174553656,41.40746133
03-2012-0457,SANTS-MONTJUÏC,el Poble Sec,CARRER,BLAI,1,67,,,,,,,2,3,2.161604321,41.37473269
02-2012-1766,L'EIXAMPLE,la Sagrada Família,CARRER,VALENCIA,1,387,,,,,,,2,2,2.17389103,41.40079013
02-2012-1785,L'EIXAMPLE,l'Antiga Esquerra de l'Eixample,CARRER,BALMES,1,119,,,,,,,PR,3,2.158168454,41.39253699
02-2012-1786,L'EIXAMPLE,l'Antiga Esquerra de l'Eixample,CARRER,BALMES,1,119,,,,,,,1,3,2.158168454,41.39253699
02-2012-1787,L'EIXAMPLE,l'Antiga Esquerra de l'Eixample,CARRER,BALMES,1,119,,,,,,,2,3,2.158168454,41.39253699
02-2012-1788,L'EIXAMPLE,l'Antiga Esquerra de l'Eixample,CARRER,BALMES,1,119,,,,,,,4,3,2.158168454,41.39253699
02-2012-1789,L'EIXAMPLE,l'Antiga Esquerra de l'Eixample,CARRER,PROVENÇA,1,211,,,,,,,PR,1,2.158176693,41.39239903
02-2012-1790,L'EIXAMPLE,l'Antiga Esquerra de l'Eixample,CARRER,BALMES,1,119,,,,,,,4,2,2.158168454,41.39253699
02-2012-1791,L'EIXAMPLE,l'Antiga Esquerra de l'Eixample,CARRER,BALMES,1,119,,,,,,,3,2,2.158168454,41.39253699
02-2012-1792,L'EIXAMPLE,l'Antiga Esquerra de l'Eixample,CARRER,BALMES,1,119,,,,,,,2,2,2.158168454,41.39253699
02-2012-1793,L'EIXAMPLE,l'Antiga Esquerra de l'Eixample,CARRER,BALMES,1,119,,,,,,,1,2,2.158168454,41.39253699
02-2012-1794,L'EIXAMPLE,l'Antiga Esquerra de l'Eixample,CARRER,PROVENÇA,1,211,,,,,,,PR,2,2.158176693,41.39239903
02-2013-1618,L'EIXAMPLE,la Dreta de l'Eixample,RAMBLA,CATALUNYA,1,41,,,,,,,2,,2.16477182,41.3899122
02-2013-2451,L'EIXAMPLE,l'Antiga Esquerra de l'Eixample,CARRER,MUNTANER,2,70,,,,,,,3,1,2.158865016,41.3871766
05-2014-0065,SARRIA-SANT GERVASI,Sant Gervasi - Galvany,CARRER,ARIBAU,2,228,,,,,,E,4,1,2.150536157,41.39517058
07-2012-0259,HORTA-GUINARDÓ,el Baix Guinardó,TRAVESSERA,GRACIA,1,441,,,,,,,3,2,2.173273332,41.4112917
07-2012-0260,HORTA-GUINARDÓ,el Baix Guinardó,TRAVESSERA,GRACIA,1,441,,,,,,,4,1,2.173273332,41.4112917
02-2012-1943,L'EIXAMPLE,Sant Antoni,CARRER,CASANOVA,1,27,,,,,,,EN,4,2.161480913,41.38321696
06-2013-0105,GRACIA,el Camp d'en Grassot i Gràcia Nova,CARRER,BALCELLS,2,12,,,,,,,2,1,2.15930424,41.41010147
02-2013-1969,L'EIXAMPLE,el Fort Pienc,CARRER,DIPUTACIO,1,477,,,,,,,5,2,2.181501944,41.40135657
10-2014-0068,SANT MARTI,Diagonal Mar i el Front Marítim del Poblenou,AVINGUDA,DIAGONAL,2,60,,,,,,,EN,1,2.211040606,41.40986485
10-2014-0070,SANT MARTI,el Camp de l'Arpa del Clot,CARRER,INDEPENDENCIA,2,362,,,,,,,4,2,2.178426253,41.41170279
02-2012-1778,L'EIXAMPLE,la Sagrada Família,CARRER,CORSEGA,1,593,,595,,,,,1,2,2.173947408,41.40767556
07-2013-0001,HORTA-GUINARDÓ,el Baix Guinardó,CARRER,CASTILLEJOS,1,411,,413,,,,,2,1,2.16989767,41.4127682
06-2013-0647,GRACIA,la Vila de Gràcia,CARRER,TORRENT DE L'OLLA,2,196,,,,,,,5,3,2.154134395,41.4050003
02-2013-0207,L'EIXAMPLE,,CARRER,INDUSTRIA,1,175,,,,,,,2,2,2.17566479,41.41062876
02-2013-0208,L'EIXAMPLE,la Sagrada Família,CARRER,INDUSTRIA,1,175,,,,,,,2,1,2.17566479,41.41062876
02-2013-0210,L'EIXAMPLE,la Sagrada Família,CARRER,INDUSTRIA,1,175,,,,,,,4,1,2.17566479,41.41062876
02-2013-2444,L'EIXAMPLE,la Dreta de l'Eixample,CARRER,GIRONA,2,46,,,,,,,2,1,2.172929628,41.39360081
02-2014-0063,L'EIXAMPLE,la Dreta de l'Eixample,CARRER,ARAGO,2,360,,,,,,,5,2,2.171515717,41.39695847
10-2014-0063,SANT MARTI,el Poblenou,CARRER,BILBAO,1,135,,,,,,,6,2,2.199259127,41.40585245
10-2012-0695,SANT MARTI,Sant Martí de Provençals,CARRER,ALCALA DE GUADAIRA,2,10,,,,,,,1,2,2.197004033,41.41734143
02-2013-0254,L'EIXAMPLE,el Fort Pienc,CARRER,MARINA,2,124,,,,,,,1,4,2.185170997,41.39644876
05-2013-0077,SARRIA-SANT GERVASI,el Putxet i el Farró,CARRER,BERTRAN,2,152,,,,,,,1,2,2.139723016,41.41049802
02-2013-1960,L'EIXAMPLE,la Nova Esquerra de l'Eixample,CARRER,TARRAGONA,2,104,,,,,,,7,1,2.144101537,41.37956698
03-2014-0032,SANTS-MONTJUÏC,el Poble Sec,CARRER,VILA I VILA,2,80,,,,,,,PR,1,2.16829235,41.37444505
03-2014-0033,SANTS-MONTJUÏC,el Poble Sec,CARRER,VILA I VILA,2,80,,,,,,,PR,2,2.16829235,41.37444505
03-2014-0034,SANTS-MONTJUÏC,el Poble Sec,CARRER,VILA I VILA,2,80,,,,,,,1,1,2.16829235,41.37444505
03-2014-0035,SANTS-MONTJUÏC,el Poble Sec,CARRER,VILA I VILA,2,80,,,,,,,1,2,2.16829235,41.37444505
03-2014-0036,SANTS-MONTJUÏC,el Poble Sec,CARRER,VILA I VILA,2,80,,,,,,,2,1,2.16829235,41.37444505
03-2014-0037,SANTS-MONTJUÏC,el Poble Sec,CARRER,VILA I VILA,2,80,,,,,,,2,2,2.16829235,41.37444505
03-2014-0038,SANTS-MONTJUÏC,el Poble Sec,CARRER,VILA I VILA,2,80,,,,,,,3,1,2.16829235,41.37444505
02-2012-1707,L'EIXAMPLE,la Dreta de l'Eixample,CARRER,BRUC,1,3,,,,,,,AT,,2.175886121,41.38938083
06-2013-0454,GRACIA,la Vila de Gràcia,CARRER,GRAN DE GRACIA,2,54,,,,,,,PR,2,2.156248073,41.39931138
02-2013-1379,L'EIXAMPLE,la Nova Esquerra de l'Eixample,CARRER,ARAGO,2,92,,,,,,,EN,6,2.153241377,41.38327422
03-2013-0687,SANTS-MONTJUÏC,la Font de la Guatlla,CARRER,AMPOSTA,1,1,,,,,,,5,6,2.147593668,41.37175021
06-2012-0571,GRACIA,el Camp d'en Grassot i Gràcia Nova,CARRER,SANT ANTONI MARIA CLARET,1,3,,,,,,,2,4,2.163230412,41.40295289
06-2012-0572,GRACIA,el Camp d'en Grassot i Gràcia Nova,CARRER,SANT ANTONI MARIA CLARET,1,3,,,,,,,2,3,2.163230412,41.40295289
06-2012-0573,GRACIA,el Camp d'en Grassot i Gràcia Nova,CARRER,SANT ANTONI MARIA CLARET,1,3,,,,,,,1,1,2.163230412,41.40295289
02-2012-1983,L'EIXAMPLE,l'Antiga Esquerra de l'Eixample,CARRER,ARAGO,1,151,,,,,,,PR,,2.15526396,41.385071
02-2012-1984,L'EIXAMPLE,la Dreta de l'Eixample,CARRER,CONSELL DE CENT,1,343,,,,,,,4,2,2.16500413,41.39070739
03-2012-0531,SANTS-MONTJUÏC,el Poble Sec,CARRER,NOU DE LA RAMBLA,1,139,,,,,,,4,1,2.168190943,41.37308887
03-2012-0548,SANTS-MONTJUÏC,Sants - Badal,CARRER,MUNNE,1,9,,,,,,,1,1,2.123388729,41.37528467
01-2013-0626,CIUTAT VELLA,el Raval,CARRER,UNIO,1,21,,,,,,,5,,2.172973854,41.37904683
10-2013-0640,SANT MARTI,el Poblenou,PASSEIG,TAULAT,1,191,,,,,,,6,3,2.208610865,41.40195394
10-2013-0641,SANT MARTI,Sant Martí de Provençals,CARRER,PROVENÇALS,1,281,,,,,,,7,2,2.195185824,41.41746691
03-2013-0552,SANTS-MONTJUÏC,el Poble Sec,CARRER,ROSER,2,14,,,,,,,3,,2.166942157,41.37392379
02-2013-2282,L'EIXAMPLE,la Sagrada Família,CARRER,MARINA,2,254,,,,,,,5,,2.176320455,41.40319605
02-2013-2283,L'EIXAMPLE,la Dreta de l'Eixample,AVINGUDA,DIAGONAL,1,325,,,,,,,6,,2.170643229,41.39906765
02-2014-0098,L'EIXAMPLE,Sant Antoni,CARRER,COMTE BORRELL,1,43,,,,,,,EN,2,2.162722445,41.37715276
06-2014-0034,GRACIA,la Vila de Gràcia,CARRER,TORRENT DE L'OLLA,2,84,,,,,,,PR,1,2.159004647,41.4008299
02-2013-0016,L'EIXAMPLE,la Dreta de l'Eixample,RAMBLA,CATALUNYA,2,10,,,,,,,3,2,2.167870875,41.388043
02-2013-0129,L'EIXAMPLE,la Dreta de l'Eixample,PASSEIG,GRACIA,1,3,,,,,,,4,2,2.169270627,41.38821806
02-2013-0233,L'EIXAMPLE,la Dreta de l'Eixample,PASSEIG,GRACIA,2,58,,,,,,,AT,2,2.164793521,41.39267241
03-2013-0038,SANTS-MONTJUÏC,el Poble Sec,CARRER,TAMARIT,1,83,,,,,,,4,4,2.15528221,41.37451063
06-2013-0062,GRACIA,la Vila de Gràcia,CARRER,BENET MERCADE,1,15,,,,,,,BJ,1,2.152542025,41.40025887
03-2012-0547,SANTS-MONTJUÏC,Sants,CARRER,RIEGO,2,4,,,,,,,1,2,2.13837971,41.37566094
06-2013-0095,GRACIA,Vallcarca i els Penitents,CARRER,RIERA DE VALLCARCA,1,17,,,,,,,2,2,2.148970361,41.40774702
03-2014-0006,SANTS-MONTJUÏC,Sants - Badal,CARRER,VENTURA PLAJA,1,17,,,,,,,PR,2,2.126616186,41.37477725
03-2014-0017,SANTS-MONTJUÏC,el Poble Sec,CARRER,NOU DE LA RAMBLA,1,121,,,,,,,5,1,2.168946194,41.37381877
03-2013-0702,SANTS-MONTJUÏC,Sants,CARRER,SANT CRIST,1,43,,,,,,,BJ,,2.138545332,41.37456441
06-2013-0742,GRACIA,la Vila de Gràcia,CARRER,CORSEGA,1,369,,,,,,,1,4,2.162349022,41.39895271
05-2013-0650,SARRIA-SANT GERVASI,el Putxet i el Farró,CARRER,ESCIPIO,2,36,B,,,,,B,3,3,2.144661059,41.40650037
02-2014-0133,L'EIXAMPLE,Sant Antoni,CARRER,VILLARROEL,1,21,,,,,,,2,1,2.161719836,41.38133199
06-2014-0523,GRACIA,el Coll,CARRER,SANT EUDALD,1,33,,,,,,,2,1,2.146559649,41.41445219
02-2014-2076,L'EIXAMPLE,la Sagrada Família,CARRER,VALENCIA,1,439,,,,,,,2,2,2.176298318,41.4025892
03-2012-0494,SANTS-MONTJUÏC,Sants,CARRER,CERDANYOLA,2,22,,,,,,,EN,2,2.1325321,41.37712639
02-2012-1935,L'EIXAMPLE,la Sagrada Família,CARRER,MALLORCA,1,439,,,,,,,3,1,2.177953785,41.40553121
06-2012-0623,GRACIA,la Vila de Gràcia,CARRER,AULESTIA I PIJOAN,1,25,,,,,,,1,,2.150821142,41.4031597
02-2013-1586,L'EIXAMPLE,la Nova Esquerra de l'Eixample,CARRER,PROVENÇA,2,82,,,,,,,5,B,2.147623225,41.38414705
02-2013-1587,L'EIXAMPLE,la Nova Esquerra de l'Eixample,CARRER,PROVENÇA,2,82,,,,,,,5,A,2.147623225,41.38414705
03-2013-0625,SANTS-MONTJUÏC,la Font de la Guatlla,CARRER,SANTA DOROTEA,1,11,,,,,,,4,3,2.146080932,41.37124616
02-2012-1694,L'EIXAMPLE,la Dreta de l'Eixample,RONDA,SANT PERE,2,22,,,,,,,6,7,2.17398945,41.38923024
02-2012-1695,L'EIXAMPLE,la Dreta de l'Eixample,RONDA,SANT PERE,2,22,,,,,,,6,1,2.17398945,41.38923024
02-2012-1696,L'EIXAMPLE,la Dreta de l'Eixample,RONDA,SANT PERE,2,22,,,,,,,6,2,2.17398945,41.38923024
02-2012-1697,L'EIXAMPLE,la Dreta de l'Eixample,RONDA,SANT PERE,2,22,,,,,,,6,3,2.17398945,41.38923024
02-2012-1698,L'EIXAMPLE,la Dreta de l'Eixample,RONDA,SANT PERE,2,22,,,,,,,6,4,2.17398945,41.38923024
02-2012-1700,L'EIXAMPLE,la Dreta de l'Eixample,RONDA,SANT PERE,2,22,,,,,,,6,5,2.17398945,41.38923024
02-2012-1701,L'EIXAMPLE,la Dreta de l'Eixample,RONDA,SANT PERE,2,22,,,,,,,6,6,2.17398945,41.38923024
02-2013-2221,L'EIXAMPLE,la Dreta de l'Eixample,CARRER,NAPOLS,1,213,,,,,,,3,2,2.173840053,41.39944906
02-2013-2229,L'EIXAMPLE,el Fort Pienc,GRAN VIA,CORTS CATALANES,1,701,,,,,,,5,3,2.178370926,41.39733807
10-2013-0092,SANT MARTI,el Poblenou,CARRER,FERROCARRIL,2,10,,,,,,,1,1,2.206363214,41.39918524
02-2013-0236,L'EIXAMPLE,la Sagrada Família,CARRER,LEPANT,2,300,,,,,,,1,2,2.175152312,41.40573483
02-2013-1967,L'EIXAMPLE,la Dreta de l'Eixample,PASSEIG,GRACIA,1,15,,,,,,,PR,1B,2.167456569,41.38968095
05-2013-0558,SARRIA-SANT GERVASI,Sant Gervasi - la Bonanova,CARRER,MUNTANER,2,502,,504,,,,,PR,1,2.136914603,41.40386875
02-2013-2320,L'EIXAMPLE,l'Antiga Esquerra de l'Eixample,CARRER,ARIBAU,1,129,,,,,,,PR,2,2.154718361,41.39174281
10-2012-0644,SANT MARTI,el Clot,AVINGUDA,MERIDIANA,1,109,,,,,,,BJ,2,2.186564607,41.40786798
10-2012-0645,SANT MARTI,el Clot,AVINGUDA,MERIDIANA,1,109,,,,,,,4,1,2.186564607,41.40786798
10-2012-0646,SANT MARTI,el Clot,AVINGUDA,MERIDIANA,1,109,,,,,,,3,2,2.186564607,41.40786798
03-2012-0527,SANTS-MONTJUÏC,el Poble Sec,CARRER,MARE DE DEU DEL REMEI,1,43,,45,,,,,BJ,2,2.156293725,41.37291268
10-2013-0595,SANT MARTI,el Poblenou,CARRER,LLACUNA,1,49,,,,,,,3,2,2.199878808,41.40023826
10-2012-0726,SANT MARTI,el Poblenou,CARRER,TAULAT,1,61,,,,,,,BJ,1,2.20367372,41.39790944
02-2012-2043,L'EIXAMPLE,l'Antiga Esquerra de l'Eixample,CARRER,CASANOVA,1,161,,,,,,,4,2,2.150875235,41.39122993
02-2013-1977,L'EIXAMPLE,el Fort Pienc,CARRER,LEPANT,1,131,,,,,,,3,2,2.185371162,41.39770168
02-2013-1979,L'EIXAMPLE,el Fort Pienc,CARRER,LEPANT,1,131,,,,,,,4,2,2.185371162,41.39770168
02-2013-2009,L'EIXAMPLE,Sant Antoni,CARRER,FLORIDABLANCA,2,114,,,,,,,PR,2,2.160619415,41.37995267
02-2012-1907,L'EIXAMPLE,la Dreta de l'Eixample,PASSEIG,SANT JOAN,2,96,,,,,,,3,1,2.17081289,41.39879514
02-2012-1810,L'EIXAMPLE,la Sagrada Família,CARRER,ARAGO,1,415,,,,,,,2,1,2.176671037,41.40130293
02-2013-0172,L'EIXAMPLE,la Sagrada Família,CARRER,PROVENÇA,1,497,,,,,,,5,2,2.177411933,41.40682476
02-2013-0173,L'EIXAMPLE,Sant Antoni,RONDA,SANT PAU,1,21,,,,,,,7,4,2.166052055,41.37626451
03-2013-0037,SANTS-MONTJUÏC,Sants - Badal,CARRER,VIOLANT HONGRIA REINA ARAGO,2,44,,,,,,,2,1,2.128732474,41.37812162
02-2013-1695,L'EIXAMPLE,la Sagrada Família,CARRER,ROSSELLO,2,444,,,,,,,2,4,2.175980087,41.40720309
04-2014-0020,LES CORTS,les Corts,CARRER,GUITARD,2,70,,,,,,,6,2,2.136832442,41.38377344
06-2012-0570,GRACIA,el Camp d'en Grassot i Gràcia Nova,CARRER,SICILIA,1,335,,,,,,,5,2,2.166815277,41.40649095
02-2013-0212,L'EIXAMPLE,la Sagrada Família,CARRER,INDUSTRIA,1,175,,,,,,,4,2,2.17566479,41.41062876
02-2014-0008,L'EIXAMPLE,la Sagrada Família,CARRER,SARDENYA,1,281,,,,,,,EN,,2.174693861,41.40222577
02-2013-0256,L'EIXAMPLE,el Fort Pienc,CARRER,MARINA,2,124,,,,,,,1,1,2.185170997,41.39644876
02-2013-1798,L'EIXAMPLE,la Dreta de l'Eixample,CARRER,ROSSELLO,1,229,,,,,,,3,1B,2.157825957,41.39380782
02-2013-1799,L'EIXAMPLE,la Dreta de l'Eixample,CARRER,ROSSELLO,1,229,,,,,,,2,1B,2.157825957,41.39380782
02-2013-1849,L'EIXAMPLE,l'Antiga Esquerra de l'Eixample,CARRER,VALENCIA,1,189,,,,,,,PR,1,2.158692333,41.38935481
06-2014-0080,GRACIA,la Vila de Gràcia,CARRER,ASTURIES,1,87,,,,,,,1,1,2.156689918,41.4048797
06-2014-0081,GRACIA,la Vila de Gràcia,CARRER,ASTURIES,1,87,,,,,,,PR,2,2.156689918,41.4048797
10-2012-0672,SANT MARTI,Diagonal Mar i el Front Marítim del Poblenou,PASSEIG,GARCIA FARIA,1,75,,,,,,,4,8,2.215323118,41.40496996
02-2012-1870,L'EIXAMPLE,la Dreta de l'Eixample,CARRER,PELAI,1,5,,,,,,,AT,,2.166129159,41.38589339
05-2013-0629,SARRIA-SANT GERVASI,el Putxet i el Farró,CARRER,PUTGET,1,73,,,,,,,AT,3,2.144007162,41.40763632
03-2013-0065,SANTS-MONTJUÏC,Sants - Badal,CARRER,VENTURA PLAJA,1,17,,,,,,,2,2,2.126616186,41.37477725
02-2013-2084,L'EIXAMPLE,la Sagrada Família,CARRER,DOS DE MAIG,1,223,,,,,,,2,2,2.18269457,41.40642034
02-2014-0096,L'EIXAMPLE,l'Antiga Esquerra de l'Eixample,CARRER,MUNTANER,1,201,,211,,,,,EN,3,2.150256914,41.39336609
10-2014-0081,SANT MARTI,el Poblenou,CARRER,BADAJOZ,2,10,,,,,,,EN,,2.200435579,41.39495456
02-2014-0176,L'EIXAMPLE,Sant Antoni,CARRER,PARLAMENT,2,46,,,,,,,1,1,2.163695887,41.37716427
10-2013-0001,SANT MARTI,la Vila Olímpica del Poblenou,CARRER,MARINA,1,25,,,,,,,5,2,2.195165415,41.38814025
02-2013-0035,L'EIXAMPLE,Sant Antoni,CARRER,SEPULVEDA,1,181,,,,,,,3,2A,2.162962491,41.3836766
02-2013-0037,L'EIXAMPLE,Sant Antoni,CARRER,SEPULVEDA,1,181,,,,,,,3,2B,2.162962491,41.3836766
02-2013-0038,L'EIXAMPLE,Sant Antoni,CARRER,SEPULVEDA,1,181,,,,,,,1,2B,2.162962491,41.3836766
02-2013-0039,L'EIXAMPLE,Sant Antoni,CARRER,SEPULVEDA,1,181,,,,,,,2,1B,2.162962491,41.3836766
02-2013-0040,L'EIXAMPLE,l'Antiga Esquerra de l'Eixample,CARRER,MALLORCA,2,200,,,,,,,4,2B,2.157979252,41.39024622
02-2013-0041,L'EIXAMPLE,l'Antiga Esquerra de l'Eixample,CARRER,MALLORCA,2,200,,,,,,,4,2A,2.157979252,41.39024622
06-2013-0557,GRACIA,el Camp d'en Grassot i Gràcia Nova,CARRER,ROGER DE FLOR,1,253,,,,,,,AT,2,2.166787454,41.40310708
09-2013-0294,SANT ANDREU,Sant Andreu,CARRER,LANZAROTE,2,10,,,,,,,2,2,2.190004059,41.438586
09-2013-0295,SANT ANDREU,Sant Andreu,CARRER,LANZAROTE,2,10,,,,,,,BJ,1,2.190004059,41.438586
09-2013-0296,SANT ANDREU,Sant Andreu,CARRER,LANZAROTE,2,10,,,,,,,2,1,2.190004059,41.438586
09-2013-0297,SANT ANDREU,Sant Andreu,CARRER,LANZAROTE,2,10,,,,,,,1,1,2.190004059,41.438586
06-2013-0063,GRACIA,la Vila de Gràcia,CARRER,BENET MERCADE,1,15,,,,,,,BJ,2,2.152542025,41.40025887
10-2013-0078,SANT MARTI,Diagonal Mar i el Front Marítim del Poblenou,PASSEIG,GARCIA FARIA,1,81,,,,,,E,9,5,2.21700445,41.40621632
01-2012-0648,CIUTAT VELLA,el Raval,CARRER,NOU DE LA RAMBLA,2,10,,,,,,,EN,1A,2.174141855,41.37906374
01-2012-0649,CIUTAT VELLA,el Raval,CARRER,NOU DE LA RAMBLA,2,10,,,,,,,EN,1B,2.174141855,41.37906374
01-2012-0650,CIUTAT VELLA,el Raval,CARRER,NOU DE LA RAMBLA,2,10,,,,,,,1,1A,2.174141855,41.37906374
01-2013-0773,CIUTAT VELLA,la Barceloneta,CARRER,MESTRANÇA,1,55,,,,,,,1,1,2.190373783,41.37706218
01-2013-0774,CIUTAT VELLA,la Barceloneta,CARRER,MESTRANÇA,1,55,,,,,,,2,1,2.190373783,41.37706218
01-2013-0776,CIUTAT VELLA,el Barri Gòtic,PASSATGE,MAGAROLA,2,4,,,,,,,EN,1,2.172560874,41.38387436
02-2012-1806,L'EIXAMPLE,el Fort Pienc,CARRER,MARINA,2,128,,130,,,,,5,2,2.184535922,41.39692649
02-2012-1809,L'EIXAMPLE,la Sagrada Família,CARRER,PROVENÇA,1,529,,,,,,,PR,2,2.179224016,41.40814512
06-2012-0579,GRACIA,la Vila de Gràcia,AVINGUDA,PRINCEP D'ASTURIES,2,2,,,,,,,1,1,2.151335669,41.4013453
03-2012-0487,SANTS-MONTJUÏC,la Font de la Guatlla,CARRER,SANT PAULI DE NOLA,1,3,,,,,,B,EN,2,2.144547585,41.37063311
02-2012-1843,L'EIXAMPLE,l'Antiga Esquerra de l'Eixample,CARRER,ARAGO,1,207,,,,,,A,4,,2.159779871,41.38853401
02-2012-1894,L'EIXAMPLE,la Dreta de l'Eixample,CARRER,PROVENÇA,2,354,,,,,,,3,2,2.16782526,41.39937569
02-2013-2260,L'EIXAMPLE,la Dreta de l'Eixample,PASSEIG,GRACIA,2,64,,,,,,,1,3,2.164371326,41.3930125
02-2013-2261,L'EIXAMPLE,la Dreta de l'Eixample,PASSEIG,GRACIA,2,64,,,,,,,1,4,2.164371326,41.3930125
02-2012-1980,L'EIXAMPLE,el Fort Pienc,CARRER,DIPUTACIO,1,411,,,,,,,1,4,2.177300381,41.39823049
01-2013-0104,CIUTAT VELLA,el Barri Gòtic,CARRER,RAURIC,2,6,,,,,,,1,,2.174806011,41.38135976
01-2013-0105,CIUTAT VELLA,el Barri Gòtic,CARRER,VIDRE,1,7,,,,,,,PR,1,2.176235612,41.37978509
02-2012-1889,L'EIXAMPLE,la Nova Esquerra de l'Eixample,CARRER,PROVENÇA,1,63,,,,,,,3,3,2.148268662,41.38501165
02-2013-1838,L'EIXAMPLE,la Dreta de l'Eixample,RAMBLA,CATALUNYA,2,48,,,,,,,3,2,2.164355098,41.39061373
02-2013-1839,L'EIXAMPLE,l'Antiga Esquerra de l'Eixample,CARRER,CONSELL DE CENT,2,254,,,,,,,3,2,2.161085201,41.38748218
01-2013-0990,CIUTAT VELLA,el Raval,CARRER,NOU DE LA RAMBLA,1,19,,,,,,,4,2,2.173576114,41.3783455
01-2013-0992,CIUTAT VELLA,Sant Pere Santa Caterina i la Ribera,CARRER,RERE PALAU,1,3,,5,,,,,4,2,2.183561266,41.3838528
02-2013-2383,L'EIXAMPLE,l'Antiga Esquerra de l'Eixample,CARRER,PARIS,2,178,,,,,,,3,2,2.152629613,41.39303332
02-2013-2385,L'EIXAMPLE,l'Antiga Esquerra de l'Eixample,CARRER,PARIS,2,178,,,,,,,4,2,2.152629613,41.39303332
06-2012-0540,GRACIA,la Vila de Gràcia,CARRER,FERRER DE BLANES,2,6,,,,,,,EN,2,2.159078875,41.39858628
06-2013-0101,GRACIA,el Camp d'en Grassot i Gràcia Nova,CARRER,BAILEN,2,210,,,,,,,2,2,2.16395165,41.40210535
03-2012-0517,SANTS-MONTJUÏC,Hostafrancs,CARRER,RECTOR TRIADO,2,46,,,,,,,,,2.144250664,41.37705201
06-2012-0640,GRACIA,la Vila de Gràcia,CARRER,VERDI,2,68,,,,,,,1,,2.155692745,41.40499581
06-2012-0641,GRACIA,la Vila de Gràcia,CARRER,VERDI,2,68,,,,,,,BJ,,2.155692745,41.40499581
09-2013-0041,SANT ANDREU,el Congrés i els Indians,CARRER,ACACIES,2,52,,,,,,,PR,2,2.178217751,41.42583686
06-2013-0097,GRACIA,la Vila de Gràcia,CARRER,RIERA DE SANT MIQUEL,1,25,,,,,,,2,,2.156780181,41.39767377
04-2013-0430,LES CORTS,la Maternitat i Sant Ramon,CARRER,SENA,1,9,,,,,,,BJ,,2.116910331,41.3776092
01-2013-0950,CIUTAT VELLA,el Barri Gòtic,PASSATGE,BACARDI,1,1,,,,,,,1,3C,2.175252624,41.37953386
01-2013-0952,CIUTAT VELLA,el Barri Gòtic,PASSATGE,BACARDI,2,2,,,,,,,3,,2.175311408,41.37949936
01-2013-0954,CIUTAT VELLA,el Barri Gòtic,PASSATGE,BACARDI,1,1,,,,,,,2,2C,2.175252624,41.37953386
01-2013-0955,CIUTAT VELLA,el Barri Gòtic,PASSATGE,BACARDI,1,1,,,,,,,2,3C,2.175252624,41.37953386
01-2013-0010,CIUTAT VELLA,el Barri Gòtic,CARRER,VIDRE,1,7,,,,,,,1,4,2.176235612,41.37978509
01-2013-0011,CIUTAT VELLA,el Barri Gòtic,CARRER,VIDRE,1,7,,,,,,,3,4,2.176235612,41.37978509
07-2013-0020,HORTA-GUINARDÓ,el Baix Guinardó,CARRER,SANTA CAROLINA,2,60,,,,,,,EN,1,2.171882115,41.41214216
02-2013-1505,L'EIXAMPLE,la Dreta de l'Eixample,CARRER,VALENCIA,1,241,,,,,,,PR,1,2.1625502,41.39225872
06-2013-0736,GRACIA,la Vila de Gràcia,CARRER,SANTA EULALIA,2,32,,,,,,,BJ,,2.164222257,41.40125766
02-2013-1997,L'EIXAMPLE,la Sagrada Família,CARRER,SARDENYA,2,364,,,,,,,3,4,2.170612691,41.40559113
05-2012-0583,SARRIA-SANT GERVASI,Sant Gervasi - Galvany,TRAVESSERA,GRACIA,1,81,,,,,,,4,2,2.151055404,41.39717711
05-2012-0585,SARRIA-SANT GERVASI,Sant Gervasi - Galvany,TRAVESSERA,GRACIA,1,81,,,,,,,6,1,2.151055404,41.39717711
01-2012-0651,CIUTAT VELLA,el Raval,CARRER,NOU DE LA RAMBLA,2,10,,,,,,,1,1B,2.174141855,41.37906374
03-2013-0706,SANTS-MONTJUÏC,el Poble Sec,AVINGUDA,PARAL.LEL,1,159,,,,,,,6,3,2.15676395,41.37481586
03-2013-0707,SANTS-MONTJUÏC,el Poble Sec,AVINGUDA,PARAL.LEL,1,159,,,,,,,5,1,2.15676395,41.37481586
02-2013-0246,L'EIXAMPLE,la Dreta de l'Eixample,CARRER,CASP,2,82,,,,,,A,4,3,2.176015597,41.39321143
05-2013-0093,SARRIA-SANT GERVASI,el Putxet i el Farró,RONDA,GENERAL MITRE,1,189,,,,,,,7,1,2.141669096,41.40497856
03-2014-0026,SANTS-MONTJUÏC,el Poble Sec,CARRER,PIQUER,1,31,,,,,,,4,3,2.169410901,41.37308793
02-2014-0102,L'EIXAMPLE,la Dreta de l'Eixample,PASSEIG,GRACIA,1,101,,,,,,,SA,4,2.160037952,41.39568
06-2012-0629,GRACIA,la Salut,CARRER,LARRARD,1,23,,,,,,,BJ,,2.154676838,41.41169149
06-2013-0090,GRACIA,el Coll,CARRER,ALDEA,2,16,,,,,,,BJ,,2.150034257,41.41890088
02-2013-1368,L'EIXAMPLE,la Sagrada Família,CARRER,VALENCIA,1,527,,529,,,,,3,D,2.181567175,41.40653189
02-2013-1369,L'EIXAMPLE,la Sagrada Família,CARRER,VALENCIA,1,527,,529,,,,,1,A,2.181567175,41.40653189
02-2012-1909,L'EIXAMPLE,Sant Antoni,CARRER,CALABRIA,2,98,,,,,,,2,1,2.155627521,41.37937715
06-2012-0617,GRACIA,el Camp d'en Grassot i Gràcia Nova,CARRER,ENCARNACIO,1,115,,117,,,,,AT,4,2.163083817,41.40837954
10-2013-0081,SANT MARTI,el Poblenou,CARRER,FERROCARRIL,1,27,,,,,,1,3,3,2.207070421,41.3988077
10-2013-0083,SANT MARTI,el Poblenou,PASSEIG,CALVELL,1,45,,,,,,C,1,3,2.20760134,41.39891663
06-2012-0595,GRACIA,la Vila de Gràcia,CARRER,GRAN DE GRACIA,1,193,,,,,,,1,,2.151753755,41.40395781
02-2012-1886,L'EIXAMPLE,el Fort Pienc,CARRER,AUSIAS MARC,1,159,,,,,,,AT,2,2.18412206,41.39784974
03-2012-0503,SANTS-MONTJUÏC,el Poble Sec,CARRER,VALLHONRAT,1,17,,,,,,,4,4,2.157119009,41.37409746
02-2013-0077,L'EIXAMPLE,la Sagrada Família,CARRER,LEPANT,2,266,,,,,,,5,1,2.177316656,41.40409755
02-2013-1701,L'EIXAMPLE,la Dreta de l'Eixample,CARRER,DIPUTACIO,2,268,,,,,,,3,3,2.168446445,41.39131697
02-2013-1702,L'EIXAMPLE,la Dreta de l'Eixample,CARRER,DIPUTACIO,2,268,,,,,,,3,4,2.168446445,41.39131697
02-2013-1947,L'EIXAMPLE,Sant Antoni,RONDA,SANT PAU,1,21,,,,,,,1,2,2.166052055,41.37626451
02-2013-2427,L'EIXAMPLE,la Sagrada Família,CARRER,ROSSELLO,2,448,,,,,,,BJ,,2.176118192,41.40730422
02-2013-2428,L'EIXAMPLE,la Sagrada Família,CARRER,ROSSELLO,2,448,,,,,,,1,1,2.176118192,41.40730422
02-2013-2429,L'EIXAMPLE,la Sagrada Família,CARRER,ROSSELLO,2,448,,,,,,,1,2,2.176118192,41.40730422
02-2013-2430,L'EIXAMPLE,la Sagrada Família,CARRER,ROSSELLO,2,448,,,,,,,2,1,2.176118192,41.40730422
02-2013-2431,L'EIXAMPLE,la Sagrada Família,CARRER,ROSSELLO,2,448,,,,,,,2,2,2.176118192,41.40730422
02-2013-2432,L'EIXAMPLE,la Sagrada Família,CARRER,ROSSELLO,2,448,,,,,,,3,1,2.176118192,41.40730422
02-2013-2433,L'EIXAMPLE,la Sagrada Família,CARRER,ROSSELLO,2,448,,,,,,,3,2,2.176118192,41.40730422
02-2013-2434,L'EIXAMPLE,la Sagrada Família,CARRER,ROSSELLO,2,448,,,,,,,4,1,2.176118192,41.40730422
02-2013-2435,L'EIXAMPLE,la Sagrada Família,CARRER,ROSSELLO,2,448,,,,,,,4,2,2.176118192,41.40730422
03-2014-0094,SANTS-MONTJUÏC,el Poble Sec,CARRER,CREU DELS MOLERS,2,60,,,,,,,BJ,1,2.161059117,41.37223242
03-2014-0092,SANTS-MONTJUÏC,el Poble Sec,CARRER,BLASCO DE GARAY,1,7,,,,,,,EN,,2.163282982,41.37452437
02-2013-0063,L'EIXAMPLE,la Sagrada Família,CARRER,PROVENÇA,1,497,,,,,,,PR,1,2.177411933,41.40682476
05-2013-0084,SARRIA-SANT GERVASI,Sant Gervasi - Galvany,CARRER,CALVET,1,17,,,,,,,6,2,2.144077594,41.39411612
05-2013-0085,SARRIA-SANT GERVASI,Sant Gervasi - Galvany,CARRER,CALVET,1,17,,,,,,,8,4,2.144077594,41.39411612
05-2013-0086,SARRIA-SANT GERVASI,Sant Gervasi - Galvany,CARRER,CALVET,1,17,,,,,,,7,1,2.144077594,41.39411612
02-2013-2031,L'EIXAMPLE,el Fort Pienc,CARRER,NAPOLS,2,98,,,,,,,AT,3,2.180721962,41.39452217
06-2013-0655,GRACIA,la Vila de Gràcia,CARRER,SALINAS,1,13,,15,,,,,BJ,2,2.157273111,41.40648262
02-2012-1760,L'EIXAMPLE,la Dreta de l'Eixample,GRAN VIA,CORTS CATALANES,2,654,,,,,,,1,1,2.170541758,41.39079936
02-2012-1817,L'EIXAMPLE,la Dreta de l'Eixample,AVINGUDA,DIAGONAL,1,347,,,,,,,1,1,2.166286252,41.397984
02-2012-1853,L'EIXAMPLE,la Sagrada Família,CARRER,MALLORCA,2,434,,,,,,,PR,2,2.176496847,41.40416134
05-2012-0570,SARRIA-SANT GERVASI,Sant Gervasi - Galvany,PASSATGE,JOSEP LLOVERA,1,13,,,,,,C,2,2,2.147847818,41.39621258
02-2012-1986,L'EIXAMPLE,la Sagrada Família,CARRER,PROVENÇA,1,503,B,,,,,,1,,2.177993643,41.40725922
02-2012-1987,L'EIXAMPLE,la Sagrada Família,CARRER,PROVENÇA,1,503,B,,,,,,2,,2.177993643,41.40725922
02-2012-1988,L'EIXAMPLE,la Sagrada Família,CARRER,PROVENÇA,1,503,B,,,,,,3,,2.177993643,41.40725922
02-2012-1990,L'EIXAMPLE,la Sagrada Família,CARRER,PROVENÇA,1,503,B,,,,,,4,,2.177993643,41.40725922
05-2013-0569,SARRIA-SANT GERVASI,les Tres Torres,VIA,AUGUSTA,2,262,,,,,,,EN,2,2.132591328,41.39794194
02-2013-1808,L'EIXAMPLE,la Dreta de l'Eixample,CARRER,BRUC,1,157,,,,,,,PR,2,2.163079789,41.39904463
07-2012-0280,HORTA-GUINARDÓ,el Carmel,CARRER,DOCTOR BOVE,2,168,,,,,,,BJ,,2.158890317,41.41979777
10-2013-0702,SANT MARTI,el Camp de l'Arpa del Clot,CARRER,INDUSTRIA,1,309,,,,,,,3,4,2.183501758,41.41663289
10-2014-0059,SANT MARTI,el Camp de l'Arpa del Clot,CARRER,CORSEGA,1,703,,,,,,,1,3,2.180566635,41.4126759
02-2014-0141,L'EIXAMPLE,la Dreta de l'Eixample,CARRER,DIPUTACIO,2,268,,,,,,,4,2,2.168446445,41.39131697
03-2014-0054,SANTS-MONTJUÏC,Sants,CARRER,REI MARTI,2,22,,,,,,B,4,D,2.139063098,41.37388786
03-2012-0459,SANTS-MONTJUÏC,Sants - Badal,CARRER,BEGUR,2,58,,,,,,,2,2,2.130815215,41.37287737
10-2013-0017,SANT MARTI,Diagonal Mar i el Front Marítim del Poblenou,CARRER,FLUVIA,1,97,,,,,,,12,1,2.205922052,41.40764991
02-2013-0282,L'EIXAMPLE,la Sagrada Família,AVINGUDA,GAUDI,1,27,,29,,,,,4,4,2.174243396,41.40658293
02-2013-2416,L'EIXAMPLE,la Sagrada Família,AVINGUDA,GAUDI,2,44,,,,,,,1,2,2.17453971,41.40825117
10-2013-0857,SANT MARTI,el Clot,GRAN VIA,CORTS CATALANES,1,839,,,,,,B,9,2,2.18956084,41.40572375
02-2013-0268,L'EIXAMPLE,la Sagrada Família,CARRER,SARDENYA,1,261,,,,,,,4,1,2.175676474,41.40148088
02-2013-1639,L'EIXAMPLE,la Nova Esquerra de l'Eixample,CARRER,ROSSELLO,2,20,,,,,,,1,1,2.145627423,41.38433531
05-2013-0497,SARRIA-SANT GERVASI,Sant Gervasi - Galvany,CARRER,ARIBAU,2,228,,,,,,D,4,1,2.150536157,41.39517058
05-2013-0498,SARRIA-SANT GERVASI,Sant Gervasi - Galvany,CARRER,ARIBAU,2,228,,,,,,D,PR,2,2.150536157,41.39517058
02-2013-1850,L'EIXAMPLE,la Dreta de l'Eixample,CARRER,PELAI,1,9,,,,,,,2,1,2.166531211,41.38585717
02-2013-2401,L'EIXAMPLE,la Sagrada Família,PASSATGE,MAIOL,2,14,,,,,,,BJ,1,2.174288283,41.40202168
02-2012-1784,L'EIXAMPLE,la Dreta de l'Eixample,RONDA,UNIVERSITAT,1,35,,,,,,,3,2,2.167640517,41.38720437
10-2013-0157,SANT MARTI,el Poblenou,PASSATGE,MASSAGUER,1,7,,,,,,,3,2,2.203927576,41.39961317
10-2013-0158,SANT MARTI,el Poblenou,CARRER,MARIA AGUILO,2,128,,,,,,,3,2,2.205057806,41.3999815
05-2013-0528,SARRIA-SANT GERVASI,el Putxet i el Farró,PASSEIG,SANT GERVASI,2,90,,,,,,,1,5,2.137866508,41.41367038
01-2013-0804,CIUTAT VELLA,el Barri Gòtic,CARRER,MILANS,1,7,,,,,,,2,1,2.179184549,41.38066839
01-2013-0805,CIUTAT VELLA,el Barri Gòtic,CARRER,MILANS,1,7,,,,,,,2,2,2.179184549,41.38066839
01-2013-0806,CIUTAT VELLA,el Barri Gòtic,CARRER,ROSA,1,3,,,,,,,2,1,2.177816815,41.38014967
03-2012-0466,SANTS-MONTJUÏC,el Poble Sec,CARRER,CONCORDIA,2,40,,,,,,,BJ,,2.15973757,41.3730427
03-2012-0467,SANTS-MONTJUÏC,Hostafrancs,CARRER,BEJAR,2,28,,,,,,,BJ,,2.146096661,41.37641541
10-2012-0684,SANT MARTI,el Poblenou,CARRER,TAULAT,1,61,,,,,,,BJ,2,2.20367372,41.39790944
02-2013-0299,L'EIXAMPLE,Sant Antoni,CARRER,PARLAMENT,1,41,,,,,,,4,2,2.163369249,41.37720063
02-2013-0309,L'EIXAMPLE,Sant Antoni,CARRER,MARQUES DE CAMPO SAGRADO,2,26,,,,,,,4,4,2.165053775,41.37641294
02-2013-0310,L'EIXAMPLE,l'Antiga Esquerra de l'Eixample,CARRER,MUNTANER,1,95,,,,,,,1,1,2.156639511,41.38858193
10-2013-0851,SANT MARTI,Diagonal Mar i el Front Marítim del Poblenou,PASSEIG,TAULAT,1,223,,,,,,A,3,1,2.210431706,41.40344702
02-2013-0065,L'EIXAMPLE,la Dreta de l'Eixample,CARRER,GIRONA,2,108,,,,,,,5,1,2.169004681,41.39656097
02-2013-0104,L'EIXAMPLE,la Sagrada Família,CARRER,PADILLA,2,264,,,,,,,5,1,2.176031659,41.40672058
06-2013-0040,GRACIA,la Vila de Gràcia,CARRER,ARGENTONA,2,22,,,,,,,1,2,2.159300975,41.40859329
02-2013-1547,L'EIXAMPLE,la Sagrada Família,CARRER,PROVENÇA,1,473,,,,,,B,SA,1,2.176159153,41.40588582
02-2013-2443,L'EIXAMPLE,la Dreta de l'Eixample,CARRER,GIRONA,2,46,,,,,,,3,1,2.172929628,41.39360081
06-2014-0010,GRACIA,la Vila de Gràcia,CARRER,GRAN DE GRACIA,2,152,,154,,,,,2,1,2.153113027,41.40206012
02-2012-1882,L'EIXAMPLE,l'Antiga Esquerra de l'Eixample,CARRER,MUNTANER,1,119,,,,,,,3,2,2.155260137,41.38962509
06-2013-0041,GRACIA,la Vila de Gràcia,CARRER,JESUS,2,18,,,,,,,PR,2,2.15806739,41.39928054
05-2014-0016,SARRIA-SANT GERVASI,el Putxet i el Farró,CARRER,BERTRAN,2,156,,,,,,,SA,2,2.139717751,41.4106631
02-2012-1719,L'EIXAMPLE,l'Antiga Esquerra de l'Eixample,CARRER,VILLARROEL,2,108,,,,,,,3,1,2.156613623,41.38545411
10-2013-0019,SANT MARTI,el Camp de l'Arpa del Clot,CARRER,ROSSELLO,1,563,,,,,,,2,2,2.181160044,41.4111937
02-2013-0185,L'EIXAMPLE,la Dreta de l'Eixample,PASSATGE,CONCEPCIO,2,14,,,,,,,1,2,2.159777355,41.39439204
05-2013-0403,SARRIA-SANT GERVASI,el Putxet i el Farró,CARRER,PADUA,1,43,,,,,,,1,,2.14672975,41.40650377
05-2013-0404,SARRIA-SANT GERVASI,el Putxet i el Farró,CARRER,PADUA,1,43,,,,,,,BJ,,2.14672975,41.40650377
02-2013-2438,L'EIXAMPLE,la Sagrada Família,CARRER,SICILIA,1,219,,,,,,,3,2,2.173399133,41.4015021
02-2013-2440,L'EIXAMPLE,l'Antiga Esquerra de l'Eixample,CARRER,ROSSELLO,1,189,,,,,,D,1,1,2.155223842,41.39184847
02-2014-0156,L'EIXAMPLE,l'Antiga Esquerra de l'Eixample,CARRER,ARIBAU,1,25,,,,,,,2,3,2.161057225,41.38694909
10-2014-0073,SANT MARTI,el Camp de l'Arpa del Clot,CARRER,MALLORCA,1,569,,,,,,4,5,1,2.184767613,41.41064761
05-2014-0024,SARRIA-SANT GERVASI,les Tres Torres,RONDA,GENERAL MITRE,1,7,,,,,,,10,2,2.131022749,41.39320471
02-2014-0217,L'EIXAMPLE,la Dreta de l'Eixample,GRAN VIA,CORTS CATALANES,1,631,,,,,,,2,1,2.170476895,41.39140987
10-2014-0096,SANT MARTI,el Camp de l'Arpa del Clot,CARRER,TOMAS PADRO,2,2,,4,,,,,2,1,2.186522755,41.41456712
02-2012-1643,L'EIXAMPLE,la Dreta de l'Eixample,PASSEIG,SANT JOAN,1,3,,,,,,,2,2A,2.17909268,41.39187787
02-2013-0179,L'EIXAMPLE,la Dreta de l'Eixample,RAMBLA,CATALUNYA,1,99,,,,,,,3,2,2.160290487,41.39318141
02-2013-0352,L'EIXAMPLE,el Fort Pienc,GRAN VIA,CORTS CATALANES,2,816,,,,,,,1,2,2.183999996,41.4009032
03-2013-0510,SANTS-MONTJUÏC,el Poble Sec,CARRER,MARGARIT,1,53,,,,,,,2,,2.162970021,41.37178966
02-2013-1644,L'EIXAMPLE,Sant Antoni,AVINGUDA,PARAL.LEL,2,156,,,,,,,PR,2,2.157582744,41.37519108
02-2012-1927,L'EIXAMPLE,la Sagrada Família,CARRER,MARINA,2,234,,,,,,,PR,2,2.177374234,41.40239418
03-2013-0057,SANTS-MONTJUÏC,Sants - Badal,AVINGUDA,MADRID,2,64,,,,,,A,2,1,2.12648088,41.37774707
02-2013-0010,L'EIXAMPLE,l'Antiga Esquerra de l'Eixample,CARRER,PROVENÇA,1,131,,133,,,,,2,2,2.152236782,41.38791921
02-2013-0011,L'EIXAMPLE,l'Antiga Esquerra de l'Eixample,CARRER,PROVENÇA,1,131,,133,,,,,1,3,2.152236782,41.38791921
02-2013-1370,L'EIXAMPLE,la Dreta de l'Eixample,CARRER,ROSSELLO,2,222,,,,,,,2,2,2.159446774,41.39476744
03-2012-0460,SANTS-MONTJUÏC,el Poble Sec,CARRER,RADAS,1,73,,,,,,,5,,2.160406026,41.37198835
03-2012-0461,SANTS-MONTJUÏC,el Poble Sec,CARRER,ELKANO,1,35,,,,,,,BJ,,2.162570773,41.37329029
02-2013-2146,L'EIXAMPLE,la Dreta de l'Eixample,PASSATGE,CONCEPCIO,2,2,,,,,,,2,1,2.160574296,41.394991
10-2013-0780,SANT MARTI,Provençals del Poblenou,AVINGUDA,DIAGONAL,2,162,,,,,,,4,2,2.196532576,41.40595896
10-2013-0796,SANT MARTI,Diagonal Mar i el Front Marítim del Poblenou,PASSEIG,GARCIA FARIA,1,69,,71,,,,,2,1,2.214093104,41.40403622
10-2013-0797,SANT MARTI,el Besòs i el Maresme,CARRER,VENEÇUELA,2,162,,,,,,,EN,1,2.213312391,41.4144045
02-2013-2436,L'EIXAMPLE,la Sagrada Família,CARRER,ROSSELLO,2,448,,,,,,,5,1,2.176118192,41.40730422
02-2013-2437,L'EIXAMPLE,la Sagrada Família,CARRER,ROSSELLO,2,448,,,,,,,5,2,2.176118192,41.40730422
03-2014-0077,SANTS-MONTJUÏC,Sants,CARRER,SANTS,2,60,,,,,,,EN,,2.137827436,41.37546446
02-2012-1682,L'EIXAMPLE,Sant Antoni,RONDA,SANT PAU,1,1,,,,,,,2,2,2.167286662,41.37532033
02-2012-1683,L'EIXAMPLE,Sant Antoni,RONDA,SANT PAU,1,1,,,,,,,4,2,2.167286662,41.37532033
02-2012-1684,L'EIXAMPLE,Sant Antoni,RONDA,SANT PAU,1,1,,,,,,,5,2,2.167286662,41.37532033
04-2013-0044,LES CORTS,la Maternitat i Sant Ramon,CARRER,COMTE DE GUELL,2,30,,,,,,,2,2,2.122605065,41.37750132
02-2013-0280,L'EIXAMPLE,Sant Antoni,CARRER,CALABRIA,2,8,,12,,,,,5,3,2.160574485,41.3756512
01-2013-0130,CIUTAT VELLA,el Raval,CARRER,AURORA,1,25,,,,,,,2,3,2.167159632,41.37799075
01-2013-0131,CIUTAT VELLA,el Raval,CARRER,AURORA,1,11,B,,,,,,2,1,2.168090521,41.37864747
01-2013-0132,CIUTAT VELLA,el Raval,CARRER,AURORA,1,11,,,,,,,1,1,2.168235514,41.37875324
01-2013-1017,CIUTAT VELLA,la Barceloneta,PASSEIG,JOAN BORBO C BARCELONA,2,38,,,,,,,PR,C,2.188293021,41.37833793
10-2014-0055,SANT MARTI,el Poblenou,CARRER,RAMON TURRO,2,178,,,,,,,1,,2.200438972,41.39788694
04-2012-0344,LES CORTS,les Corts,CARRER,GALILEU,1,241,,,,,,,3,,2.132970396,41.38220457
02-2013-1776,L'EIXAMPLE,la Nova Esquerra de l'Eixample,CARRER,ROCAFORT,2,102,,,,,,,2,3,2.152263055,41.38021891
02-2013-1777,L'EIXAMPLE,la Nova Esquerra de l'Eixample,CARRER,ROCAFORT,2,102,,,,,,,2,1,2.152263055,41.38021891
02-2013-1778,L'EIXAMPLE,la Nova Esquerra de l'Eixample,CARRER,ROCAFORT,2,102,,,,,,,2,2,2.152263055,41.38021891
02-2013-1779,L'EIXAMPLE,la Nova Esquerra de l'Eixample,CARRER,ROCAFORT,2,102,,,,,,,1,2,2.152263055,41.38021891
02-2012-1918,L'EIXAMPLE,la Sagrada Família,CARRER,DOS DE MAIG,1,225,,,,,,,1,1,2.182583906,41.40650404
02-2012-1919,L'EIXAMPLE,la Nova Esquerra de l'Eixample,CARRER,VILADOMAT,1,319,,,,,,,1,1,2.144352297,41.38930632
02-2012-1920,L'EIXAMPLE,l'Antiga Esquerra de l'Eixample,CARRER,VILLARROEL,1,195,,,,,,,2,4,2.150962807,41.38944718
02-2012-1921,L'EIXAMPLE,l'Antiga Esquerra de l'Eixample,CARRER,VILLARROEL,1,195,,,,,,,5,4,2.150962807,41.38944718
10-2013-0560,SANT MARTI,el Camp de l'Arpa del Clot,CARRER,CORSEGA,1,703,,,,,,,PR,4,2.180566635,41.4126759
10-2013-0562,SANT MARTI,el Camp de l'Arpa del Clot,CARRER,CORSEGA,1,703,,,,,,,2,4,2.180566635,41.4126759
03-2013-0449,SANTS-MONTJUÏC,el Poble Sec,CARRER,MATA,2,24,,,,,,,4,1,2.170546071,41.37251524
01-2013-0592,CIUTAT VELLA,la Barceloneta,CARRER,PROCLAMACIO,2,12,,,,,,,1,,2.191197765,41.37993801
01-2013-0593,CIUTAT VELLA,el Barri Gòtic,CARRER,RIPOLL,1,27,,,,,,,2,,2.174946278,41.38553444
01-2013-0594,CIUTAT VELLA,el Barri Gòtic,CARRER,RIPOLL,1,27,,,,,,,4,,2.174946278,41.38553444
02-2013-1535,L'EIXAMPLE,Sant Antoni,GRAN VIA,CORTS CATALANES,2,500,,,,,,,1,B,2.157278092,41.38083208
01-2013-0595,CIUTAT VELLA,el Barri Gòtic,CARRER,RIPOLL,1,27,,,,,,,3,,2.174946278,41.38553444
02-2013-2381,L'EIXAMPLE,l'Antiga Esquerra de l'Eixample,CARRER,ARIBAU,2,184,,,,,,,2,1,2.152671622,41.39356565
06-2013-0738,GRACIA,la Vila de Gràcia,CARRER,GRAN DE GRACIA,1,231,,,,,,A,2,1,2.150916045,41.40508058
10-2014-0065,SANT MARTI,el Camp de l'Arpa del Clot,CARRER,INDEPENDENCIA,2,362,,,,,,,2,1,2.178426253,41.41170279
10-2014-0066,SANT MARTI,el Camp de l'Arpa del Clot,CARRER,INDEPENDENCIA,2,362,,,,,,,5,2,2.178426253,41.41170279
02-2012-1858,L'EIXAMPLE,la Sagrada Família,CARRER,VALENCIA,1,497,,,,,,,1,3,2.179368516,41.40488813
02-2013-0072,L'EIXAMPLE,l'Antiga Esquerra de l'Eixample,CARRER,COMTE D'URGELL,1,237,,239,,,,,3,1,2.146760529,41.39084177
02-2013-0283,L'EIXAMPLE,el Fort Pienc,CARRER,LEPANT,2,222,,,,,,,PR,1,2.180710799,41.4015081
01-2013-0106,CIUTAT VELLA,el Barri Gòtic,PLAÇA,REIAL,1,3,,,,,,,2,1,2.174707144,41.38015924
01-2013-0107,CIUTAT VELLA,el Barri Gòtic,PLAÇA,REIAL,1,3,,,,,,,2,2,2.174707144,41.38015924
01-2013-0108,CIUTAT VELLA,el Barri Gòtic,PLAÇA,REIAL,1,3,,,,,,,2,3,2.174707144,41.38015924
01-2013-0109,CIUTAT VELLA,el Barri Gòtic,PLAÇA,REIAL,1,3,,,,,,,3,1,2.174707144,41.38015924
06-2013-0456,GRACIA,la Vila de Gràcia,CARRER,ASTURIES,2,70,,,,,,,BJ,1,2.156695864,41.40476129
03-2013-0759,SANTS-MONTJUÏC,el Poble Sec,CARRER,SALVA,2,32,,,,,,,3,3,2.165867636,41.3734421
03-2013-0760,SANTS-MONTJUÏC,el Poble Sec,CARRER,TAPIOLES,1,69,,,,,,,5,2,2.163652403,41.37171179
03-2013-0761,SANTS-MONTJUÏC,el Poble Sec,CARRER,TAPIOLES,2,20,,,,,,,2,3,2.164344413,41.3735826
03-2013-0763,SANTS-MONTJUÏC,Hostafrancs,CARRER,ALIGA,2,28,,,,,,,1,2,2.143438932,41.37442369
06-2014-0016,GRACIA,la Vila de Gràcia,CARRER,LLIBERTAT,2,38,,,,,,,1,3,2.161992232,41.40021109
01-2013-0930,CIUTAT VELLA,el Barri Gòtic,CARRER,N'AMARGOS,1,17,,,,,,,1,1,2.174042102,41.38651712
02-2012-1703,L'EIXAMPLE,el Fort Pienc,PASSEIG,SANT JOAN,2,50,,,,,,,PR,1,2.177260033,41.39392298
02-2012-1704,L'EIXAMPLE,el Fort Pienc,PASSEIG,SANT JOAN,2,50,,,,,,,2,1,2.177260033,41.39392298
05-2012-0513,SARRIA-SANT GERVASI,Sant Gervasi - Galvany,CARRER,MADRAZO,2,124,,128,,,,,3,4,2.142853081,41.3957259
03-2012-0463,SANTS-MONTJUÏC,el Poble Sec,CARRER,PEDRERES,1,35,,,,,,,4,2,2.159425996,41.37323115
02-2012-1705,L'EIXAMPLE,la Dreta de l'Eixample,CARRER,AUSIAS MARC,1,13,,,,,,,2,3,2.174144037,41.39037909
02-2012-1706,L'EIXAMPLE,Sant Antoni,CARRER,SEPULVEDA,1,155,,,,,,,PR,1,2.161422443,41.382529
02-2013-1926,L'EIXAMPLE,la Sagrada Família,CARRER,INDUSTRIA,2,184,,,,,,,3,,2.175966832,41.41057745
02-2013-2120,L'EIXAMPLE,el Fort Pienc,CARRER,SICILIA,1,159,,,,,,,2,1,2.176937434,41.39882438
02-2013-2124,L'EIXAMPLE,el Fort Pienc,CARRER,SICILIA,1,159,,,,,,,2,4,2.176937434,41.39882438
02-2013-2126,L'EIXAMPLE,el Fort Pienc,CARRER,SICILIA,1,159,,,,,,,3,3,2.176937434,41.39882438
02-2013-2128,L'EIXAMPLE,el Fort Pienc,CARRER,SICILIA,1,159,,,,,,,1,1,2.176937434,41.39882438
02-2013-2130,L'EIXAMPLE,el Fort Pienc,CARRER,SICILIA,1,159,,,,,,,PR,1,2.176937434,41.39882438
02-2013-2191,L'EIXAMPLE,la Dreta de l'Eixample,CARRER,VALENCIA,2,358,,,,,,I,3,1,2.170232418,41.39776234
02-2013-2199,L'EIXAMPLE,el Fort Pienc,CARRER,SICILIA,2,172,,,,,,,1,2,2.180998685,41.39602798
03-2013-0755,SANTS-MONTJUÏC,Sants,PASSEIG,SANT ANTONI,1,35,,,,,,,AT,,2.137385806,41.37747437
02-2014-0113,L'EIXAMPLE,la Dreta de l'Eixample,PASSEIG,SANT JOAN,2,62,,,,,,,AT,,2.17373687,41.39658862
02-2013-0149,L'EIXAMPLE,la Dreta de l'Eixample,CARRER,BALMES,2,28,,,,,,,1,1,2.164569948,41.38798433
10-2013-0064,SANT MARTI,Provençals del Poblenou,CARRER,CASTELLA,1,33,,,,,,,3,2,2.196604746,41.40618392
06-2013-0054,GRACIA,el Camp d'en Grassot i Gràcia Nova,CARRER,SANT ANTONI MARIA CLARET,2,16,,,,,,,2,1,2.163867066,41.40315458
01-2013-0053,CIUTAT VELLA,la Barceloneta,CARRER,GRAU I TORRAS,1,17,,,,,,,2,,2.19035271,41.37950185
02-2013-2356,L'EIXAMPLE,l'Antiga Esquerra de l'Eixample,CARRER,CORSEGA,2,252,,,,,,,EN,,2.155541838,41.39352377
02-2014-0004,L'EIXAMPLE,el Fort Pienc,CARRER,RIBES,1,73,,,,,,,1,1G,2.184084425,41.39997503
10-2014-0017,SANT MARTI,la Vila Olímpica del Poblenou,CARRER,SALVADOR ESPRIU,1,73,,,,,,,3,2,2.199917229,41.39133785
06-2014-0035,GRACIA,la Vila de Gràcia,CARRER,MILA I FONTANALS,1,45,,,,,,,PR,4,2.16146014,41.40197691
05-2012-0561,SARRIA-SANT GERVASI,Sant Gervasi - la Bonanova,CARRER,BISBE SIVILLA,1,27,,,,,,,1,1,2.134865262,41.40441151
06-2012-0600,GRACIA,la Vila de Gràcia,CARRER,SANT DOMENEC,1,5,,,,,,,1,2,2.156310753,41.39975201
06-2012-0601,GRACIA,la Vila de Gràcia,CARRER,SANT DOMENEC,1,5,,,,,,,1,1,2.156310753,41.39975201
06-2012-0602,GRACIA,la Vila de Gràcia,CARRER,SANT DOMENEC,1,5,,,,,,,3,2,2.156310753,41.39975201
06-2012-0603,GRACIA,la Vila de Gràcia,CARRER,SANT DOMENEC,1,5,,,,,,,2,2,2.156310753,41.39975201
06-2012-0604,GRACIA,la Vila de Gràcia,CARRER,SANT DOMENEC,1,5,,,,,,,2,1,2.156310753,41.39975201
06-2012-0605,GRACIA,la Vila de Gràcia,CARRER,SANT DOMENEC,1,5,,,,,,,3,1,2.156310753,41.39975201
06-2012-0639,GRACIA,la Vila de Gràcia,CARRER,MILA I FONTANALS,2,88,,,,,,,2,,2.160495597,41.40288581
07-2012-0285,HORTA-GUINARDÓ,el Guinardó,CARRER,TROBADOR,1,51,,,,,,,3,,2.178738514,41.41589967
02-2012-1942,L'EIXAMPLE,la Dreta de l'Eixample,PASSEIG,SANT JOAN,1,51,,,,,,,4,,2.172679577,41.39672253
02-2012-1944,L'EIXAMPLE,la Sagrada Família,CARRER,ARAGO,1,497,,,,,,,2,2,2.181275771,41.40475133
03-2013-0056,SANTS-MONTJUÏC,Sants,CARRER,COMTES DE BELL-LLOC,1,53,,55,,,,,3,3,2.137849114,41.37957125
05-2014-0027,SARRIA-SANT GERVASI,les Tres Torres,RONDA,GENERAL MITRE,1,7,,,,,,,5,4,2.131022749,41.39320471
05-2014-0028,SARRIA-SANT GERVASI,les Tres Torres,RONDA,GENERAL MITRE,1,7,,,,,,,2,4,2.131022749,41.39320471
02-2012-1661,L'EIXAMPLE,la Sagrada Família,CARRER,MALLORCA,2,374,,,,,,,3,2,2.172773957,41.40137815
06-2013-0064,GRACIA,la Vila de Gràcia,CARRER,SANT PERE MARTIR,2,52,,,,,,,2,1,2.156639146,41.40018397
02-2013-0323,L'EIXAMPLE,la Sagrada Família,CARRER,PADILLA,1,285,,287,,,,,4,1,2.175095889,41.40714998
05-2013-0113,SARRIA-SANT GERVASI,les Tres Torres,RONDA,GENERAL MITRE,1,65,,,,,,,1,4,2.132714684,41.3969873
02-2013-2263,L'EIXAMPLE,el Fort Pienc,GRAN VIA,CORTS CATALANES,2,752,,,,,,,4,1,2.179607497,41.39760366
10-2013-0829,SANT MARTI,el Camp de l'Arpa del Clot,CARRER,FRESER,2,78,,,,,,,1,1,2.180517404,41.41184715
10-2013-0830,SANT MARTI,el Camp de l'Arpa del Clot,CARRER,FINESTRAT,1,15,,,,,,,BJ,,2.180850817,41.4117199
06-2014-0047,GRACIA,Vallcarca i els Penitents,CARRER,MARE DE DEU DEL COLL,2,82,,,,,,,3,1,2.147396015,41.41126132
05-2014-0029,SARRIA-SANT GERVASI,el Putxet i el Farró,CARRER,COSTA,1,47,,49,,,,,AT,1,2.145329128,41.40968198
02-2013-1511,L'EIXAMPLE,la Sagrada Família,CARRER,VALENCIA,2,384,,,,,,,9,1,2.174025349,41.40061637
02-2013-1657,L'EIXAMPLE,l'Antiga Esquerra de l'Eixample,CARRER,CONSELL DE CENT,1,299,,,,,,,EN,,2.162305615,41.3886761
02-2013-1766,L'EIXAMPLE,la Dreta de l'Eixample,CARRER,VALENCIA,2,358,,,,,,E,3,1,2.170232418,41.39776234
02-2013-1767,L'EIXAMPLE,la Dreta de l'Eixample,CARRER,VALENCIA,2,358,,,,,,E,4,1,2.170232418,41.39776234
10-2013-0098,SANT MARTI,el Poblenou,PASSEIG,CALVELL,1,45,,,,,,C,2,1,2.20760134,41.39891663
10-2013-0099,SANT MARTI,el Poblenou,PASSEIG,CALVELL,1,45,,,,,,C,2,2,2.20760134,41.39891663
10-2013-0100,SANT MARTI,el Poblenou,PASSEIG,CALVELL,1,45,,,,,,C,2,3,2.20760134,41.39891663
10-2013-0107,SANT MARTI,el Poblenou,PASSEIG,CALVELL,1,45,,,,,,B,3,3,2.20760134,41.39891663
10-2013-0108,SANT MARTI,el Poblenou,PASSEIG,CALVELL,1,45,,,,,,D,2,1,2.20760134,41.39891663
10-2013-0109,SANT MARTI,el Poblenou,PASSEIG,CALVELL,1,45,,,,,,D,2,2,2.20760134,41.39891663
10-2013-0114,SANT MARTI,la Vila Olímpica del Poblenou,AVINGUDA,ICARIA,2,134,,,,,,,5,2,2.195325609,41.38946779
02-2013-1854,L'EIXAMPLE,l'Antiga Esquerra de l'Eixample,AVINGUDA,ROMA,1,141,,,,,,,7,2,2.15623126,41.38639553
02-2013-1855,L'EIXAMPLE,la Nova Esquerra de l'Eixample,CARRER,CALABRIA,2,130,,,,,,,1,3,2.153322683,41.3811257
04-2012-0309,LES CORTS,la Maternitat i Sant Ramon,TRAVESSERA,CORTS,2,84,,,,,,,2,2,2.123512587,41.37910276
03-2014-0011,SANTS-MONTJUÏC,el Poble Sec,CARRER,CONCORDIA,1,59,,,,,,,2,1,2.158412357,41.37178117
01-2014-0018,CIUTAT VELLA,el Barri Gòtic,CARRER,FERRAN,2,2,,,,,,,4,2,2.174306433,41.38035824
02-2014-0183,L'EIXAMPLE,la Dreta de l'Eixample,CARRER,MALLORCA,2,304,,,,,,,PR,1,2.166988065,41.3970342
02-2014-0595,L'EIXAMPLE,la Dreta de l'Eixample,CARRER,VALENCIA,2,372,,,,,,,PR,2,2.172407269,41.39939484
02-2013-0085,L'EIXAMPLE,Sant Antoni,CARRER,COMTE BORRELL,1,125,,,,,,,EN,1,2.158111237,41.38063927
02-2013-0086,L'EIXAMPLE,la Dreta de l'Eixample,CARRER,DIPUTACIO,1,259,,263,,,,,2,6,2.166329588,41.38999897
02-2013-0087,L'EIXAMPLE,Sant Antoni,CARRER,SEPULVEDA,2,156,,160,,,,,5,5,2.161439669,41.38226052
05-2013-0115,SARRIA-SANT GERVASI,Vallvidrera el Tibidabo i les Planes,CARRER,ALBERES,2,18,,,,,,,BJ,2,2.106150436,41.41428319
03-2012-0528,SANTS-MONTJUÏC,el Poble Sec,CARRER,NOU DE LA RAMBLA,1,121,,,,,,,2,1,2.168946194,41.37381877
02-2013-0284,L'EIXAMPLE,la Sagrada Família,CARRER,MARINA,2,240,,,,,,,PR,1,2.177152845,41.40256275
02-2013-0285,L'EIXAMPLE,la Dreta de l'Eixample,CARRER,VALENCIA,1,235,,,,,,,1,1,2.16168984,41.39160788
02-2013-1546,L'EIXAMPLE,el Fort Pienc,CARRER,AUSIAS MARC,1,157,,159,,,,D,EN,4,2.18412206,41.39784974
01-2013-0027,CIUTAT VELLA,el Barri Gòtic,CARRER,OBRADORS,1,13,,,,,,,1,1,2.177322457,41.37963156
01-2013-0028,CIUTAT VELLA,Sant Pere Santa Caterina i la Ribera,CARRER,POU DE LA FIGUERA,2,16,,,,,,,3,,2.180094407,41.38770364
10-2014-0067,SANT MARTI,el Camp de l'Arpa del Clot,CARRER,INDEPENDENCIA,2,362,,,,,,,2,3,2.178426253,41.41170279
10-2014-0069,SANT MARTI,el Camp de l'Arpa del Clot,CARRER,INDEPENDENCIA,2,362,,,,,,,2,2,2.178426253,41.41170279
05-2013-0099,SARRIA-SANT GERVASI,el Putxet i el Farró,PASSEIG,SANT GERVASI,2,58,,,,,,,4,1,2.138359737,41.41105958
05-2013-0100,SARRIA-SANT GERVASI,el Putxet i el Farró,PASSEIG,SANT GERVASI,2,58,,,,,,,3,4,2.138359737,41.41105958
05-2013-0101,SARRIA-SANT GERVASI,el Putxet i el Farró,PASSEIG,SANT GERVASI,2,58,,,,,,,AT,1,2.138359737,41.41105958
10-2013-0141,SANT MARTI,la Vila Olímpica del Poblenou,CARRER,PAMPLONA,1,31,,,,,,,3,3,2.195451516,41.39351158
10-2013-0737,SANT MARTI,el Parc i la Llacuna del Poblenou,CARRER,TANGER,2,46,,,,,,,7,1,2.189915284,41.40022067
10-2013-0738,SANT MARTI,el Parc i la Llacuna del Poblenou,CARRER,TANGER,2,46,,,,,,,7,2,2.189915284,41.40022067
10-2013-0739,SANT MARTI,el Parc i la Llacuna del Poblenou,CARRER,TANGER,2,46,,,,,,,7,3,2.189915284,41.40022067
02-2012-1956,L'EIXAMPLE,Sant Antoni,CARRER,ENTENÇA,1,33,,,,,,,PR,1,2.153841103,41.3770428
02-2012-1957,L'EIXAMPLE,Sant Antoni,CARRER,ENTENÇA,1,33,,,,,,,PR,2,2.153841103,41.3770428
02-2012-1958,L'EIXAMPLE,Sant Antoni,CARRER,ENTENÇA,1,33,,,,,,,6,,2.153841103,41.3770428
04-2013-0443,LES CORTS,Pedralbes,CARRER,BELTRAN I ROZPIDE,1,7,,9,,,,,9,8,2.121452254,41.38920777
02-2012-2012,L'EIXAMPLE,Sant Antoni,CARRER,PARLAMENT,1,35,,,,,,,4,1,2.162735786,41.37672885
02-2012-2013,L'EIXAMPLE,Sant Antoni,CARRER,PARLAMENT,1,35,,,,,,,4,2,2.162735786,41.37672885
06-2013-0709,GRACIA,la Vila de Gràcia,CARRER,MARTINEZ DE LA ROSA,1,51,,,,,,,1,1,2.158483406,41.40029685
06-2013-0708,GRACIA,la Vila de Gràcia,CARRER,MARTINEZ DE LA ROSA,1,51,,,,,,,3,1,2.158483406,41.40029685
06-2013-0710,GRACIA,la Vila de Gràcia,CARRER,MARTINEZ DE LA ROSA,1,53,,,,,,,1,1,2.158483406,41.40029685
03-2013-0742,SANTS-MONTJUÏC,el Poble Sec,CARRER,MAGALHAES,1,39,,,,,,,2,2,2.162897306,41.37218051
03-2013-0743,SANTS-MONTJUÏC,el Poble Sec,CARRER,MAGALHAES,1,39,,,,,,,BJ,2,2.162897306,41.37218051
03-2013-0744,SANTS-MONTJUÏC,el Poble Sec,CARRER,MAGALHAES,1,39,,,,,,,4,1,2.162897306,41.37218051
03-2013-0745,SANTS-MONTJUÏC,el Poble Sec,CARRER,MAGALHAES,1,39,,,,,,,3,1,2.162897306,41.37218051
03-2013-0746,SANTS-MONTJUÏC,el Poble Sec,CARRER,MAGALHAES,1,39,,,,,,,1,1,2.162897306,41.37218051
02-2012-1906,L'EIXAMPLE,la Nova Esquerra de l'Eixample,CARRER,COMTE BORRELL,1,251,,,,,,,2,1,2.149744516,41.38695031
06-2012-0619,GRACIA,el Camp d'en Grassot i Gràcia Nova,PASSEIG,AMUNT,2,18,,,,,,,SA,,2.160016508,41.4100348
02-2012-1911,L'EIXAMPLE,la Dreta de l'Eixample,PASSEIG,SANT JOAN,2,60,,,,,,,1,1,2.173924396,41.39644644
10-2013-0727,SANT MARTI,la Vila Olímpica del Poblenou,CARRER,RAMON TURRO,2,52,,54,,,,,1,1,2.193231526,41.39250558
03-2012-0475,SANTS-MONTJUÏC,Sants - Badal,CARRER,MUNNE,1,9,,,,,,,2,2,2.123388729,41.37528467
06-2013-0518,GRACIA,el Camp d'en Grassot i Gràcia Nova,CARRER,GRASSOT,1,75,,,,,,,3,,2.165987562,41.40461295
04-2013-0307,LES CORTS,les Corts,CARRER,NUMANCIA,2,84,,,,,,,5,2,2.137148935,41.3852291
02-2014-0135,L'EIXAMPLE,Sant Antoni,CARRER,MANSO,2,60,,,,,,,3,2,2.161910256,41.37753506
10-2013-0040,SANT MARTI,la Vila Olímpica del Poblenou,CARRER,DOCTOR TRUETA,1,15,,,,,,,5,1,2.191907451,41.39010151
02-2013-0176,L'EIXAMPLE,l'Antiga Esquerra de l'Eixample,CARRER,DIPUTACIO,1,197,,,,,,,1,2,2.161066264,41.38603472
06-2013-0057,GRACIA,la Vila de Gràcia,PASSEIG,GRACIA,1,115,,,,,,,5,1,2.158336102,41.39704927
02-2012-1888,L'EIXAMPLE,la Dreta de l'Eixample,CARRER,ROGER DE LLURIA,2,108,,,,,,,4,1,2.16490479,41.39624774
06-2012-0651,GRACIA,la Vila de Gràcia,CARRER,CORSEGA,1,397,,,,,,,1,1,2.163607858,41.39989921
02-2013-2367,L'EIXAMPLE,Sant Antoni,GRAN VIA,CORTS CATALANES,2,588,,,,,,,5,1,2.16298509,41.38512808
01-2013-0981,CIUTAT VELLA,Sant Pere Santa Caterina i la Ribera,CARRER,REC,2,38,,,,,,,3,,2.183035046,41.38485583
01-2013-0984,CIUTAT VELLA,Sant Pere Santa Caterina i la Ribera,CARRER,REC,2,38,,,,,,,4,,2.183035046,41.38485583
01-2013-1022,CIUTAT VELLA,el Raval,CARRER,NOU DE LA RAMBLA,1,9,,,,,,,1,1B,2.173941153,41.37869655
01-2013-1023,CIUTAT VELLA,el Raval,CARRER,NOU DE LA RAMBLA,1,9,,,,,,,2,1B,2.173941153,41.37869655
02-2014-0174,L'EIXAMPLE,la Dreta de l'Eixample,RAMBLA,CATALUNYA,2,50,,,,,,,1,1,2.164273953,41.39067446
02-2014-0052,L'EIXAMPLE,l'Antiga Esquerra de l'Eixample,CARRER,VILLARROEL,2,136,,,,,,,2,4,2.154684814,41.38691705
02-2014-0234,L'EIXAMPLE,Sant Antoni,CARRER,CALABRIA,1,5,,,,,,,4,,2.160461011,41.37544945
02-2013-0499,L'EIXAMPLE,la Nova Esquerra de l'Eixample,CARRER,ARAGO,2,100,,,,,,,4,3,2.153460863,41.38343827
10-2013-0598,SANT MARTI,la Verneda i la Pau,RAMBLA,PRIM,2,240,,,,,,,4,2,2.202481221,41.42442681
10-2013-0600,SANT MARTI,el Poblenou,CARRER,PALLARS,2,232,,,,,,,1,2,2.200235691,41.40285068
02-2014-0253,L'EIXAMPLE,l'Antiga Esquerra de l'Eixample,CARRER,PARIS,1,165,,,,,,,1,2,2.151291962,41.39230607
02-2014-0254,L'EIXAMPLE,l'Antiga Esquerra de l'Eixample,CARRER,ARIBAU,1,17,,,,,,,EN,2,2.161467696,41.38663907
06-2014-0119,GRACIA,la Vila de Gràcia,CARRER,MATILDE,1,7,,,,,,,PR,,2.156898801,41.40047267
02-2013-0245,L'EIXAMPLE,la Sagrada Família,AVINGUDA,DIAGONAL,2,336,,,,,,,7,1,2.174122931,41.40044253
04-2013-0436,LES CORTS,la Maternitat i Sant Ramon,CARRER,COMANDANT BENITEZ,2,20,,,,,,,4,1,2.126441955,41.38022076
02-2013-2374,L'EIXAMPLE,la Sagrada Família,AVINGUDA,GAUDI,2,2,,4,,,,,4,4,2.174585476,41.40491138
01-2012-0628,CIUTAT VELLA,Sant Pere Santa Caterina i la Ribera,CARRER,MERCADERS,1,5,,,,,,,2,,2.17883564,41.38482613
02-2013-0267,L'EIXAMPLE,la Dreta de l'Eixample,CARRER,CONSELL DE CENT,1,315,,,,,,,2,1,2.163224707,41.38937081
05-2012-0576,SARRIA-SANT GERVASI,Sant Gervasi - Galvany,CARRER,ARIBAU,2,226,,,,,,,2,D,2.150536157,41.39517058
02-2013-2021,L'EIXAMPLE,la Dreta de l'Eixample,RONDA,SANT PERE,2,28,,,,,,,1,1,2.1744467,41.38943178
10-2013-0864,SANT MARTI,el Camp de l'Arpa del Clot,CARRER,DOS DE MAIG,2,306,,,,,,,PR,2,2.177124911,41.41092007
10-2012-0624,SANT MARTI,Diagonal Mar i el Front Marítim del Poblenou,AVINGUDA,DIAGONAL,1,99,,,,,,B,1,1,2.204690841,41.40750312
10-2012-0653,SANT MARTI,la Vila Olímpica del Poblenou,CARRER,SALVADOR ESPRIU,1,31,,,,,,,3,1,2.197251767,41.38935154
02-2012-1938,L'EIXAMPLE,Sant Antoni,CARRER,SEPULVEDA,2,176,,,,,,,AT,,2.16262911,41.38316201
02-2013-0118,L'EIXAMPLE,la Dreta de l'Eixample,CARRER,CASP,2,36,,,,,,,3,2,2.171925787,41.39013461
01-2013-0982,CIUTAT VELLA,Sant Pere Santa Caterina i la Ribera,CARRER,REC,2,38,,,,,,,1,,2.183035046,41.38485583
02-2012-1676,L'EIXAMPLE,l'Antiga Esquerra de l'Eixample,CARRER,CONSELL DE CENT,2,220,,,,,,,EN,2,2.158931304,41.38585947
03-2012-0458,SANTS-MONTJUÏC,el Poble Sec,CARRER,VILA I VILA,1,95,,,,,,,PR,2,2.167760011,41.37441298
02-2012-1877,L'EIXAMPLE,la Nova Esquerra de l'Eixample,CARRER,COMTE D'URGELL,1,91,,,,,,,1,2,2.156347422,41.38361221
01-2013-0029,CIUTAT VELLA,el Raval,CARRER,CARRETES,1,1,,,,,,,2,1,2.16585154,41.37847755
02-2013-0100,L'EIXAMPLE,l'Antiga Esquerra de l'Eixample,CARRER,PROVENÇA,2,222,,,,,,,5,1,2.156644745,41.39094597
02-2013-1484,L'EIXAMPLE,la Nova Esquerra de l'Eixample,CARRER,DIPUTACIO,1,51,,,,,,,EN,2,2.153119442,41.38005941
03-2014-0061,SANTS-MONTJUÏC,el Poble Sec,PLAÇA,SORTIDOR,1,3,,,,,,,1,1,2.162225185,41.37262138
10-2012-0628,SANT MARTI,el Poblenou,CARRER,VIDAL I DE VALENCIANO,1,7,,,,,,,1,1,2.206910109,41.39983202
10-2012-0647,SANT MARTI,Diagonal Mar i el Front Marítim del Poblenou,PASSEIG,TAULAT,1,229,,,,,,,6,2,2.210431706,41.40344702
02-2012-2031,L'EIXAMPLE,l'Antiga Esquerra de l'Eixample,CARRER,VILLARROEL,1,133,,,,,,,2,2,2.154617915,41.38669299
02-2013-0344,L'EIXAMPLE,la Dreta de l'Eixample,PASSATGE,BOCABELLA,2,10,,,,,,,EN,4,2.17669736,41.3968401
03-2013-0676,SANTS-MONTJUÏC,el Poble Sec,CARRER,VILA I VILA,1,57,,,,,,,PR,2,2.170163296,41.37370115
04-2013-0444,LES CORTS,les Corts,AVINGUDA,MADRID,1,179,,,,,,,5,1,2.132962736,41.38113354
10-2012-0697,SANT MARTI,el Clot,CARRER,SOLER I ROVIROSA,2,2,,4,,,,,7,,2.189427131,41.4098936
01-2013-0898,CIUTAT VELLA,la Barceloneta,CARRER,SANT MIQUEL,2,10,,,,,,,BJ,,2.187732636,41.38108695
02-2012-1972,L'EIXAMPLE,la Dreta de l'Eixample,CARRER,AUSIAS MARC,1,5,,,,,,,AT,1,2.173783535,41.39011227
06-2013-0055,GRACIA,la Vila de Gràcia,PASSEIG,GRACIA,1,117,,,,,,,1,1,2.158222926,41.39714209
02-2013-0369,L'EIXAMPLE,la Nova Esquerra de l'Eixample,CARRER,ROCAFORT,2,246,,,,,,,5,1,2.144094505,41.38638345
03-2013-0747,SANTS-MONTJUÏC,el Poble Sec,CARRER,MAGALHAES,1,39,,,,,,,2,1,2.162897306,41.37218051
01-2013-1031,CIUTAT VELLA,la Barceloneta,CARRER,MAR,2,104,,,,,,,2,3,2.188861399,41.37728527
06-2013-0760,GRACIA,la Vila de Gràcia,CARRER,TORRENT DE L'OLLA,2,28,,,,,,,PR,2,2.160518685,41.39928761
02-2013-0018,L'EIXAMPLE,la Nova Esquerra de l'Eixample,CARRER,DIPUTACIO,1,73,,,,,,,1,4,2.154442023,41.38105352
06-2013-0486,GRACIA,la Vila de Gràcia,CARRER,GRAN DE GRACIA,2,16,,,,,,,2,3,2.15737524,41.39834332
01-2013-0677,CIUTAT VELLA,el Barri Gòtic,CARRER,VIDRE,2,10,,12,,,,,3,3,2.176243431,41.37971804
02-2012-1839,L'EIXAMPLE,la Dreta de l'Eixample,CARRER,PELAI,1,9,,,,,,,3,1,2.166531211,41.38585717
02-2012-1952,L'EIXAMPLE,el Fort Pienc,CARRER,SICILIA,1,161,,,,,,,5,3,2.17681624,41.39891634
03-2013-0039,SANTS-MONTJUÏC,el Poble Sec,CARRER,JAUME FABRA,1,1,,,,,,,EN,2,2.160359777,41.37471537
10-2013-0068,SANT MARTI,el Parc i la Llacuna del Poblenou,CARRER,ALABA,2,156,,,,,,,SA,1,2.187934623,41.40107878
10-2014-0061,SANT MARTI,Diagonal Mar i el Front Marítim del Poblenou,CARRER,PELLAIRES,1,25,,,,,,,BJ,B,2.210217785,41.40470091
01-2013-0051,CIUTAT VELLA,la Barceloneta,CARRER,GRAU I TORRAS,1,17,,,,,,,BJ,,2.19035271,41.37950185
01-2013-0052,CIUTAT VELLA,la Barceloneta,CARRER,GRAU I TORRAS,1,17,,,,,,,1,,2.19035271,41.37950185
03-2013-0677,SANTS-MONTJUÏC,Hostafrancs,GRAN VIA,CORTS CATALANES,1,289,,,,,,I,AT,1,2.144357072,41.37177335
07-2012-0258,HORTA-GUINARDÓ,el Baix Guinardó,CARRER,CARTAGENA,1,339,,,,,,,BJ,4,2.172781675,41.41221652
06-2012-0583,GRACIA,la Vila de Gràcia,CARRER,GRAN DE GRACIA,2,12,,,,,,,1,,2.157490237,41.39824684
06-2012-0584,GRACIA,la Vila de Gràcia,CARRER,GRAN DE GRACIA,2,12,,,,,,,2,,2.157490237,41.39824684
06-2012-0585,GRACIA,el Camp d'en Grassot i Gràcia Nova,CARRER,ENCARNACIO,2,142,,,,,,,EN,2,2.164594616,41.40915403
06-2012-0586,GRACIA,el Camp d'en Grassot i Gràcia Nova,CARRER,ENCARNACIO,2,142,,,,,,,PR,1,2.164594616,41.40915403
06-2012-0587,GRACIA,el Camp d'en Grassot i Gràcia Nova,CARRER,ENCARNACIO,2,142,,,,,,,1,1,2.164594616,41.40915403
06-2012-0588,GRACIA,el Camp d'en Grassot i Gràcia Nova,CARRER,ENCARNACIO,2,142,,,,,,,1,2,2.164594616,41.40915403
06-2012-0589,GRACIA,el Camp d'en Grassot i Gràcia Nova,CARRER,ENCARNACIO,2,142,,,,,,,2,1,2.164594616,41.40915403
06-2012-0590,GRACIA,el Camp d'en Grassot i Gràcia Nova,CARRER,ENCARNACIO,2,142,,,,,,,2,2,2.164594616,41.40915403
06-2012-0591,GRACIA,el Camp d'en Grassot i Gràcia Nova,CARRER,ENCARNACIO,2,142,,,,,,,3,1,2.164594616,41.40915403
06-2012-0592,GRACIA,el Camp d'en Grassot i Gràcia Nova,CARRER,ENCARNACIO,2,142,,,,,,,AT,,2.164594616,41.40915403
02-2013-1556,L'EIXAMPLE,la Sagrada Família,CARRER,ROSSELLO,2,444,,,,,,,BJ,1,2.175980087,41.40720309
02-2013-1557,L'EIXAMPLE,la Sagrada Família,AVINGUDA,GAUDI,2,44,,,,,,,5,1,2.17453971,41.40825117
01-2013-1024,CIUTAT VELLA,el Raval,CARRER,NOU DE LA RAMBLA,1,9,,,,,,,4,1,2.173941153,41.37869655
01-2013-1025,CIUTAT VELLA,el Raval,CARRER,MONTSERRAT,1,1,,,,,,,2,,2.174645001,41.37746749
01-2013-1026,CIUTAT VELLA,el Raval,CARRER,MONTSERRAT,1,1,,,,,,,3,,2.174645001,41.37746749
01-2013-1027,CIUTAT VELLA,el Raval,CARRER,MONTSERRAT,1,1,,,,,,,4,,2.174645001,41.37746749
02-2013-1866,L'EIXAMPLE,la Dreta de l'Eixample,GRAN VIA,CORTS CATALANES,1,657,,,,,,,2,1,2.173321232,41.39354866
02-2013-1867,L'EIXAMPLE,el Fort Pienc,GRAN VIA,CORTS CATALANES,1,733,,,,,,,AT,2,2.180180648,41.39869487
04-2013-0342,LES CORTS,la Maternitat i Sant Ramon,GRAN VIA,CARLES III,1,63,B,,,,,,AT,1,2.127333024,41.38374866
02-2014-0159,L'EIXAMPLE,la Dreta de l'Eixample,CARRER,ROSSELLO,1,275,,,,,,,3,A,2.161314838,41.39645907
02-2012-1718,L'EIXAMPLE,la Dreta de l'Eixample,CARRER,TRAFALGAR,1,5,,,,,,,3,1,2.174337328,41.38905853
02-2012-1720,L'EIXAMPLE,la Dreta de l'Eixample,RAMBLA,CATALUNYA,2,98,B,,,,,,5,4,2.160430058,41.39347774
07-2012-0266,HORTA-GUINARDÓ,el Baix Guinardó,TRAVESSERA,GRACIA,2,322,,,,,,A,1,2,2.168611796,41.40797375
02-2012-1989,L'EIXAMPLE,l'Antiga Esquerra de l'Eixample,CARRER,CASANOVA,2,96,,,,,,,3,2,2.156773051,41.38704822
02-2013-2258,L'EIXAMPLE,la Sagrada Família,AVINGUDA,GAUDI,1,63,,,,,,,3,1,2.174208437,41.40894496
02-2014-0053,L'EIXAMPLE,el Fort Pienc,CARRER,RIBES,1,49,,,,,,,2,B,2.182425208,41.3973029
02-2014-0054,L'EIXAMPLE,la Nova Esquerra de l'Eixample,CARRER,DIPUTACIO,2,120,,,,,,,2,1,2.155918446,41.3818847
03-2014-0039,SANTS-MONTJUÏC,el Poble Sec,CARRER,VILA I VILA,2,80,,,,,,,3,2,2.16829235,41.37444505
03-2014-0040,SANTS-MONTJUÏC,el Poble Sec,CARRER,VILA I VILA,2,80,,,,,,,4,1,2.16829235,41.37444505
02-2014-0143,L'EIXAMPLE,la Dreta de l'Eixample,CARRER,PROVENÇA,1,371,,,,,,,2,1,2.170483181,41.40163951
02-2013-0188,L'EIXAMPLE,la Dreta de l'Eixample,CARRER,BALMES,2,154,,,,,,,5,1,2.155996994,41.3944852
10-2013-0122,SANT MARTI,Diagonal Mar i el Front Marítim del Poblenou,PASSEIG,TAULAT,1,283,,,,,,,5,3,2.215920792,41.40800211
02-2013-0278,L'EIXAMPLE,la Dreta de l'Eixample,AVINGUDA,DIAGONAL,1,347,,,,,,,5,1,2.166286252,41.397984
03-2013-0476,SANTS-MONTJUÏC,el Poble Sec,CARRER,SALVA,2,30,,,,,,,1,3,2.165948993,41.37356325
04-2013-0302,LES CORTS,les Corts,AVINGUDA,JOSEP TARRADELLAS,1,147,,,,,,,1,1,2.143489878,41.39109449
06-2013-0671,GRACIA,la Vila de Gràcia,CARRER,TORDERA,1,47,,,,,,,3,3,2.162100336,41.40209356
03-2013-0669,SANTS-MONTJUÏC,el Poble Sec,AVINGUDA,PARAL.LEL,1,159,,,,,,,2,3,2.15676395,41.37481586
03-2013-0670,SANTS-MONTJUÏC,el Poble Sec,AVINGUDA,PARAL.LEL,1,159,,,,,,,PR,1,2.15676395,41.37481586
01-2012-0712,CIUTAT VELLA,el Raval,CARRER,JOAQUIN COSTA,2,56,,,,,,,EN,4,2.16505721,41.38329516
01-2012-0713,CIUTAT VELLA,el Raval,CARRER,JOAQUIN COSTA,2,56,,,,,,,1,4,2.16505721,41.38329516
01-2012-0714,CIUTAT VELLA,el Raval,CARRER,JOAQUIN COSTA,2,56,,,,,,,1,3,2.16505721,41.38329516
01-2013-0064,CIUTAT VELLA,Sant Pere Santa Caterina i la Ribera,CARRER,FLASSADERS,1,31,,,,,,,1,1,2.182335222,41.38528284
05-2013-0063,SARRIA-SANT GERVASI,el Putxet i el Farró,CARRER,PUTGET,1,73,,,,,,,2,2,2.144007162,41.40763632
02-2013-0202,L'EIXAMPLE,la Dreta de l'Eixample,RAMBLA,CATALUNYA,1,31,,,,,,,2,1,2.165384759,41.38946442
02-2013-2327,L'EIXAMPLE,l'Antiga Esquerra de l'Eixample,CARRER,ENRIC GRANADOS,1,41,,,,,,,4,1B,2.159183756,41.3900641
02-2014-0161,L'EIXAMPLE,l'Antiga Esquerra de l'Eixample,AVINGUDA,DIAGONAL,1,411,,,,,,,1,,2.154462698,41.39500951
06-2014-0063,GRACIA,el Camp d'en Grassot i Gràcia Nova,CARRER,ROSSELLO,1,415,B,,,,,,3,1,2.17174155,41.40432915
01-2014-0046,CIUTAT VELLA,el Raval,CARRER,SANTA MONICA,2,4,,,,,,,4,,2.175142325,41.37733339
02-2014-0487,L'EIXAMPLE,la Dreta de l'Eixample,CARRER,TRAFALGAR,1,33,,,,,,,2,1,2.176786013,41.38978176
02-2013-0097,L'EIXAMPLE,la Sagrada Família,CARRER,DOS DE MAIG,1,323,,,,,,I,2,3,2.175928163,41.41154304
05-2013-0033,SARRIA-SANT GERVASI,Sant Gervasi - Galvany,CARRER,SAGUES,2,18,,,,,,,PR,1,2.145014169,41.39426545
10-2013-0148,SANT MARTI,el Poblenou,CARRER,PERELLO,1,29,,,,,,2,BJ,1,2.207197018,41.39914365
10-2013-0149,SANT MARTI,el Poblenou,CARRER,FERROCARRIL,1,27,,,,,,1,3,1,2.207070421,41.3988077
10-2013-0150,SANT MARTI,el Poblenou,CARRER,FERROCARRIL,1,27,,,,,,1,3,2,2.207070421,41.3988077
10-2013-0151,SANT MARTI,el Poblenou,CARRER,FERROCARRIL,1,27,,,,,,,3,6,2.207070421,41.3988077
10-2013-0152,SANT MARTI,el Poblenou,CARRER,FERROCARRIL,1,27,,,,,,1,3,7,2.207070421,41.3988077
02-2014-0082,L'EIXAMPLE,l'Antiga Esquerra de l'Eixample,CARRER,PARIS,2,204,,,,,,,5,,2.154517622,41.39446164
02-2014-0107,L'EIXAMPLE,la Dreta de l'Eixample,PASSEIG,GRACIA,2,46,,,,,,,6,1,2.16582793,41.39183758
02-2012-1795,L'EIXAMPLE,la Nova Esquerra de l'Eixample,CARRER,DIPUTACIO,1,71,,,,,,,2,2,2.154338214,41.3809761
02-2012-1796,L'EIXAMPLE,la Sagrada Família,CARRER,PROVENÇA,1,467,,,,,,,5,2,2.175950073,41.40573039
02-2013-0073,L'EIXAMPLE,la Dreta de l'Eixample,CARRER,ROGER DE LLURIA,2,96,,,,,,,BJ,1,2.165768578,41.39559841
02-2013-2067,L'EIXAMPLE,la Dreta de l'Eixample,CARRER,TRAFALGAR,1,9,,,,,,,3,2,2.174607171,41.38905893
02-2013-2151,L'EIXAMPLE,la Dreta de l'Eixample,PASSEIG,GRACIA,1,3,,,,,,,5,1,2.169270627,41.38821806
02-2013-2335,L'EIXAMPLE,la Sagrada Família,CARRER,MARINA,2,244,,,,,,,2,1,2.177018414,41.4026651
02-2012-1748,L'EIXAMPLE,la Sagrada Família,CARRER,DOS DE MAIG,1,225,,,,,,,2,2,2.182583906,41.40650404
02-2012-1749,L'EIXAMPLE,la Sagrada Família,CARRER,ROSSELLO,1,449,,,,,,,3,2,2.174020442,41.40600987
02-2013-0126,L'EIXAMPLE,la Dreta de l'Eixample,CARRER,VALENCIA,2,284,,,,,,,1,1B,2.164737776,41.39362952
02-2013-0127,L'EIXAMPLE,la Dreta de l'Eixample,CARRER,VALENCIA,2,284,,,,,,,3,2B,2.164737776,41.39362952
02-2013-2135,L'EIXAMPLE,la Nova Esquerra de l'Eixample,CARRER,PROVENÇA,2,90,,,,,,,AT,3,2.148055905,41.38447376
01-2013-0985,CIUTAT VELLA,Sant Pere Santa Caterina i la Ribera,CARRER,REC,2,38,,,,,,,2,,2.183035046,41.38485583
10-2014-0087,SANT MARTI,la Vila Olímpica del Poblenou,CARRER,ARQUITECTE SERT,2,10,,,,,,,6,2,2.198734263,41.39141058
10-2014-0010,SANT MARTI,el Poblenou,PASSATGE,MAS DE RODA,2,26,,,,,,A,BJ,2,2.200504214,41.39709544
10-2012-0662,SANT MARTI,la Vila Olímpica del Poblenou,CARRER,SALVADOR ESPRIU,1,73,,,,,,,6,1,2.199917229,41.39133785
07-2013-0266,HORTA-GUINARDÓ,el Guinardó,PASSEIG,MARAGALL,1,255,,,,,,,AT,4,2.173668807,41.42602496
02-2012-1711,L'EIXAMPLE,la Dreta de l'Eixample,PASSEIG,GRACIA,2,44,,,,,,,6,E,2.165977919,41.39172116
02-2012-1652,L'EIXAMPLE,la Dreta de l'Eixample,CARRER,ROGER DE FLOR,2,148,,,,,,A,2,1,2.175059728,41.39710858
02-2012-1712,L'EIXAMPLE,la Dreta de l'Eixample,PASSEIG,GRACIA,2,44,,,,,,,6,D,2.165977919,41.39172116
05-2012-0632,SARRIA-SANT GERVASI,el Putxet i el Farró,CARRER,MARMELLA,2,2,B,,,,,,4,3,2.141946941,41.41045534
02-2013-0294,L'EIXAMPLE,l'Antiga Esquerra de l'Eixample,CARRER,ARAGO,1,207,,,,,,,5,1,2.159779871,41.38853401
10-2013-0168,SANT MARTI,el Poblenou,CARRER,BADAJOZ,2,26,,,,,,,1,2,2.199805764,41.39543896
02-2013-0020,L'EIXAMPLE,la Dreta de l'Eixample,CARRER,GIRONA,2,36,,,,,,,4,,2.174067349,41.39274005
02-2013-0080,L'EIXAMPLE,la Dreta de l'Eixample,RAMBLA,CATALUNYA,2,42,,,,,,,2,1,2.164963405,41.39016883
01-2013-0018,CIUTAT VELLA,el Barri Gòtic,CARRER,PALLA,1,13,,17,,,,,1,5,2.174417782,41.38327647
02-2013-0081,L'EIXAMPLE,la Dreta de l'Eixample,RAMBLA,CATALUNYA,2,52,,,,,,,5,2,2.164168587,41.39075107
02-2013-0170,L'EIXAMPLE,la Dreta de l'Eixample,CARRER,BALMES,2,24,,,,,,,2,2,2.164855671,41.38777069
02-2012-1883,L'EIXAMPLE,Sant Antoni,CARRER,CALABRIA,1,87,,,,,,,1,2,2.155890575,41.37890159
02-2012-1884,L'EIXAMPLE,la Nova Esquerra de l'Eixample,CARRER,CONSELL DE CENT,1,165,,,,,,,4,1,2.154647153,41.38290752
02-2013-0053,L'EIXAMPLE,el Fort Pienc,PASSATGE,PAGES,1,9,,,,,,,BJ,2,2.177726856,41.39761844
02-2013-0370,L'EIXAMPLE,el Fort Pienc,CARRER,LEPANT,1,149,,,,,,,4,4,2.184132872,41.39863806
10-2013-0172,SANT MARTI,el Poblenou,CARRER,LLATZERET,2,18,,,,,,,EN,1,2.201766702,41.40315299
06-2013-0507,GRACIA,el Camp d'en Grassot i Gràcia Nova,CARRER,SANT ANTONI MARIA CLARET,2,42,,,,,,,3,2,2.166001582,41.40479174
10-2012-0638,SANT MARTI,el Poblenou,CARRER,DOCTOR TRUETA,1,175,,,,,,,1,7,2.200512252,41.39686219
06-2013-0031,GRACIA,la Vila de Gràcia,CARRER,MAURICI SERRAHIMA,2,6,,,,,,,BJ,1,2.151527154,41.40517899
01-2013-0054,CIUTAT VELLA,la Barceloneta,CARRER,GRAU I TORRAS,1,17,,,,,,,3,,2.19035271,41.37950185
01-2013-0055,CIUTAT VELLA,la Barceloneta,CARRER,GRAU I TORRAS,1,17,,,,,,,4,,2.19035271,41.37950185
01-2013-0056,CIUTAT VELLA,la Barceloneta,CARRER,GRAU I TORRAS,1,17,,,,,,,5,,2.19035271,41.37950185
06-2013-0623,GRACIA,el Camp d'en Grassot i Gràcia Nova,PASSATGE,NOGUES,1,7,,,,,,,3,1,2.166775813,41.40749997
02-2013-2065,L'EIXAMPLE,el Fort Pienc,CARRER,NAPOLS,2,194,,,,,,,PR,1,2.17483581,41.39897697
06-2013-0651,GRACIA,la Vila de Gràcia,CARRER,MILA I FONTANALS,2,60,,68,,,,,1,4,2.161375217,41.40217387
02-2013-0030,L'EIXAMPLE,Sant Antoni,CARRER,SEPULVEDA,1,161,,,,,,,2,2,2.161638489,41.38269137
06-2013-0089,GRACIA,Vallcarca i els Penitents,AVINGUDA,VALLCARCA,2,34,,36,,,,,3,1,2.148420397,41.40916738
01-2013-1000,CIUTAT VELLA,el Barri Gòtic,CARRER,SERRA,2,8,,,,,,,3,,2.178115446,41.38000168
01-2013-1002,CIUTAT VELLA,el Barri Gòtic,CARRER,BEAT SIMO,1,3,,,,,,,1,,2.175559401,41.38106862
01-2013-1003,CIUTAT VELLA,el Barri Gòtic,CARRER,FERRAN,2,24,,,,,,,3,,2.175374405,41.38120935
01-2013-1004,CIUTAT VELLA,el Barri Gòtic,CARRER,FERRAN,2,24,,,,,,,1,,2.175374405,41.38120935
01-2013-1005,CIUTAT VELLA,el Barri Gòtic,CARRER,BEAT SIMO,1,3,,,,,,,3,,2.175559401,41.38106862
10-2014-0062,SANT MARTI,el Parc i la Llacuna del Poblenou,CARRER,PUJADES,1,11,,,,,,,4,1,2.188149699,41.39256459
03-2014-0051,SANTS-MONTJUÏC,el Poble Sec,CARRER,SALVA,1,47,,,,,,,BJ,,2.165546519,41.37273174
02-2014-0137,L'EIXAMPLE,la Dreta de l'Eixample,CARRER,ARAGO,1,249,,,,,,,5,1,2.162906864,41.39087804
03-2014-0052,SANTS-MONTJUÏC,el Poble Sec,AVINGUDA,PARAL.LEL,1,113,,,,,,,2,3,2.162251246,41.37480178
03-2014-0053,SANTS-MONTJUÏC,el Poble Sec,CARRER,TAPIOLES,1,69,,,,,,,5,1,2.163652403,41.37171179
02-2012-1818,L'EIXAMPLE,la Sagrada Família,AVINGUDA,GAUDI,2,36,,,,,,,5,1,2.174558109,41.40705662
02-2013-0050,L'EIXAMPLE,Sant Antoni,RONDA,SANT PAU,1,1,,,,,,,EN,1,2.167286662,41.37532033
02-2013-0052,L'EIXAMPLE,la Dreta de l'Eixample,PASSEIG,GRACIA,1,3,,,,,,,2,2,2.169270627,41.38821806
01-2012-0578,CIUTAT VELLA,el Raval,CARRER,SALVADOR,1,1,,,,,,,2,2,2.164401911,41.37893596
02-2013-1804,L'EIXAMPLE,la Sagrada Família,CARRER,LEPANT,1,239,,,,,,,3,3,2.178252978,41.40310979
02-2013-1806,L'EIXAMPLE,l'Antiga Esquerra de l'Eixample,CARRER,BALMES,1,83,,,,,,,PR,2,2.16022274,41.39099429
02-2013-1807,L'EIXAMPLE,l'Antiga Esquerra de l'Eixample,CARRER,MUNTANER,1,175,,,,,,,1,1,2.152276119,41.39187376
02-2013-1986,L'EIXAMPLE,l'Antiga Esquerra de l'Eixample,CARRER,CONSELL DE CENT,1,221,,,,,,E,5,1,2.157871151,41.38533826
02-2013-1987,L'EIXAMPLE,l'Antiga Esquerra de l'Eixample,CARRER,CONSELL DE CENT,1,221,,,,,,D,5,1,2.157871151,41.38533826
02-2013-1988,L'EIXAMPLE,l'Antiga Esquerra de l'Eixample,CARRER,CONSELL DE CENT,1,221,,,,,,D,PR,2,2.157871151,41.38533826
02-2013-1989,L'EIXAMPLE,l'Antiga Esquerra de l'Eixample,CARRER,CONSELL DE CENT,1,221,,,,,,E,PR,2,2.157871151,41.38533826
01-2013-1028,CIUTAT VELLA,el Barri Gòtic,CARRER,AMPLE,2,42,,,,,,,PR,B,2.180329986,41.38087042
01-2013-1029,CIUTAT VELLA,el Barri Gòtic,CARRER,AMPLE,2,42,,,,,,,1,B,2.180329986,41.38087042
03-2013-0762,SANTS-MONTJUÏC,Hostafrancs,CARRER,CALLAO,2,8,,,,,,,3,1,2.143507723,41.37580953
02-2014-1164,L'EIXAMPLE,la Dreta de l'Eixample,CARRER,TRAFALGAR,1,39,,,,,,,3,1,2.177114927,41.39002564
02-2014-1165,L'EIXAMPLE,la Dreta de l'Eixample,CARRER,TRAFALGAR,1,39,,,,,,,3,2,2.177114927,41.39002564
03-2014-0391,SANTS-MONTJUÏC,el Poble Sec,CARRER,SALVA,2,2,,4,,,,,1,2,2.166672136,41.37464017
02-2012-1715,L'EIXAMPLE,la Dreta de l'Eixample,RAMBLA,CATALUNYA,2,42,,,,,,,AT,2B,2.164963405,41.39016883
03-2013-0001,SANTS-MONTJUÏC,la Bordeta,CARRER,ROSSEND ARUS,2,78,,,,,,,1,2,2.138570793,41.3707983
02-2014-0164,L'EIXAMPLE,la Nova Esquerra de l'Eixample,CARRER,ROSSELLO,2,90,,,,,,B,1,3,2.149761914,41.38747669
06-2014-0051,GRACIA,el Camp d'en Grassot i Gràcia Nova,CARRER,CORSEGA,1,523,,,,,,,5,2,2.170361107,41.40496543
06-2014-0052,GRACIA,el Camp d'en Grassot i Gràcia Nova,CARRER,CORSEGA,1,523,,,,,,,1,2,2.170361107,41.40496543
06-2014-0053,GRACIA,el Camp d'en Grassot i Gràcia Nova,CARRER,CORSEGA,1,523,,,,,,,2,2,2.170361107,41.40496543
06-2014-0054,GRACIA,el Camp d'en Grassot i Gràcia Nova,CARRER,CORSEGA,1,523,,,,,,,1,1,2.170361107,41.40496543
06-2014-0055,GRACIA,el Camp d'en Grassot i Gràcia Nova,CARRER,CORSEGA,1,523,,,,,,,2,1,2.170361107,41.40496543
06-2014-0056,GRACIA,el Camp d'en Grassot i Gràcia Nova,CARRER,CORSEGA,1,523,,,,,,,4,2,2.170361107,41.40496543
06-2014-0057,GRACIA,el Camp d'en Grassot i Gràcia Nova,CARRER,CORSEGA,1,523,,,,,,,4,1,2.170361107,41.40496543
06-2014-0058,GRACIA,el Camp d'en Grassot i Gràcia Nova,CARRER,CORSEGA,1,523,,,,,,,3,2,2.170361107,41.40496543
06-2014-0059,GRACIA,el Camp d'en Grassot i Gràcia Nova,CARRER,CORSEGA,1,523,,,,,,,3,1,2.170361107,41.40496543
06-2013-0026,GRACIA,Vallcarca i els Penitents,CARRER,ANNA PIFERRER,2,16,,,,,,,6,B,2.140326425,41.41752072
02-2013-2105,L'EIXAMPLE,la Nova Esquerra de l'Eixample,CARRER,PROVENÇA,2,60,,,,,,,2,1,2.146545906,41.38332882
03-2014-0041,SANTS-MONTJUÏC,el Poble Sec,CARRER,VILA I VILA,2,80,,,,,,,4,2,2.16829235,41.37444505
02-2014-0117,L'EIXAMPLE,la Dreta de l'Eixample,RONDA,UNIVERSITAT,1,35,,,,,,,5,2,2.167640517,41.38720437
10-2014-0064,SANT MARTI,el Parc i la Llacuna del Poblenou,CARRER,SARDENYA,1,37,,39,,,,,1,2,2.188735163,41.39160272
03-2014-0058,SANTS-MONTJUÏC,Hostafrancs,CARRER,MALLORCA,2,20,,,,,,,EN,2,2.142988475,41.37894883
06-2012-0533,GRACIA,el Coll,PASSEIG,MARE DE DEU DEL COLL,2,140,,,,,,,SO,2,2.148956165,41.41983942
02-2012-1650,L'EIXAMPLE,la Dreta de l'Eixample,RAMBLA,CATALUNYA,2,52,,,,,,,AT,4,2.164168587,41.39075107
06-2012-0552,GRACIA,la Vila de Gràcia,CARRER,MILA I FONTANALS,2,88,,,,,,,1,,2.160495597,41.40288581
02-2013-0259,L'EIXAMPLE,la Dreta de l'Eixample,CARRER,PELAI,1,7,,,,,,,1,G,2.166268811,41.38588084
06-2013-0088,GRACIA,la Vila de Gràcia,CARRER,SANT PERE MARTIR,1,21,,,,,,,3,2,2.157304958,41.39943337
02-2014-0144,L'EIXAMPLE,l'Antiga Esquerra de l'Eixample,CARRER,MALLORCA,2,156,,,,,,,4,1,2.154881214,41.38791285
06-2013-0107,GRACIA,la Vila de Gràcia,CARRER,TORRENT D'EN VIDALET,2,30,,32,,,,,4,1,2.159417064,41.40408602
03-2013-0631,SANTS-MONTJUÏC,la Font de la Guatlla,GRAN VIA,CORTS CATALANES,2,230,,,,,,,3,2,2.142742654,41.36989543
01-2014-0038,CIUTAT VELLA,el Raval,CARRER,HOSPITAL,2,2,,,,,,,PR,1,2.172851347,41.38123258
01-2014-0047,CIUTAT VELLA,el Raval,CARRER,SANTA MONICA,2,4,,,,,,,2,,2.175142325,41.37733339
06-2014-0087,GRACIA,el Camp d'en Grassot i Gràcia Nova,CARRER,PI I MARGALL,2,8,,,,,,,4,2,2.163250215,41.40579303
03-2013-0549,SANTS-MONTJUÏC,el Poble Sec,CARRER,TAPIOLES,2,36,,,,,,,5,1,2.16399866,41.37299413
02-2013-1397,L'EIXAMPLE,Sant Antoni,CARRER,MUNTANER,1,13,,,,,,,4,3,2.162518279,41.38413697
02-2013-1398,L'EIXAMPLE,la Dreta de l'Eixample,CARRER,VALENCIA,2,334,,,,,,,1,1,2.168416059,41.39639559
02-2013-1399,L'EIXAMPLE,la Dreta de l'Eixample,CARRER,VALENCIA,2,334,,,,,,,1,2,2.168416059,41.39639559
02-2013-1400,L'EIXAMPLE,la Dreta de l'Eixample,CARRER,VALENCIA,2,334,,,,,,,2,3,2.168416059,41.39639559
02-2013-0608,L'EIXAMPLE,Sant Antoni,CARRER,TAMARIT,1,149,,,,,,,3,1B,2.160044632,41.37810319
02-2013-1416,L'EIXAMPLE,la Dreta de l'Eixample,RONDA,UNIVERSITAT,1,33,,,,,,,AT,1,2.167426336,41.38712405
02-2013-1417,L'EIXAMPLE,Sant Antoni,PLAÇA,UNIVERSITAT,1,1,,,,,,,4,2,2.163304718,41.38524519
02-2013-1431,L'EIXAMPLE,el Fort Pienc,CARRER,ROGER DE FLOR,1,65,,,,,,,3,2,2.179490305,41.39347158
02-2013-0728,L'EIXAMPLE,la Dreta de l'Eixample,RAMBLA,CATALUNYA,2,52,,,,,,,6,1,2.164168587,41.39075107
02-2013-0935,L'EIXAMPLE,la Dreta de l'Eixample,PASSEIG,GRACIA,2,16,,,,,,,3,1,2.168934533,41.38933184
02-2013-0433,L'EIXAMPLE,la Dreta de l'Eixample,CARRER,CONSELL DE CENT,2,430,,,,,,,3,1,2.174875248,41.3978404
02-2013-0434,L'EIXAMPLE,la Dreta de l'Eixample,CARRER,CONSELL DE CENT,2,430,,,,,,,3,2,2.174875248,41.3978404
02-2013-0435,L'EIXAMPLE,la Dreta de l'Eixample,CARRER,CONSELL DE CENT,2,430,,,,,,,3,3,2.174875248,41.3978404
02-2013-0436,L'EIXAMPLE,la Dreta de l'Eixample,CARRER,CONSELL DE CENT,2,430,,,,,,,3,4,2.174875248,41.3978404
10-2013-0189,SANT MARTI,el Camp de l'Arpa del Clot,CARRER,VALENCIA,2,564,,,,,,,5,4,2.18324263,41.40750653
02-2013-1451,L'EIXAMPLE,la Sagrada Família,CARRER,ENAMORATS,2,30,,32,,,,,5,2,2.180863153,41.4032492
02-2013-1401,L'EIXAMPLE,la Dreta de l'Eixample,CARRER,VALENCIA,2,334,,,,,,,1,3,2.168416059,41.39639559
02-2013-1403,L'EIXAMPLE,la Dreta de l'Eixample,CARRER,VALENCIA,2,334,,,,,,,3,3,2.168416059,41.39639559
10-2013-0181,SANT MARTI,el Poblenou,PASSATGE,CAMINAL,2,10,,,,,,,BJ,,2.197579645,41.39993881
03-2013-0101,SANTS-MONTJUÏC,Hostafrancs,CARRER,VINT-I-SIS DE GENER DE 1641,1,21,,,,,,,3,1,2.141408014,41.37429594
06-2013-0152,GRACIA,el Camp d'en Grassot i Gràcia Nova,CARRER,SICILIA,2,376,,,,,,,AT,1,2.169248454,41.40491933
03-2013-0272,SANTS-MONTJUÏC,el Poble Sec,CARRER,PIQUER,1,55,,,,,,,2,3,2.16773124,41.37357993
03-2013-0273,SANTS-MONTJUÏC,el Poble Sec,CARRER,PIQUER,1,55,,,,,,,2,4,2.16773124,41.37357993
06-2013-0474,GRACIA,la Vila de Gràcia,PASSEIG,GRACIA,2,126,,,,,,,2,,2.158363697,41.39785335
02-2013-1434,L'EIXAMPLE,la Dreta de l'Eixample,CARRER,CONSELL DE CENT,2,366,,,,,,,1,1,2.170452131,41.39452334
06-2013-0466,GRACIA,la Vila de Gràcia,CARRER,FRATERNITAT,2,26,,,,,,,1,2,2.160586746,41.40055154
02-2013-1439,L'EIXAMPLE,la Dreta de l'Eixample,CARRER,CONSELL DE CENT,2,290,,,,,,,2,2,2.164044598,41.38970817
06-2013-0469,GRACIA,la Vila de Gràcia,CARRER,REIG I BONET,1,9,,,,,,,4,2,2.159791744,41.40735264
06-2013-0288,GRACIA,la Vila de Gràcia,CARRER,GRAN DE GRACIA,2,16,,,,,,,3,3,2.15737524,41.39834332
02-2013-0421,L'EIXAMPLE,la Dreta de l'Eixample,CARRER,NAPOLS,1,229,,,,,,,PR,2,2.172624373,41.40036877
02-2013-0749,L'EIXAMPLE,la Dreta de l'Eixample,CARRER,CONSELL DE CENT,2,442,,,,,,,EN,,2.175308906,41.39816727
02-2013-1404,L'EIXAMPLE,la Dreta de l'Eixample,CARRER,VALENCIA,2,334,,,,,,,3,2,2.168416059,41.39639559
02-2013-1408,L'EIXAMPLE,la Dreta de l'Eixample,CARRER,VALENCIA,2,334,,,,,,,4,3,2.168416059,41.39639559
02-2013-1409,L'EIXAMPLE,la Dreta de l'Eixample,CARRER,VALENCIA,2,334,,,,,,,4,4,2.168416059,41.39639559
02-2013-1410,L'EIXAMPLE,la Dreta de l'Eixample,CARRER,VALENCIA,2,334,,,,,,,5,2,2.168416059,41.39639559
02-2013-1411,L'EIXAMPLE,la Dreta de l'Eixample,CARRER,VALENCIA,2,334,,,,,,,5,4,2.168416059,41.39639559
03-2013-0445,SANTS-MONTJUÏC,el Poble Sec,CARRER,MURILLO,2,18,,,,,,,BJ,,2.161845695,41.37312881
06-2013-0455,GRACIA,la Vila de Gràcia,CARRER,TORRENT DE L'OLLA,1,137,,,,,,,1,2,2.155589856,41.40347116
10-2013-0558,SANT MARTI,el Camp de l'Arpa del Clot,CARRER,CORSEGA,1,703,,,,,,,PR,3,2.180566635,41.4126759
10-2013-0559,SANT MARTI,el Camp de l'Arpa del Clot,CARRER,CORSEGA,1,703,,,,,,,1,1,2.180566635,41.4126759
03-2013-0446,SANTS-MONTJUÏC,el Poble Sec,CARRER,MATA,2,24,,,,,,,EN,1,2.170546071,41.37251524
10-2013-0561,SANT MARTI,el Camp de l'Arpa del Clot,CARRER,CORSEGA,1,703,,,,,,,3,2,2.180566635,41.4126759
03-2013-0447,SANTS-MONTJUÏC,el Poble Sec,CARRER,MATA,2,24,,,,,,,4,2,2.170546071,41.37251524
03-2014-0854,SANTS-MONTJUÏC,Sants - Badal,CARRER,ROGER,2,32,,,,,,,1,1,2.127276835,41.37690229
03-2014-0855,SANTS-MONTJUÏC,Sants - Badal,CARRER,ROGER,2,32,,,,,,,1,2,2.127276835,41.37690229
02-2013-1504,L'EIXAMPLE,Sant Antoni,CARRER,SEPULVEDA,2,90,,,,,,,5,4,2.157127588,41.37902107
01-2013-0160,CIUTAT VELLA,el Raval,CARRER,RAMBLA,1,15,,,,,,,2,2,2.175697877,41.37783923
03-2013-0181,SANTS-MONTJUÏC,Hostafrancs,CARRER,CALLAO,2,8,,,,,,,AT,,2.143507723,41.37580953
02-2013-1499,L'EIXAMPLE,la Dreta de l'Eixample,PASSEIG,GRACIA,1,3,,,,,,,6,1,2.169270627,41.38821806
02-2013-0605,L'EIXAMPLE,la Dreta de l'Eixample,PASSEIG,SANT JOAN,2,86,,,,,,,2,2,2.171853732,41.39800753
02-2013-0708,L'EIXAMPLE,la Dreta de l'Eixample,CARRER,CONSELL DE CENT,2,430,,,,,,,1,1,2.174875248,41.3978404
02-2013-0709,L'EIXAMPLE,la Dreta de l'Eixample,CARRER,CONSELL DE CENT,2,430,,,,,,,5,1,2.174875248,41.3978404
02-2013-0710,L'EIXAMPLE,la Dreta de l'Eixample,CARRER,CONSELL DE CENT,2,430,,,,,,,5,2,2.174875248,41.3978404
02-2013-0711,L'EIXAMPLE,la Dreta de l'Eixample,CARRER,CONSELL DE CENT,2,430,,,,,,,5,3,2.174875248,41.3978404
02-2013-0712,L'EIXAMPLE,la Dreta de l'Eixample,CARRER,CONSELL DE CENT,2,430,,,,,,,5,4,2.174875248,41.3978404
10-2013-0293,SANT MARTI,el Parc i la Llacuna del Poblenou,CARRER,PUJADES,2,10,,,,,,,SA,1,2.187853604,41.39186302
03-2013-0448,SANTS-MONTJUÏC,el Poble Sec,CARRER,MATA,2,24,,,,,,,2,2,2.170546071,41.37251524
06-2013-0475,GRACIA,la Vila de Gràcia,PASSEIG,GRACIA,2,126,,,,,,,5,,2.158363697,41.39785335
06-2013-0476,GRACIA,la Vila de Gràcia,PASSEIG,GRACIA,2,126,,,,,,,6,,2.158363697,41.39785335
01-2013-0148,CIUTAT VELLA,el Raval,CARRER,JOAQUIN COSTA,2,28,,,,,,,EN,2,2.166287713,41.38213529
01-2013-0149,CIUTAT VELLA,el Raval,CARRER,JOAQUIN COSTA,2,28,,,,,,,2,1,2.166287713,41.38213529
01-2013-0150,CIUTAT VELLA,el Raval,CARRER,JOAQUIN COSTA,2,28,,,,,,,2,2,2.166287713,41.38213529
01-2013-0151,CIUTAT VELLA,el Raval,CARRER,JOAQUIN COSTA,2,28,,,,,,,3,1,2.166287713,41.38213529
01-2013-0152,CIUTAT VELLA,el Raval,CARRER,JOAQUIN COSTA,2,28,,,,,,,3,2,2.166287713,41.38213529
03-2013-0133,SANTS-MONTJUÏC,Sants - Badal,CARRER,SANTS,1,387,,,,,,,4,2,2.124497642,41.37554
03-2013-0135,SANTS-MONTJUÏC,Sants - Badal,CARRER,SANTS,1,387,,,,,,,4,3,2.124497642,41.37554
03-2013-0137,SANTS-MONTJUÏC,Sants - Badal,CARRER,SANTS,1,387,,,,,,,4,4,2.124497642,41.37554
03-2013-0140,SANTS-MONTJUÏC,Sants - Badal,CARRER,SANTS,1,387,,,,,,,4,5,2.124497642,41.37554
03-2013-0141,SANTS-MONTJUÏC,Sants - Badal,CARRER,SANTS,1,387,,,,,,,5,4,2.124497642,41.37554
03-2013-0467,SANTS-MONTJUÏC,el Poble Sec,CARRER,OLIVERA,1,29,,,,,,I,BJ,5,2.157457129,41.37360041
02-2013-0466,L'EIXAMPLE,el Fort Pienc,CARRER,MARINA,1,145,,147,,,,B,1,3,2.182831729,41.39757089
03-2013-0218,SANTS-MONTJUÏC,la Font de la Guatlla,CARRER,SANT FRUCTUOS,1,37,,,,,,,BJ,1,2.146596235,41.37128609
03-2013-0219,SANTS-MONTJUÏC,la Font de la Guatlla,CARRER,SANT FRUCTUOS,1,37,,,,,,,1,1,2.146596235,41.37128609
03-2013-0220,SANTS-MONTJUÏC,la Font de la Guatlla,CARRER,SANT FRUCTUOS,1,37,,,,,,,2,1,2.146596235,41.37128609
03-2013-0221,SANTS-MONTJUÏC,la Font de la Guatlla,CARRER,SANT FRUCTUOS,1,37,,,,,,,3,1,2.146596235,41.37128609
03-2013-0222,SANTS-MONTJUÏC,la Font de la Guatlla,CARRER,SANT FRUCTUOS,1,37,,,,,,,4,1,2.146596235,41.37128609
05-2013-0436,SARRIA-SANT GERVASI,Sant Gervasi - Galvany,CARRER,OLIANA,2,4,,,,,,,2,2,2.147294916,41.39825531
05-2013-0437,SARRIA-SANT GERVASI,Sant Gervasi - Galvany,CARRER,ARIBAU,2,304,,,,,,,5,2,2.146307254,41.39885686
02-2013-0612,L'EIXAMPLE,la Dreta de l'Eixample,RONDA,UNIVERSITAT,2,16,,,,,,,2,4,2.167238313,41.38673449
02-2013-0616,L'EIXAMPLE,Sant Antoni,CARRER,SEPULVEDA,1,169,,,,,,,2,2,2.162309898,41.38319697
01-2013-0362,CIUTAT VELLA,Sant Pere Santa Caterina i la Ribera,CARRER,MONEC,1,25,,,,,,,4,1,2.17733265,41.38873085
02-2013-0866,L'EIXAMPLE,la Sagrada Família,CARRER,NAPOLS,2,258,,260,,,,,EN,1,2.170681747,41.40212306
10-2013-0599,SANT MARTI,la Vila Olímpica del Poblenou,CARRER,SALVADOR ESPRIU,1,33,,,,,,,2,1,2.197251767,41.38935154
06-2013-0260,GRACIA,la Vila de Gràcia,CARRER,AULESTIA I PIJOAN,1,25,,,,,,,2,,2.150821142,41.4031597
04-2013-0161,LES CORTS,les Corts,CARRER,VALLESPIR,1,163,,,,,,,BJ,1,2.134092202,41.38368039
04-2013-0162,LES CORTS,les Corts,CARRER,VALLESPIR,1,163,,,,,,,BJ,2,2.134092202,41.38368039
04-2013-0164,LES CORTS,les Corts,CARRER,EQUADOR,2,18,,,,,,,1,,2.140605929,41.38560209
02-2013-1474,L'EIXAMPLE,la Dreta de l'Eixample,CARRER,ARAGO,1,281,,,,,,,6,1,2.166017132,41.39322475
02-2013-1493,L'EIXAMPLE,l'Antiga Esquerra de l'Eixample,CARRER,PROVENÇA,1,183,,,,,,,4,4,2.156476297,41.39108646
06-2013-0492,GRACIA,la Vila de Gràcia,CARRER,LLIBERTAT,2,6,,,,,,,1,2,2.160890927,41.3994031
03-2013-0142,SANTS-MONTJUÏC,Sants - Badal,CARRER,SANTS,1,387,,,,,,,5,5,2.124497642,41.37554
03-2013-0143,SANTS-MONTJUÏC,Sants - Badal,CARRER,SANTS,1,387,,,,,,,5,6,2.124497642,41.37554
03-2013-0144,SANTS-MONTJUÏC,Sants - Badal,CARRER,SANTS,1,387,,,,,,,5,7,2.124497642,41.37554
02-2013-1530,L'EIXAMPLE,l'Antiga Esquerra de l'Eixample,CARRER,VALENCIA,1,117,,,,,,,1,1,2.154588571,41.38626874
02-2013-1562,L'EIXAMPLE,Sant Antoni,CARRER,COMTE D'URGELL,2,46,,,,,,,5,5,2.160295513,41.38104225
07-2013-0213,HORTA-GUINARDÓ,el Baix Guinardó,CARRER,SARDENYA,2,528,,,,,,,1,1,2.162848651,41.41185438
02-2013-1583,L'EIXAMPLE,la Nova Esquerra de l'Eixample,CARRER,CONSELL DE CENT,2,138,,,,,,,1,3,2.153534878,41.38179431
06-2013-0519,GRACIA,el Camp d'en Grassot i Gràcia Nova,CARRER,BAILEN,2,218,,,,,,,4,2,2.163540683,41.40241083
02-2013-0574,L'EIXAMPLE,la Sagrada Família,CARRER,MALLORCA,1,373,,,,,,,PR,2,2.172837516,41.40170276
03-2013-0223,SANTS-MONTJUÏC,la Font de la Guatlla,CARRER,SANT FRUCTUOS,1,37,,,,,,,3,2,2.146596235,41.37128609
02-2013-0647,L'EIXAMPLE,l'Antiga Esquerra de l'Eixample,CARRER,ENRIC GRANADOS,1,75,,,,,,,1,,2.157543557,41.39131179
10-2013-0275,SANT MARTI,el Poblenou,CARRER,PALLARS,1,171,,,,,,,4,1,2.196223965,41.4001264
10-2013-0276,SANT MARTI,el Poblenou,CARRER,PERE IV,2,124,,,,,,,1,2,2.195913131,41.40040125
10-2013-0277,SANT MARTI,el Poblenou,CARRER,PERE IV,2,126,,,,,,,1,3,2.195960323,41.40046065
10-2013-0278,SANT MARTI,el Poblenou,CARRER,PERE IV,2,126,,,,,,,4,1,2.195960323,41.40046065
10-2013-0279,SANT MARTI,el Poblenou,CARRER,PERE IV,2,126,,,,,,,4,2,2.195960323,41.40046065
01-2013-0363,CIUTAT VELLA,Sant Pere Santa Caterina i la Ribera,CARRER,SANT PERE MITJA,1,33,,,,,,,1,1,2.177348905,41.38785696
01-2013-0364,CIUTAT VELLA,Sant Pere Santa Caterina i la Ribera,CARRER,SANT PERE MITJA,1,33,,,,,,,1,2,2.177348905,41.38785696
01-2013-0365,CIUTAT VELLA,Sant Pere Santa Caterina i la Ribera,CARRER,SANT PERE MITJA,1,33,,,,,,,2,1,2.177348905,41.38785696
01-2013-0366,CIUTAT VELLA,Sant Pere Santa Caterina i la Ribera,CARRER,SANT PERE MITJA,1,33,,,,,,,2,2,2.177348905,41.38785696
01-2013-0367,CIUTAT VELLA,Sant Pere Santa Caterina i la Ribera,CARRER,SANT PERE MITJA,1,33,,,,,,,3,1,2.177348905,41.38785696
01-2013-0368,CIUTAT VELLA,Sant Pere Santa Caterina i la Ribera,CARRER,SANT PERE MITJA,1,33,,,,,,,4,2,2.177348905,41.38785696
02-2013-1449,L'EIXAMPLE,la Dreta de l'Eixample,GRAN VIA,CORTS CATALANES,1,651,,,,,,,1,1,2.172530678,41.39295313
02-2013-1454,L'EIXAMPLE,la Sagrada Família,PASSATGE,SIMO,2,8,,,,,,,4,3,2.173090843,41.40423019
10-2013-0601,SANT MARTI,el Poblenou,CARRER,BADAJOZ,1,63,,,,,,,1,3,2.196831592,41.39742658
10-2013-0603,SANT MARTI,el Poblenou,CARRER,AMISTAT,2,22,,,,,,,2,6,2.205665044,41.40005583
06-2013-0168,GRACIA,la Vila de Gràcia,CARRER,LLORER,1,5,,7,,,,,BJ,D,2.158470267,41.40935686
02-2013-0700,L'EIXAMPLE,el Fort Pienc,GRAN VIA,CORTS CATALANES,2,720,,,,,,,PR,2,2.177671271,41.39615184
07-2013-0136,HORTA-GUINARDÓ,el Guinardó,CARRER,VARSOVIA,1,113,B,,,,,,,,2.173203046,41.41906966
05-2014-0074,SARRIA-SANT GERVASI,Sant Gervasi - Galvany,VIA,AUGUSTA,2,122,,,,,,,1,3,2.146406124,41.40103543
05-2014-0075,SARRIA-SANT GERVASI,Sant Gervasi - Galvany,VIA,AUGUSTA,2,122,,,,,,,1,4,2.146406124,41.40103543
02-2014-0327,L'EIXAMPLE,l'Antiga Esquerra de l'Eixample,CARRER,ARIBAU,2,84,,,,,,,PR,2,2.157984042,41.3895506
02-2014-0517,L'EIXAMPLE,la Dreta de l'Eixample,PASSEIG,GRACIA,1,51,,,,,,,2,2B,2.164177971,41.39233147
10-2013-0185,SANT MARTI,el Poblenou,CARRER,VENERO,1,11,,,,,,,BJ,2,2.201711399,41.40147821
06-2013-0174,GRACIA,la Vila de Gràcia,CARRER,PERILL,2,52,,,,,,I,1,1,2.162996847,41.40048456
03-2013-0503,SANTS-MONTJUÏC,el Poble Sec,CARRER,ELKANO,1,41,,,,,,,2,2,2.162301362,41.37340381
01-2013-0615,CIUTAT VELLA,el Barri Gòtic,CARRER,FERRAN,2,2,,,,,,,5,,2.174306433,41.38035824
01-2013-0616,CIUTAT VELLA,el Barri Gòtic,CARRER,FERRAN,2,2,,,,,,,4,1,2.174306433,41.38035824
05-2013-0173,SARRIA-SANT GERVASI,el Putxet i el Farró,RONDA,GENERAL MITRE,2,238,,,,,,,3,2,2.148726495,41.40580292
01-2013-0229,CIUTAT VELLA,el Raval,CARRER,GUARDIA,2,8,,,,,,,1,2,2.173761025,41.37791349
10-2013-0294,SANT MARTI,el Camp de l'Arpa del Clot,CARRER,MALLORCA,1,521,,,,,,,5,1,2.181956247,41.40852998
02-2013-0838,L'EIXAMPLE,la Dreta de l'Eixample,PASSEIG,GRACIA,1,101,,,,,,,SA,1,2.160037952,41.39568
02-2013-0836,L'EIXAMPLE,la Dreta de l'Eixample,PASSEIG,GRACIA,1,101,,,,,,,AT,3,2.160037952,41.39568
02-2013-1631,L'EIXAMPLE,la Nova Esquerra de l'Eixample,CARRER,ARAGO,1,39,,,,,,,PR,2,2.147957004,41.37956968
02-2013-1647,L'EIXAMPLE,la Sagrada Família,CARRER,MALLORCA,1,423,,,,,,,1,4,2.177073219,41.40487144
02-2013-1648,L'EIXAMPLE,l'Antiga Esquerra de l'Eixample,CARRER,ARIBAU,2,56,,,,,,,PR,1,2.15943734,41.38845231
01-2013-0227,CIUTAT VELLA,el Raval,CARRER,GUARDIA,2,8,,,,,,,2,2,2.173761025,41.37791349
03-2013-0110,SANTS-MONTJUÏC,Sants - Badal,CARRER,SANTS,1,387,,,,,,,1,1,2.124497642,41.37554
03-2013-0111,SANTS-MONTJUÏC,Sants - Badal,CARRER,SANTS,1,387,,,,,,,1,2,2.124497642,41.37554
03-2013-0113,SANTS-MONTJUÏC,Sants - Badal,CARRER,SANTS,1,387,,,,,,,2,2,2.124497642,41.37554
03-2013-0115,SANTS-MONTJUÏC,Sants - Badal,CARRER,SANTS,1,387,,,,,,,2,3,2.124497642,41.37554
10-2013-0203,SANT MARTI,el Camp de l'Arpa del Clot,CARRER,INDEPENDENCIA,2,360,B,362,,,,,3,1,2.178685857,41.41184725
10-2013-0204,SANT MARTI,el Camp de l'Arpa del Clot,CARRER,INDEPENDENCIA,2,360,B,362,,,,,5,1,2.178685857,41.41184725
10-2013-0205,SANT MARTI,el Camp de l'Arpa del Clot,CARRER,INDEPENDENCIA,2,360,B,362,,,,,3,2,2.178685857,41.41184725
03-2013-0187,SANTS-MONTJUÏC,el Poble Sec,AVINGUDA,PARAL.LEL,1,103,B,,,,,,4,1,2.162774788,41.37480001
02-2013-1564,L'EIXAMPLE,la Dreta de l'Eixample,RONDA,UNIVERSITAT,1,17,,,,,,,1,3,2.166413094,41.38674656
02-2013-1570,L'EIXAMPLE,la Dreta de l'Eixample,CARRER,TRAFALGAR,1,33,,,,,,,1,2,2.176786013,41.38978176
02-2013-1571,L'EIXAMPLE,la Dreta de l'Eixample,CARRER,TRAFALGAR,1,33,,,,,,,2,2,2.176786013,41.38978176
03-2014-0086,SANTS-MONTJUÏC,el Poble Sec,CARRER,BLASCO DE GARAY,1,7,,,,,,,4,2,2.163282982,41.37452437
03-2014-0087,SANTS-MONTJUÏC,el Poble Sec,CARRER,BLASCO DE GARAY,1,7,,,,,,,3,2,2.163282982,41.37452437
02-2013-0398,L'EIXAMPLE,la Nova Esquerra de l'Eixample,GRAN VIA,CORTS CATALANES,1,407,,409,,,,,1,2,2.151809014,41.37737739
03-2013-0128,SANTS-MONTJUÏC,Sants - Badal,CARRER,SANTS,1,387,,,,,,,3,5,2.124497642,41.37554
03-2013-0129,SANTS-MONTJUÏC,Sants - Badal,CARRER,SANTS,1,387,,,,,,,3,6,2.124497642,41.37554
03-2013-0130,SANTS-MONTJUÏC,Sants - Badal,CARRER,SANTS,1,387,,,,,,,3,7,2.124497642,41.37554
03-2013-0131,SANTS-MONTJUÏC,Sants - Badal,CARRER,SANTS,1,387,,,,,,,4,1,2.124497642,41.37554
03-2013-0132,SANTS-MONTJUÏC,Sants - Badal,CARRER,SANTS,1,387,,,,,,,4,6,2.124497642,41.37554
03-2013-0134,SANTS-MONTJUÏC,Sants - Badal,CARRER,SANTS,1,387,,,,,,,4,7,2.124497642,41.37554
02-2013-1540,L'EIXAMPLE,la Sagrada Família,CARRER,ENAMORATS,2,76,,,,,,,BJ,2,2.182012365,41.40470461
03-2014-0735,SANTS-MONTJUÏC,Sants,CARRER,DEMOSTENES,1,17,,,,,,,2,2,2.133530409,41.3762153
01-2013-0153,CIUTAT VELLA,el Raval,CARRER,JOAQUIN COSTA,2,28,,,,,,,4,1,2.166287713,41.38213529
01-2013-0154,CIUTAT VELLA,el Raval,CARRER,JOAQUIN COSTA,2,28,,,,,,,4,2,2.166287713,41.38213529
02-2013-0406,L'EIXAMPLE,la Dreta de l'Eixample,GRAN VIA,CORTS CATALANES,2,620,,,,,,,4,1,2.166629356,41.38785596
01-2013-0236,CIUTAT VELLA,Sant Pere Santa Caterina i la Ribera,CARRER,TROMPETES,2,4,,,,,,,2,,2.181973971,41.3826535
01-2013-0237,CIUTAT VELLA,Sant Pere Santa Caterina i la Ribera,CARRER,TROMPETES,2,4,,,,,,,3,,2.181973971,41.3826535
01-2013-0238,CIUTAT VELLA,Sant Pere Santa Caterina i la Ribera,CARRER,TROMPETES,2,4,,,,,,,4,,2.181973971,41.3826535
01-2013-0239,CIUTAT VELLA,Sant Pere Santa Caterina i la Ribera,CARRER,TROMPETES,2,4,,,,,,,5,,2.181973971,41.3826535
10-2013-0329,SANT MARTI,el Camp de l'Arpa del Clot,CARRER,MALLORCA,2,526,,,,,,,3,2,2.181694773,41.40805454
03-2013-0298,SANTS-MONTJUÏC,Hostafrancs,CARRER,BEJAR,1,53,,,,,,,1,3,2.145066818,41.37735142
02-2013-1707,L'EIXAMPLE,Sant Antoni,CARRER,CASANOVA,1,9,,,,,,,2,4,2.16270056,41.38229942
05-2013-0165,SARRIA-SANT GERVASI,el Putxet i el Farró,RONDA,GENERAL MITRE,2,238,,,,,,,1,3,2.148726495,41.40580292
05-2013-0166,SARRIA-SANT GERVASI,el Putxet i el Farró,RONDA,GENERAL MITRE,2,238,,,,,,,2,1,2.148726495,41.40580292
01-2013-0228,CIUTAT VELLA,el Raval,CARRER,GUARDIA,2,8,,,,,,,2,1,2.173761025,41.37791349
01-2013-0230,CIUTAT VELLA,el Raval,CARRER,GUARDIA,2,8,,,,,,,EN,2,2.173761025,41.37791349
02-2013-0752,L'EIXAMPLE,la Dreta de l'Eixample,CARRER,CONSELL DE CENT,1,335,,,,,,,1,,2.164175898,41.39008417
02-2013-0753,L'EIXAMPLE,la Dreta de l'Eixample,CARRER,CONSELL DE CENT,1,335,,,,,,,3,,2.164175898,41.39008417
02-2013-0754,L'EIXAMPLE,la Dreta de l'Eixample,CARRER,CONSELL DE CENT,1,335,,,,,,,4,,2.164175898,41.39008417
02-2013-0755,L'EIXAMPLE,la Dreta de l'Eixample,CARRER,CONSELL DE CENT,1,335,,,,,,,AT,,2.164175898,41.39008417
03-2013-0255,SANTS-MONTJUÏC,la Font de la Guatlla,GRAN VIA,CORTS CATALANES,2,278,,,,,,,3,4,2.144782688,41.3714314
01-2013-0306,CIUTAT VELLA,Sant Pere Santa Caterina i la Ribera,CARRER,SANT ANTONI DELS SOMBRERERS,2,4,,,,,,,3,2,2.181702503,41.38408976
02-2013-1595,L'EIXAMPLE,la Nova Esquerra de l'Eixample,CARRER,DIPUTACIO,1,79,,,,,,,1,4,2.154724885,41.3812623
02-2013-1625,L'EIXAMPLE,l'Antiga Esquerra de l'Eixample,CARRER,ARAGO,1,207,,,,,,,PR,4,2.159779871,41.38853401
10-2013-0635,SANT MARTI,la Verneda i la Pau,CARRER,ANDRADE,1,249,,251,,,,,5,3,2.206232971,41.41993504
03-2013-0136,SANTS-MONTJUÏC,Sants - Badal,CARRER,SANTS,1,387,,,,,,,5,1,2.124497642,41.37554
03-2013-0138,SANTS-MONTJUÏC,Sants - Badal,CARRER,SANTS,1,387,,,,,,,5,2,2.124497642,41.37554
03-2013-0139,SANTS-MONTJUÏC,Sants - Badal,CARRER,SANTS,1,387,,,,,,,5,3,2.124497642,41.37554
10-2013-0614,SANT MARTI,el Parc i la Llacuna del Poblenou,CARRER,PUJADES,1,11,,,,,,,3,2,2.188149699,41.39256459
10-2013-0616,SANT MARTI,el Poblenou,CARRER,SANCHO DE AVILA,1,167,,171,,,,8,4,4,2.196498771,41.40372597
02-2013-0720,L'EIXAMPLE,la Sagrada Família,AVINGUDA,GAUDI,1,21,,23,,,,,4,3,2.174254397,41.40567819
02-2013-0790,L'EIXAMPLE,Sant Antoni,CARRER,TAMARIT,2,104,,,,,,I,AT,2,2.157919793,41.37621702
06-2013-0531,GRACIA,la Vila de Gràcia,CARRER,CORSEGA,1,335,,,,,,,3,2,2.160622754,41.39764351
06-2013-0532,GRACIA,la Vila de Gràcia,CARRER,CORSEGA,1,335,,,,,,,2,2,2.160622754,41.39764351
06-2013-0533,GRACIA,la Vila de Gràcia,CARRER,CORSEGA,1,335,,,,,,,3,1,2.160622754,41.39764351
02-2013-1628,L'EIXAMPLE,la Dreta de l'Eixample,RONDA,SANT PERE,2,28,,,,,,,2,1,2.1744467,41.38943178
02-2013-1633,L'EIXAMPLE,la Nova Esquerra de l'Eixample,CARRER,ARAGO,1,39,,,,,,,1,2,2.147957004,41.37956968
02-2013-1634,L'EIXAMPLE,la Nova Esquerra de l'Eixample,CARRER,ROCAFORT,2,102,,,,,,,6,1,2.152263055,41.38021891
05-2013-0174,SARRIA-SANT GERVASI,el Putxet i el Farró,RONDA,GENERAL MITRE,2,238,,,,,,,3,3,2.148726495,41.40580292
01-2013-0208,CIUTAT VELLA,el Barri Gòtic,CARRER,BANYS NOUS,2,6,,,,,,,2,,2.175245547,41.3821082
02-2013-1843,L'EIXAMPLE,la Dreta de l'Eixample,CARRER,BAILEN,2,8,,,,,,,4,1,2.177562476,41.39180658
10-2014-0306,SANT MARTI,el Poblenou,CARRER,RAMON TURRO,2,264,,,,,,,PR,1,2.206998505,41.40282422
02-2013-0524,L'EIXAMPLE,la Dreta de l'Eixample,CARRER,GIRONA,2,46,,,,,,,2,2,2.172929628,41.39360081
03-2013-0212,SANTS-MONTJUÏC,Hostafrancs,CARRER,PRINCEP JORDI,2,6,,,,,,,1,1,2.146577226,41.37590039
05-2013-0219,SARRIA-SANT GERVASI,el Putxet i el Farró,CARRER,FERRAN PUIG,1,15,,,,,,,2,3,2.14591698,41.40819337
01-2013-0307,CIUTAT VELLA,Sant Pere Santa Caterina i la Ribera,CARRER,SANT ANTONI DELS SOMBRERERS,2,4,,,,,,,5,1,2.181702503,41.38408976
01-2013-0308,CIUTAT VELLA,Sant Pere Santa Caterina i la Ribera,CARRER,SANT ANTONI DELS SOMBRERERS,2,4,,,,,,,4,2,2.181702503,41.38408976
10-2013-0649,SANT MARTI,Diagonal Mar i el Front Marítim del Poblenou,PASSEIG,TAULAT,1,235,,,,,,,6,1,2.210431706,41.40344702
01-2013-0245,CIUTAT VELLA,Sant Pere Santa Caterina i la Ribera,CARRER,ARGENTERIA,2,6,,,,,,,2,4,2.180192927,41.38363313
01-2013-0246,CIUTAT VELLA,Sant Pere Santa Caterina i la Ribera,CARRER,ARGENTERIA,2,6,,,,,,,3,,2.180192927,41.38363313
01-2013-0248,CIUTAT VELLA,Sant Pere Santa Caterina i la Ribera,CARRER,ARGENTERIA,2,6,,,,,,,PR,2,2.180192927,41.38363313
01-2013-0249,CIUTAT VELLA,Sant Pere Santa Caterina i la Ribera,CARRER,ARGENTERIA,2,6,,,,,,,EN,2,2.180192927,41.38363313
01-2013-0251,CIUTAT VELLA,Sant Pere Santa Caterina i la Ribera,CARRER,ARGENTERIA,2,6,,,,,,,1,1,2.180192927,41.38363313
01-2013-0253,CIUTAT VELLA,Sant Pere Santa Caterina i la Ribera,CARRER,ARGENTERIA,2,6,,,,,,,2,3,2.180192927,41.38363313
01-2013-0254,CIUTAT VELLA,Sant Pere Santa Caterina i la Ribera,CARRER,ARGENTERIA,2,6,,,,,,,2,2,2.180192927,41.38363313
09-2013-0270,SANT ANDREU,Sant Andreu,CARRER,CONCEPCION ARENAL,2,234,,,,,,,1,1,2.184566155,41.43128534
02-2013-1725,L'EIXAMPLE,la Nova Esquerra de l'Eixample,CARRER,ROCAFORT,2,102,,,,,,,EN,2,2.152263055,41.38021891
02-2013-1726,L'EIXAMPLE,la Nova Esquerra de l'Eixample,CARRER,ROCAFORT,2,102,,,,,,,1,1,2.152263055,41.38021891
02-2013-1727,L'EIXAMPLE,la Nova Esquerra de l'Eixample,CARRER,ROCAFORT,2,102,,,,,,,5,4,2.152263055,41.38021891
02-2013-1728,L'EIXAMPLE,la Nova Esquerra de l'Eixample,CARRER,ROCAFORT,2,102,,,,,,,EN,1,2.152263055,41.38021891
06-2013-0258,GRACIA,la Vila de Gràcia,CARRER,SAMSO,2,2,,,,,,,1,3,2.160368984,41.40135643
06-2013-0259,GRACIA,la Vila de Gràcia,CARRER,SAMSO,2,2,,,,,,,1,2,2.160368984,41.40135643
01-2013-0322,CIUTAT VELLA,Sant Pere Santa Caterina i la Ribera,CARRER,SANT PERE MITJA,2,54,,56,,,,,1,1,2.178574994,41.38880101
01-2013-0323,CIUTAT VELLA,Sant Pere Santa Caterina i la Ribera,CARRER,SANT PERE MITJA,2,54,,56,,,,,2,1,2.178574994,41.38880101
01-2013-0324,CIUTAT VELLA,Sant Pere Santa Caterina i la Ribera,CARRER,SANT PERE MITJA,2,54,,56,,,,,2,2,2.178574994,41.38880101
01-2013-0325,CIUTAT VELLA,Sant Pere Santa Caterina i la Ribera,CARRER,SANT PERE MITJA,2,54,,56,,,,,3,1,2.178574994,41.38880101
02-2013-0814,L'EIXAMPLE,la Dreta de l'Eixample,CARRER,VALENCIA,1,329,,,,,,,1,1,2.168942243,41.397077
02-2013-1635,L'EIXAMPLE,la Nova Esquerra de l'Eixample,CARRER,ARAGO,1,39,,,,,,,1,3,2.147957004,41.37956968
06-2013-0542,GRACIA,la Vila de Gràcia,CARRER,MONTSENY,1,15,,,,,,,BJ,1,2.154546222,41.40187818
02-2013-1664,L'EIXAMPLE,la Dreta de l'Eixample,GRAN VIA,CORTS CATALANES,2,620,,,,,,,AT,4B,2.166629356,41.38785596
06-2013-0544,GRACIA,la Vila de Gràcia,CARRER,JAEN,2,6,,,,,,,1,3,2.155617485,41.40331549
02-2013-1665,L'EIXAMPLE,la Dreta de l'Eixample,AVINGUDA,DIAGONAL,1,305,,,,,,,PR,2B,2.173174061,41.39970596
06-2013-0545,GRACIA,la Vila de Gràcia,CARRER,MARTI,1,43,,,,,,,3,5,2.156279245,41.40744179
06-2014-0332,GRACIA,el Camp d'en Grassot i Gràcia Nova,CARRER,PARE LAINEZ,1,29,,,,,,,4,,2.165188911,41.4069451
07-2014-0131,HORTA-GUINARDÓ,el Baix Guinardó,RONDA,GUINARDO,2,26,,,,,,,6,1,2.163926452,41.41171779
07-2013-0067,HORTA-GUINARDÓ,el Guinardó,CARRER,SEGLE XX,1,33,,,,,,,,,2.176935834,41.42292544
02-2013-0528,L'EIXAMPLE,la Nova Esquerra de l'Eixample,CARRER,PARIS,2,38,,,,,,,1,1,2.143007813,41.38578774
03-2013-0300,SANTS-MONTJUÏC,el Poble Sec,CARRER,BLESA,1,47,,,,,,,2,1,2.166788437,41.37274109
10-2013-0288,SANT MARTI,la Vila Olímpica del Poblenou,AVINGUDA,ICARIA,2,180,,,,,,,2,2,2.198553006,41.39225942
01-2013-0309,CIUTAT VELLA,Sant Pere Santa Caterina i la Ribera,CARRER,SANT ANTONI DELS SOMBRERERS,2,4,,,,,,,4,1,2.181702503,41.38408976
10-2013-0350,SANT MARTI,Diagonal Mar i el Front Marítim del Poblenou,CARRER,FLUVIA,1,97,,,,,,,13,6,2.205922052,41.40764991
02-2013-0842,L'EIXAMPLE,la Dreta de l'Eixample,RONDA,SANT PERE,2,44,,,,,,,PR,2B,2.176041488,41.39002824
03-2013-0292,SANTS-MONTJUÏC,Sants,AVINGUDA,JOSEP TARRADELLAS,1,23,,,,,,,1,3,2.142109688,41.3823771
05-2013-0287,SARRIA-SANT GERVASI,Sant Gervasi - la Bonanova,CARRER,BISBE SIVILLA,1,41,,,,,,,EN,2,2.133980396,41.40372489
02-2013-1735,L'EIXAMPLE,la Sagrada Família,CARRER,LEPANT,1,315,,,,,,,4,2,2.173452756,41.40674399
02-2013-1736,L'EIXAMPLE,la Sagrada Família,CARRER,LEPANT,1,315,,,,,,,2,1,2.173452756,41.40674399
02-2013-1768,L'EIXAMPLE,la Dreta de l'Eixample,CARRER,ARAGO,1,347,,,,,,,8,2,2.17126858,41.39717853
02-2013-0652,L'EIXAMPLE,la Nova Esquerra de l'Eixample,AVINGUDA,JOSEP TARRADELLAS,2,56,,,,,,,2,2,2.142901019,41.38491722
02-2013-0653,L'EIXAMPLE,la Nova Esquerra de l'Eixample,AVINGUDA,JOSEP TARRADELLAS,2,56,,,,,,,PR,2,2.142901019,41.38491722
05-2013-0216,SARRIA-SANT GERVASI,Sant Gervasi - Galvany,CARRER,MADRAZO,1,135,,,,,,,1,2,2.144214641,41.39653629
02-2013-0774,L'EIXAMPLE,el Fort Pienc,CARRER,SARDENYA,2,248,,,,,,,2,2,2.178496745,41.39963036
03-2013-0499,SANTS-MONTJUÏC,el Poble Sec,CARRER,FONTRODONA,1,17,,,,,,,4,1,2.167227667,41.37344098
02-2013-1610,L'EIXAMPLE,la Dreta de l'Eixample,RAMBLA,CATALUNYA,2,46,,,,,,,1,,2.164408732,41.3905745
02-2013-1611,L'EIXAMPLE,la Dreta de l'Eixample,RAMBLA,CATALUNYA,2,46,,,,,,,2,,2.164408732,41.3905745
02-2013-1612,L'EIXAMPLE,la Dreta de l'Eixample,RAMBLA,CATALUNYA,2,46,,,,,,,3,,2.164408732,41.3905745
02-2013-1613,L'EIXAMPLE,la Dreta de l'Eixample,RAMBLA,CATALUNYA,2,46,,,,,,,4,,2.164408732,41.3905745
02-2013-1614,L'EIXAMPLE,la Dreta de l'Eixample,RAMBLA,CATALUNYA,2,46,,,,,,,5,,2.164408732,41.3905745
02-2013-1615,L'EIXAMPLE,la Dreta de l'Eixample,RAMBLA,CATALUNYA,2,46,,,,,,,6,,2.164408732,41.3905745
01-2013-0300,CIUTAT VELLA,Sant Pere Santa Caterina i la Ribera,CARRER,SANT ANTONI DELS SOMBRERERS,2,4,,,,,,,5,2,2.181702503,41.38408976
02-2013-0529,L'EIXAMPLE,l'Antiga Esquerra de l'Eixample,CARRER,PROVENÇA,2,238,,,,,,,AT,8,2.157776109,41.3917908
01-2013-0301,CIUTAT VELLA,Sant Pere Santa Caterina i la Ribera,CARRER,SANT ANTONI DELS SOMBRERERS,2,4,,,,,,,2,1,2.181702503,41.38408976
01-2013-0302,CIUTAT VELLA,Sant Pere Santa Caterina i la Ribera,CARRER,SANT ANTONI DELS SOMBRERERS,2,4,,,,,,,1,2,2.181702503,41.38408976
02-2013-0839,L'EIXAMPLE,el Fort Pienc,CARRER,AUSIAS MARC,2,86,,88,,,,,5,8,2.180706596,41.39501808
06-2013-0268,GRACIA,la Vila de Gràcia,CARRER,ESCORIAL,1,11,,,,,,,AT,2,2.162125563,41.40627339
06-2013-0546,GRACIA,la Vila de Gràcia,CARRER,MARTI,1,43,,,,,,,BJ,2,2.156279245,41.40744179
06-2013-0547,GRACIA,la Vila de Gràcia,CARRER,SANT PERE MARTIR,2,20,,,,,,,2,2,2.157665009,41.39918817
01-2013-0631,CIUTAT VELLA,el Barri Gòtic,CARRER,VIDRE,2,10,,12,,,,,2,3,2.176243431,41.37971804
01-2013-0633,CIUTAT VELLA,Sant Pere Santa Caterina i la Ribera,CARRER,VOLTA D'EN DUSAI,2,4,,,,,,,2,1,2.183020971,41.38445053
01-2013-0634,CIUTAT VELLA,el Barri Gòtic,CARRER,SERRA,2,8,,,,,,,4,,2.178115446,41.38000168
06-2013-0615,GRACIA,la Vila de Gràcia,CARRER,MARTINEZ DE LA ROSA,2,46,,,,,,,3,2,2.158740995,41.40017963
02-2013-1927,L'EIXAMPLE,la Dreta de l'Eixample,PASSEIG,SANT JOAN,1,123,,,,,,,EN,2,2.167700662,41.40048629
10-2013-0363,SANT MARTI,el Poblenou,RAMBLA,POBLENOU,1,11,,,,,,,3,2,2.20478174,41.39825135
02-2013-0870,L'EIXAMPLE,la Nova Esquerra de l'Eixample,GRAN VIA,CORTS CATALANES,1,415,,,,,,E,1,1,2.152159425,41.37764095
05-2013-0519,SARRIA-SANT GERVASI,Sant Gervasi - Galvany,CARRER,COPERNIC,1,81,,,,,,,2,2,2.143402729,41.40208533
05-2013-0520,SARRIA-SANT GERVASI,Sant Gervasi - Galvany,CARRER,MESTRE NICOLAU,1,21,,,,,,,4,5,2.143036648,41.39428721
02-2013-1812,L'EIXAMPLE,el Fort Pienc,CARRER,MARINA,2,212,,,,,,,8,1,2.179256852,41.40104486
03-2013-0126,SANTS-MONTJUÏC,Sants,CARRER,VALLESPIR,1,51,,,,,,,2,2,2.136747835,41.37974053
02-2013-0606,L'EIXAMPLE,la Dreta de l'Eixample,CARRER,VALENCIA,2,334,,,,,,,3,1,2.168416059,41.39639559
02-2013-0787,L'EIXAMPLE,la Sagrada Família,CARRER,LEPANT,2,292,,,,,,,EN,3,2.175884776,41.40518017
03-2013-0276,SANTS-MONTJUÏC,el Poble Sec,CARRER,CABANES,1,27,,29,,,,,3,1,2.16994657,41.37278865
02-2013-1627,L'EIXAMPLE,l'Antiga Esquerra de l'Eixample,CARRER,CONSELL DE CENT,1,277,,,,,,,EN,1,2.16108019,41.38775288
03-2013-0509,SANTS-MONTJUÏC,Hostafrancs,CARRETERA,BORDETA,1,21,,,,,,,1,1,2.145586701,41.37349963
02-2013-1640,L'EIXAMPLE,la Dreta de l'Eixample,RONDA,SANT PERE,1,3,,,,,,,4,3,2.17068944,41.38834878
06-2013-0252,GRACIA,el Camp d'en Grassot i Gràcia Nova,CARRER,SECRETARI COLOMA,2,8,,,,,,,2,2,2.165713033,41.40692938
10-2013-0356,SANT MARTI,la Vila Olímpica del Poblenou,CARRER,RAMON TURRO,1,89,,,,,,,3,1,2.195494962,41.39445825
06-2013-0279,GRACIA,el Camp d'en Grassot i Gràcia Nova,PASSATGE,NOGUES,2,2,,4,,,,,BJ,3,2.167056693,41.40739354
06-2013-0282,GRACIA,la Vila de Gràcia,CARRER,JOAN BLANQUES,1,67,,69,,,,,1,1,2.158862896,41.40672066
02-2013-0891,L'EIXAMPLE,Sant Antoni,CARRER,MUNTANER,1,7,,,,,,,1,1,2.162910139,41.38384194
10-2013-0307,SANT MARTI,Provençals del Poblenou,CARRER,BAC DE RODA,2,100,,108,,,,1,6,C,2.203682695,41.40797378
02-2013-0872,L'EIXAMPLE,el Fort Pienc,CARRER,DIPUTACIO,2,474,,,,,,,2,1,2.182646785,41.40192971
02-2013-0873,L'EIXAMPLE,la Sagrada Família,CARRER,PROVENÇA,1,529,,,,,,,3,2,2.179224016,41.40814512
03-2013-0199,SANTS-MONTJUÏC,Sants,CARRER,ALMERIA,2,30,,,,,,,2,3,2.138517216,41.37280099
10-2013-0236,SANT MARTI,el Camp de l'Arpa del Clot,CARRER,INDEPENDENCIA,1,283,,285,,,,D,2,2,2.182948599,41.40797425
02-2013-1770,L'EIXAMPLE,la Dreta de l'Eixample,CARRER,CASP,1,19,,,,,,,3,3,2.17051752,41.38935823
03-2013-0561,SANTS-MONTJUÏC,el Poble Sec,CARRER,NOU DE LA RAMBLA,2,154,,,,,,,4,1,2.167106882,41.37227744
02-2013-0953,L'EIXAMPLE,l'Antiga Esquerra de l'Eixample,CARRER,ARAGO,1,207,,,,,,,1,2,2.159779871,41.38853401
02-2013-0964,L'EIXAMPLE,la Dreta de l'Eixample,CARRER,BAILEN,2,8,,,,,,,3,4,2.177562476,41.39180658
02-2013-0965,L'EIXAMPLE,la Dreta de l'Eixample,GRAN VIA,CORTS CATALANES,2,686,,,,,,,EN,3,2.173290383,41.39286326
02-2013-1682,L'EIXAMPLE,la Sagrada Família,CARRER,CORSEGA,1,607,,,,,,,2,1,2.175048928,41.40849401
02-2013-0893,L'EIXAMPLE,Sant Antoni,CARRER,MUNTANER,1,7,,,,,,,1,2A,2.162910139,41.38384194
06-2013-0179,GRACIA,el Camp d'en Grassot i Gràcia Nova,CARRER,SARDENYA,1,385,,,,,,,5,1,2.168911804,41.406586
01-2013-0288,CIUTAT VELLA,el Barri Gòtic,PLAÇA,JOAQUIM XIRAU I PALAU,1,1,,,,,,,4,,2.176917307,41.37853123
01-2013-0291,CIUTAT VELLA,el Raval,CARRER,MONTSERRAT,2,8,,,,,,,EN,1,2.174897644,41.37717679
02-2013-0874,L'EIXAMPLE,la Sagrada Família,CARRER,PROVENÇA,1,529,,,,,,,2,4,2.179224016,41.40814512
06-2013-0177,GRACIA,la Vila de Gràcia,PLAÇA,LESSEPS,2,8,,,,,,,2,1,2.150548269,41.40669984
02-2013-0500,L'EIXAMPLE,la Dreta de l'Eixample,GRAN VIA,CORTS CATALANES,2,638,,,,,,,PR,2,2.169240101,41.38981729
02-2013-0501,L'EIXAMPLE,l'Antiga Esquerra de l'Eixample,CARRER,CORSEGA,1,225,,,,,,,AT,,2.152973882,41.39186562
06-2013-0451,GRACIA,la Vila de Gràcia,TRAVESSERA,GRACIA,2,98,B,,,,,,3,,2.154093728,41.39886245
02-2013-0903,L'EIXAMPLE,la Nova Esquerra de l'Eixample,CARRER,ROSSELLO,1,95,,,,,,,BJ,,2.147765498,41.3862465
01-2013-0666,CIUTAT VELLA,el Raval,CARRER,MARQUES DE BARBERA,2,8,,,,,,,BJ,,2.172439208,41.37865209
06-2013-0204,GRACIA,la Vila de Gràcia,CARRER,RIERA DE SANT MIQUEL,1,49,,,,,,,1,1,2.155550571,41.3983414
06-2013-0205,GRACIA,la Vila de Gràcia,CARRER,RIERA DE SANT MIQUEL,1,49,,,,,,,1,2,2.155550571,41.3983414
06-2013-0206,GRACIA,la Vila de Gràcia,CARRER,RIERA DE SANT MIQUEL,1,49,,,,,,,1,3,2.155550571,41.3983414
06-2013-0207,GRACIA,la Vila de Gràcia,CARRER,RIERA DE SANT MIQUEL,1,49,,,,,,,2,1,2.155550571,41.3983414
06-2013-0208,GRACIA,la Vila de Gràcia,CARRER,RIERA DE SANT MIQUEL,1,49,,,,,,,2,2,2.155550571,41.3983414
10-2013-0296,SANT MARTI,el Poblenou,CARRER,RAMON TURRO,1,209,,,,,,,4,4,2.203766016,41.40071203
02-2013-1477,L'EIXAMPLE,la Dreta de l'Eixample,CARRER,ARAGO,2,382,,,,,,,EN,1,2.172813315,41.39793484
02-2013-1509,L'EIXAMPLE,la Nova Esquerra de l'Eixample,CARRER,VILAMARI,1,67,,,,,,,EN,2,2.147746439,41.37994262
02-2013-1676,L'EIXAMPLE,la Nova Esquerra de l'Eixample,CARRER,ARAGO,1,39,,,,,,,2,4,2.147957004,41.37956968
02-2013-1677,L'EIXAMPLE,la Nova Esquerra de l'Eixample,CARRER,ARAGO,1,39,,,,,,,3,2,2.147957004,41.37956968
02-2013-1678,L'EIXAMPLE,la Nova Esquerra de l'Eixample,CARRER,ARAGO,1,39,,,,,,,2,3,2.147957004,41.37956968
02-2013-1679,L'EIXAMPLE,la Nova Esquerra de l'Eixample,CARRER,ARAGO,1,39,,,,,,,4,3,2.147957004,41.37956968
02-2013-1680,L'EIXAMPLE,la Nova Esquerra de l'Eixample,CARRER,ROCAFORT,2,102,,,,,,,6,2,2.152263055,41.38021891
02-2013-0923,L'EIXAMPLE,la Sagrada Família,CARRER,MALLORCA,2,470,,,,,,,1,2,2.178726075,41.40583345
02-2013-1786,L'EIXAMPLE,la Dreta de l'Eixample,AVINGUDA,DIAGONAL,1,305,,,,,,,EN,2,2.173174061,41.39970596
02-2013-1787,L'EIXAMPLE,la Dreta de l'Eixample,AVINGUDA,DIAGONAL,1,305,,,,,,,2,1,2.173174061,41.39970596
05-2013-0177,SARRIA-SANT GERVASI,el Putxet i el Farró,RONDA,GENERAL MITRE,2,238,,,,,,,4,1,2.148726495,41.40580292
05-2013-0178,SARRIA-SANT GERVASI,el Putxet i el Farró,RONDA,GENERAL MITRE,2,238,,,,,,,4,2,2.148726495,41.40580292
01-2013-0264,CIUTAT VELLA,el Barri Gòtic,CARRER,N'ALSINA,1,1,,,,,,,EN,1,2.174505065,41.38168592
02-2013-0699,L'EIXAMPLE,la Dreta de l'Eixample,GRAN VIA,CORTS CATALANES,2,620,,,,,,,1,3B,2.166629356,41.38785596
05-2013-0228,SARRIA-SANT GERVASI,Sant Gervasi - Galvany,CARRER,GANDUXER,2,30,,,,,,,SA,2,2.138439807,41.3937762
05-2013-0229,SARRIA-SANT GERVASI,Sant Gervasi - Galvany,CARRER,CASANOVA,1,211,,,,,,,SA,1,2.147067427,41.39410303
05-2013-0230,SARRIA-SANT GERVASI,Sant Gervasi - Galvany,CARRER,CASANOVA,1,211,,,,,,,2,3,2.147067427,41.39410303
05-2013-0231,SARRIA-SANT GERVASI,Sant Gervasi - Galvany,CARRER,CASANOVA,1,211,,,,,,,2,1,2.147067427,41.39410303
02-2013-0943,L'EIXAMPLE,la Dreta de l'Eixample,CARRER,FONTANELLA,1,11,,,,,,,1,1A,2.172127923,41.3879138
02-2013-0944,L'EIXAMPLE,la Dreta de l'Eixample,CARRER,FONTANELLA,1,11,,,,,,,1,1B,2.172127923,41.3879138
02-2013-0945,L'EIXAMPLE,la Dreta de l'Eixample,CARRER,FONTANELLA,1,11,,,,,,,1,2A,2.172127923,41.3879138
03-2013-0553,SANTS-MONTJUÏC,el Poble Sec,CARRER,NOU DE LA RAMBLA,2,154,,,,,,,1,2,2.167106882,41.37227744
03-2013-0554,SANTS-MONTJUÏC,el Poble Sec,CARRER,NOU DE LA RAMBLA,2,154,,,,,,,1,3,2.167106882,41.37227744
03-2013-0555,SANTS-MONTJUÏC,el Poble Sec,CARRER,NOU DE LA RAMBLA,2,154,,,,,,,1,4,2.167106882,41.37227744
03-2013-0556,SANTS-MONTJUÏC,el Poble Sec,CARRER,NOU DE LA RAMBLA,2,154,,,,,,,2,1,2.167106882,41.37227744
03-2013-0557,SANTS-MONTJUÏC,el Poble Sec,CARRER,NOU DE LA RAMBLA,2,154,,,,,,,2,3,2.167106882,41.37227744
03-2013-0559,SANTS-MONTJUÏC,el Poble Sec,CARRER,NOU DE LA RAMBLA,2,154,,,,,,,2,4,2.167106882,41.37227744
03-2013-0560,SANTS-MONTJUÏC,el Poble Sec,CARRER,NOU DE LA RAMBLA,2,154,,,,,,,3,1,2.167106882,41.37227744
06-2013-0452,GRACIA,el Camp d'en Grassot i Gràcia Nova,CARRER,GRASSOT,1,17,,,,,,,2,1,2.168405011,41.40282591
01-2013-0407,CIUTAT VELLA,la Barceloneta,CARRER,SANT MIQUEL,2,104,,106,,,,,3,1,2.189425077,41.37681291
02-2013-0966,L'EIXAMPLE,la Dreta de l'Eixample,CARRER,VALENCIA,2,248,,,,,,,4,2,2.161391582,41.39111205
02-2013-1765,L'EIXAMPLE,l'Antiga Esquerra de l'Eixample,CARRER,ARAGO,1,207,,,,,,,PR,2,2.159779871,41.38853401
06-2013-0189,GRACIA,la Vila de Gràcia,CARRER,PEREZ GALDOS,2,32,,,,,,,PR,2,2.151445455,41.40619222
02-2013-0572,L'EIXAMPLE,la Dreta de l'Eixample,CARRER,CORSEGA,2,394,,,,,,,AT,4,2.163792758,41.39975347
02-2013-0573,L'EIXAMPLE,la Dreta de l'Eixample,CARRER,CORSEGA,2,394,,,,,,,2,1,2.163792758,41.39975347
02-2013-0747,L'EIXAMPLE,l'Antiga Esquerra de l'Eixample,CARRER,ARIBAU,2,56,,,,,,,5,1,2.15943734,41.38845231
02-2013-0946,L'EIXAMPLE,la Dreta de l'Eixample,CARRER,FONTANELLA,1,11,,,,,,,1,2B,2.172127923,41.3879138
01-2013-0663,CIUTAT VELLA,Sant Pere Santa Caterina i la Ribera,CARRER,CANVIS VELLS,1,7,,,,,,,1,,2.182166956,41.38300633
02-2013-1785,L'EIXAMPLE,la Dreta de l'Eixample,CARRER,DIPUTACIO,1,307,,,,,,,4,1,2.170167639,41.39288628
10-2013-0208,SANT MARTI,el Poblenou,PASSATGE,PIQUER,2,2,,6,,,,,BJ,1,2.206978739,41.40264635
02-2013-0488,L'EIXAMPLE,la Sagrada Família,CARRER,SARDENYA,1,319,,,,,,,3,1,2.172481082,41.4038945
02-2013-0518,L'EIXAMPLE,la Sagrada Família,CARRER,SARDENYA,2,342,,,,,,,1,4,2.171873746,41.40462888
02-2013-1730,L'EIXAMPLE,la Nova Esquerra de l'Eixample,CARRER,ROCAFORT,2,102,,,,,,,4,2,2.152263055,41.38021891
02-2013-1803,L'EIXAMPLE,la Sagrada Família,CARRER,SARDENYA,2,366,,,,,,,1,1,2.170473145,41.40569462
03-2013-0097,SANTS-MONTJUÏC,Hostafrancs,CARRER,CONSELL DE CENT,1,49,B,,,,,,3,1,2.145739378,41.37666568
10-2013-0340,SANT MARTI,el Clot,CARRER,MALLORCA,2,662,,,,,,E,3,2,2.189853521,41.41418338
02-2013-0735,L'EIXAMPLE,l'Antiga Esquerra de l'Eixample,PASSATGE,VALERI SERRA,1,19,,,,,,,EN,1,2.159580159,41.38556874
02-2013-0736,L'EIXAMPLE,l'Antiga Esquerra de l'Eixample,PASSATGE,VALERI SERRA,1,19,,,,,,,1,1,2.159580159,41.38556874
01-2013-0147,CIUTAT VELLA,el Raval,CARRER,JOAQUIN COSTA,2,28,,,,,,,EN,1,2.166287713,41.38213529
02-2013-0429,L'EIXAMPLE,la Dreta de l'Eixample,CARRER,NAPOLS,1,229,,,,,,,2,3,2.172624373,41.40036877
02-2013-0632,L'EIXAMPLE,la Sagrada Família,CARRER,VALENCIA,1,437,,,,,,,5,,2.176224582,41.40253375
03-2013-0227,SANTS-MONTJUÏC,Sants,CARRER,PUIGGARI,1,15,,17,,,,,4,3,2.138348038,41.38016807
02-2013-0667,L'EIXAMPLE,la Dreta de l'Eixample,RONDA,UNIVERSITAT,1,35,,,,,,,4,2,2.167640517,41.38720437
02-2013-0674,L'EIXAMPLE,la Dreta de l'Eixample,CARRER,BRUC,2,174,,,,,,,SA,,2.163379987,41.39909262
02-2013-0675,L'EIXAMPLE,la Sagrada Família,CARRER,ENAMORATS,1,27,,,,,,,2,1,2.180298992,41.40292084
05-2013-0241,SARRIA-SANT GERVASI,Sant Gervasi - Galvany,VIA,AUGUSTA,1,17,,19,,,,,5,3,2.15456556,41.39692846
01-2013-0289,CIUTAT VELLA,el Raval,CARRER,SANTA MONICA,2,2,,,,,,,1,3,2.17525843,41.37740361
02-2013-0849,L'EIXAMPLE,l'Antiga Esquerra de l'Eixample,CARRER,MUNTANER,1,83,,,,,,,2,3,2.157491694,41.38793684
02-2013-0850,L'EIXAMPLE,la Dreta de l'Eixample,CARRER,ARAGO,1,231,B,,,,,,3,1,2.162138965,41.39030543
02-2013-0851,L'EIXAMPLE,el Fort Pienc,CARRER,MARINA,2,142,,,,,,,2,1,2.183541557,41.39769395
02-2013-0852,L'EIXAMPLE,la Nova Esquerra de l'Eixample,CARRER,COMTE BORRELL,2,178,B,,,,,,4,4,2.153688865,41.38426381
02-2013-0565,L'EIXAMPLE,la Dreta de l'Eixample,CARRER,PROVENÇA,2,360,,,,,,,1,2A,2.168034906,41.39953238
02-2013-0567,L'EIXAMPLE,la Dreta de l'Eixample,CARRER,PROVENÇA,2,360,,,,,,,1,2B,2.168034906,41.39953238
02-2013-0568,L'EIXAMPLE,la Dreta de l'Eixample,CARRER,PROVENÇA,2,360,,,,,,,2,2A,2.168034906,41.39953238
02-2013-0569,L'EIXAMPLE,la Dreta de l'Eixample,CARRER,PROVENÇA,2,360,,,,,,,2,2B,2.168034906,41.39953238
01-2013-0292,CIUTAT VELLA,el Raval,CARRER,MONTSERRAT,2,8,,,,,,,EN,2,2.174897644,41.37717679
02-2013-0859,L'EIXAMPLE,la Nova Esquerra de l'Eixample,CARRER,ENTENÇA,1,95,B,,,,,,1,1,2.149847661,41.38006032
02-2013-0928,L'EIXAMPLE,Sant Antoni,CARRER,COMTE BORRELL,2,40,,,,,,,1,1,2.162976186,41.37723839
06-2013-0220,GRACIA,la Vila de Gràcia,CARRER,TORDERA,1,37,,,,,,,1,1,2.16152826,41.40168833
01-2013-0358,CIUTAT VELLA,la Barceloneta,CARRER,BALBOA,2,16,,,,,,,2,1,2.18864592,41.38219493
06-2013-0274,GRACIA,la Vila de Gràcia,CARRER,MONTMANY,1,25,,,,,,,1,4,2.159886011,41.40442051
02-2013-0454,L'EIXAMPLE,la Sagrada Família,AVINGUDA,GAUDI,2,8,,,,,,,2,2,2.174582435,41.40515544
02-2013-0455,L'EIXAMPLE,la Sagrada Família,AVINGUDA,GAUDI,2,8,,,,,,,PR,1,2.174582435,41.40515544
02-2013-0456,L'EIXAMPLE,la Sagrada Família,AVINGUDA,GAUDI,2,8,,,,,,,EN,1,2.174582435,41.40515544
02-2013-0457,L'EIXAMPLE,la Sagrada Família,AVINGUDA,GAUDI,2,8,,,,,,,EN,2B,2.174582435,41.40515544
02-2013-0458,L'EIXAMPLE,la Sagrada Família,AVINGUDA,GAUDI,2,8,,,,,,,4,1B,2.174582435,41.40515544
03-2013-0114,SANTS-MONTJUÏC,Hostafrancs,CARRER,MOIANES,2,50,B,,,,,,4,2,2.142586856,41.37337087
10-2013-0290,SANT MARTI,la Vila Olímpica del Poblenou,CARRER,DOCTOR TRUETA,1,45,,47,,,,,1,1,2.194171743,41.39180459
10-2013-0282,SANT MARTI,el Clot,AVINGUDA,MERIDIANA,1,113,,,,,,,2,,2.186566778,41.4079654
06-2013-0253,GRACIA,la Vila de Gràcia,CARRER,PROVIDENCIA,2,46,,,,,,,BJ,1,2.157001638,41.40661477
05-2013-0313,SARRIA-SANT GERVASI,el Putxet i el Farró,CARRER,BALLESTER,1,21,,23,,,,,2,3,2.14509079,41.40627532
05-2013-0315,SARRIA-SANT GERVASI,el Putxet i el Farró,CARRER,BALLESTER,1,21,,23,,,,,3,2,2.14509079,41.40627532
02-2013-0731,L'EIXAMPLE,la Dreta de l'Eixample,CARRER,BALMES,1,9,,,,,,,5,3,2.165864503,41.38672895
02-2013-0579,L'EIXAMPLE,el Fort Pienc,CARRER,MARINA,2,212,,,,,,,3,1,2.179256852,41.40104486
02-2013-0580,L'EIXAMPLE,el Fort Pienc,CARRER,MARINA,2,212,,,,,,,9,2,2.179256852,41.40104486
02-2013-0581,L'EIXAMPLE,el Fort Pienc,CARRER,MARINA,2,212,,,,,,,7,3,2.179256852,41.40104486
02-2013-0582,L'EIXAMPLE,el Fort Pienc,CARRER,MARINA,2,212,,,,,,,5,2,2.179256852,41.40104486
06-2013-0269,GRACIA,la Vila de Gràcia,CARRER,PROGRES,1,21,,23,,,,,BJ,1,2.160111364,41.40013616
03-2013-0154,SANTS-MONTJUÏC,Sants - Badal,CARRER,SANTS,1,387,,,,,,,7,1,2.124497642,41.37554
03-2013-0155,SANTS-MONTJUÏC,Sants - Badal,CARRER,SANTS,1,387,,,,,,,7,2,2.124497642,41.37554
03-2013-0156,SANTS-MONTJUÏC,Sants - Badal,CARRER,SANTS,1,387,,,,,,,7,3,2.124497642,41.37554
03-2013-0157,SANTS-MONTJUÏC,Sants - Badal,CARRER,SANTS,1,387,,,,,,,7,4,2.124497642,41.37554
03-2013-0158,SANTS-MONTJUÏC,Sants - Badal,CARRER,SANTS,1,387,,,,,,,7,5,2.124497642,41.37554
03-2013-0159,SANTS-MONTJUÏC,Sants - Badal,CARRER,SANTS,1,387,,,,,,,7,6,2.124497642,41.37554
03-2013-0160,SANTS-MONTJUÏC,Sants - Badal,CARRER,SANTS,1,387,,,,,,,7,7,2.124497642,41.37554
03-2013-0162,SANTS-MONTJUÏC,Sants - Badal,CARRER,SANTS,1,387,,,,,,,8,1,2.124497642,41.37554
03-2013-0163,SANTS-MONTJUÏC,Sants - Badal,CARRER,SANTS,1,387,,,,,,,8,2,2.124497642,41.37554
03-2013-0164,SANTS-MONTJUÏC,Sants - Badal,CARRER,SANTS,1,387,,,,,,,8,3,2.124497642,41.37554
03-2013-0165,SANTS-MONTJUÏC,Sants - Badal,CARRER,SANTS,1,387,,,,,,,8,4,2.124497642,41.37554
05-2013-0171,SARRIA-SANT GERVASI,el Putxet i el Farró,RONDA,GENERAL MITRE,2,238,,,,,,,2,3,2.148726495,41.40580292
05-2013-0172,SARRIA-SANT GERVASI,el Putxet i el Farró,RONDA,GENERAL MITRE,2,238,,,,,,,3,1,2.148726495,41.40580292
05-2013-0197,SARRIA-SANT GERVASI,Sant Gervasi - la Bonanova,RONDA,GENERAL MITRE,1,93,,,,,,,EN,1,2.13427334,41.39969374
03-2013-0166,SANTS-MONTJUÏC,Sants - Badal,CARRER,SANTS,1,387,,,,,,,7,8,2.124497642,41.37554
02-2013-0623,L'EIXAMPLE,la Dreta de l'Eixample,CARRER,ARAGO,1,347,,,,,,,6,2,2.17126858,41.39717853
02-2013-0467,L'EIXAMPLE,la Dreta de l'Eixample,CARRER,BALMES,2,8,,,,,,,3,2,2.166962345,41.38619984
02-2013-0440,L'EIXAMPLE,la Sagrada Família,CARRER,PROVENÇA,1,483,,,,,,,6,4,2.176840157,41.40639628
09-2013-0110,SANT ANDREU,la Sagrera,CARRER,MONLAU,1,1,,,,,,,1,,2.190456678,41.42294891
09-2013-0111,SANT ANDREU,la Sagrera,CARRER,MONLAU,1,1,,,,,,,BJ,,2.190456678,41.42294891
09-2013-0112,SANT ANDREU,la Sagrera,CARRER,MONLAU,1,1,,,,,,,2,,2.190456678,41.42294891
09-2013-0113,SANT ANDREU,la Sagrera,CARRER,MONLAU,1,1,,,,,,,3,,2.190456678,41.42294891
09-2013-0115,SANT ANDREU,la Sagrera,CARRER,MONLAU,1,1,,,,,,,4,,2.190456678,41.42294891
02-2013-0404,L'EIXAMPLE,la Dreta de l'Eixample,CARRER,GIRONA,1,111,,,,,,,1,1A,2.168233202,41.39686678
02-2013-0405,L'EIXAMPLE,la Dreta de l'Eixample,CARRER,GIRONA,1,111,,,,,,,1,1B,2.168233202,41.39686678
01-2013-0311,CIUTAT VELLA,el Barri Gòtic,CARRER,COLOM,1,1,,,,,,,2,1,2.174816711,41.37982456
02-2013-0620,L'EIXAMPLE,la Sagrada Família,PLAÇA,SAGRADA FAMILIA,1,17,,,,,,,2,1,2.174174226,41.40241657
02-2013-0768,L'EIXAMPLE,la Dreta de l'Eixample,CARRER,BRUC,1,55,,,,,,,1,2,2.171071069,41.39301723
02-2013-0695,L'EIXAMPLE,la Sagrada Família,CARRER,VALENCIA,1,505,,,,,,,4,2,2.180133373,41.40545799
02-2013-0696,L'EIXAMPLE,el Fort Pienc,GRAN VIA,CORTS CATALANES,1,721,,,,,,,6,D,2.179381884,41.3980907
02-2013-0757,L'EIXAMPLE,la Dreta de l'Eixample,RAMBLA,CATALUNYA,2,42,,,,,,,PR,1A,2.164963405,41.39016883
02-2013-0758,L'EIXAMPLE,la Dreta de l'Eixample,RAMBLA,CATALUNYA,2,42,,,,,,,PR,1B,2.164963405,41.39016883
02-2013-0759,L'EIXAMPLE,la Dreta de l'Eixample,RAMBLA,CATALUNYA,2,42,,,,,,,PR,2A,2.164963405,41.39016883
02-2013-0760,L'EIXAMPLE,la Dreta de l'Eixample,RAMBLA,CATALUNYA,2,42,,,,,,,PR,2B,2.164963405,41.39016883
02-2013-0761,L'EIXAMPLE,la Dreta de l'Eixample,RAMBLA,CATALUNYA,2,42,,,,,,,1,1A,2.164963405,41.39016883
02-2013-0762,L'EIXAMPLE,la Dreta de l'Eixample,RAMBLA,CATALUNYA,2,42,,,,,,,1,1B,2.164963405,41.39016883
02-2013-0763,L'EIXAMPLE,la Dreta de l'Eixample,RAMBLA,CATALUNYA,2,42,,,,,,,1,2A,2.164963405,41.39016883
02-2013-0671,L'EIXAMPLE,la Dreta de l'Eixample,CARRER,ARAGO,1,249,,,,,,,5,3,2.162906864,41.39087804
03-2014-0132,SANTS-MONTJUÏC,el Poble Sec,CARRER,VALLHONRAT,2,18,,,,,,,2,1,2.156994844,41.37418573
02-2013-0600,L'EIXAMPLE,Sant Antoni,CARRER,ENTENÇA,1,33,,,,,,,1,2,2.153841103,41.3770428
02-2013-0602,L'EIXAMPLE,Sant Antoni,CARRER,ENTENÇA,1,33,,,,,,,3,1,2.153841103,41.3770428
05-2013-0167,SARRIA-SANT GERVASI,el Putxet i el Farró,RONDA,GENERAL MITRE,2,238,,,,,,,2,2,2.148726495,41.40580292
03-2013-0184,SANTS-MONTJUÏC,el Poble Sec,CARRER,RADAS,2,38,,40,,,,,AT,2,2.160388921,41.37234119
02-2013-0764,L'EIXAMPLE,la Dreta de l'Eixample,RAMBLA,CATALUNYA,2,42,,,,,,,1,2B,2.164963405,41.39016883
02-2013-0837,L'EIXAMPLE,la Nova Esquerra de l'Eixample,CARRER,PROVENÇA,2,78,,,,,,,1,2,2.147530586,41.38407727
02-2013-0476,L'EIXAMPLE,la Dreta de l'Eixample,CARRER,DIPUTACIO,1,291,,,,,,,PR,2,2.168956781,41.39197835
02-2013-0477,L'EIXAMPLE,la Dreta de l'Eixample,CARRER,DIPUTACIO,1,291,,,,,,,1,2,2.168956781,41.39197835
02-2013-0478,L'EIXAMPLE,la Dreta de l'Eixample,CARRER,DIPUTACIO,1,291,,,,,,,1,3,2.168956781,41.39197835
02-2013-0479,L'EIXAMPLE,la Dreta de l'Eixample,CARRER,DIPUTACIO,1,291,,,,,,,2,2,2.168956781,41.39197835
02-2013-0481,L'EIXAMPLE,la Dreta de l'Eixample,CARRER,DIPUTACIO,1,291,,,,,,,2,3,2.168956781,41.39197835
02-2013-0482,L'EIXAMPLE,la Dreta de l'Eixample,CARRER,DIPUTACIO,1,291,,,,,,,3,3,2.168956781,41.39197835
02-2013-0484,L'EIXAMPLE,la Dreta de l'Eixample,CARRER,DIPUTACIO,1,291,,,,,,,4,2,2.168956781,41.39197835
03-2013-0095,SANTS-MONTJUÏC,el Poble Sec,CARRER,CREU DELS MOLERS,2,22,,,,,,,2,1,2.161517165,41.37347785
02-2013-0833,L'EIXAMPLE,la Nova Esquerra de l'Eixample,CARRER,TARRAGONA,2,106,,,,,,,6,1,2.144101537,41.37956698
02-2013-0496,L'EIXAMPLE,la Dreta de l'Eixample,CARRER,CASP,1,41,,,,,,,3,1A,2.173899649,41.39189731
02-2013-0497,L'EIXAMPLE,la Dreta de l'Eixample,CARRER,CASP,1,41,,,,,,,4,1,2.173899649,41.39189731
03-2013-0274,SANTS-MONTJUÏC,el Poble Sec,CARRER,SALVA,1,59,,,,,,,BJ,,2.165315943,41.37228502
03-2013-0275,SANTS-MONTJUÏC,el Poble Sec,CARRER,CREU DELS MOLERS,1,57,,,,,,,2,2,2.161369725,41.37268446
02-2014-0512,L'EIXAMPLE,la Dreta de l'Eixample,CARRER,PAU CLARIS,1,87,,,,,,,PR,4,2.170506139,41.39002304
03-2013-0093,SANTS-MONTJUÏC,Hostafrancs,CARRER,CONSELL DE CENT,1,49,B,,,,,,5,1,2.145739378,41.37666568
03-2013-0094,SANTS-MONTJUÏC,Hostafrancs,CARRER,CONSELL DE CENT,1,49,B,,,,,,5,2,2.145739378,41.37666568
02-2013-0480,L'EIXAMPLE,la Nova Esquerra de l'Eixample,CARRER,ROCAFORT,2,124,,,,,,,PR,4,2.151074518,41.3811132
02-2013-0483,L'EIXAMPLE,la Nova Esquerra de l'Eixample,CARRER,ROCAFORT,2,124,,,,,,,1,4,2.151074518,41.3811132
02-2013-0485,L'EIXAMPLE,la Nova Esquerra de l'Eixample,CARRER,ROCAFORT,2,124,,,,,,,4,3,2.151074518,41.3811132
06-2013-0202,GRACIA,el Camp d'en Grassot i Gràcia Nova,CARRER,CA L'ALEGRE DE DALT,1,79,,,,,,,BJ,1,2.159565486,41.41072555
02-2013-0797,L'EIXAMPLE,la Dreta de l'Eixample,RAMBLA,CATALUNYA,2,42,,,,,,,3,2B,2.164963405,41.39016883
02-2013-0948,L'EIXAMPLE,la Sagrada Família,CARRER,MARINA,2,240,,,,,,,1,4,2.177152845,41.40256275
10-2013-0226,SANT MARTI,el Camp de l'Arpa del Clot,CARRER,XIFRE,1,11,,,,,,,2,2,2.183752803,41.40859851
03-2013-0231,SANTS-MONTJUÏC,Sants,AVINGUDA,JOSEP TARRADELLAS,1,3,,,,,,,3,2,2.142043857,41.38154956
10-2013-0292,SANT MARTI,Diagonal Mar i el Front Marítim del Poblenou,PASSEIG,GARCIA FARIA,1,73,,,,,,,3,7,2.215323118,41.40496996
06-2013-0297,GRACIA,la Vila de Gràcia,CARRER,SANTA ROSA,1,19,,,,,,,2,1,2.153697845,41.40347296
02-2013-0599,L'EIXAMPLE,Sant Antoni,RONDA,SANT PAU,1,3,,,,,,,2,1,2.167201676,41.37538584
03-2013-0229,SANTS-MONTJUÏC,el Poble Sec,CARRER,ROSER,1,61,,,,,,,AT,,2.166168389,41.37246283
01-2013-0268,CIUTAT VELLA,el Raval,CARRER,TALLERS,2,28,,,,,,,PR,,2.168387192,41.38486399
01-2013-0269,CIUTAT VELLA,el Raval,CARRER,TALLERS,2,28,,,,,,,3,2,2.168387192,41.38486399
01-2013-0270,CIUTAT VELLA,el Raval,CARRER,TALLERS,1,61,,,,,,,EN,1A,2.167450054,41.38483639
01-2013-0271,CIUTAT VELLA,el Raval,CARRER,NOU DE LA RAMBLA,2,40,,,,,,,3,,2.172946636,41.37791118
06-2013-0173,GRACIA,la Vila de Gràcia,CARRER,ESCORIAL,1,11,,13,,,,,PR,2,2.162125563,41.40627339
02-2013-0540,L'EIXAMPLE,la Nova Esquerra de l'Eixample,CARRER,PROVENÇA,1,71,,,,,,,EN,3,2.14859863,41.38516376
03-2013-0232,SANTS-MONTJUÏC,Sants - Badal,CARRER,PORTBOU,1,27,,,,,,,AT,2,2.1266465,41.37662677
05-2013-0258,SARRIA-SANT GERVASI,Sant Gervasi - la Bonanova,PASSEIG,BONANOVA,2,54,,,,,,,1,C,2.127586894,41.40348503
02-2013-0825,L'EIXAMPLE,la Dreta de l'Eixample,CARRER,ARAGO,2,288,,,,,,,4,1,2.166876671,41.39346808
02-2013-0865,L'EIXAMPLE,l'Antiga Esquerra de l'Eixample,GRAN VIA,CORTS CATALANES,1,539,,,,,,,1,1,2.159657216,41.3833062
01-2013-0223,CIUTAT VELLA,el Raval,CARRER,GUARDIA,2,8,,,,,,,PR,2,2.173761025,41.37791349
01-2013-0224,CIUTAT VELLA,el Raval,CARRER,GUARDIA,2,8,,,,,,,PR,1,2.173761025,41.37791349
01-2013-0225,CIUTAT VELLA,el Raval,CARRER,GUARDIA,2,8,,,,,,,3,1,2.173761025,41.37791349
02-2013-0688,L'EIXAMPLE,la Dreta de l'Eixample,GRAN VIA,CORTS CATALANES,2,598,,,,,,,2,,2.165029796,41.38665902
06-2013-0273,GRACIA,la Vila de Gràcia,CARRER,ESCORIAL,1,11,,,,,,,3,2,2.162125563,41.40627339
10-2013-0378,SANT MARTI,Diagonal Mar i el Front Marítim del Poblenou,PASSEIG,TAULAT,1,223,,,,,,A,5,1,2.210431706,41.40344702
02-2013-0561,L'EIXAMPLE,la Dreta de l'Eixample,GRAN VIA,CORTS CATALANES,2,634,,,,,,,4,2,2.168981079,41.38961875
02-2013-0465,L'EIXAMPLE,la Sagrada Família,CARRER,VALENCIA,2,506,,,,,,,3,2,2.179780982,41.4049202
03-2013-0263,SANTS-MONTJUÏC,el Poble Sec,CARRER,CABANES,2,54,,,,,,,3,,2.169351618,41.3719869
01-2013-0156,CIUTAT VELLA,la Barceloneta,CARRER,SANTA LLUISA DE MARILLAC,2,14,,,,,,,2,4,2.191405129,41.37989041
06-2013-0165,GRACIA,la Vila de Gràcia,CARRER,MOZART,2,20,,,,,,,1,5,2.158153994,41.39948775
01-2013-0217,CIUTAT VELLA,Sant Pere Santa Caterina i la Ribera,CARRER,CORDERS,1,1,,,,,,,2,,2.179398303,41.38530443
01-2013-0218,CIUTAT VELLA,Sant Pere Santa Caterina i la Ribera,CARRER,CORDERS,1,1,,,,,,,1,,2.179398303,41.38530443
01-2013-0219,CIUTAT VELLA,Sant Pere Santa Caterina i la Ribera,CARRER,DAMES,1,1,,,,,,,3,,2.182876264,41.38376392
09-2013-0135,SANT ANDREU,Sant Andreu,CARRER,SANTA MARTA,2,10,,,,,,,BJ,,2.19063122,41.43673942
02-2013-0738,L'EIXAMPLE,la Sagrada Família,CARRER,VALENCIA,1,441,,,,,,,2,2,2.176367269,41.4026408
06-2013-0249,GRACIA,el Camp d'en Grassot i Gràcia Nova,CARRER,CA L'ALEGRE DE DALT,1,79,,,,,,,BJ,5,2.159565486,41.41072555
05-2013-0220,SARRIA-SANT GERVASI,Sant Gervasi - Galvany,CARRER,CALVET,1,17,,,,,,,8,2,2.144077594,41.39411612
05-2013-0221,SARRIA-SANT GERVASI,Sant Gervasi - Galvany,CARRER,CALVET,1,17,,,,,,,8,1,2.144077594,41.39411612
05-2013-0222,SARRIA-SANT GERVASI,Sant Gervasi - Galvany,CARRER,CALVET,1,17,,,,,,,8,3,2.144077594,41.39411612
02-2013-0909,L'EIXAMPLE,l'Antiga Esquerra de l'Eixample,CARRER,ARIBAU,1,47,,,,,,,4,2,2.159800551,41.3879033
09-2013-0154,SANT ANDREU,la Sagrera,CARRER,FELIP II,2,128,,130,,,,,1,1,2.184549963,41.42247634
09-2013-0155,SANT ANDREU,la Sagrera,CARRER,FELIP II,2,128,,130,,,,,4,2,2.184549963,41.42247634
02-2013-0799,L'EIXAMPLE,l'Antiga Esquerra de l'Eixample,CARRER,CORSEGA,1,211,,,,,,,3,1,2.152014644,41.39114476
03-2013-0308,SANTS-MONTJUÏC,Sants - Badal,RIERA,BLANCA,1,119,,,,,,,1,,2.127285745,41.37176717
03-2013-0309,SANTS-MONTJUÏC,Sants - Badal,RIERA,BLANCA,1,119,,,,,,,2,,2.127285745,41.37176717
03-2013-0310,SANTS-MONTJUÏC,Sants - Badal,RIERA,BLANCA,1,119,,,,,,,3,,2.127285745,41.37176717
03-2013-0311,SANTS-MONTJUÏC,Sants - Badal,RIERA,BLANCA,1,119,,,,,,,4,,2.127285745,41.37176717
05-2013-0296,SARRIA-SANT GERVASI,Sant Gervasi - la Bonanova,CARRER,TEODORA LAMADRID,2,52,,60,,,,G,AT,,2.134774939,41.40804737
05-2013-0300,SARRIA-SANT GERVASI,Sant Gervasi - Galvany,CARRER,BALMES,2,246,,,,,,,4,1,2.15016064,41.39957703
05-2013-0301,SARRIA-SANT GERVASI,Sant Gervasi - Galvany,CARRER,ARIBAU,2,304,,,,,,,5,1,2.146307254,41.39885686
10-2013-0217,SANT MARTI,el Poblenou,CARRER,RAMON TURRO,2,264,,,,,,,1,1,2.206998505,41.40282422
02-2013-0589,L'EIXAMPLE,la Dreta de l'Eixample,CARRER,CONSELL DE CENT,1,343,,,,,,,3,2A,2.16500413,41.39070739
02-2013-0590,L'EIXAMPLE,la Dreta de l'Eixample,CARRER,CONSELL DE CENT,1,343,,,,,,,3,2B,2.16500413,41.39070739
02-2013-0661,L'EIXAMPLE,la Dreta de l'Eixample,CARRER,VALENCIA,2,284,,,,,,,1,2B,2.164737776,41.39362952
02-2013-0662,L'EIXAMPLE,la Dreta de l'Eixample,CARRER,VALENCIA,2,284,,,,,,,1,1A,2.164737776,41.39362952
02-2013-0663,L'EIXAMPLE,la Dreta de l'Eixample,CARRER,VALENCIA,2,284,,,,,,,1,2A,2.164737776,41.39362952
02-2013-0664,L'EIXAMPLE,la Dreta de l'Eixample,CARRER,VALENCIA,2,284,,,,,,,3,1B,2.164737776,41.39362952
02-2013-0665,L'EIXAMPLE,la Dreta de l'Eixample,CARRER,VALENCIA,2,284,,,,,,,3,1A,2.164737776,41.39362952
02-2013-0848,L'EIXAMPLE,la Dreta de l'Eixample,CARRER,VALENCIA,1,317,,319,,,,,1,3,2.168213226,41.3965252
03-2013-0209,SANTS-MONTJUÏC,Sants,CARRER,VIOLANT HONGRIA REINA ARAGO,2,60,,62,,,,,8,2,2.129856226,41.37854373
03-2013-0210,SANTS-MONTJUÏC,el Poble Sec,CARRER,ELKANO,2,54,,,,,,,4,1,2.162275784,41.37353338
10-2013-0194,SANT MARTI,el Poblenou,CARRER,JONCAR,1,7,,11,,,,,2,4,2.203293874,41.40029762
09-2013-0163,SANT ANDREU,Navas,CARRER,ESPRONCEDA,1,395,,,,,,,BJ,,2.185175644,41.41985439
02-2013-0550,L'EIXAMPLE,la Dreta de l'Eixample,CARRER,CASP,1,41,,,,,,,2,1A,2.173899649,41.39189731
02-2013-0551,L'EIXAMPLE,la Dreta de l'Eixample,CARRER,CASP,1,41,,,,,,,1,1A,2.173899649,41.39189731
01-2013-0184,CIUTAT VELLA,Sant Pere Santa Caterina i la Ribera,VIA,LAIETANA,2,54,,,,,,,AT,1,2.17467178,41.38727081
06-2013-0244,GRACIA,la Vila de Gràcia,CARRER,IGUALADA,1,19,,,,,,,EN,3,2.162866445,41.40170706
04-2013-0141,LES CORTS,les Corts,CARRER,BERLIN,1,37,,,,,,,3,3,2.137986516,41.38287996
04-2013-0142,LES CORTS,les Corts,TRAVESSERA,CORTS,1,293,,,,,,,1,2,2.13491202,41.38685777
06-2013-0263,GRACIA,la Vila de Gràcia,CARRER,TORRENT DE L'OLLA,1,111,,,,,,,3,2,2.15677192,41.40239119
03-2013-0290,SANTS-MONTJUÏC,el Poble Sec,AVINGUDA,PARAL.LEL,1,99,,,,,,,2,3,2.163421616,41.37479753
05-2013-0218,SARRIA-SANT GERVASI,Sant Gervasi - Galvany,CARRER,LAFORJA,1,101,,,,,,,AT,1,2.143787393,41.3954658
02-2013-0820,L'EIXAMPLE,la Nova Esquerra de l'Eixample,CARRER,COMTE D'URGELL,1,139,,,,,,,5,1,2.152445692,41.38655486
02-2013-0847,L'EIXAMPLE,la Dreta de l'Eixample,CARRER,MALLORCA,1,277,,,,,,,4,4,2.16370963,41.39484208
02-2013-0916,L'EIXAMPLE,la Dreta de l'Eixample,AVINGUDA,DIAGONAL,1,319,A,,,,,,6,2,2.171123282,41.39918791
02-2013-0922,L'EIXAMPLE,el Fort Pienc,CARRER,ROGER DE FLOR,1,89,,,,,,,2,1,2.178337168,41.39434526
02-2013-0679,L'EIXAMPLE,Sant Antoni,CARRER,COMTE BORRELL,1,45,,,,,,,PR,,2.162643243,41.37721334
02-2013-0680,L'EIXAMPLE,Sant Antoni,CARRER,COMTE BORRELL,1,45,,,,,,,1,1,2.162643243,41.37721334
02-2013-0681,L'EIXAMPLE,Sant Antoni,CARRER,COMTE BORRELL,1,45,,,,,,,2,1,2.162643243,41.37721334
02-2013-0682,L'EIXAMPLE,Sant Antoni,CARRER,COMTE BORRELL,1,45,,,,,,,3,1,2.162643243,41.37721334
02-2013-0683,L'EIXAMPLE,Sant Antoni,CARRER,TAMARIT,1,187,,,,,,,PR,1,2.162552161,41.37997866
02-2013-0684,L'EIXAMPLE,Sant Antoni,CARRER,TAMARIT,1,187,,,,,,,PR,2,2.162552161,41.37997866
02-2013-0685,L'EIXAMPLE,Sant Antoni,CARRER,TAMARIT,1,187,,,,,,,1,1,2.162552161,41.37997866
02-2013-0686,L'EIXAMPLE,Sant Antoni,CARRER,TAMARIT,1,187,,,,,,,1,2,2.162552161,41.37997866
03-2013-0177,SANTS-MONTJUÏC,Hostafrancs,CARRER,CREU COBERTA,1,57,,,,,,,2,4,2.146161498,41.37509064
01-2013-0235,CIUTAT VELLA,Sant Pere Santa Caterina i la Ribera,CARRER,TROMPETES,2,4,,,,,,,1,,2.181973971,41.3826535
03-2013-0296,SANTS-MONTJUÏC,Hostafrancs,CARRER,BEJAR,1,53,,,,,,,EN,2,2.145066818,41.37735142
02-2013-0471,L'EIXAMPLE,Sant Antoni,CARRER,VILLARROEL,1,41,,,,,,,AT,,2.160540969,41.38221748
02-2013-0473,L'EIXAMPLE,Sant Antoni,CARRER,VILLARROEL,1,41,,,,,,,2,2,2.160540969,41.38221748
02-2013-0687,L'EIXAMPLE,Sant Antoni,CARRER,TAMARIT,1,187,,,,,,,2,1,2.162552161,41.37997866
02-2013-0689,L'EIXAMPLE,Sant Antoni,CARRER,TAMARIT,1,187,,,,,,,2,2,2.162552161,41.37997866
02-2013-0690,L'EIXAMPLE,Sant Antoni,CARRER,TAMARIT,1,187,,,,,,,3,1,2.162552161,41.37997866
02-2013-0692,L'EIXAMPLE,Sant Antoni,CARRER,TAMARIT,1,187,,,,,,,3,2,2.162552161,41.37997866
02-2013-0706,L'EIXAMPLE,Sant Antoni,AVINGUDA,MISTRAL,2,54,,,,,,,2,2,2.15414968,41.37611082
02-2013-0914,L'EIXAMPLE,Sant Antoni,CARRER,MARQUES DE CAMPO SAGRADO,2,28,,,,,,,1,2,2.165156839,41.37648917
07-2013-0135,HORTA-GUINARDÓ,el Baix Guinardó,TRAVESSERA,GRACIA,2,318,,,,,,B,1,1,2.168611796,41.40797375
10-2013-0232,SANT MARTI,Diagonal Mar i el Front Marítim del Poblenou,CARRER,PUJADES,2,362,,,,,,,10,3,2.209455962,41.40803666
03-2013-0192,SANTS-MONTJUÏC,el Poble Sec,CARRER,SALVA,1,23,,,,,,,2,2,2.16615255,41.37363567
02-2013-0693,L'EIXAMPLE,Sant Antoni,CARRER,TAMARIT,1,187,,,,,,,4,1,2.162552161,41.37997866
02-2013-0694,L'EIXAMPLE,Sant Antoni,CARRER,TAMARIT,1,187,,,,,,,4,2,2.162552161,41.37997866
10-2013-0310,SANT MARTI,el Camp de l'Arpa del Clot,CARRER,INDUSTRIA,1,211,,,,,,,1,1,2.177121653,41.41174997
01-2013-0327,CIUTAT VELLA,el Raval,CARRER,FLORS,2,16,,,,,,,4,,2.167741821,41.37594217
05-2013-0260,SARRIA-SANT GERVASI,Sant Gervasi - Galvany,CARRER,ARIBAU,2,226,,,,,,I,1,2,2.150536157,41.39517058
02-2013-0425,L'EIXAMPLE,Sant Antoni,CARRER,COMTE BORRELL,1,45,,,,,,,3,2,2.162643243,41.37721334
10-2013-0361,SANT MARTI,Diagonal Mar i el Front Marítim del Poblenou,CARRER,PALLARS,2,378,,388,,,,,15,1,2.209249046,41.40964729
04-2013-0119,LES CORTS,les Corts,CARRER,BORDEUS,1,7,,,,,,,1,A,2.141643047,41.38836096
03-2013-0145,SANTS-MONTJUÏC,Sants - Badal,CARRER,SANTS,1,387,,,,,,,2,1,2.124497642,41.37554
03-2013-0146,SANTS-MONTJUÏC,Sants - Badal,CARRER,SANTS,1,387,,,,,,,6,1,2.124497642,41.37554
03-2013-0147,SANTS-MONTJUÏC,Sants - Badal,CARRER,SANTS,1,387,,,,,,,6,2,2.124497642,41.37554
03-2013-0148,SANTS-MONTJUÏC,Sants - Badal,CARRER,SANTS,1,387,,,,,,,6,3,2.124497642,41.37554
03-2013-0149,SANTS-MONTJUÏC,Sants - Badal,CARRER,SANTS,1,387,,,,,,,6,4,2.124497642,41.37554
03-2013-0150,SANTS-MONTJUÏC,Sants - Badal,CARRER,SANTS,1,387,,,,,,,6,5,2.124497642,41.37554
03-2013-0151,SANTS-MONTJUÏC,Sants - Badal,CARRER,SANTS,1,387,,,,,,,6,6,2.124497642,41.37554
03-2013-0152,SANTS-MONTJUÏC,Sants - Badal,CARRER,SANTS,1,387,,,,,,,6,7,2.124497642,41.37554
02-2013-0584,L'EIXAMPLE,Sant Antoni,CARRER,PARLAMENT,1,35,,,,,,,2,1,2.162735786,41.37672885
02-2013-0452,L'EIXAMPLE,la Dreta de l'Eixample,CARRER,CASP,1,41,,,,,,,AT,2,2.173899649,41.39189731
02-2013-0609,L'EIXAMPLE,la Nova Esquerra de l'Eixample,GRAN VIA,CORTS CATALANES,1,497,,,,,,,1,3,2.156723209,41.38106955
02-2013-0895,L'EIXAMPLE,Sant Antoni,CARRER,PARLAMENT,1,31,,,,,,,4,1,2.162614218,41.37663816
02-2013-0896,L'EIXAMPLE,la Nova Esquerra de l'Eixample,CARRER,DIPUTACIO,2,36,,,,,,,4,1,2.15134204,41.37845366
07-2013-0111,HORTA-GUINARDÓ,el Baix Guinardó,CARRER,CARTAGENA,1,385,,,,,,,2,4,2.169839522,41.41445198
02-2013-0918,L'EIXAMPLE,la Dreta de l'Eixample,CARRER,GIRONA,2,150,,,,,,,4,5,2.166065384,41.39878639
02-2013-0960,L'EIXAMPLE,la Sagrada Família,CARRER,MARINA,2,240,,,,,,,3,6,2.177152845,41.40256275
05-2013-0161,SARRIA-SANT GERVASI,el Putxet i el Farró,RONDA,GENERAL MITRE,2,238,,,,,,,BJ,1,2.148726495,41.40580292
06-2013-0215,GRACIA,la Vila de Gràcia,TRAVESSERA,GRACIA,2,208,,,,,,,4,3,2.161001953,41.4032238
02-2013-0897,L'EIXAMPLE,l'Antiga Esquerra de l'Eixample,CARRER,BALMES,1,69,,,,,,,5,2,2.16116626,41.39027625
06-2013-0283,GRACIA,la Vila de Gràcia,TRAVESSERA,GRACIA,2,190,,,,,,,1,,2.160070497,41.40265398
03-2013-0089,SANTS-MONTJUÏC,Hostafrancs,CARRER,FARELL,1,25,,,,,,,3,2,2.143615008,41.37287344
02-2013-0564,L'EIXAMPLE,la Dreta de l'Eixample,CARRER,VALENCIA,1,225,,,,,,,SA,1,2.161083,41.39115065
02-2013-0789,L'EIXAMPLE,la Dreta de l'Eixample,CARRER,ROGER DE LLURIA,1,125,,,,,,,3,,2.163592745,41.39696429
05-2013-0168,SARRIA-SANT GERVASI,Sant Gervasi - Galvany,VIA,AUGUSTA,1,95,,,,,,,4,1,2.149616791,41.4009469
03-2013-0280,SANTS-MONTJUÏC,Hostafrancs,CARRER,CREU COBERTA,2,36,,,,,,,1,1,2.146811916,41.37528865
02-2013-0832,L'EIXAMPLE,la Sagrada Família,CARRER,PROVENÇA,2,424,,,,,,,4,2,2.17175527,41.4023132
06-2013-0230,GRACIA,la Vila de Gràcia,CARRER,PERLA,1,25,,,,,,,2,1,2.157668405,41.40379984
06-2013-0161,GRACIA,el Camp d'en Grassot i Gràcia Nova,PASSEIG,SANT JOAN,2,144,,,,,,,PR,4,2.166914988,41.40174207
07-2013-0101,HORTA-GUINARDÓ,el Guinardó,AVINGUDA,MARE DEU DE MONTSERRAT,2,192,,,,,,,3,3,2.173274951,41.4201699
07-2013-0118,HORTA-GUINARDÓ,la Teixonera,CARRER,MARE DE DEU DELS ANGELS,1,99,,,,,,,1,1,2.15048827,41.4231926
06-2013-0213,GRACIA,la Vila de Gràcia,CARRER,LLUIS VIVES,2,4,,,,,,,1,1,2.162511273,41.40026641
02-2013-0554,L'EIXAMPLE,l'Antiga Esquerra de l'Eixample,CARRER,BALMES,1,87,,,,,,,EN,1B,2.160012265,41.39115276
02-2013-0555,L'EIXAMPLE,l'Antiga Esquerra de l'Eixample,CARRER,BALMES,1,87,,,,,,,EN,1A,2.160012265,41.39115276
02-2013-0939,L'EIXAMPLE,l'Antiga Esquerra de l'Eixample,CARRER,COMTE D'URGELL,2,172,,,,,,,6,1,2.152469705,41.38694465
06-2013-0266,GRACIA,la Vila de Gràcia,CARRER,FERRER DE BLANES,1,11,,,,,,,2,,2.158784271,41.39873942
06-2013-0270,GRACIA,el Camp d'en Grassot i Gràcia Nova,CARRER,BAILEN,2,222,,,,,,,SA,,2.163413528,41.40250676
03-2013-0289,SANTS-MONTJUÏC,el Poble Sec,CARRER,RICART,2,40,,44,,,,,2,3,2.157329989,41.37260915
10-2013-0218,SANT MARTI,la Vila Olímpica del Poblenou,CARRER,MARINA,2,44,,,,,,,BJ,A,2.191982793,41.39126839
10-2013-0351,SANT MARTI,el Camp de l'Arpa del Clot,CARRER,SANT QUINTI,1,37,,45,,,,A,EN,1,2.178228911,41.41321636
02-2013-0840,L'EIXAMPLE,Sant Antoni,GRAN VIA,CORTS CATALANES,2,506,,510,,,,,1,2,2.157982769,41.38135881
06-2013-0272,GRACIA,el Camp d'en Grassot i Gràcia Nova,CARRER,LEGALITAT,1,53,,,,,,,EN,2,2.161389923,41.40855918
02-2013-0594,L'EIXAMPLE,l'Antiga Esquerra de l'Eixample,CARRER,PROVENÇA,1,131,,133,,,,,2,1,2.152236782,41.38791921
02-2013-0596,L'EIXAMPLE,l'Antiga Esquerra de l'Eixample,CARRER,PROVENÇA,1,131,,133,,,,,AT,2,2.152236782,41.38791921
02-2013-0597,L'EIXAMPLE,l'Antiga Esquerra de l'Eixample,CARRER,PROVENÇA,1,131,,133,,,,,1,4,2.152236782,41.38791921
02-2013-0598,L'EIXAMPLE,l'Antiga Esquerra de l'Eixample,CARRER,PROVENÇA,1,131,,133,,,,,6,4,2.152236782,41.38791921
06-2013-0221,GRACIA,el Coll,CARRER,FONT DEL COLL,1,15,,,,,,,AT,3,2.150391169,41.41962952
02-2013-0659,L'EIXAMPLE,la Dreta de l'Eixample,CARRER,BAILEN,2,8,,,,,,,3,2,2.177562476,41.39180658
06-2013-0149,GRACIA,el Camp d'en Grassot i Gràcia Nova,PASSEIG,AMUNT,2,18,,,,,,,AT,2,2.160016508,41.4100348
02-2013-0445,L'EIXAMPLE,la Dreta de l'Eixample,CARRER,DIPUTACIO,1,291,,,,,,,1,1,2.168956781,41.39197835
02-2013-0446,L'EIXAMPLE,la Dreta de l'Eixample,CARRER,DIPUTACIO,1,291,,,,,,,1,4,2.168956781,41.39197835
02-2013-0447,L'EIXAMPLE,la Dreta de l'Eixample,CARRER,DIPUTACIO,1,291,,,,,,,2,1,2.168956781,41.39197835
02-2013-0448,L'EIXAMPLE,la Dreta de l'Eixample,CARRER,DIPUTACIO,1,291,,,,,,,2,4,2.168956781,41.39197835
02-2013-0449,L'EIXAMPLE,la Dreta de l'Eixample,CARRER,DIPUTACIO,1,291,,,,,,,3,1,2.168956781,41.39197835
02-2013-0450,L'EIXAMPLE,la Dreta de l'Eixample,CARRER,DIPUTACIO,1,291,,,,,,,3,2,2.168956781,41.39197835
02-2013-0451,L'EIXAMPLE,la Dreta de l'Eixample,CARRER,DIPUTACIO,1,291,,,,,,,4,1,2.168956781,41.39197835
02-2013-0409,L'EIXAMPLE,Sant Antoni,CARRER,COMTE BORRELL,1,45,,,,,,,2,2,2.162643243,41.37721334
02-2013-0410,L'EIXAMPLE,Sant Antoni,CARRER,COMTE BORRELL,1,45,,,,,,,EN,2,2.162643243,41.37721334
02-2013-0411,L'EIXAMPLE,Sant Antoni,CARRER,COMTE BORRELL,1,45,,,,,,,1,2,2.162643243,41.37721334
02-2013-0593,L'EIXAMPLE,l'Antiga Esquerra de l'Eixample,CARRER,VALENCIA,2,184,,,,,,,1,1,2.156854091,41.38769376
06-2013-0153,GRACIA,la Vila de Gràcia,CARRER,TORRENT DE L'OLLA,1,49,,,,,,,SA,,2.159407955,41.40021536
06-2013-0154,GRACIA,la Vila de Gràcia,CARRER,TORRENT DE L'OLLA,1,49,,,,,,,AT,,2.159407955,41.40021536
06-2013-0155,GRACIA,la Vila de Gràcia,CARRER,TORRENT DE L'OLLA,1,49,,,,,,,3,,2.159407955,41.40021536
06-2013-0156,GRACIA,la Vila de Gràcia,CARRER,TORRENT DE L'OLLA,1,49,,,,,,,2,2,2.159407955,41.40021536
06-2013-0157,GRACIA,la Vila de Gràcia,CARRER,TORRENT DE L'OLLA,1,49,,,,,,,2,1,2.159407955,41.40021536
06-2013-0158,GRACIA,la Vila de Gràcia,CARRER,TORRENT DE L'OLLA,1,49,,,,,,,1,2,2.159407955,41.40021536
06-2013-0159,GRACIA,la Vila de Gràcia,CARRER,TORRENT DE L'OLLA,1,49,,,,,,,1,1,2.159407955,41.40021536
06-2013-0160,GRACIA,la Vila de Gràcia,CARRER,TORRENT DE L'OLLA,1,49,,,,,,,EN,,2.159407955,41.40021536
02-2013-0791,L'EIXAMPLE,l'Antiga Esquerra de l'Eixample,CARRER,MUNTANER,1,161,,,,,,,1,4,2.152957393,41.39135935
06-2013-0147,GRACIA,el Camp d'en Grassot i Gràcia Nova,PASSATGE,ALIO,2,8,,,,,,,2,,2.166644677,41.4025757
03-2013-0174,SANTS-MONTJUÏC,Hostafrancs,CARRER,BEJAR,1,53,,,,,,,2,1,2.145066818,41.37735142
10-2013-0190,SANT MARTI,el Poblenou,CARRER,LLULL,2,248,,,,,,,BJ,IN,2.205505285,41.40340368
02-2013-0855,L'EIXAMPLE,la Nova Esquerra de l'Eixample,CARRER,ARAGO,1,39,,,,,,,2,2,2.147957004,41.37956968
02-2013-0856,L'EIXAMPLE,la Nova Esquerra de l'Eixample,CARRER,ARAGO,1,39,,,,,,,2,1,2.147957004,41.37956968
02-2013-0857,L'EIXAMPLE,la Nova Esquerra de l'Eixample,CARRER,ARAGO,1,39,,,,,,,4,4,2.147957004,41.37956968
02-2013-0858,L'EIXAMPLE,la Nova Esquerra de l'Eixample,CARRER,ROCAFORT,2,102,,,,,,,PR,3,2.152263055,41.38021891
10-2013-0216,SANT MARTI,el Poblenou,CARRER,TANGER,2,148,,,,,,D,5,1,2.195530143,41.40440687
02-2013-0390,L'EIXAMPLE,la Dreta de l'Eixample,CARRER,BRUC,1,69,,,,,,,3,2,2.169903261,41.39389821
02-2013-0503,L'EIXAMPLE,Sant Antoni,CARRER,COMTE BORRELL,1,65,,,,,,,3,3,2.161611276,41.37799228
02-2013-0505,L'EIXAMPLE,la Sagrada Família,CARRER,VALENCIA,1,465,,,,,,,PR,1,2.177936546,41.4038179
02-2013-0506,L'EIXAMPLE,la Sagrada Família,CARRER,VALENCIA,1,465,,,,,,,PR,2,2.177936546,41.4038179
02-2013-0508,L'EIXAMPLE,la Sagrada Família,CARRER,VALENCIA,1,465,,,,,,,PR,3,2.177936546,41.4038179
02-2013-0509,L'EIXAMPLE,la Sagrada Família,CARRER,VALENCIA,1,465,,,,,,,PR,4,2.177936546,41.4038179
02-2013-0510,L'EIXAMPLE,la Nova Esquerra de l'Eixample,CARRER,ARAGO,2,116,,,,,,,SA,1,2.154520835,41.38423608
06-2013-0235,GRACIA,la Vila de Gràcia,CARRER,RAMON Y CAJAL,2,8,,,,,,,3,1,2.15785484,41.40207026
06-2013-0236,GRACIA,la Vila de Gràcia,CARRER,TORRENT DE L'OLLA,2,28,,,,,,,PR,1,2.160518685,41.39928761
03-2013-0285,SANTS-MONTJUÏC,el Poble Sec,CARRER,PIQUER,1,15,,,,,,,3,3,2.170562598,41.37274951
01-2013-0847,CIUTAT VELLA,Sant Pere Santa Caterina i la Ribera,VIA,LAIETANA,2,46,,,,,,,PR,2,2.1756468,41.386432
02-2013-0504,L'EIXAMPLE,la Dreta de l'Eixample,CARRER,BAILEN,1,77,,,,,,,1,2,2.171563712,41.39605957
02-2013-0507,L'EIXAMPLE,la Dreta de l'Eixample,CARRER,BAILEN,1,77,,,,,,,1,1,2.171563712,41.39605957
10-2013-0174,SANT MARTI,el Camp de l'Arpa del Clot,CARRER,CORSEGA,2,668,,,,,,,4,4,2.179526397,41.41158788
03-2013-0117,SANTS-MONTJUÏC,Sants - Badal,CARRER,SANTS,1,387,,,,,,,2,4,2.124497642,41.37554
03-2013-0118,SANTS-MONTJUÏC,Sants - Badal,CARRER,SANTS,1,387,,,,,,,2,5,2.124497642,41.37554
03-2013-0119,SANTS-MONTJUÏC,Sants - Badal,CARRER,SANTS,1,387,,,,,,,2,6,2.124497642,41.37554
03-2013-0120,SANTS-MONTJUÏC,Sants - Badal,CARRER,SANTS,1,387,,,,,,,2,7,2.124497642,41.37554
03-2013-0121,SANTS-MONTJUÏC,Sants - Badal,CARRER,SANTS,1,387,,,,,,,3,1,2.124497642,41.37554
03-2013-0122,SANTS-MONTJUÏC,Sants - Badal,CARRER,SANTS,1,387,,,,,,,3,2,2.124497642,41.37554
03-2013-0123,SANTS-MONTJUÏC,Sants - Badal,CARRER,SANTS,1,387,,,,,,,3,3,2.124497642,41.37554
03-2013-0124,SANTS-MONTJUÏC,Sants - Badal,CARRER,SANTS,1,387,,,,,,,3,4,2.124497642,41.37554
03-2013-0098,SANTS-MONTJUÏC,Hostafrancs,CARRER,CONSELL DE CENT,1,49,B,,,,,,3,2,2.145739378,41.37666568
02-2013-0678,L'EIXAMPLE,la Dreta de l'Eixample,RONDA,UNIVERSITAT,1,17,,,,,,,2,4,2.166413094,41.38674656
02-2013-0459,L'EIXAMPLE,el Fort Pienc,CARRER,SICILIA,1,173,,,,,,,AT,3,2.176133118,41.399435
10-2013-0319,SANT MARTI,la Vila Olímpica del Poblenou,CARRER,JOAN D'AUSTRIA,1,51,,,,,,A,2,2,2.191925217,41.39255836
02-2013-0515,L'EIXAMPLE,Sant Antoni,CARRER,VILADOMAT,1,3,,,,,,,1,C,2.162654451,41.37550034
02-2013-0677,L'EIXAMPLE,l'Antiga Esquerra de l'Eixample,CARRER,DIPUTACIO,2,154,,,,,,,5,3,2.157795441,41.38330124
10-2013-0321,SANT MARTI,la Vila Olímpica del Poblenou,CARRER,JOAN D'AUSTRIA,1,51,,,,,,A,1,2,2.191925217,41.39255836
10-2013-0322,SANT MARTI,la Vila Olímpica del Poblenou,CARRER,JOAN D'AUSTRIA,1,51,,,,,,A,3,2,2.191925217,41.39255836
06-2013-0251,GRACIA,la Vila de Gràcia,CARRER,PEREZ GALDOS,2,32,,,,,,,3,1,2.151445455,41.40619222
01-2013-0247,CIUTAT VELLA,Sant Pere Santa Caterina i la Ribera,CARRER,ARGENTERIA,2,6,,,,,,,1,3,2.180192927,41.38363313
01-2013-0250,CIUTAT VELLA,Sant Pere Santa Caterina i la Ribera,CARRER,ARGENTERIA,2,6,,,,,,,1,4,2.180192927,41.38363313
01-2013-0252,CIUTAT VELLA,Sant Pere Santa Caterina i la Ribera,CARRER,ARGENTERIA,2,6,,,,,,,2,1,2.180192927,41.38363313
06-2013-0242,GRACIA,la Vila de Gràcia,TRAVESSERA,GRACIA,2,146,,,,,,,2,,2.157024141,41.40077873
02-2013-0743,L'EIXAMPLE,la Dreta de l'Eixample,PASSATGE,ROGER DE FLOR,1,9,,,,,,,BJ,,2.169387292,41.40161359
03-2013-0237,SANTS-MONTJUÏC,Hostafrancs,CARRER,DIPUTACIO,1,7,,,,,,,2,3,2.147752695,41.37603473
02-2013-0702,L'EIXAMPLE,la Sagrada Família,AVINGUDA,GAUDI,2,44,,,,,,,2,3,2.17453971,41.40825117
02-2013-0704,L'EIXAMPLE,la Sagrada Família,AVINGUDA,GAUDI,2,44,,,,,,,1,3,2.17453971,41.40825117
02-2013-0705,L'EIXAMPLE,la Sagrada Família,AVINGUDA,GAUDI,2,44,,,,,,,BJ,1,2.17453971,41.40825117
03-2013-0242,SANTS-MONTJUÏC,Sants,CARRER,TENOR MASINI,1,59,,,,,,,BJ,1,2.131693267,41.37755574
06-2013-0287,GRACIA,la Vila de Gràcia,CARRER,GRAN DE GRACIA,2,16,,,,,,,3,2,2.15737524,41.39834332
06-2013-0294,GRACIA,la Vila de Gràcia,CARRER,VERDI,1,103,,,,,,,BJ,,2.154734545,41.405797
02-2013-0375,L'EIXAMPLE,la Nova Esquerra de l'Eixample,CARRER,CORSEGA,2,74,,,,,,,EN,1,2.144545765,41.3852331
02-2013-0669,L'EIXAMPLE,l'Antiga Esquerra de l'Eixample,CARRER,ARIBAU,2,46,,,,,,,BJ,2,2.160325813,41.38777782
02-2013-0391,L'EIXAMPLE,l'Antiga Esquerra de l'Eixample,GRAN VIA,CORTS CATALANES,1,539,,,,,,,3,3,2.159657216,41.3833062
10-2013-0368,SANT MARTI,el Poblenou,PASSATGE,BORI,2,6,,,,,,,2,4,2.201966075,41.39801821
02-2013-0780,L'EIXAMPLE,Sant Antoni,AVINGUDA,PARAL.LEL,2,92,,,,,,,1,2,2.166367494,41.37516519
06-2013-0196,GRACIA,la Vila de Gràcia,CARRER,VIC,2,6,,,,,,,1,1,2.155407709,41.39873448
10-2013-0246,SANT MARTI,la Vila Olímpica del Poblenou,CARRER,RAMON TURRO,1,69,,,,,,,2,2,2.194265685,41.39356088
03-2013-0096,SANTS-MONTJUÏC,el Poble Sec,CARRER,LLEIDA,1,49,,,,,,,PR,1,2.155965352,41.37171273
06-2013-0262,GRACIA,la Vila de Gràcia,CARRER,PROGRES,1,25,,,,,,,BJ,1,2.160000226,41.40022458
02-2013-0915,L'EIXAMPLE,l'Antiga Esquerra de l'Eixample,CARRER,MUNTANER,1,111,,,,,,,2,1,2.155620056,41.38935318
02-2013-0414,L'EIXAMPLE,l'Antiga Esquerra de l'Eixample,CARRER,CASANOVA,1,71,,,,,,,5,1,2.158026564,41.38582387
03-2013-0175,SANTS-MONTJUÏC,el Poble Sec,CARRER,BLASCO DE GARAY,1,33,,,,,,,4,1,2.162911991,41.37354781
02-2013-0658,L'EIXAMPLE,la Sagrada Família,CARRER,MALLORCA,1,451,,,,,,A,EN,2,2.178524268,41.4059635
02-2013-0950,L'EIXAMPLE,Sant Antoni,CARRER,SEPULVEDA,1,93,,,,,,,1,1,2.157721202,41.37974451
10-2013-0373,SANT MARTI,el Parc i la Llacuna del Poblenou,CARRER,NAPOLS,1,13,,15,,,,,SA,1,2.184886044,41.39109084
10-2013-0375,SANT MARTI,la Vila Olímpica del Poblenou,PLAÇA,TIRANT LO BLANC,2,8,,,,,,,3,1,2.201058096,41.39316354
02-2013-0721,L'EIXAMPLE,la Dreta de l'Eixample,CARRER,BALMES,2,64,,,,,,,4,2,2.16222847,41.38975386
02-2013-0722,L'EIXAMPLE,la Dreta de l'Eixample,CARRER,BALMES,2,64,,,,,,,PR,1,2.16222847,41.38975386
02-2013-0723,L'EIXAMPLE,la Dreta de l'Eixample,CARRER,BALMES,2,64,,,,,,,2,1,2.16222847,41.38975386
02-2013-0724,L'EIXAMPLE,la Dreta de l'Eixample,CARRER,BALMES,2,64,,,,,,,3,2,2.16222847,41.38975386
01-2013-0220,CIUTAT VELLA,Sant Pere Santa Caterina i la Ribera,CARRER,DAMES,1,1,,,,,,,2,,2.182876264,41.38376392
01-2013-0221,CIUTAT VELLA,Sant Pere Santa Caterina i la Ribera,CARRER,DAMES,1,1,,,,,,,1,,2.182876264,41.38376392
01-2013-0222,CIUTAT VELLA,el Raval,CARRER,GUARDIA,2,8,,,,,,,1,1,2.173761025,41.37791349
01-2013-0260,CIUTAT VELLA,el Barri Gòtic,AVINGUDA,PORTAL DE L'ANGEL,2,28,,,,,,,3,,2.172632474,41.38610405
01-2013-0261,CIUTAT VELLA,el Barri Gòtic,AVINGUDA,PORTAL DE L'ANGEL,2,28,,,,,,,2,,2.172632474,41.38610405
02-2013-0377,L'EIXAMPLE,el Fort Pienc,CARRER,CASP,2,174,,,,,,,SA,2,2.181639733,41.3974376
04-2013-0113,LES CORTS,les Corts,CARRER,BERLIN,1,89,,,,,,,2,3,2.140783195,41.38438715
01-2013-0303,CIUTAT VELLA,Sant Pere Santa Caterina i la Ribera,CARRER,SANT ANTONI DELS SOMBRERERS,2,4,,,,,,,1,1,2.181702503,41.38408976
01-2013-0304,CIUTAT VELLA,Sant Pere Santa Caterina i la Ribera,CARRER,SANT ANTONI DELS SOMBRERERS,2,4,,,,,,,2,2,2.181702503,41.38408976
01-2013-0305,CIUTAT VELLA,Sant Pere Santa Caterina i la Ribera,CARRER,SANT ANTONI DELS SOMBRERERS,2,4,,,,,,,3,1,2.181702503,41.38408976
10-2013-0198,SANT MARTI,el Poblenou,PASSEIG,CALVELL,1,15,,,,,,,BJ,2,2.205276382,41.39717192
03-2013-0297,SANTS-MONTJUÏC,Hostafrancs,CARRER,BEJAR,1,53,,,,,,,2,2,2.145066818,41.37735142
10-2013-0314,SANT MARTI,la Vila Olímpica del Poblenou,CARRER,ESTOCOLM,1,3,,,,,,,1,2,2.194753378,41.39146029
06-2013-0275,GRACIA,la Vila de Gràcia,CARRER,ENCARNACIO,1,35,,,,,,,2,2,2.159343138,41.40601865
02-2013-0491,L'EIXAMPLE,la Dreta de l'Eixample,CARRER,CONSELL DE CENT,2,322,,,,,,,1,1,2.167177141,41.39206481
03-2013-0307,SANTS-MONTJUÏC,el Poble Sec,CARRER,SALVA,2,52,,,,,,,3,,2.16533423,41.3726495
02-2013-0716,L'EIXAMPLE,la Dreta de l'Eixample,PASSATGE,MERCADER,2,4,,,,,,,EN,2,2.159406617,41.39276954
02-2013-0818,L'EIXAMPLE,l'Antiga Esquerra de l'Eixample,CARRER,ARIBAU,2,92,,,,,,,1,2,2.157676772,41.38978271
02-2013-0439,L'EIXAMPLE,la Sagrada Família,AVINGUDA,DIAGONAL,2,332,B,,,,,,EN,2,2.174434636,41.40052295
06-2013-0151,GRACIA,el Camp d'en Grassot i Gràcia Nova,CARRER,SARDENYA,1,493,,,,,,,3,2,2.164704802,41.40980092
02-2013-0729,L'EIXAMPLE,la Dreta de l'Eixample,RAMBLA,CATALUNYA,2,52,,,,,,,6,5,2.164168587,41.39075107
02-2013-0803,L'EIXAMPLE,l'Antiga Esquerra de l'Eixample,CARRER,MUNTANER,1,145,,,,,,,2,1,2.154156119,41.39045742
02-2013-0913,L'EIXAMPLE,la Sagrada Família,CARRER,LEPANT,1,285,,,,,,,SA,,2.175191515,41.4054285
02-2013-0769,L'EIXAMPLE,la Dreta de l'Eixample,CARRER,CONSELL DE CENT,2,376,,,,,,,1,1,2.171274506,41.39513746
06-2013-0203,GRACIA,la Vila de Gràcia,CARRER,TERRASSA,2,8,,,,,,,1,,2.163445341,41.4000691
02-2013-0522,L'EIXAMPLE,la Dreta de l'Eixample,AVINGUDA,DIAGONAL,1,369,,,,,,,PR,2,2.162524636,41.39705067
02-2013-0771,L'EIXAMPLE,la Sagrada Família,CARRER,VALENCIA,2,418,,,,,,,1,1,2.175729015,41.40186535
02-2013-0631,L'EIXAMPLE,la Dreta de l'Eixample,PASSEIG,GRACIA,2,44,,,,,,,6,G,2.165977919,41.39172116
02-2013-0920,L'EIXAMPLE,el Fort Pienc,CARRER,MARINA,2,212,,,,,,,1,2,2.179256852,41.40104486
02-2013-0921,L'EIXAMPLE,el Fort Pienc,CARRER,MARINA,2,212,,,,,,,2,1,2.179256852,41.40104486
01-2013-0389,CIUTAT VELLA,la Barceloneta,CARRER,MEER,2,34,,,,,,,5,,2.190122153,41.37789957
01-2013-0213,CIUTAT VELLA,el Raval,CARRER,GUARDIA,2,8,,,,,,,EN,1,2.173761025,41.37791349
01-2013-0214,CIUTAT VELLA,el Raval,CARRER,GUARDIA,2,8,,,,,,,3,2,2.173761025,41.37791349
02-2013-0765,L'EIXAMPLE,la Nova Esquerra de l'Eixample,CARRER,ROCAFORT,1,159,,,,,,,EN,1,2.149792022,41.38180706
03-2013-0254,SANTS-MONTJUÏC,el Poble Sec,CARRER,VILA I VILA,1,89,,,,,,,5,2,2.16802956,41.3743285
05-2013-0295,SARRIA-SANT GERVASI,Sant Gervasi - Galvany,CARRER,SAGUES,1,49,,,,,,,3,1,2.143630819,41.39520176
10-2013-0309,SANT MARTI,Diagonal Mar i el Front Marítim del Poblenou,PASSEIG,TAULAT,1,223,,,,,,A,4,1,2.210431706,41.40344702
01-2013-0315,CIUTAT VELLA,el Barri Gòtic,CARRER,GIGNAS,1,17,,19,,,,,2,4,2.180068869,41.38122907
10-2013-0258,SANT MARTI,el Parc i la Llacuna del Poblenou,PASSATGE,ALI BEI,1,7,,,,,,,BJ,1,2.189383821,41.40062492
10-2013-0259,SANT MARTI,el Parc i la Llacuna del Poblenou,PASSATGE,ALI BEI,1,7,,,,,,,1,1,2.189383821,41.40062492
10-2013-0260,SANT MARTI,el Parc i la Llacuna del Poblenou,PASSATGE,ALI BEI,1,7,,,,,,,2,1,2.189383821,41.40062492
10-2013-0261,SANT MARTI,el Parc i la Llacuna del Poblenou,PASSATGE,ALI BEI,1,7,,,,,,,1,2,2.189383821,41.40062492
10-2013-0263,SANT MARTI,el Parc i la Llacuna del Poblenou,PASSATGE,ALI BEI,1,7,,,,,,,AT,2,2.189383821,41.40062492
10-2013-0264,SANT MARTI,el Parc i la Llacuna del Poblenou,PASSATGE,ALI BEI,1,7,,,,,,,BJ,2,2.189383821,41.40062492
10-2013-0265,SANT MARTI,el Parc i la Llacuna del Poblenou,PASSATGE,ALI BEI,1,7,,,,,,,AT,1,2.189383821,41.40062492
10-2013-0266,SANT MARTI,el Parc i la Llacuna del Poblenou,PASSATGE,ALI BEI,1,7,,,,,,,2,2,2.189383821,41.40062492
02-2013-0829,L'EIXAMPLE,Sant Antoni,CARRER,ALDANA,2,12,,,,,,,2,1,2.166398318,41.37577809
02-2013-0442,L'EIXAMPLE,la Dreta de l'Eixample,CARRER,DIPUTACIO,1,291,,,,,,,PR,1,2.168956781,41.39197835
06-2013-0292,GRACIA,el Camp d'en Grassot i Gràcia Nova,CARRER,INDUSTRIA,2,8,,,,,,,PR,2,2.164740493,41.40210254
02-2013-0428,L'EIXAMPLE,la Dreta de l'Eixample,CARRER,VALENCIA,2,358,,,,,,I,4,2,2.170232418,41.39776234
02-2013-0636,L'EIXAMPLE,la Nova Esquerra de l'Eixample,CARRER,VILADOMAT,1,129,,,,,,,1,1,2.155558375,41.38086732
02-2013-0637,L'EIXAMPLE,Sant Antoni,CARRER,FLORIDABLANCA,1,133,,,,,,,1,4,2.162400236,41.3815646
02-2013-0638,L'EIXAMPLE,Sant Antoni,CARRER,FLORIDABLANCA,1,133,,,,,,,5,1,2.162400236,41.3815646
02-2013-0932,L'EIXAMPLE,la Dreta de l'Eixample,CARRER,CASP,2,30,,,,,,,AT,,2.171592505,41.38988493
02-2013-0933,L'EIXAMPLE,la Dreta de l'Eixample,CARRER,PAU CLARIS,1,97,,,,,,,5,1,2.169181649,41.39102527
02-2013-0934,L'EIXAMPLE,la Dreta de l'Eixample,PASSEIG,GRACIA,1,51,,,,,,,4,,2.164177971,41.39233147
02-2013-0936,L'EIXAMPLE,la Dreta de l'Eixample,PASSEIG,GRACIA,1,51,,,,,,,3,2A,2.164177971,41.39233147
03-2013-0213,SANTS-MONTJUÏC,Hostafrancs,CARRER,LEIVA,2,94,,,,,,,1,2,2.14719484,41.37439272
06-2013-0228,GRACIA,la Vila de Gràcia,CARRER,GRAN DE GRACIA,2,144,,,,,,,3,1,2.153252274,41.40189648
06-2013-0229,GRACIA,el Camp d'en Grassot i Gràcia Nova,PASSATGE,NOGUES,1,13,,,,,,,BJ,,2.16665398,41.40761058
05-2013-0238,SARRIA-SANT GERVASI,el Putxet i el Farró,CARRER,MARE DE DEU DEL CARMEL,1,25,,,,,,,2,1,2.139831899,41.41090678
05-2013-0239,SARRIA-SANT GERVASI,el Putxet i el Farró,CARRER,MARE DE DEU DEL CARMEL,1,25,,,,,,,1,1,2.139831899,41.41090678
05-2013-0240,SARRIA-SANT GERVASI,el Putxet i el Farró,CARRER,MARE DE DEU DEL CARMEL,1,25,,,,,,,2,2,2.139831899,41.41090678
06-2013-0150,GRACIA,la Vila de Gràcia,CARRER,SANT PERE MARTIR,2,52,,,,,,,1,1,2.156639146,41.40018397
02-2013-0394,L'EIXAMPLE,la Dreta de l'Eixample,RAMBLA,CATALUNYA,2,42,,,,,,,2,2A,2.164963405,41.39016883
02-2013-0395,L'EIXAMPLE,la Dreta de l'Eixample,RAMBLA,CATALUNYA,2,42,,,,,,,2,2B,2.164963405,41.39016883
02-2013-0740,L'EIXAMPLE,la Sagrada Família,PASSATGE,TORRES,2,14,,,,,,,BJ,,2.171154427,41.40604489
10-2013-0300,SANT MARTI,Diagonal Mar i el Front Marítim del Poblenou,AVINGUDA,DIAGONAL,2,60,,,,,,,1,3,2.211040606,41.40986485
10-2013-0301,SANT MARTI,la Vila Olímpica del Poblenou,CARRER,DOCTOR TRUETA,2,40,,,,,,,5,1,2.193645196,41.3911219
02-2013-0937,L'EIXAMPLE,la Dreta de l'Eixample,PASSEIG,GRACIA,1,51,,,,,,,1,2A,2.164177971,41.39233147
05-2013-0267,SARRIA-SANT GERVASI,el Putxet i el Farró,RONDA,GENERAL MITRE,2,212,,,,,,,5,4,2.146038406,41.40555836
02-2013-0877,L'EIXAMPLE,la Sagrada Família,CARRER,MALLORCA,1,371,,,,,,,2,2,2.172759752,41.40164548
02-2013-0878,L'EIXAMPLE,la Sagrada Família,CARRER,MALLORCA,1,371,,,,,,,4,2,2.172759752,41.40164548
01-2013-0391,CIUTAT VELLA,la Barceloneta,CARRER,MEER,2,34,,,,,,,4,,2.190122153,41.37789957
06-2013-0232,GRACIA,la Vila de Gràcia,CARRER,SENECA,1,7,,,,,,,1,1,2.156894431,41.39721954
02-2013-0938,L'EIXAMPLE,la Dreta de l'Eixample,PASSEIG,GRACIA,1,51,,,,,,,2,2A,2.164177971,41.39233147
02-2013-2113,L'EIXAMPLE,la Dreta de l'Eixample,RONDA,SANT PERE,1,3,,,,,,,1,2,2.17068944,41.38834878
01-2013-0392,CIUTAT VELLA,la Barceloneta,CARRER,MEER,2,34,,,,,,,3,,2.190122153,41.37789957
01-2013-0394,CIUTAT VELLA,la Barceloneta,CARRER,MEER,2,34,,,,,,,2,,2.190122153,41.37789957
01-2013-0395,CIUTAT VELLA,la Barceloneta,CARRER,MEER,2,34,,,,,,,1,,2.190122153,41.37789957
01-2013-0396,CIUTAT VELLA,la Barceloneta,CARRER,MEER,2,34,,,,,,,BJ,,2.190122153,41.37789957
01-2013-0397,CIUTAT VELLA,la Barceloneta,CARRER,BALUARD,1,65,,,,,,,BJ,,2.189964533,41.37762707
10-2013-0237,SANT MARTI,el Camp de l'Arpa del Clot,CARRER,INDEPENDENCIA,2,380,,,,,,,6,3,2.177505933,41.41240256
02-2013-0629,L'EIXAMPLE,el Fort Pienc,PASSEIG,SANT JOAN,2,30,,,,,,,1,2,2.178422602,41.3930484
10-2013-0268,SANT MARTI,el Poblenou,CARRER,PALLARS,1,171,,,,,,,PR,1,2.196223965,41.4001264
10-2013-0269,SANT MARTI,el Poblenou,CARRER,PALLARS,1,171,,,,,,,2,1,2.196223965,41.4001264
10-2013-0270,SANT MARTI,el Poblenou,CARRER,PALLARS,1,171,,,,,,,2,2,2.196223965,41.4001264
02-2013-0894,L'EIXAMPLE,la Dreta de l'Eixample,CARRER,ROSSELLO,1,297,,,,,,,4,2,2.164581437,41.39891592
06-2013-0163,GRACIA,la Vila de Gràcia,CARRER,MOZART,2,20,,,,,,,EN,3,2.158153994,41.39948775
06-2013-0164,GRACIA,la Vila de Gràcia,CARRER,MOZART,2,20,,,,,,,EN,4,2.158153994,41.39948775
07-2013-0074,HORTA-GUINARDÓ,el Guinardó,CARRER,VARSOVIA,1,113,B,,,,,,1,,2.173203046,41.41906966
07-2013-0075,HORTA-GUINARDÓ,el Guinardó,CARRER,VARSOVIA,1,113,B,,,,,,2,,2.173203046,41.41906966
07-2013-0076,HORTA-GUINARDÓ,el Guinardó,CARRER,VARSOVIA,1,113,B,,,,,,3,,2.173203046,41.41906966
10-2013-0302,SANT MARTI,el Poblenou,CARRER,BILBAO,2,24,,32,,2,,C,1,3,2.204880667,41.40235889
01-2013-0242,CIUTAT VELLA,Sant Pere Santa Caterina i la Ribera,CARRER,ARGENTERIA,2,6,,,,,,,EN,3,2.180192927,41.38363313
01-2013-0243,CIUTAT VELLA,Sant Pere Santa Caterina i la Ribera,CARRER,ARGENTERIA,2,6,,,,,,,EN,1,2.180192927,41.38363313
01-2013-0244,CIUTAT VELLA,Sant Pere Santa Caterina i la Ribera,CARRER,ARGENTERIA,2,6,,,,,,,EN,4,2.180192927,41.38363313
03-2013-0108,SANTS-MONTJUÏC,Sants,CARRER,VALLESPIR,2,32,,,,,,,3,1,2.137369747,41.37916024
10-2013-0239,SANT MARTI,la Vila Olímpica del Poblenou,CARRER,SARDENYA,2,56,,62,,,,A,5,4,2.189950599,41.39096306
05-2013-0127,SARRIA-SANT GERVASI,Sant Gervasi - Galvany,CARRER,JULIAN ROMEA,2,8,,,,,,,2,6,2.15318476,41.39786067
03-2013-0087,SANTS-MONTJUÏC,la Bordeta,RAMBLA,BADAL,2,24,,,,,,,7,2,2.134652708,41.366673
05-2013-0128,SARRIA-SANT GERVASI,Sant Gervasi - la Bonanova,CARRER,SANT GERVASI DE CASSOLES,1,107,,,,,,,6,1,2.134874175,41.40623155
02-2013-0374,L'EIXAMPLE,la Nova Esquerra de l'Eixample,CARRER,COMTE D'URGELL,1,91,,,,,,,1,1,2.156347422,41.38361221
03-2013-0186,SANTS-MONTJUÏC,Hostafrancs,CARRETERA,BORDETA,1,57,,,,,,,AT,3,2.142973522,41.37276282
06-2013-0237,GRACIA,la Vila de Gràcia,PASSEIG,GRACIA,1,117,,,,,,,4,2,2.158222926,41.39714209
06-2013-0176,GRACIA,el Camp d'en Grassot i Gràcia Nova,PASSATGE,ALIO,2,38,,,,,,,2,1,2.165226235,41.40362532
03-2013-0091,SANTS-MONTJUÏC,Hostafrancs,CARRER,CONSELL DE CENT,1,49,B,,,,,,1,2,2.145739378,41.37666568
01-2013-0215,CIUTAT VELLA,Sant Pere Santa Caterina i la Ribera,CARRER,CORDERS,1,1,,,,,,,4,,2.179398303,41.38530443
01-2013-0216,CIUTAT VELLA,Sant Pere Santa Caterina i la Ribera,CARRER,CORDERS,1,1,,,,,,,3,,2.179398303,41.38530443
01-2013-0312,CIUTAT VELLA,el Barri Gòtic,CARRER,COLOM,1,1,,,,,,,3,1,2.174816711,41.37982456
02-2013-0863,L'EIXAMPLE,la Dreta de l'Eixample,CARRER,CONSELL DE CENT,2,430,,,,,,,1,2,2.174875248,41.3978404
10-2013-0362,SANT MARTI,Diagonal Mar i el Front Marítim del Poblenou,CARRER,JOSEP PLA,1,21,,,,,,,4,3,2.215777856,41.40863864
05-2013-0162,SARRIA-SANT GERVASI,el Putxet i el Farró,RONDA,GENERAL MITRE,2,238,,,,,,,1,1,2.148726495,41.40580292
05-2013-0164,SARRIA-SANT GERVASI,el Putxet i el Farró,RONDA,GENERAL MITRE,2,238,,,,,,,1,2,2.148726495,41.40580292
02-2013-0607,L'EIXAMPLE,l'Antiga Esquerra de l'Eixample,CARRER,VALENCIA,1,137,,,,,,,5,2,2.155692808,41.38709422
02-2013-0380,L'EIXAMPLE,la Nova Esquerra de l'Eixample,CARRER,CONSELL DE CENT,1,151,,,,,,,2,1,2.15412017,41.38251096
07-2013-0095,HORTA-GUINARDÓ,la Teixonera,CARRER,BESOS,1,25,,,,,,,EN,1,2.148039827,41.42195934
02-2013-0887,L'EIXAMPLE,Sant Antoni,CARRER,FLORIDABLANCA,1,95,B,,,,,,5,1,2.160216203,41.37991984
03-2013-0304,SANTS-MONTJUÏC,la Bordeta,RAMBLA,BADAL,2,46,,50,,,,B,EN,1,2.133928945,41.36770249
03-2013-0265,SANTS-MONTJUÏC,Sants - Badal,RAMBLA,BADAL,1,123,,,,,,,1,4,2.131358545,41.37254472
02-2013-0804,L'EIXAMPLE,la Dreta de l'Eixample,AVINGUDA,DIAGONAL,1,307,,,,,,,PR,2,2.173045555,41.39967399
02-2013-0952,L'EIXAMPLE,la Dreta de l'Eixample,CARRER,ROSSELLO,2,244,,,,,,,AT,2,2.161466261,41.39629113
06-2013-0301,GRACIA,la Vila de Gràcia,CARRER,TORRENT D'EN VIDALET,2,64,,,,,,,BJ,,2.158419746,41.40492953
02-2013-0880,L'EIXAMPLE,Sant Antoni,AVINGUDA,PARAL.LEL,2,82,,,,,,,3,1,2.167094457,41.37516376
10-2013-0376,SANT MARTI,el Poblenou,CARRER,LOPE DE VEGA,2,58,,,,,,,2,2,2.205621755,41.40303682
02-2013-0889,L'EIXAMPLE,l'Antiga Esquerra de l'Eixample,AVINGUDA,ROMA,1,113,,,,,,,7,C,2.154446266,41.38562167
05-2013-0282,SARRIA-SANT GERVASI,el Putxet i el Farró,AVINGUDA,REPUBLICA ARGENTINA,1,57,,,,,,,1,,2.146469224,41.40931453
05-2013-0283,SARRIA-SANT GERVASI,el Putxet i el Farró,AVINGUDA,REPUBLICA ARGENTINA,1,57,,,,,,,2,,2.146469224,41.40931453
05-2013-0285,SARRIA-SANT GERVASI,el Putxet i el Farró,AVINGUDA,REPUBLICA ARGENTINA,1,57,,,,,,,3,,2.146469224,41.40931453
05-2013-0286,SARRIA-SANT GERVASI,el Putxet i el Farró,AVINGUDA,REPUBLICA ARGENTINA,1,57,,,,,,,4,,2.146469224,41.40931453
02-2013-0906,L'EIXAMPLE,la Dreta de l'Eixample,CARRER,PROVENÇA,1,325,,,,,,,AT,1,2.167134976,41.39913479
02-2013-0907,L'EIXAMPLE,la Sagrada Família,AVINGUDA,GAUDI,1,27,,29,,,,,AT,2,2.174243396,41.40658293
10-2013-0364,SANT MARTI,el Camp de l'Arpa del Clot,CARRER,DOS DE MAIG,2,238,,,,,,A,5,1,2.181627941,41.4075158
02-2013-0890,L'EIXAMPLE,Sant Antoni,CARRER,ALDANA,1,9,,,,,,,8,1,2.16608318,41.37581443
02-2013-0595,L'EIXAMPLE,la Nova Esquerra de l'Eixample,CARRER,COMTE BORRELL,1,169,,,,,,,AT,2,2.154320748,41.38350757
02-2013-0381,L'EIXAMPLE,Sant Antoni,CARRER,SEPULVEDA,1,45,,,,,,A,4,2,2.154496641,41.37731965
03-2014-0088,SANTS-MONTJUÏC,el Poble Sec,CARRER,BLASCO DE GARAY,1,7,,,,,,,2,2,2.163282982,41.37452437
05-2013-0518,SARRIA-SANT GERVASI,Sant Gervasi - Galvany,CARRER,SANTALO,2,14,,,,,,I,5,3,2.146554067,41.3951663
03-2013-0582,SANTS-MONTJUÏC,el Poble Sec,CARRER,RADAS,1,45,,,,,,,2,1,2.160781751,41.37302744
06-2013-0616,GRACIA,el Camp d'en Grassot i Gràcia Nova,CARRER,ROGER DE FLOR,1,253,,,,,,,AT,1,2.166787454,41.40310708
02-2013-1929,L'EIXAMPLE,l'Antiga Esquerra de l'Eixample,CARRER,ENRIC GRANADOS,2,112,,,,,,,5,3,2.154583351,41.39383118
02-2013-1602,L'EIXAMPLE,la Nova Esquerra de l'Eixample,CARRER,ROCAFORT,2,102,,,,,,,1,4,2.152263055,41.38021891
02-2013-1603,L'EIXAMPLE,la Nova Esquerra de l'Eixample,CARRER,ARAGO,1,39,,,,,,,PR,1,2.147957004,41.37956968
02-2013-1604,L'EIXAMPLE,la Nova Esquerra de l'Eixample,CARRER,ARAGO,1,39,,,,,,,PR,4,2.147957004,41.37956968
07-2013-0257,HORTA-GUINARDÓ,el Baix Guinardó,CARRER,PI I MARGALL,1,93,,95,,,,,EN,2,2.164329856,41.41113954
01-2013-0725,CIUTAT VELLA,el Barri Gòtic,PASSEIG,COLOM,1,3,,,,,,,1,2,2.181336507,41.38084855
01-2013-0726,CIUTAT VELLA,el Barri Gòtic,CARRER,BANYS NOUS,2,4,,,,,,,1,,2.175319795,41.38204452
02-2013-1983,L'EIXAMPLE,la Dreta de l'Eixample,RAMBLA,CATALUNYA,2,54,,,,,,,4,1,2.164055485,41.39083586
02-2013-1984,L'EIXAMPLE,la Dreta de l'Eixample,RAMBLA,CATALUNYA,2,54,,,,,,,AT,1,2.164055485,41.39083586
02-2013-2085,L'EIXAMPLE,el Fort Pienc,CARRER,PADILLA,2,154,,156,,,,,BJ,2,2.1840325,41.40068131
01-2013-0939,CIUTAT VELLA,Sant Pere Santa Caterina i la Ribera,PLA,PALAU,1,3,,,,,,,1,2,2.182650564,41.3830404
02-2013-2400,L'EIXAMPLE,Sant Antoni,AVINGUDA,PARAL.LEL,2,164,,,,,,,PR,2,2.156937104,41.37519289
02-2013-2422,L'EIXAMPLE,Sant Antoni,CARRER,SEPULVEDA,1,145,,,,,,,3,1,2.160634667,41.38193893
02-2013-2423,L'EIXAMPLE,Sant Antoni,CARRER,COMTE BORRELL,2,88,,,,,,,1,3,2.159224898,41.38007571
06-2013-0755,GRACIA,el Camp d'en Grassot i Gràcia Nova,CARRER,CORSEGA,2,440,,,,,,,EN,2,2.166902436,41.40208789
03-2013-0764,SANTS-MONTJUÏC,Hostafrancs,CARRER,ALIGA,2,28,,,,,,,PR,2,2.143438932,41.37442369
03-2013-0765,SANTS-MONTJUÏC,Hostafrancs,CARRER,ALIGA,2,28,,,,,,,2,1,2.143438932,41.37442369
01-2013-0779,CIUTAT VELLA,Sant Pere Santa Caterina i la Ribera,CARRER,CARDERS,2,34,,,,,,,1,,2.180409108,41.38700216
01-2013-0780,CIUTAT VELLA,Sant Pere Santa Caterina i la Ribera,CARRER,CARDERS,2,34,,,,,,,4,,2.180409108,41.38700216
01-2013-0781,CIUTAT VELLA,Sant Pere Santa Caterina i la Ribera,CARRER,CARDERS,2,34,,,,,,,3,,2.180409108,41.38700216
02-2013-2255,L'EIXAMPLE,la Dreta de l'Eixample,CARRER,ROGER DE FLOR,1,143,,,,,,,4,2,2.174442721,41.39729886
02-2013-1856,L'EIXAMPLE,el Fort Pienc,AVINGUDA,DIAGONAL,1,245,,,,,,,1,1,2.180932278,41.40165436
02-2013-1857,L'EIXAMPLE,el Fort Pienc,AVINGUDA,DIAGONAL,1,245,,,,,,,5,1,2.180932278,41.40165436
02-2013-1858,L'EIXAMPLE,el Fort Pienc,AVINGUDA,DIAGONAL,1,245,,,,,,,5,2,2.180932278,41.40165436
02-2014-1015,L'EIXAMPLE,Sant Antoni,CARRER,VILLARROEL,2,30,,,,,,,EN,2,2.161437513,41.38182046
03-2014-0340,SANTS-MONTJUÏC,el Poble Sec,AVINGUDA,PARAL.LEL,1,141,,,,,,,6,2,2.1582358,41.37481156
02-2014-0111,L'EIXAMPLE,el Fort Pienc,CARRER,SARDENYA,1,151,,,,,,,30,,2.1819571,41.39673221
03-2014-0044,SANTS-MONTJUÏC,Sants,CARRER,ALCOLEA,1,19,,,,,,,2,2,2.136751918,41.37592551
02-2013-2386,L'EIXAMPLE,l'Antiga Esquerra de l'Eixample,CARRER,PARIS,2,178,,,,,,,PR,1,2.152629613,41.39303332
02-2013-2387,L'EIXAMPLE,l'Antiga Esquerra de l'Eixample,CARRER,PARIS,2,178,,,,,,,2,1,2.152629613,41.39303332
02-2013-2389,L'EIXAMPLE,l'Antiga Esquerra de l'Eixample,CARRER,PARIS,2,178,,,,,,,3,1,2.152629613,41.39303332
01-2013-0994,CIUTAT VELLA,el Barri Gòtic,CARRER,JOSEP ANSELM CLAVE,1,7,,,,,,,1,1,2.17772384,41.37710424
03-2014-0045,SANTS-MONTJUÏC,Sants,CARRER,ALCOLEA,1,19,,,,,,,1,2,2.136751918,41.37592551
02-2013-1949,L'EIXAMPLE,l'Antiga Esquerra de l'Eixample,CARRER,VALENCIA,2,240,,,,,,,4,2,2.160560414,41.39048502
03-2013-0613,SANTS-MONTJUÏC,Sants,RAMBLA,BRASIL,2,20,,,,,,,2,,2.130466158,41.37675675
02-2013-2037,L'EIXAMPLE,la Dreta de l'Eixample,CARRER,NAPOLS,1,149,,,,,,,3,1,2.177235971,41.39688395
02-2013-2038,L'EIXAMPLE,la Dreta de l'Eixample,CARRER,NAPOLS,1,149,,,,,,,4,4,2.177235971,41.39688395
04-2013-0442,LES CORTS,les Corts,CARRER,GALILEU,2,316,,,,,,,EN,2,2.131537079,41.38554987
01-2013-0835,CIUTAT VELLA,el Raval,CARRER,NOU DE LA RAMBLA,2,20,,,,,,,PR,1,2.173681272,41.37862391
01-2013-0836,CIUTAT VELLA,el Raval,CARRER,NOU DE LA RAMBLA,2,20,,,,,,,1,1,2.173681272,41.37862391
01-2013-0837,CIUTAT VELLA,el Raval,CARRER,NOU DE LA RAMBLA,2,20,,,,,,,1,2,2.173681272,41.37862391
01-2013-0838,CIUTAT VELLA,el Raval,CARRER,NOU DE LA RAMBLA,2,20,,,,,,,2,1,2.173681272,41.37862391
01-2013-0839,CIUTAT VELLA,el Raval,CARRER,NOU DE LA RAMBLA,2,20,,,,,,,2,2,2.173681272,41.37862391
02-2013-1942,L'EIXAMPLE,la Dreta de l'Eixample,CARRER,PAU CLARIS,2,178,,,,,,,3,2,2.163318026,41.39574466
03-2013-0756,SANTS-MONTJUÏC,el Poble Sec,CARRER,ROSER,2,30,,,,,,,1,3,2.166577845,41.37335114
06-2013-0660,GRACIA,la Vila de Gràcia,PLAÇA,LLIBERTAT,1,25,,,,,,,1,1,2.153838271,41.39966068
03-2013-0639,SANTS-MONTJUÏC,Hostafrancs,CARRER,LEIVA,2,94,,,,,,,4,1,2.14719484,41.37439272
02-2013-1358,L'EIXAMPLE,Sant Antoni,CARRER,COMTE D'URGELL,1,37,,39,,,,,6,3,2.160017071,41.38084555
03-2013-0622,SANTS-MONTJUÏC,el Poble Sec,CARRER,VALLHONRAT,2,22,,,,,,,3,3,2.15676502,41.37388119
02-2013-2028,L'EIXAMPLE,el Fort Pienc,CARRER,DIPUTACIO,2,470,,,,,,,PR,3,2.182207469,41.40157692
02-2013-2029,L'EIXAMPLE,el Fort Pienc,CARRER,DIPUTACIO,2,470,,,,,,,PR,1,2.182207469,41.40157692
02-2013-2030,L'EIXAMPLE,el Fort Pienc,CARRER,DIPUTACIO,2,470,,,,,,,3,2,2.182207469,41.40157692
02-2013-2032,L'EIXAMPLE,el Fort Pienc,CARRER,DIPUTACIO,2,470,,,,,,,2,2,2.182207469,41.40157692
02-2013-2033,L'EIXAMPLE,el Fort Pienc,CARRER,DIPUTACIO,2,470,,,,,,,4,2,2.182207469,41.40157692
02-2013-2034,L'EIXAMPLE,el Fort Pienc,CARRER,DIPUTACIO,2,470,,,,,,,5,2,2.182207469,41.40157692
02-2013-2035,L'EIXAMPLE,el Fort Pienc,CARRER,DIPUTACIO,2,470,,,,,,,2,3,2.182207469,41.40157692
02-2013-1382,L'EIXAMPLE,la Dreta de l'Eixample,CARRER,VALENCIA,2,248,,,,,,,BJ,2,2.161391582,41.39111205
06-2013-0575,GRACIA,el Camp d'en Grassot i Gràcia Nova,CARRER,VENTALLO,2,48,,,,,,,1,3,2.165120057,41.40837874
06-2013-0576,GRACIA,el Camp d'en Grassot i Gràcia Nova,CARRER,VENTALLO,2,48,,,,,,,AT,1,2.165120057,41.40837874
02-2013-2194,L'EIXAMPLE,l'Antiga Esquerra de l'Eixample,CARRER,BALMES,1,67,,,,,,,5,1,2.161266914,41.39020069
03-2013-0766,SANTS-MONTJUÏC,Hostafrancs,CARRER,ALIGA,2,28,,,,,,,2,2,2.143438932,41.37442369
02-2013-2463,L'EIXAMPLE,l'Antiga Esquerra de l'Eixample,CARRER,CASANOVA,1,63,B,,,,,,AT,A,2.158842543,41.38520738
05-2013-0538,SARRIA-SANT GERVASI,Sarrià,CARRER,GRAUS,2,8,,,,,,,1,2,2.121408959,41.40065371
01-2013-0769,CIUTAT VELLA,el Barri Gòtic,CARRER,FERRAN,2,24,,,,,,,2,,2.175374405,41.38120935
01-2013-0770,CIUTAT VELLA,el Barri Gòtic,CARRER,BEAT SIMO,1,3,,,,,,,2,,2.175559401,41.38106862
01-2013-0771,CIUTAT VELLA,el Barri Gòtic,PLAÇA,TRAGINERS,2,4,,,,,,,3,,2.179741991,41.38225909
02-2013-1789,L'EIXAMPLE,l'Antiga Esquerra de l'Eixample,GRAN VIA,CORTS CATALANES,1,549,,,,,,,4,1,2.160124383,41.38362731
02-2013-1791,L'EIXAMPLE,la Nova Esquerra de l'Eixample,CARRER,COMTE BORRELL,2,132,,,,,,,4,1,2.156506305,41.38212896
02-2013-1792,L'EIXAMPLE,la Nova Esquerra de l'Eixample,CARRER,COMTE BORRELL,2,132,,,,,,,EN,2,2.156506305,41.38212896
06-2013-0573,GRACIA,el Camp d'en Grassot i Gràcia Nova,CARRER,INDUSTRIA,1,19,,,,,,,EN,,2.165628772,41.40307166
02-2013-1793,L'EIXAMPLE,l'Antiga Esquerra de l'Eixample,GRAN VIA,CORTS CATALANES,1,549,,,,,,,2,1,2.160124383,41.38362731
10-2013-0716,SANT MARTI,la Vila Olímpica del Poblenou,CARRER,MOSCOU,2,36,,,,,,,2,1,2.194131135,41.39009704
01-2013-0685,CIUTAT VELLA,la Barceloneta,CARRER,BERENGUER MALLOL,1,1,,3,,,,3,3,1,2.19184518,41.38048337
01-2013-0778,CIUTAT VELLA,Sant Pere Santa Caterina i la Ribera,CARRER,CARDERS,2,34,,,,,,,2,,2.180409108,41.38700216
01-2013-0996,CIUTAT VELLA,el Raval,CARRER,RAMBLA,1,89,,,,,,,PR,1,2.172335743,41.38192755
05-2013-0664,SARRIA-SANT GERVASI,Sant Gervasi - la Bonanova,CARRER,CIUTAT DE BALAGUER,1,25,,,,,,,3,3,2.135564837,41.4030683
05-2013-0665,SARRIA-SANT GERVASI,Sant Gervasi - la Bonanova,CARRER,CIUTAT DE BALAGUER,1,25,,,,,,,3,1,2.135564837,41.4030683
02-2013-1825,L'EIXAMPLE,la Nova Esquerra de l'Eixample,CARRER,ROCAFORT,2,102,,,,,,,2,4,2.152263055,41.38021891
02-2013-1827,L'EIXAMPLE,la Nova Esquerra de l'Eixample,CARRER,ROCAFORT,2,102,,,,,,,3,1,2.152263055,41.38021891
02-2013-1828,L'EIXAMPLE,la Nova Esquerra de l'Eixample,CARRER,ROCAFORT,2,102,,,,,,,3,3,2.152263055,41.38021891
02-2013-1829,L'EIXAMPLE,la Nova Esquerra de l'Eixample,CARRER,ROCAFORT,2,102,,,,,,,3,4,2.152263055,41.38021891
02-2013-1830,L'EIXAMPLE,la Nova Esquerra de l'Eixample,CARRER,ROCAFORT,2,102,,,,,,,4,1,2.152263055,41.38021891
02-2013-1447,L'EIXAMPLE,Sant Antoni,CARRER,SEPULVEDA,1,21,,,,,,,2,1,2.153326192,41.3764339
02-2013-1517,L'EIXAMPLE,la Sagrada Família,CARRER,INDUSTRIA,1,189,,,,,,,4,1,2.176087018,41.41094679
10-2013-0774,SANT MARTI,el Poblenou,CARRER,MARIA AGUILO,1,123,,,,,,,AT,,2.205023554,41.40010928
01-2013-0852,CIUTAT VELLA,la Barceloneta,CARRER,SANT MIQUEL,1,107,,,,,,,1,2,2.189474326,41.37697349
01-2013-0853,CIUTAT VELLA,la Barceloneta,CARRER,SANT MIQUEL,1,105,,,,,,,3,1,2.189433241,41.37707901
01-2013-0854,CIUTAT VELLA,la Barceloneta,CARRER,SANT MIQUEL,1,107,,,,,,,3,1,2.189474326,41.37697349
01-2013-0855,CIUTAT VELLA,la Barceloneta,CARRER,SANT MIQUEL,1,107,,,,,,,3,2,2.189474326,41.37697349
01-2013-0856,CIUTAT VELLA,la Barceloneta,CARRER,SANT MIQUEL,1,107,,,,,,,4,1,2.189474326,41.37697349
02-2013-1581,L'EIXAMPLE,la Dreta de l'Eixample,AVINGUDA,DIAGONAL,1,383,,,,,,,1,2,2.160618033,41.39657118
02-2013-1582,L'EIXAMPLE,la Dreta de l'Eixample,AVINGUDA,DIAGONAL,1,383,,,,,,,2,2,2.160618033,41.39657118
02-2013-1852,L'EIXAMPLE,la Dreta de l'Eixample,GRAN VIA,CORTS CATALANES,1,649,,,,,,,5,2,2.172341871,41.39281218
02-2013-1885,L'EIXAMPLE,la Nova Esquerra de l'Eixample,CARRER,VILADOMAT,1,261,,,,,,,PR,1,2.147746176,41.38674983
02-2013-1886,L'EIXAMPLE,la Nova Esquerra de l'Eixample,CARRER,VILADOMAT,1,261,,,,,,,PR,2,2.147746176,41.38674983
02-2013-1887,L'EIXAMPLE,la Nova Esquerra de l'Eixample,CARRER,VILADOMAT,1,261,,,,,,,1,1,2.147746176,41.38674983
02-2013-1888,L'EIXAMPLE,la Nova Esquerra de l'Eixample,CARRER,VILADOMAT,1,261,,,,,,,1,2,2.147746176,41.38674983
02-2013-2268,L'EIXAMPLE,el Fort Pienc,CARRER,LEPANT,1,149,,,,,,,4,1,2.184132872,41.39863806
06-2013-0720,GRACIA,la Vila de Gràcia,CARRER,PROVIDENCIA,1,81,,,,,,,AT,1,2.15950332,41.40823575
07-2013-0191,HORTA-GUINARDÓ,Horta,CARRER,CIENCIES,1,3,,,,,,,2,6,2.158090243,41.42734788
02-2013-1420,L'EIXAMPLE,la Sagrada Família,CARRER,VALENCIA,1,405,,,,,,,4,1,2.174692819,41.40139009
06-2014-0009,GRACIA,el Camp d'en Grassot i Gràcia Nova,PASSATGE,ALIO,2,32,,,,,,,2,1,2.165410974,41.40348895
04-2013-0389,LES CORTS,les Corts,CARRER,GALILEU,2,294,,,,,,D,5,1,2.132188704,41.38423042
10-2013-0762,SANT MARTI,la Vila Olímpica del Poblenou,CARRER,SARDENYA,2,48,,50,,,,B,3,3,2.189950599,41.39096306
03-2013-0488,SANTS-MONTJUÏC,la Font de la Guatlla,GRAN VIA,CORTS CATALANES,2,290,,,,,,,3,3,2.145513701,41.37198166
01-2013-0861,CIUTAT VELLA,el Raval,CARRER,PINTOR FORTUNY,1,33,,,,,,,1,1,2.168626543,41.38217156
03-2013-0534,SANTS-MONTJUÏC,el Poble Sec,CARRER,NOU DE LA RAMBLA,2,148,,,,,,,3,1,2.167528189,41.37268171
06-2013-0598,GRACIA,el Camp d'en Grassot i Gràcia Nova,CARRER,BAILEN,2,220,,,,,,,3,,2.163464662,41.40247202
06-2013-0613,GRACIA,el Camp d'en Grassot i Gràcia Nova,CARRER,GRASSOT,2,22,,,,,,,1,1,2.167961051,41.4032779
06-2013-0614,GRACIA,el Camp d'en Grassot i Gràcia Nova,CARRER,GRASSOT,2,22,,,,,,,1,2,2.167961051,41.4032779
02-2013-2195,L'EIXAMPLE,Sant Antoni,CARRER,COMTE BORRELL,1,41,,,,,,,2,1,2.162817733,41.37707988
02-2013-2196,L'EIXAMPLE,Sant Antoni,CARRER,COMTE BORRELL,1,41,,,,,,,5,,2.162817733,41.37707988
06-2013-0681,GRACIA,la Vila de Gràcia,CARRER,BONAVISTA,2,6,,,,,,I,2,1,2.159233768,41.39790392
06-2013-0682,GRACIA,la Vila de Gràcia,CARRER,PERILL,1,33,,,,,,,3,4,2.161875179,41.39975082
06-2013-0683,GRACIA,la Vila de Gràcia,CARRER,PERILL,1,33,,,,,,,1,4,2.161875179,41.39975082
02-2013-2102,L'EIXAMPLE,la Dreta de l'Eixample,PASSEIG,GRACIA,2,32,,,,,,,3,3,2.167086189,41.39082021
02-2013-1436,L'EIXAMPLE,la Nova Esquerra de l'Eixample,CARRER,TARRAGONA,2,114,,,,,,,9,2,2.144101537,41.37956698
06-2013-0522,GRACIA,la Vila de Gràcia,CARRER,JOSEP TORRES,2,28,,,,,,,2,2,2.162158647,41.40117601
01-2013-0840,CIUTAT VELLA,el Raval,CARRER,NOU DE LA RAMBLA,2,20,,,,,,,3,2,2.173681272,41.37862391
02-2014-0095,L'EIXAMPLE,la Dreta de l'Eixample,CARRER,ARAGO,1,249,,,,,,,4,3,2.162906864,41.39087804
06-2014-0037,GRACIA,la Vila de Gràcia,CARRER,VIC,1,11,,,,,,,3,1,2.155085133,41.3988697
02-2013-1671,L'EIXAMPLE,el Fort Pienc,CARRER,AUSIAS MARC,2,136,,,,,,,3,1,2.184070501,41.39753415
02-2013-1672,L'EIXAMPLE,el Fort Pienc,CARRER,AUSIAS MARC,2,136,,,,,,,4,2,2.184070501,41.39753415
02-2013-1673,L'EIXAMPLE,el Fort Pienc,CARRER,AUSIAS MARC,2,136,,,,,,,2,1,2.184070501,41.39753415
02-2013-1889,L'EIXAMPLE,la Nova Esquerra de l'Eixample,CARRER,VILADOMAT,1,261,,,,,,,2,1,2.147746176,41.38674983
02-2013-1890,L'EIXAMPLE,la Nova Esquerra de l'Eixample,CARRER,VILADOMAT,1,261,,,,,,,2,2,2.147746176,41.38674983
02-2013-1891,L'EIXAMPLE,la Nova Esquerra de l'Eixample,CARRER,VILADOMAT,1,261,,,,,,,3,1,2.147746176,41.38674983
02-2013-1892,L'EIXAMPLE,la Nova Esquerra de l'Eixample,CARRER,VILADOMAT,1,261,,,,,,,3,2,2.147746176,41.38674983
02-2013-1893,L'EIXAMPLE,la Nova Esquerra de l'Eixample,CARRER,VILADOMAT,1,261,,,,,,,4,1,2.147746176,41.38674983
02-2013-1894,L'EIXAMPLE,la Nova Esquerra de l'Eixample,CARRER,VILADOMAT,1,261,,,,,,,4,2,2.147746176,41.38674983
02-2013-1895,L'EIXAMPLE,la Nova Esquerra de l'Eixample,CARRER,VILADOMAT,1,261,,,,,,,5,1,2.147746176,41.38674983
02-2013-1896,L'EIXAMPLE,la Nova Esquerra de l'Eixample,CARRER,VILADOMAT,1,261,,,,,,,5,2,2.147746176,41.38674983
02-2013-1898,L'EIXAMPLE,Sant Antoni,CARRER,ENTENÇA,1,39,,,,,,,6,1,2.153591785,41.37723129
10-2013-0567,SANT MARTI,el Besòs i el Maresme,RAMBLA,PRIM,1,35,,,,,,,7,3,2.216650192,41.41291869
01-2013-0956,CIUTAT VELLA,el Barri Gòtic,CARRER,SANTA ANNA,1,35,,,,,,,2,,2.171975361,41.38578087
01-2013-0957,CIUTAT VELLA,el Barri Gòtic,CARRER,SANTA ANNA,1,35,,,,,,,PR,,2.171975361,41.38578087
01-2013-0958,CIUTAT VELLA,el Barri Gòtic,CARRER,SANTA ANNA,1,35,,,,,,,1,,2.171975361,41.38578087
01-2013-0959,CIUTAT VELLA,el Barri Gòtic,CARRER,SANTA ANNA,1,35,,,,,,,4,,2.171975361,41.38578087
01-2013-0960,CIUTAT VELLA,el Barri Gòtic,CARRER,SANTA ANNA,1,35,,,,,,,5,,2.171975361,41.38578087
06-2014-0002,GRACIA,Vallcarca i els Penitents,PLAÇA,ALFONSO COMIN,2,4,,,,,,,BJ,2,2.138473685,41.41443854
02-2014-0022,L'EIXAMPLE,la Dreta de l'Eixample,RONDA,SANT PERE,1,11,,,,,,,3,1,2.171431244,41.38862665
06-2014-0017,GRACIA,Vallcarca i els Penitents,CARRER,REPARTIDOR,1,29,,,,,,,BJ,1,2.148644518,41.41138132
02-2013-2025,L'EIXAMPLE,el Fort Pienc,CARRER,AUSIAS MARC,2,136,,,,,,,3,2,2.184070501,41.39753415
02-2013-2026,L'EIXAMPLE,el Fort Pienc,CARRER,AUSIAS MARC,2,136,,,,,,,2,2,2.184070501,41.39753415
02-2013-2027,L'EIXAMPLE,el Fort Pienc,CARRER,AUSIAS MARC,2,136,,,,,,,4,1,2.184070501,41.39753415
02-2013-2115,L'EIXAMPLE,la Dreta de l'Eixample,RONDA,SANT PERE,1,3,,,,,,,3,4,2.17068944,41.38834878
10-2013-0837,SANT MARTI,el Camp de l'Arpa del Clot,CARRER,INDEPENDENCIA,2,256,,,,,,,AT,1,2.184289336,41.40723453
02-2013-1819,L'EIXAMPLE,la Sagrada Família,CARRER,VALENCIA,1,399,,,,,,,PR,1,2.174550846,41.40128381
03-2013-0723,SANTS-MONTJUÏC,el Poble Sec,CARRER,SALVA,1,1,,,,,,,1,1,2.166803105,41.37460523
03-2013-0566,SANTS-MONTJUÏC,Sants,CARRER,ROBRENYO,2,72,,,,,,,1,1,2.139514592,41.38220517
03-2013-0538,SANTS-MONTJUÏC,el Poble Sec,CARRER,VALLHONRAT,1,9,,,,,,,4,2,2.15732365,41.37437059
02-2013-2290,L'EIXAMPLE,la Sagrada Família,CARRER,MALLORCA,2,438,,,,,,,PR,1,2.177118367,41.40462797
02-2013-2103,L'EIXAMPLE,la Dreta de l'Eixample,PASSEIG,GRACIA,2,32,,,,,,,3,2,2.167086189,41.39082021
06-2013-0695,GRACIA,la Vila de Gràcia,PLAÇA,LLIBERTAT,1,25,,,,,,,4,2,2.153838271,41.39966068
02-2013-2209,L'EIXAMPLE,la Dreta de l'Eixample,CARRER,ROGER DE LLURIA,2,40,,,,,,,4,1,2.17048376,41.39203561
10-2013-0838,SANT MARTI,el Camp de l'Arpa del Clot,CARRER,ROGENT,2,114,,,,,,B,3,A,2.182141268,41.41118362
03-2013-0695,SANTS-MONTJUÏC,el Poble Sec,CARRER,VILA I VILA,1,89,,,,,,,5,3,2.16802956,41.3743285
02-2013-1688,L'EIXAMPLE,la Sagrada Família,PLAÇA,SAGRADA FAMILIA,1,17,,,,,,,PR,1,2.174174226,41.40241657
02-2013-1692,L'EIXAMPLE,la Dreta de l'Eixample,CARRER,VALENCIA,1,247,,,,,,,PR,1,2.163038973,41.39262478
03-2013-0689,SANTS-MONTJUÏC,Sants,RIERA,ESCUDER,1,33,,,,,,,2,3,2.131918058,41.37594386
03-2013-0596,SANTS-MONTJUÏC,Sants,CARRER,VALLESPIR,2,32,,,,,,,2,3,2.137369747,41.37916024
02-2013-1489,L'EIXAMPLE,la Sagrada Família,CARRER,CONSELL DE CENT,1,545,,,,,,,6,2,2.181639942,41.40319084
03-2014-0023,SANTS-MONTJUÏC,la Bordeta,CARRER,JOCS FLORALS,2,150,,,,,,,BJ,,2.136181435,41.37113385
01-2013-0556,CIUTAT VELLA,Sant Pere Santa Caterina i la Ribera,CARRER,CALDERS,1,5,,,,,,,2,,2.183092615,41.38464327
01-2013-0557,CIUTAT VELLA,Sant Pere Santa Caterina i la Ribera,CARRER,CALDERS,1,5,,,,,,,3,,2.183092615,41.38464327
01-2013-0558,CIUTAT VELLA,Sant Pere Santa Caterina i la Ribera,CARRER,CALDERS,1,5,,,,,,,4,,2.183092615,41.38464327
02-2013-1452,L'EIXAMPLE,la Dreta de l'Eixample,CARRER,CONSELL DE CENT,2,322,,,,,,,4,C,2.167177141,41.39206481
02-2013-1453,L'EIXAMPLE,la Nova Esquerra de l'Eixample,CARRER,CORSEGA,1,75,,,,,,,AT,4,2.144484744,41.38546396
10-2013-0578,SANT MARTI,Provençals del Poblenou,CARRER,BAC DE RODA,2,118,,,,,,,4,2,2.203394169,41.40818484
03-2013-0675,SANTS-MONTJUÏC,el Poble Sec,CARRER,ELKANO,1,43,B,,,,,,,,2.162150522,41.37346735
02-2013-1652,L'EIXAMPLE,la Dreta de l'Eixample,CARRER,MALLORCA,2,342,,,,,,,AT,2,2.170758372,41.39987397
02-2013-1737,L'EIXAMPLE,la Dreta de l'Eixample,CARRER,VALENCIA,2,358,,,,,,E,3,2,2.170232418,41.39776234
06-2013-0694,GRACIA,la Vila de Gràcia,CARRER,SANT PERE MARTIR,2,12,,,,,,,PR,2,2.158009909,41.39884218
10-2014-0005,SANT MARTI,el Poblenou,CARRER,LOPE DE VEGA,2,150,,,,,,,4,6,2.201463959,41.40616813
02-2014-0056,L'EIXAMPLE,el Fort Pienc,CARRER,CONSELL DE CENT,2,474,B,,,,,,AT,A,2.177349499,41.39969708
02-2014-0057,L'EIXAMPLE,la Dreta de l'Eixample,GRAN VIA,CORTS CATALANES,2,634,,,,,,,6,4,2.168981079,41.38961875
02-2013-2083,L'EIXAMPLE,la Dreta de l'Eixample,CARRER,PELAI,1,11,,,,,,,5,B,2.16670104,41.38584176
03-2013-0712,SANTS-MONTJUÏC,Sants - Badal,CARRER,PAVIA,2,34,,,,,,,PR,2,2.130937531,41.37256928
04-2013-0249,LES CORTS,les Corts,AVINGUDA,DIAGONAL,1,489,,,,,,,3,1,2.143441555,41.39205943
02-2013-1480,L'EIXAMPLE,la Nova Esquerra de l'Eixample,CARRER,ROCAFORT,2,102,,,,,,,5,2,2.152263055,41.38021891
02-2013-1481,L'EIXAMPLE,la Nova Esquerra de l'Eixample,CARRER,ROCAFORT,2,102,,,,,,,6,4,2.152263055,41.38021891
02-2013-1482,L'EIXAMPLE,la Nova Esquerra de l'Eixample,CARRER,ARAGO,1,39,,,,,,,4,1,2.147957004,41.37956968
02-2013-1483,L'EIXAMPLE,la Nova Esquerra de l'Eixample,CARRER,ARAGO,1,39,,,,,,,3,4,2.147957004,41.37956968
03-2013-0501,SANTS-MONTJUÏC,el Poble Sec,CARRER,LAFONT,1,29,,,,,,,2,3,2.168710193,41.3723778
05-2013-0662,SARRIA-SANT GERVASI,Sant Gervasi - Galvany,AVINGUDA,PAU CASALS,2,16,,,,,,,7,,2.143025385,41.39377958
09-2013-0325,SANT ANDREU,Navas,CARRER,SANT ANTONI MARIA CLARET,1,265,,,,,,,4,2,2.18241734,41.41738924
02-2013-2322,L'EIXAMPLE,la Dreta de l'Eixample,GRAN VIA,CORTS CATALANES,2,688,,,,,,,3,2B,2.173727741,41.39319128
02-2013-1641,L'EIXAMPLE,la Sagrada Família,PASSATGE,MAIOL,1,25,,27,,,,,2,1,2.174001974,41.4021137
03-2013-0548,SANTS-MONTJUÏC,el Poble Sec,CARRER,TAPIOLES,1,53,,,,,,,PR,1,2.163875708,41.37234338
02-2013-2273,L'EIXAMPLE,el Fort Pienc,CARRER,MARINA,2,212,,,,,,,4,4,2.179256852,41.40104486
02-2013-2274,L'EIXAMPLE,el Fort Pienc,CARRER,MARINA,2,212,,,,,,,3,3,2.179256852,41.40104486
06-2013-0559,GRACIA,la Vila de Gràcia,CARRER,SANTA MAGDALENA,2,6,,,,,,,4,1,2.152679705,41.40363413
06-2013-0485,GRACIA,Vallcarca i els Penitents,CARRER,MARE DE DEU DEL COLL,1,87,,89,,,,,2,3,2.147550348,41.41095672
02-2013-1548,L'EIXAMPLE,la Nova Esquerra de l'Eixample,CARRER,ROCAFORT,2,102,,,,,,,PR,4,2.152263055,41.38021891
02-2013-1549,L'EIXAMPLE,la Nova Esquerra de l'Eixample,CARRER,ROCAFORT,2,102,,,,,,,PR,2,2.152263055,41.38021891
02-2013-1550,L'EIXAMPLE,la Nova Esquerra de l'Eixample,CARRER,ROCAFORT,2,102,,,,,,,1,3,2.152263055,41.38021891
02-2013-1552,L'EIXAMPLE,la Nova Esquerra de l'Eixample,CARRER,ARAGO,1,39,,,,,,,3,3,2.147957004,41.37956968
04-2013-0415,LES CORTS,la Maternitat i Sant Ramon,TRAVESSERA,CORTS,2,124,,,,,,,2,3,2.125863633,41.38069394
02-2013-1573,L'EIXAMPLE,la Nova Esquerra de l'Eixample,CARRER,ARAGO,1,83,,,,,,,3,1,2.150763971,41.3816894
10-2013-0621,SANT MARTI,el Camp de l'Arpa del Clot,CARRER,RUIZ DE PADRON,2,42,,,,,,,BJ,1,2.183752117,41.41426395
06-2013-0513,GRACIA,el Camp d'en Grassot i Gràcia Nova,CARRER,MARTI,1,115,,,,,,,3,2,2.160273763,41.40953286
02-2013-1575,L'EIXAMPLE,la Nova Esquerra de l'Eixample,CARRER,PROVENÇA,1,73,,,,,,,PR,2,2.148699828,41.38524051
03-2013-0504,SANTS-MONTJUÏC,el Poble Sec,CARRER,MARGARIT,2,52,,,,,,,3,3,2.163104835,41.37254978
03-2013-0457,SANTS-MONTJUÏC,el Poble Sec,CARRER,MAGALHAES,2,58,,,,,,,1,2,2.160829566,41.37272442
06-2013-0556,GRACIA,la Vila de Gràcia,CARRER,LEGALITAT,2,26,,28,,,,,AT,2,2.160242939,41.40795738
02-2013-1712,L'EIXAMPLE,la Dreta de l'Eixample,RAMBLA,CATALUNYA,1,41,,,,,,,3,,2.16477182,41.3899122
02-2014-0060,L'EIXAMPLE,la Dreta de l'Eixample,GRAN VIA,CORTS CATALANES,2,634,,,,,,,10,2,2.168981079,41.38961875
02-2014-0062,L'EIXAMPLE,la Dreta de l'Eixample,GRAN VIA,CORTS CATALANES,2,634,,,,,,,5,5,2.168981079,41.38961875
07-2014-0009,HORTA-GUINARDÓ,el Guinardó,AVINGUDA,MARE DEU DE MONTSERRAT,2,258,,,,,,,1,2,2.175364777,41.4231258
03-2013-0506,SANTS-MONTJUÏC,el Poble Sec,CARRER,MARGARIT,1,51,,,,,,,1,,2.162990527,41.37184575
02-2013-1646,L'EIXAMPLE,la Dreta de l'Eixample,AVINGUDA,DIAGONAL,2,434,,,,,,,BJ,,2.161686224,41.39730469
02-2013-2185,L'EIXAMPLE,l'Antiga Esquerra de l'Eixample,CARRER,MUNTANER,2,102,,,,,,,3,1,2.15689931,41.38866059
10-2013-0588,SANT MARTI,la Vila Olímpica del Poblenou,PLAÇA,TIRANT LO BLANC,2,2,,,,,,,2,2,2.200424279,41.39264389
02-2013-1512,L'EIXAMPLE,la Dreta de l'Eixample,AVINGUDA,DIAGONAL,1,339,B,,,,,,7,4,2.16742412,41.39826077
03-2013-0769,SANTS-MONTJUÏC,el Poble Sec,CARRER,MARE DE DEU DEL REMEI,1,47,,,,,,,1,1,2.156208196,41.37291037
06-2013-0635,GRACIA,la Salut,PASSATGE,SANT JOSEP MUNTANYA,1,13,,,,,,,1,2,2.154386802,41.41105617
02-2013-2040,L'EIXAMPLE,la Nova Esquerra de l'Eixample,CARRER,LONDRES,2,20,,,,,,,3,1,2.144486061,41.38860429
01-2013-0789,CIUTAT VELLA,Sant Pere Santa Caterina i la Ribera,CARRER,ESPARTERIA,1,5,,,,,,,2,1,2.183001071,41.38414848
10-2013-0816,SANT MARTI,el Besòs i el Maresme,CARRER,LLULL,1,465,,,,,,,10,5,2.217834589,41.41317344
10-2013-0817,SANT MARTI,el Besòs i el Maresme,CARRER,JAUME FABRE,2,2,,,,,,,11,3,2.217335197,41.41356998
02-2013-2279,L'EIXAMPLE,l'Antiga Esquerra de l'Eixample,CARRER,ENRIC GRANADOS,1,99,,,,,,,5,4,2.15572894,41.39268455
03-2013-0758,SANTS-MONTJUÏC,Sants,CARRER,GUADIANA,2,14,,,,,,,AT,,2.139106226,41.37458016
02-2013-2455,L'EIXAMPLE,el Fort Pienc,AVINGUDA,DIAGONAL,1,285,,,,,,,BJ,4,2.17622893,41.40047876
06-2013-0757,GRACIA,la Vila de Gràcia,CARRER,GOYA,1,11,,,,,,,2,2,2.157329869,41.39972013
03-2013-0767,SANTS-MONTJUÏC,Hostafrancs,CARRER,ALIGA,2,28,,,,,,,AT,,2.143438932,41.37442369
03-2013-0768,SANTS-MONTJUÏC,Hostafrancs,CARRER,ALIGA,2,28,,,,,,,PR,1,2.143438932,41.37442369
02-2013-1396,L'EIXAMPLE,la Dreta de l'Eixample,PASSEIG,SANT JOAN,1,3,,,,,,,AT,,2.17909268,41.39187787
02-2013-1407,L'EIXAMPLE,la Dreta de l'Eixample,CARRER,VALENCIA,2,334,,,,,,,4,1,2.168416059,41.39639559
10-2013-0771,SANT MARTI,el Poblenou,CARRER,MARIA AGUILO,2,70,,,,,,,3,2,2.202190222,41.40184903
02-2013-2205,L'EIXAMPLE,la Nova Esquerra de l'Eixample,CARRER,DIPUTACIO,2,118,,,,,,D,3,2,2.155820135,41.38181191
10-2013-0803,SANT MARTI,el Poblenou,CARRER,FERROCARRIL,1,27,,,,,,,7,1,2.207070421,41.3988077
10-2013-0804,SANT MARTI,el Poblenou,CARRER,FERROCARRIL,1,27,,,,,,,7,2,2.207070421,41.3988077
10-2013-0805,SANT MARTI,el Poblenou,CARRER,FERROCARRIL,1,27,,,,,,,7,3,2.207070421,41.3988077
10-2013-0806,SANT MARTI,el Poblenou,CARRER,FERROCARRIL,1,27,,,,,,,7,4,2.207070421,41.3988077
05-2013-0578,SARRIA-SANT GERVASI,Sant Gervasi - Galvany,AVINGUDA,DIAGONAL,2,576,,,,,,,AT,,2.148359705,41.3939517
01-2013-0765,CIUTAT VELLA,Sant Pere Santa Caterina i la Ribera,CARRER,GIRALT EL PELLISSER,2,8,,,,,,,5,,2.179422275,41.38614313
01-2013-0766,CIUTAT VELLA,Sant Pere Santa Caterina i la Ribera,CARRER,SOMBRERERS,1,23,,,,,,,EN,1,2.181926932,41.38410303
01-2013-0767,CIUTAT VELLA,Sant Pere Santa Caterina i la Ribera,CARRER,FLASSADERS,1,33,,,,,,,3,1,2.182407192,41.38524424
01-2013-0902,CIUTAT VELLA,el Raval,CARRER,BISBE LAGUARDA,2,4,,,,,,,BJ,3,2.165224586,41.37969403
03-2013-0496,SANTS-MONTJUÏC,Hostafrancs,CARRER,RECTOR TRIADO,2,72,,,,,,,1,,2.143383073,41.37783339
02-2013-2292,L'EIXAMPLE,la Dreta de l'Eixample,RAMBLA,CATALUNYA,2,98,B,,,,,,4,2,2.160430058,41.39347774
02-2013-2295,L'EIXAMPLE,l'Antiga Esquerra de l'Eixample,CARRER,ARIBAU,2,180,,,,,,,4,1,2.153156463,41.39320449
02-2013-2296,L'EIXAMPLE,la Dreta de l'Eixample,CARRER,PAU CLARIS,2,176,,,,,,,3,2,2.163402786,41.39568053
05-2013-0666,SARRIA-SANT GERVASI,Sant Gervasi - la Bonanova,CARRER,CIUTAT DE BALAGUER,1,25,,,,,,,3,2,2.135564837,41.4030683
06-2013-0609,GRACIA,la Vila de Gràcia,CARRER,VALLFOGONA,1,29,,,,,,,2,1,2.158143945,41.40366439
03-2013-0570,SANTS-MONTJUÏC,el Poble Sec,CARRER,TAPIOLES,1,53,,,,,,,PR,A,2.163875708,41.37234338
02-2013-1844,L'EIXAMPLE,la Dreta de l'Eixample,RONDA,SANT PERE,1,3,,,,,,,1,1,2.17068944,41.38834878
02-2013-2348,L'EIXAMPLE,Sant Antoni,GRAN VIA,CORTS CATALANES,2,384,,,,,,,5,4,2.150557621,41.3757763
02-2014-0073,L'EIXAMPLE,la Sagrada Família,CARRER,VALENCIA,1,437,,,,,,,4,1,2.176224582,41.40253375
02-2014-0081,L'EIXAMPLE,la Sagrada Família,CARRER,CARTAGENA,1,299,,,,,,,2,2,2.175595786,41.41007539
02-2014-0083,L'EIXAMPLE,la Dreta de l'Eixample,CARRER,ARAGO,2,250,,,,,,B,PR,1,2.16277996,41.39038547
05-2014-0026,SARRIA-SANT GERVASI,les Tres Torres,RONDA,GENERAL MITRE,1,7,,,,,,,1,3,2.131022749,41.39320471
03-2013-0708,SANTS-MONTJUÏC,el Poble Sec,AVINGUDA,PARAL.LEL,1,159,,,,,,,3,2,2.15676395,41.37481586
02-2013-2287,L'EIXAMPLE,Sant Antoni,CARRER,COMTE BORRELL,1,51,,,,,,,PR,2,2.162445686,41.37736434
09-2013-0265,SANT ANDREU,la Sagrera,CARRER,FELIP II,2,128,,130,,,,,4,1,2.184549963,41.42247634
06-2013-0606,GRACIA,la Vila de Gràcia,CARRER,TORRENT DE L'OLLA,2,84,,,,,,,2,2,2.159004647,41.4008299
03-2013-0594,SANTS-MONTJUÏC,Sants - Badal,CARRER,MUNNE,1,9,,,,,,,2,1,2.123388729,41.37528467
03-2013-0602,SANTS-MONTJUÏC,el Poble Sec,CARRER,MURILLO,1,13,,,,,,,1,1,2.161870293,41.37301507
01-2013-0741,CIUTAT VELLA,el Barri Gòtic,CARRER,RAMBLA,2,36,,,,,,,3,2,2.175691519,41.37901798
02-2013-2363,L'EIXAMPLE,l'Antiga Esquerra de l'Eixample,CARRER,DIPUTACIO,2,162,,,,,,,4,2,2.158140242,41.38355712
02-2013-1487,L'EIXAMPLE,el Fort Pienc,CARRER,SARDENYA,1,209,B,,,,,,1,2,2.178437123,41.39939576
03-2013-0494,SANTS-MONTJUÏC,el Poble Sec,CARRER,SALVA,1,5,,,,,,,1,1,2.166698007,41.37444859
03-2013-0527,SANTS-MONTJUÏC,la Bordeta,CARRER,VILADECANS,2,22,,,,,,,1,1,2.13870314,41.36991885
01-2013-0642,CIUTAT VELLA,la Barceloneta,CARRER,VINAROS,1,59,,61,,,,,1,2,2.190809067,41.3778522
01-2013-0643,CIUTAT VELLA,la Barceloneta,CARRER,VINAROS,1,59,,,,,,,3,2,2.190809067,41.3778522
01-2013-0644,CIUTAT VELLA,la Barceloneta,CARRER,VINAROS,1,59,,,,,,,4,1,2.190809067,41.3778522
01-2013-0645,CIUTAT VELLA,el Barri Gòtic,CARRER,ESCUDELLERS,2,36,,,,,,,2,,2.176973717,41.38013141
01-2013-0646,CIUTAT VELLA,el Barri Gòtic,CARRER,ESCUDELLERS,2,36,,,,,,,1,,2.176973717,41.38013141
02-2013-1933,L'EIXAMPLE,la Dreta de l'Eixample,CARRER,PROVENÇA,1,225,,,,,,,PR,7,2.159002554,41.39299528
02-2014-0294,L'EIXAMPLE,la Dreta de l'Eixample,CARRER,VALENCIA,1,273,,,,,,,4,2,2.16554782,41.39451625
01-2013-0908,CIUTAT VELLA,el Barri Gòtic,CARRER,BOTERS,1,3,,,,,,,PR,,2.174294469,41.38406745
01-2013-0909,CIUTAT VELLA,la Barceloneta,PASSEIG,JOAN BORBO C BARCELONA,2,38,,,,,,,EN,A,2.188293021,41.37833793
01-2013-0911,CIUTAT VELLA,la Barceloneta,PASSEIG,JOAN BORBO C BARCELONA,1,15,,,,,,,2,1,2.187569636,41.38016878
01-2013-0913,CIUTAT VELLA,Sant Pere Santa Caterina i la Ribera,CARRER,VOLTA D'EN BUFANALLA,1,3,,,,,,,3,,2.182722064,41.38404385
02-2013-2457,L'EIXAMPLE,el Fort Pienc,CARRER,SICILIA,2,212,,,,,,,3,4,2.178397558,41.39799696
10-2014-0001,SANT MARTI,la Vila Olímpica del Poblenou,CARRER,SALVADOR ESPRIU,1,79,,,,,,,6,1,2.199917229,41.39133785
10-2014-0009,SANT MARTI,Diagonal Mar i el Front Marítim del Poblenou,PASSEIG,TAULAT,1,283,,,,,,,20,2,2.215920792,41.40800211
10-2014-0165,SANT MARTI,Sant Martí de Provençals,CARRER,TREBALL,1,197,,,,,,,3,5,2.201296239,41.41625927
02-2013-1846,L'EIXAMPLE,la Nova Esquerra de l'Eixample,CARRER,VALENCIA,1,35,,,,,,,PR,3,2.147980341,41.3812882
10-2013-0709,SANT MARTI,el Poblenou,CARRER,PERE IV,2,240,,242,,,,,4,4,2.19975414,41.40509348
02-2013-1388,L'EIXAMPLE,la Sagrada Família,CARRER,CARTAGENA,1,315,,,,,,,PR,3,2.174855915,41.41063875
02-2013-1389,L'EIXAMPLE,la Dreta de l'Eixample,CARRER,AUSIAS MARC,2,24,,,,,,,1,1A,2.175427038,41.3910657
02-2013-1391,L'EIXAMPLE,la Sagrada Família,AVINGUDA,GAUDI,1,27,,29,,,,,6,2,2.174243396,41.40658293
04-2013-0257,LES CORTS,les Corts,CARRER,EUROPA,2,34,,36,,,,,1,1,2.131550948,41.38741612
02-2013-1392,L'EIXAMPLE,la Dreta de l'Eixample,CARRER,BALMES,2,104,,,,,,,PR,3,2.158923738,41.39225211
02-2013-1393,L'EIXAMPLE,la Dreta de l'Eixample,CARRER,VALENCIA,2,372,,374,,,,,4,2,2.172407269,41.39939484
02-2013-1394,L'EIXAMPLE,la Dreta de l'Eixample,RONDA,UNIVERSITAT,1,25,,,,,,,EN,1,2.166895955,41.38692588
06-2013-0567,GRACIA,la Vila de Gràcia,CARRER,CAMPRODON,1,27,,,,,,,2,1,2.164199357,41.40108233
06-2013-0568,GRACIA,la Vila de Gràcia,CARRER,CAMPRODON,1,27,,,,,,,3,1,2.164199357,41.40108233
10-2013-0579,SANT MARTI,la Vila Olímpica del Poblenou,CARRER,ARQUITECTE SERT,2,18,,,,,,,4,1,2.198734263,41.39141058
03-2013-0519,SANTS-MONTJUÏC,el Poble Sec,CARRER,BLASCO DE GARAY,1,3,,,,,,,2,2,2.163320753,41.37462459
02-2013-1837,L'EIXAMPLE,la Sagrada Família,AVINGUDA,GAUDI,2,16,,,,,,,2,1,2.174578535,41.40546546
03-2013-0726,SANTS-MONTJUÏC,la Font de la Guatlla,GRAN VIA,CORTS CATALANES,2,276,,,,,,,9,4,2.144695777,41.37136592
02-2013-2293,L'EIXAMPLE,la Nova Esquerra de l'Eixample,CARRER,CONSELL DE CENT,2,170,,,,,,,2,A,2.155660995,41.38339524
02-2014-0024,L'EIXAMPLE,el Fort Pienc,GRAN VIA,CORTS CATALANES,1,691,,,,,,,AT,4,2.177932558,41.39701019
06-2014-0008,GRACIA,la Vila de Gràcia,CARRER,MASSENS,1,15,,,,,,,2,3,2.157847143,41.40697383
02-2014-0033,L'EIXAMPLE,l'Antiga Esquerra de l'Eixample,CARRER,CASANOVA,1,87,,,,,,,1,A,2.157511782,41.386214
02-2014-0132,L'EIXAMPLE,l'Antiga Esquerra de l'Eixample,CARRER,COMTE D'URGELL,2,172,,,,,,,6,2,2.152469705,41.38694465
06-2014-0001,GRACIA,la Vila de Gràcia,CARRER,PERILL,1,17,,,,,,,2,2,2.161332394,41.39939329
10-2013-0755,SANT MARTI,la Vila Olímpica del Poblenou,CARRER,SALVADOR ESPRIU,1,89,,,,,,,5,1,2.201605933,41.39260664
03-2013-0748,SANTS-MONTJUÏC,el Poble Sec,CARRER,TAPIOLES,1,51,,,,,,,2,1,2.163895352,41.37239775
06-2013-0752,GRACIA,la Vila de Gràcia,CARRER,PROGRES,1,25,,,,,,,1,1,2.160000226,41.40022458
03-2013-0749,SANTS-MONTJUÏC,Sants - Badal,CARRER,ROGER,2,16,,,,,,,AT,,2.126269622,41.37650379
07-2013-0316,HORTA-GUINARDÓ,el Baix Guinardó,CARRER,SANT ANTONI MARIA CLARET,1,79,,,,,,,3,2,2.169447035,41.40766573
07-2013-0317,HORTA-GUINARDÓ,el Baix Guinardó,CARRER,SANT ANTONI MARIA CLARET,1,79,,,,,,,2,2,2.169447035,41.40766573
02-2014-0214,L'EIXAMPLE,el Fort Pienc,AVINGUDA,DIAGONAL,1,259,,,,,,,EN,2,2.179884657,41.40139051
02-2013-1422,L'EIXAMPLE,el Fort Pienc,CARRER,CASP,2,108,,,,,,,2,B,2.177669612,41.39445183
02-2013-1423,L'EIXAMPLE,el Fort Pienc,CARRER,CASP,2,108,,,,,,,2,A,2.177669612,41.39445183
02-2013-1821,L'EIXAMPLE,la Dreta de l'Eixample,RAMBLA,CATALUNYA,2,8,,,,,,,SA,1,2.168016451,41.38793678
02-2013-1822,L'EIXAMPLE,la Dreta de l'Eixample,RAMBLA,CATALUNYA,2,8,,,,,,,SA,2,2.168016451,41.38793678
02-2013-1824,L'EIXAMPLE,la Dreta de l'Eixample,RAMBLA,CATALUNYA,2,8,,,,,,,SA,3,2.168016451,41.38793678
02-2013-1826,L'EIXAMPLE,la Dreta de l'Eixample,RAMBLA,CATALUNYA,2,8,,,,,,,SA,4,2.168016451,41.38793678
02-2013-2408,L'EIXAMPLE,la Dreta de l'Eixample,PLAÇA,TETUAN,2,8,,,,,,,3,1,2.175319032,41.39422822
02-2013-2406,L'EIXAMPLE,la Dreta de l'Eixample,PLAÇA,TETUAN,2,8,,,,,,,2,2,2.175319032,41.39422822
02-2013-2409,L'EIXAMPLE,la Dreta de l'Eixample,PLAÇA,TETUAN,2,8,,,,,,,3,2,2.175319032,41.39422822
02-2013-2411,L'EIXAMPLE,la Dreta de l'Eixample,PLAÇA,TETUAN,2,8,,,,,,,4,1,2.175319032,41.39422822
02-2013-2414,L'EIXAMPLE,la Dreta de l'Eixample,PLAÇA,TETUAN,2,8,,,,,,,4,2,2.175319032,41.39422822
02-2013-2417,L'EIXAMPLE,la Dreta de l'Eixample,PLAÇA,TETUAN,1,11,,,,,,,5,1,2.174919735,41.39408257
02-2014-0296,L'EIXAMPLE,l'Antiga Esquerra de l'Eixample,CARRER,DIPUTACIO,2,218,,,,,,,1,1,2.161607461,41.38617014
02-2014-0295,L'EIXAMPLE,Sant Antoni,CARRER,COMTE D'URGELL,2,46,,,,,,,6,4,2.160295513,41.38104225
05-2014-0061,SARRIA-SANT GERVASI,el Putxet i el Farró,CARRER,BERTRAN,2,142,,,,,,,EN,2,2.139741356,41.40998212
02-2013-1882,L'EIXAMPLE,la Nova Esquerra de l'Eixample,CARRER,COMTE BORRELL,1,179,,,,,,B,5,3,2.15348822,41.38413688
01-2013-0647,CIUTAT VELLA,el Barri Gòtic,CARRER,ESCUDELLERS,2,36,,,,,,,4,,2.176973717,41.38013141
01-2013-0648,CIUTAT VELLA,el Barri Gòtic,CARRER,ESCUDELLERS,2,36,,,,,,,3,,2.176973717,41.38013141
07-2013-0232,HORTA-GUINARDÓ,el Baix Guinardó,CARRER,BERGNES DE LAS CASAS,2,22,,,,,,,1,1,2.169903226,41.41044365
01-2013-0915,CIUTAT VELLA,Sant Pere Santa Caterina i la Ribera,CARRER,NAU,1,3,,,,,,,PR,1,2.180696902,41.38311012
01-2013-0918,CIUTAT VELLA,Sant Pere Santa Caterina i la Ribera,CARRER,VOLTA D'EN BUFANALLA,1,3,,,,,,,5,,2.182722064,41.38404385
01-2013-0919,CIUTAT VELLA,el Barri Gòtic,PASSEIG,COLOM,1,5,,,,,,,5,1,2.181214469,41.38070211
01-2013-0922,CIUTAT VELLA,el Barri Gòtic,PASSEIG,COLOM,1,5,,,,,,,2,1,2.181214469,41.38070211
10-2014-0011,SANT MARTI,Diagonal Mar i el Front Marítim del Poblenou,CARRER,PALLARS,2,378,,388,,,,,BJ,2,2.209249046,41.40964729
02-2014-0070,L'EIXAMPLE,la Sagrada Família,CARRER,ROSSELLO,1,483,,,,,,,PR,1,2.175838602,41.40737512
07-2014-0008,HORTA-GUINARDÓ,el Guinardó,AVINGUDA,MARE DEU DE MONTSERRAT,1,243,,,,,,,4,1,2.175155724,41.42326857
02-2013-1748,L'EIXAMPLE,la Sagrada Família,CARRER,CASTILLEJOS,2,216,,,,,,,1,1,2.1816344,41.40411217
10-2013-0800,SANT MARTI,el Camp de l'Arpa del Clot,CARRER,INDUSTRIA,2,276,,,,,,,2,2,2.180149201,41.41385239
02-2014-0018,L'EIXAMPLE,l'Antiga Esquerra de l'Eixample,CARRER,ARAGO,1,207,,,,,,,PR,1,2.159779871,41.38853401
02-2014-0035,L'EIXAMPLE,l'Antiga Esquerra de l'Eixample,CARRER,CASANOVA,1,87,,,,,,,1,B,2.157511782,41.386214
02-2014-0037,L'EIXAMPLE,l'Antiga Esquerra de l'Eixample,CARRER,CASANOVA,1,87,,,,,,,2,A,2.157511782,41.386214
02-2014-0038,L'EIXAMPLE,l'Antiga Esquerra de l'Eixample,CARRER,CASANOVA,1,87,,,,,,,2,B,2.157511782,41.386214
02-2014-0123,L'EIXAMPLE,l'Antiga Esquerra de l'Eixample,CARRER,CASANOVA,2,66,,,,,,,AT,2,2.159028587,41.38534721
02-2014-1272,L'EIXAMPLE,la Sagrada Família,PASSATGE,MAIOL,2,10,,,,,,,EN,1,2.174428419,41.40191397
06-2013-0543,GRACIA,la Vila de Gràcia,CARRER,MOZART,1,5,,,,,,,3,2,2.158548025,41.39898955
10-2014-0044,SANT MARTI,el Poblenou,RAMBLA,POBLENOU,2,90,,,,,,,2,1,2.200211453,41.40200578
02-2013-1853,L'EIXAMPLE,la Dreta de l'Eixample,AVINGUDA,DIAGONAL,2,434,,,,,,,2,3,2.161686224,41.39730469
02-2013-1703,L'EIXAMPLE,la Nova Esquerra de l'Eixample,CARRER,LLANÇA,2,32,,,,,,,1,3,2.149704449,41.37706732
02-2013-2418,L'EIXAMPLE,la Dreta de l'Eixample,PLAÇA,TETUAN,2,8,,,,,,,5,2,2.175319032,41.39422822
02-2013-2419,L'EIXAMPLE,la Dreta de l'Eixample,PLAÇA,TETUAN,2,8,,,,,,,AT,,2.175319032,41.39422822
02-2014-0013,L'EIXAMPLE,Sant Antoni,CARRER,CALABRIA,2,54,,,,,,,1,1,2.158002821,41.37758377
02-2013-1781,L'EIXAMPLE,l'Antiga Esquerra de l'Eixample,CARRER,CORSEGA,2,260,,,,,,,EN,,2.155877995,41.39377072
06-2013-0702,GRACIA,la Vila de Gràcia,CARRER,TORRENT DE LES FLORS,1,115,,,,,,,1,2,2.157794834,41.40856648
06-2013-0737,GRACIA,la Vila de Gràcia,CARRER,LEGALITAT,1,21,,,,,,,PR,2,2.159915312,41.40792088
03-2013-0721,SANTS-MONTJUÏC,el Poble Sec,CARRER,NOU DE LA RAMBLA,2,152,,,,,,,2,4,2.167179301,41.3723475
10-2013-0764,SANT MARTI,el Parc i la Llacuna del Poblenou,CARRER,SARDENYA,1,61,,,,,,,1,1,2.187539531,41.39250988
06-2013-0483,GRACIA,la Vila de Gràcia,CARRER,BONAVISTA,2,6,,,,,,I,2,3,2.159233768,41.39790392
05-2013-0557,SARRIA-SANT GERVASI,Sant Gervasi - Galvany,PLAÇA,CARDONA,1,9,,,,,,,1,2,2.14813664,41.39782346
03-2013-0636,SANTS-MONTJUÏC,la Font de la Guatlla,CARRER,SANT FRUCTUOS,1,25,,,,,,,3,3,2.147136747,41.37163901
10-2013-0812,SANT MARTI,el Poblenou,CARRER,PUJADES,2,244,,,,,,,PR,2,2.203639613,41.40377819
02-2014-0023,L'EIXAMPLE,la Dreta de l'Eixample,CARRER,VALENCIA,1,233,,,,,,,EN,1,2.161570143,41.3915176
02-2014-0086,L'EIXAMPLE,la Dreta de l'Eixample,AVINGUDA,DIAGONAL,1,301,,,,,,,2,,2.173380843,41.39975744
01-2013-0702,CIUTAT VELLA,el Raval,CARRER,AURORA,1,11,B,,,,,,1,3,2.168090521,41.37864747
02-2014-0039,L'EIXAMPLE,l'Antiga Esquerra de l'Eixample,CARRER,CASANOVA,1,87,,,,,,,3,A,2.157511782,41.386214
02-2014-0040,L'EIXAMPLE,l'Antiga Esquerra de l'Eixample,CARRER,CASANOVA,1,87,,,,,,,3,B,2.157511782,41.386214
02-2014-0041,L'EIXAMPLE,l'Antiga Esquerra de l'Eixample,CARRER,CASANOVA,1,87,,,,,,,4,A,2.157511782,41.386214
06-2013-0725,GRACIA,el Camp d'en Grassot i Gràcia Nova,CARRER,ROSSELLO,1,347,,,,,,,2,1,2.168161316,41.40163189
03-2013-0720,SANTS-MONTJUÏC,el Poble Sec,CARRER,MARGARIT,2,38,,,,,,,4,2,2.163274562,41.3730165
02-2013-1815,L'EIXAMPLE,la Dreta de l'Eixample,CARRER,CASP,1,41,,,,,,,1,1B,2.173899649,41.39189731
10-2013-0698,SANT MARTI,el Camp de l'Arpa del Clot,CARRER,INDUSTRIA,2,276,B,,,,,,4,4,2.180253612,41.4139827
05-2013-0556,SARRIA-SANT GERVASI,el Putxet i el Farró,CARRER,TORRE,1,5,,,,,,,2,1,2.148640938,41.40408926
02-2013-2222,L'EIXAMPLE,la Dreta de l'Eixample,CARRER,NAPOLS,1,213,,,,,,,1,2,2.173840053,41.39944906
02-2013-2223,L'EIXAMPLE,la Dreta de l'Eixample,CARRER,NAPOLS,1,213,,,,,,,2,1,2.173840053,41.39944906
07-2013-0318,HORTA-GUINARDÓ,el Baix Guinardó,CARRER,SANT ANTONI MARIA CLARET,1,79,,,,,,,PR,1,2.169447035,41.40766573
02-2013-1962,L'EIXAMPLE,la Dreta de l'Eixample,CARRER,MALLORCA,1,255,,,,,,,3,2,2.161766555,41.39337544
02-2013-1963,L'EIXAMPLE,la Dreta de l'Eixample,CARRER,MALLORCA,1,255,,,,,,,3,3,2.161766555,41.39337544
02-2014-0032,L'EIXAMPLE,la Dreta de l'Eixample,CARRER,VALENCIA,2,284,,,,,,,2,1A,2.164737776,41.39362952
02-2014-0034,L'EIXAMPLE,la Dreta de l'Eixample,CARRER,VALENCIA,2,284,,,,,,,2,1B,2.164737776,41.39362952
03-2013-0715,SANTS-MONTJUÏC,el Poble Sec,CARRER,POETA CABANYES,1,27,,,,,,,2,,2.165522735,41.37390594
02-2013-2043,L'EIXAMPLE,la Sagrada Família,AVINGUDA,GAUDI,1,51,,53,,,,,EN,2,2.174215606,41.40844312
02-2013-2161,L'EIXAMPLE,la Sagrada Família,CARRER,LEPANT,1,255,,,,,,,5,6,2.177257396,41.40386178
02-2013-2175,L'EIXAMPLE,la Sagrada Família,CARRER,MALLORCA,2,466,,,,,,,1,1,2.178614813,41.40574963
02-2013-2349,L'EIXAMPLE,la Dreta de l'Eixample,CARRER,CONSELL DE CENT,2,324,,,,,,,PR,1,2.167292402,41.39215091
05-2014-0015,SARRIA-SANT GERVASI,el Putxet i el Farró,CARRER,BERTRAN,2,156,,,,,,,EN,1,2.139717751,41.4106631
01-2013-0978,CIUTAT VELLA,el Barri Gòtic,CARRER,FERRAN,1,43,,,,,,,PR,1,2.176102992,41.38193635
02-2014-0029,L'EIXAMPLE,la Sagrada Família,CARRER,LEPANT,1,257,,,,,,,BJ,4,2.17712888,41.40395881
06-2013-0494,GRACIA,la Vila de Gràcia,CARRER,GRAN DE GRACIA,2,138,,,,,,,1,2,2.153460388,41.40167137
02-2013-2294,L'EIXAMPLE,la Dreta de l'Eixample,RAMBLA,CATALUNYA,1,85,,,,,,,2,2,2.161359567,41.39240245
01-2013-0905,CIUTAT VELLA,la Barceloneta,CARRER,VINAROS,1,47,,,,,,,BJ,2,2.190643003,41.37828375
10-2013-0714,SANT MARTI,el Poblenou,CARRER,ROC BORONAT,2,48,,,,,,,PR,3,2.199172003,41.39936429
02-2013-1920,L'EIXAMPLE,la Dreta de l'Eixample,RONDA,UNIVERSITAT,2,16,,,,,,,3,3,2.167238313,41.38673449
02-2013-1922,L'EIXAMPLE,l'Antiga Esquerra de l'Eixample,CARRER,COMTE D'URGELL,2,74,,,,,,,3,1,2.158058492,41.38272025
02-2013-2289,L'EIXAMPLE,la Dreta de l'Eixample,CARRER,ROSSELLO,1,301,,,,,,,AT,,2.164679893,41.39899127
01-2013-0887,CIUTAT VELLA,el Barri Gòtic,CARRER,MERCE,1,21,,,,,,,1,2,2.180688971,41.38065491
02-2013-2256,L'EIXAMPLE,la Dreta de l'Eixample,CARRER,FONTANELLA,1,11,,,,,,,5,2,2.172127923,41.3879138
02-2014-0042,L'EIXAMPLE,l'Antiga Esquerra de l'Eixample,CARRER,CASANOVA,1,87,,,,,,,4,B,2.157511782,41.386214
02-2014-0043,L'EIXAMPLE,l'Antiga Esquerra de l'Eixample,CARRER,CASANOVA,1,87,,,,,,,5,A,2.157511782,41.386214
02-2014-0044,L'EIXAMPLE,l'Antiga Esquerra de l'Eixample,CARRER,CASANOVA,1,87,,,,,,,5,B,2.157511782,41.386214
02-2013-1974,L'EIXAMPLE,la Nova Esquerra de l'Eixample,CARRER,ROCAFORT,2,102,,,,,,,PR,1,2.152263055,41.38021891
02-2013-1975,L'EIXAMPLE,la Nova Esquerra de l'Eixample,CARRER,ROCAFORT,2,102,,,,,,,7,1,2.152263055,41.38021891
02-2013-1976,L'EIXAMPLE,la Nova Esquerra de l'Eixample,CARRER,ROCAFORT,2,102,,,,,,,7,2,2.152263055,41.38021891
02-2013-1978,L'EIXAMPLE,la Nova Esquerra de l'Eixample,CARRER,ROCAFORT,2,102,,,,,,,5,1,2.152263055,41.38021891
03-2013-0697,SANTS-MONTJUÏC,el Poble Sec,PLAÇA,SORTIDOR,2,4,,,,,,,2,3,2.162149251,41.37258047
03-2013-0751,SANTS-MONTJUÏC,Sants,CARRER,CROS,2,18,,,,,,,BJ,1,2.138172654,41.37413151
02-2013-1869,L'EIXAMPLE,la Dreta de l'Eixample,CARRER,ROGER DE LLURIA,2,20,,,,,,,2,2A,2.172123425,41.39079696
02-2013-1870,L'EIXAMPLE,la Dreta de l'Eixample,CARRER,CONSELL DE CENT,2,442,,,,,,,PR,2,2.175308906,41.39816727
10-2013-0730,SANT MARTI,el Poblenou,PASSATGE,MAS DE RODA,2,26,,,,,,B,4,2,2.200504214,41.39709544
02-2013-2224,L'EIXAMPLE,la Dreta de l'Eixample,CARRER,NAPOLS,1,213,,,,,,,2,2,2.173840053,41.39944906
02-2013-2225,L'EIXAMPLE,la Dreta de l'Eixample,CARRER,NAPOLS,1,213,,,,,,,3,1,2.173840053,41.39944906
02-2013-2226,L'EIXAMPLE,la Dreta de l'Eixample,CARRER,NAPOLS,1,213,,,,,,,4,1,2.173840053,41.39944906
03-2014-0013,SANTS-MONTJUÏC,el Poble Sec,CARRER,MURILLO,2,18,,,,,,,2,,2.161845695,41.37312881
01-2013-0817,CIUTAT VELLA,Sant Pere Santa Caterina i la Ribera,CARRER,ESPARTERIA,1,5,,,,,,,1,1,2.183001071,41.38414848
02-2013-2058,L'EIXAMPLE,la Dreta de l'Eixample,CARRER,ROSSELLO,1,297,,,,,,,5,2,2.164581437,41.39891592
03-2013-0581,SANTS-MONTJUÏC,el Poble Sec,AVINGUDA,PARAL.LEL,1,159,,,,,,,2,1,2.15676395,41.37481586
03-2013-0611,SANTS-MONTJUÏC,el Poble Sec,CARRER,RADAS,1,57,,,,,,,AT,,2.160579193,41.37247051
03-2013-0612,SANTS-MONTJUÏC,el Poble Sec,CARRER,BLAI,2,66,,,,,,,1,1,2.162417919,41.37453989
02-2013-1948,L'EIXAMPLE,la Dreta de l'Eixample,CARRER,PAU CLARIS,2,176,,,,,,,5,1,2.163402786,41.39568053
04-2013-0354,LES CORTS,les Corts,CARRER,BERLIN,1,51,,,,,,,1,5,2.13857357,41.38314543
04-2013-0355,LES CORTS,les Corts,CARRER,BERLIN,1,51,,,,,,,5,4,2.13857357,41.38314543
04-2013-0356,LES CORTS,les Corts,CARRER,BERLIN,1,51,,,,,,,5,5,2.13857357,41.38314543
04-2013-0357,LES CORTS,les Corts,CARRER,BERLIN,1,51,,,,,,,1,4,2.13857357,41.38314543
02-2013-1606,L'EIXAMPLE,la Dreta de l'Eixample,CARRER,ROGER DE LLURIA,2,54,,,,,,,PR,1A,2.169219439,41.39299028
02-2013-2351,L'EIXAMPLE,la Dreta de l'Eixample,CARRER,CONSELL DE CENT,2,324,,,,,,,PR,2,2.167292402,41.39215091
02-2013-1539,L'EIXAMPLE,la Dreta de l'Eixample,RONDA,SANT PERE,2,44,,,,,,,PR,1A,2.176041488,41.39002824
01-2013-0924,CIUTAT VELLA,el Barri Gòtic,CARRER,CORREU VELL,2,2,,,,,,,1,,2.179564239,41.38130829
10-2013-0624,SANT MARTI,el Poblenou,CARRER,DOCTOR TRUETA,1,211,,,,,,,5,1,2.203522357,41.39876593
02-2013-1636,L'EIXAMPLE,la Nova Esquerra de l'Eixample,CARRER,DIPUTACIO,1,27,,37,,,,,1,3,2.152000104,41.3792185
02-2013-2006,L'EIXAMPLE,Sant Antoni,CARRER,CALABRIA,2,86,,,,,,,AT,3,2.156221088,41.37893097
03-2013-0684,SANTS-MONTJUÏC,el Poble Sec,PASSEIG,MONTJUIC,2,22,,24,,,,,3,3,2.172499924,41.37245521
03-2013-0686,SANTS-MONTJUÏC,el Poble Sec,CARRER,PIQUER,2,6,,,,,,,AT,3,2.171468831,41.37261699
02-2013-1592,L'EIXAMPLE,la Sagrada Família,CARRER,SARDENYA,1,269,,,,,,,AT,1,2.175054596,41.40195379
02-2013-1957,L'EIXAMPLE,l'Antiga Esquerra de l'Eixample,CARRER,PROVENÇA,1,131,,133,,,,,1,2,2.152236782,41.38791921
02-2013-1958,L'EIXAMPLE,l'Antiga Esquerra de l'Eixample,CARRER,PROVENÇA,1,131,,133,,,,,6,1,2.152236782,41.38791921
02-2014-0682,L'EIXAMPLE,la Nova Esquerra de l'Eixample,CARRER,VILAMARI,2,126,,,,,,,BJ,10,2.146784435,41.38094607
02-2013-2060,L'EIXAMPLE,la Sagrada Família,CARRER,NAPOLS,2,216,,,,,,D,5,3,2.173021861,41.40034647
02-2013-2061,L'EIXAMPLE,l'Antiga Esquerra de l'Eixample,CARRER,DIPUTACIO,2,204,,,,,,,1,1,2.161172423,41.38583838
02-2013-1566,L'EIXAMPLE,Sant Antoni,CARRER,PARLAMENT,1,29,,,,,,,3,1,2.162555966,41.37659454
01-2013-0818,CIUTAT VELLA,el Barri Gòtic,CARRER,BELLAFILA,1,5,,,,,,,1,1,2.178571293,41.38228162
01-2013-0819,CIUTAT VELLA,el Barri Gòtic,CARRER,BELLAFILA,1,5,,,,,,,4,,2.178571293,41.38228162
01-2013-0820,CIUTAT VELLA,Sant Pere Santa Caterina i la Ribera,CARRER,ESPARTERIA,1,1,,,,,,,EN,1,2.18281235,41.38384899
01-2013-0821,CIUTAT VELLA,Sant Pere Santa Caterina i la Ribera,CARRER,ESPARTERIA,1,1,,,,,,,PR,1,2.18281235,41.38384899
01-2013-0822,CIUTAT VELLA,Sant Pere Santa Caterina i la Ribera,CARRER,ESPARTERIA,1,1,,,,,,,PR,2,2.18281235,41.38384899
10-2014-0025,SANT MARTI,el Parc i la Llacuna del Poblenou,PASSEIG,PUJADES,1,29,,,,,,,7,A,2.18587821,41.39105481
02-2014-0078,L'EIXAMPLE,la Nova Esquerra de l'Eixample,CARRER,VILADOMAT,1,281,,,,,,A,5,3,2.146492927,41.38769281
02-2014-0226,L'EIXAMPLE,l'Antiga Esquerra de l'Eixample,CARRER,CORSEGA,2,252,,,,,,,AT,,2.155541838,41.39352377
02-2013-2334,L'EIXAMPLE,Sant Antoni,CARRER,COMTE BORRELL,1,91,,,,,,,4,4,2.160188907,41.37907154
02-2013-1901,L'EIXAMPLE,la Sagrada Família,CARRER,CORSEGA,2,604,,,,,,,2,2,2.176265747,41.40910945
02-2013-1980,L'EIXAMPLE,l'Antiga Esquerra de l'Eixample,CARRER,ENRIC GRANADOS,1,125,,,,,,,5,2B,2.154581424,41.39355709
01-2013-0797,CIUTAT VELLA,el Barri Gòtic,CARRER,FLOR,1,5,,,,,,,1,1,2.172765604,41.38515293
10-2013-0750,SANT MARTI,el Camp de l'Arpa del Clot,CARRER,MALLORCA,2,538,,,,,,,BJ,,2.182210004,41.40840472
02-2014-0087,L'EIXAMPLE,la Dreta de l'Eixample,AVINGUDA,DIAGONAL,1,301,,,,,,,5,,2.173380843,41.39975744
02-2014-0088,L'EIXAMPLE,la Dreta de l'Eixample,AVINGUDA,DIAGONAL,1,301,,,,,,,3,,2.173380843,41.39975744
02-2014-0089,L'EIXAMPLE,la Dreta de l'Eixample,AVINGUDA,DIAGONAL,1,301,,,,,,,4,,2.173380843,41.39975744
03-2013-0455,SANTS-MONTJUÏC,Sants,CARRER,VALLESPIR,2,18,,,,,,,3,2,2.137760149,41.37857991
02-2013-2357,L'EIXAMPLE,l'Antiga Esquerra de l'Eixample,CARRER,ROSSELLO,1,183,,,,,,,2,1,2.154561995,41.39135101
02-2013-2358,L'EIXAMPLE,l'Antiga Esquerra de l'Eixample,CARRER,ROSSELLO,2,134,,,,,,,5,4,2.153387104,41.39019292
06-2013-0743,GRACIA,el Camp d'en Grassot i Gràcia Nova,CARRER,CORSEGA,1,507,,509,,,,A,SA,3,2.169447551,41.40427516
02-2013-2360,L'EIXAMPLE,l'Antiga Esquerra de l'Eixample,CARRER,PARIS,2,146,,,,,,B,EN,1,2.15039012,41.39134866
04-2013-0399,LES CORTS,Pedralbes,AVINGUDA,PEDRALBES,1,57,,61,,,,,AT,,2.113572594,41.39408015
02-2013-2227,L'EIXAMPLE,la Dreta de l'Eixample,CARRER,NAPOLS,1,213,,,,,,,4,2,2.173840053,41.39944906
02-2013-2228,L'EIXAMPLE,la Dreta de l'Eixample,CARRER,NAPOLS,1,213,,,,,,,5,2,2.173840053,41.39944906
02-2013-2388,L'EIXAMPLE,l'Antiga Esquerra de l'Eixample,CARRER,PARIS,2,178,,,,,,,PR,2,2.152629613,41.39303332
06-2014-0022,GRACIA,la Vila de Gràcia,CARRER,MONTSENY,1,45,,,,,,,3,2,2.155833066,41.40262408
02-2013-2136,L'EIXAMPLE,l'Antiga Esquerra de l'Eixample,CARRER,VILLARROEL,2,86,,,,,,,4,2,2.157904343,41.38448251
02-2013-2138,L'EIXAMPLE,Sant Antoni,CARRER,CALABRIA,1,3,,,,,,,BJ,,2.160513459,41.37540958
02-2013-2139,L'EIXAMPLE,Sant Antoni,CARRER,CALABRIA,1,3,,,,,,,EN,,2.160513459,41.37540958
02-2013-2140,L'EIXAMPLE,Sant Antoni,CARRER,CALABRIA,1,3,,,,,,,PR,,2.160513459,41.37540958
02-2013-2141,L'EIXAMPLE,Sant Antoni,CARRER,CALABRIA,1,3,,,,,,,1,,2.160513459,41.37540958
02-2013-2142,L'EIXAMPLE,Sant Antoni,CARRER,CALABRIA,1,3,,,,,,,2,,2.160513459,41.37540958
02-2013-2143,L'EIXAMPLE,Sant Antoni,CARRER,CALABRIA,1,3,,,,,,,3,,2.160513459,41.37540958
02-2013-2144,L'EIXAMPLE,Sant Antoni,CARRER,CALABRIA,1,3,,,,,,,4,,2.160513459,41.37540958
02-2013-2145,L'EIXAMPLE,Sant Antoni,CARRER,CALABRIA,1,3,,,,,,,5,,2.160513459,41.37540958
03-2013-0772,SANTS-MONTJUÏC,Sants,AVINGUDA,JOSEP TARRADELLAS,1,1,,,,,,,8,3,2.142043857,41.38154956
03-2013-0773,SANTS-MONTJUÏC,Sants - Badal,CARRER,SANTS,2,264,,,,,,,5,3,2.127711629,41.37567143
06-2014-0015,GRACIA,el Camp d'en Grassot i Gràcia Nova,CARRER,SICILIA,2,348,,,,,,,1,1,2.170555824,41.40392157
02-2014-0084,L'EIXAMPLE,el Fort Pienc,CARRER,NAPOLS,1,103,,,,,,,EN,2,2.180360615,41.39451867
02-2014-0085,L'EIXAMPLE,Sant Antoni,CARRER,FLORIDABLANCA,1,133,,,,,,,EN,3,2.162400236,41.3815646
03-2014-0162,SANTS-MONTJUÏC,el Poble Sec,AVINGUDA,PARAL.LEL,1,17,,,,,,,6,4,2.174479037,41.37449801
01-2013-0782,CIUTAT VELLA,el Barri Gòtic,CARRER,TEMPLERS,2,6,,,,,,,5,,2.177903772,41.38151311
06-2014-0032,GRACIA,la Salut,CARRER,LARRARD,2,40,,,,,,,PR,3,2.154292826,41.41217457
10-2013-0748,SANT MARTI,Provençals del Poblenou,PASSATGE,KLEIN,2,10,,,,,,,BJ,,2.20213009,41.41011002
02-2013-2036,L'EIXAMPLE,la Dreta de l'Eixample,RONDA,SANT PERE,2,44,,,,,,,PR,1B,2.176041488,41.39002824
10-2013-0608,SANT MARTI,el Poblenou,CARRER,LLACUNA,2,110,,,,,,,1,2,2.195530312,41.40382771
01-2013-0925,CIUTAT VELLA,el Barri Gòtic,CARRER,CORREU VELL,2,2,,,,,,,2,,2.179564239,41.38130829
06-2013-0562,GRACIA,Vallcarca i els Penitents,CARRER,MARE DE DEU DEL COLL,2,82,,,,,,,SA,1,2.147396015,41.41126132
06-2013-0563,GRACIA,Vallcarca i els Penitents,CARRER,MARE DE DEU DEL COLL,2,82,,,,,,,AT,2,2.147396015,41.41126132
10-2013-0689,SANT MARTI,el Poblenou,CARRER,BADAJOZ,2,10,,,,,,,1,,2.200435579,41.39495456
10-2013-0690,SANT MARTI,el Poblenou,CARRER,BADAJOZ,2,10,,,,,,,2,,2.200435579,41.39495456
10-2013-0691,SANT MARTI,el Poblenou,CARRER,BADAJOZ,2,10,,,,,,,3,,2.200435579,41.39495456
10-2013-0692,SANT MARTI,el Poblenou,CARRER,BADAJOZ,2,10,,,,,,,4,,2.200435579,41.39495456
02-2013-2277,L'EIXAMPLE,l'Antiga Esquerra de l'Eixample,CARRER,ARIBAU,1,175,,,,,,,4,2B,2.152114187,41.3937073
02-2013-2286,L'EIXAMPLE,la Nova Esquerra de l'Eixample,AVINGUDA,JOSEP TARRADELLAS,2,46,,,,,,,6,3,2.14282774,41.38385536
02-2014-0104,L'EIXAMPLE,l'Antiga Esquerra de l'Eixample,CARRER,DIPUTACIO,2,182,,,,,,,1,2A,2.16002665,41.38497644
02-2014-0105,L'EIXAMPLE,l'Antiga Esquerra de l'Eixample,CARRER,DIPUTACIO,2,182,,,,,,,1,2B,2.16002665,41.38497644
03-2014-0029,SANTS-MONTJUÏC,la Font de la Guatlla,CARRER,RABI RUBEN,1,29,,,,,,,1,,2.147619043,41.37079012
04-2013-0414,LES CORTS,la Maternitat i Sant Ramon,CARRER,COMANDANT BENITEZ,2,18,,,,,,,1,4,2.126551745,41.38015783
02-2013-2266,L'EIXAMPLE,Sant Antoni,CARRER,SEPULVEDA,1,33,,,,,,,1,4,2.153660537,41.37668601
05-2013-0583,SARRIA-SANT GERVASI,Sant Gervasi - Galvany,VIA,AUGUSTA,1,87,,,,,,,2,,2.150117591,41.40080333
01-2013-0828,CIUTAT VELLA,Sant Pere Santa Caterina i la Ribera,CARRER,ESPARTERIA,1,1,,,,,,,AT,1,2.18281235,41.38384899
01-2013-0829,CIUTAT VELLA,Sant Pere Santa Caterina i la Ribera,CARRER,ESPARTERIA,1,1,,,,,,,AT,2,2.18281235,41.38384899
01-2013-0830,CIUTAT VELLA,Sant Pere Santa Caterina i la Ribera,CARRER,VOLTA D'EN BUFANALLA,1,3,,,,,,,1,,2.182722064,41.38404385
03-2013-0493,SANTS-MONTJUÏC,el Poble Sec,CARRER,ROSER,2,72,,,,,,,4,2,2.165712914,41.3719895
03-2014-0014,SANTS-MONTJUÏC,el Poble Sec,CARRER,RICART,2,32,,,,,,,EN,1,2.157708172,41.37316499
03-2014-0043,SANTS-MONTJUÏC,Hostafrancs,CARRER,CREU COBERTA,1,67,,,,,,,3,1,2.145784314,41.37509951
01-2013-1020,CIUTAT VELLA,el Raval,CARRER,NOU DE LA RAMBLA,2,20,,,,,,,EN,2,2.173681272,41.37862391
05-2013-0571,SARRIA-SANT GERVASI,Sant Gervasi - Galvany,CARRER,CALVET,1,17,,,,,,,3,4,2.144077594,41.39411612
05-2013-0572,SARRIA-SANT GERVASI,Sant Gervasi - Galvany,CARRER,BALMES,1,251,,,,,,,2,2,2.149368361,41.3998383
03-2013-0451,SANTS-MONTJUÏC,Hostafrancs,CARRETERA,BORDETA,2,34,,,,,,,1,,2.146056853,41.37376484
04-2013-0303,LES CORTS,la Maternitat i Sant Ramon,TRAVESSERA,CORTS,2,136,,,,,,,BJ,2,2.126370304,41.3809957
05-2013-0491,SARRIA-SANT GERVASI,el Putxet i el Farró,CARRER,BERTRAN,2,156,,,,,,,1,4,2.139717751,41.4106631
05-2013-0493,SARRIA-SANT GERVASI,el Putxet i el Farró,CARRER,BERTRAN,2,156,,,,,,,SA,1,2.139717751,41.4106631
05-2013-0494,SARRIA-SANT GERVASI,el Putxet i el Farró,CARRER,BERTRAN,2,156,,,,,,,1,1,2.139717751,41.4106631
05-2013-0495,SARRIA-SANT GERVASI,el Putxet i el Farró,CARRER,BERTRAN,2,156,,,,,,,2,2,2.139717751,41.4106631
05-2013-0496,SARRIA-SANT GERVASI,el Putxet i el Farró,CARRER,BERTRAN,2,156,,,,,,,PR,4,2.139717751,41.4106631
01-2013-0926,CIUTAT VELLA,el Barri Gòtic,CARRER,CORREU VELL,2,2,,,,,,,3,,2.179564239,41.38130829
02-2013-2391,L'EIXAMPLE,l'Antiga Esquerra de l'Eixample,CARRER,ARAGO,2,140,,,,,,,3,2,2.15603504,41.38537439
02-2014-0028,L'EIXAMPLE,la Nova Esquerra de l'Eixample,CARRER,CONSELL DE CENT,2,120,,,,,,,2,1,2.152567941,41.38106652
03-2014-0030,SANTS-MONTJUÏC,la Font de la Guatlla,CARRER,RABI RUBEN,1,29,,,,,,,2,,2.147619043,41.37079012
02-2014-0106,L'EIXAMPLE,la Sagrada Família,CARRER,PADILLA,1,311,,,,,,,8,2,2.173525238,41.40833351
10-2013-0751,SANT MARTI,el Parc i la Llacuna del Poblenou,CARRER,MARINA,1,91,,95,,,,D,EN,1,2.188071096,41.39355975
10-2013-0819,SANT MARTI,el Camp de l'Arpa del Clot,CARRER,XIFRE,1,39,,,,,,,BJ,C,2.182659088,41.40944512
02-2013-1459,L'EIXAMPLE,la Nova Esquerra de l'Eixample,CARRER,ROSSELLO,2,32,,,,,,,BJ,3,2.146496353,41.38499451
03-2013-0481,SANTS-MONTJUÏC,el Poble Sec,CARRER,SALVA,2,46,,,,,,,1,1,2.165459879,41.37283604
06-2013-0663,GRACIA,la Vila de Gràcia,CARRER,MAURICI SERRAHIMA,2,22,,,,,,,BJ,2,2.152592815,41.40567178
10-2013-0824,SANT MARTI,el Poblenou,CARRER,CIUTAT DE GRANADA,1,67,,,,,,,4,2,2.196731143,41.39923366
02-2014-0112,L'EIXAMPLE,la Sagrada Família,CARRER,MARINA,2,240,,,,,,,1,2,2.177152845,41.40256275
02-2013-1863,L'EIXAMPLE,la Dreta de l'Eixample,CARRER,ARAGO,1,291,,,,,,,4,3,2.166926085,41.39391119
01-2013-0831,CIUTAT VELLA,Sant Pere Santa Caterina i la Ribera,CARRER,VOLTA D'EN BUFANALLA,1,3,,,,,,,2,,2.182722064,41.38404385
01-2013-0832,CIUTAT VELLA,Sant Pere Santa Caterina i la Ribera,CARRER,VOLTA D'EN BUFANALLA,1,3,,,,,,,4,,2.182722064,41.38404385
02-2014-0115,L'EIXAMPLE,la Sagrada Família,CARRER,PADILLA,2,230,,232,,,,,1,3,2.178289504,41.4049918
02-2013-2458,L'EIXAMPLE,la Dreta de l'Eixample,RAMBLA,CATALUNYA,2,42,,,,,,,5,2,2.164963405,41.39016883
02-2013-2460,L'EIXAMPLE,la Dreta de l'Eixample,RAMBLA,CATALUNYA,2,42,,,,,,,5,1,2.164963405,41.39016883
10-2014-0056,SANT MARTI,el Parc i la Llacuna del Poblenou,CARRER,AVILA,1,157,,,,,,,2,2,2.189790862,41.4010756
02-2014-0125,L'EIXAMPLE,Sant Antoni,CARRER,SEPULVEDA,1,169,,,,,,,1,1,2.162309898,41.38319697
03-2013-0484,SANTS-MONTJUÏC,la Font de la Guatlla,CARRER,SANT FERRIOL,1,11,,13,,,,,BJ,,2.146981011,41.37232002
01-2013-0894,CIUTAT VELLA,la Barceloneta,CARRER,MESTRANÇA,1,55,,,,,,,BJ,,2.190373783,41.37706218
01-2013-0895,CIUTAT VELLA,la Barceloneta,CARRER,MESTRANÇA,1,55,,,,,,,1,2,2.190373783,41.37706218
01-2013-0896,CIUTAT VELLA,la Barceloneta,CARRER,MESTRANÇA,1,55,,,,,,,2,2,2.190373783,41.37706218
01-2013-0897,CIUTAT VELLA,la Barceloneta,CARRER,MESTRANÇA,1,55,,,,,,,3,,2.190373783,41.37706218
10-2014-0119,SANT MARTI,el Camp de l'Arpa del Clot,CARRER,MALLORCA,1,569,,575,,,,4,2,3,2.184767613,41.41064761
06-2013-0500,GRACIA,la Vila de Gràcia,CARRER,SAMSO,2,4,,,,,,,1,1,2.160431166,41.40131109
01-2013-0928,CIUTAT VELLA,el Barri Gòtic,CARRER,CORREU VELL,2,2,,,,,,,5,,2.179564239,41.38130829
06-2013-0502,GRACIA,la Vila de Gràcia,CARRER,SAMSO,2,4,,,,,,,1,2,2.160431166,41.40131109
06-2013-0503,GRACIA,la Vila de Gràcia,CARRER,SAMSO,2,4,,,,,,,2,1,2.160431166,41.40131109
06-2013-0504,GRACIA,la Vila de Gràcia,CARRER,SAMSO,2,4,,,,,,,2,2,2.160431166,41.40131109
01-2013-0927,CIUTAT VELLA,el Barri Gòtic,CARRER,CORREU VELL,2,2,,,,,,,4,,2.179564239,41.38130829
02-2013-2011,L'EIXAMPLE,l'Antiga Esquerra de l'Eixample,CARRER,ENRIC GRANADOS,1,15,,,,,,,4,2B,2.162025705,41.38791817
06-2013-0666,GRACIA,el Camp d'en Grassot i Gràcia Nova,PASSATGE,ALIO,1,29,,,,,,,BJ,,2.165317288,41.40343005
02-2013-2094,L'EIXAMPLE,la Sagrada Família,CARRER,MARINA,2,334,,,,,,,SA,3,2.171776839,41.40666954
02-2013-2096,L'EIXAMPLE,la Dreta de l'Eixample,CARRER,PAU CLARIS,1,151,,,,,,E,4,2,2.164726146,41.39439966
01-2013-0807,CIUTAT VELLA,Sant Pere Santa Caterina i la Ribera,CARRER,SANT PERE MITJA,2,62,,,,,,,1,A,2.178688771,41.38892219
01-2013-0808,CIUTAT VELLA,Sant Pere Santa Caterina i la Ribera,CARRER,SANT PERE MITJA,2,62,,,,,,,1,B,2.178688771,41.38892219
01-2013-0811,CIUTAT VELLA,Sant Pere Santa Caterina i la Ribera,CARRER,SANT PERE MITJA,2,62,,,,,,,3,A,2.178688771,41.38892219
01-2013-0813,CIUTAT VELLA,Sant Pere Santa Caterina i la Ribera,CARRER,SANT PERE MITJA,2,62,,,,,,,4,A,2.178688771,41.38892219
01-2013-0816,CIUTAT VELLA,Sant Pere Santa Caterina i la Ribera,CARRER,SANT PERE MITJA,2,62,,,,,,,5,A,2.178688771,41.38892219
02-2013-1991,L'EIXAMPLE,el Fort Pienc,CARRER,MARINA,1,177,,,,,,,1,2,2.180441583,41.39939513
03-2014-0022,SANTS-MONTJUÏC,el Poble Sec,CARRER,CONCORDIA,1,59,,,,,,,SA,2,2.158412357,41.37178117
05-2014-0009,SARRIA-SANT GERVASI,Sant Gervasi - Galvany,CARRER,MUNTANER,2,254,,,,,,,1,1,2.148560057,41.39496417
02-2014-0092,L'EIXAMPLE,la Dreta de l'Eixample,CARRER,PELAI,1,5,,,,,,,1,1A,2.166129159,41.38589339
07-2014-0112,HORTA-GUINARDÓ,el Guinardó,CARRER,SANT ANTONI MARIA CLARET,1,217,,221,,,,,2,2,2.17968443,41.415354
02-2014-0795,L'EIXAMPLE,la Nova Esquerra de l'Eixample,CARRER,CONSELL DE CENT,2,78,,,,,,,EN,2,2.150331952,41.37938291
07-2013-0252,HORTA-GUINARDÓ,el Carmel,CARRER,CALDERON DE LA BARCA,1,107,,109,,,,,2,1B,2.157221492,41.41982768
02-2013-1954,L'EIXAMPLE,la Sagrada Família,PASSATGE,FONT,1,11,,,,,,,,,2.175293684,41.40257422
02-2013-1956,L'EIXAMPLE,la Dreta de l'Eixample,CARRER,VALENCIA,2,306,,,,,,,4,1,2.166127183,41.3946751
10-2014-0026,SANT MARTI,el Poblenou,RAMBLA,POBLENOU,1,27,,,,,,,4,1,2.203574477,41.3991688
02-2013-2384,L'EIXAMPLE,l'Antiga Esquerra de l'Eixample,CARRER,PARIS,2,178,,,,,,,4,1,2.152629613,41.39303332
02-2014-0099,L'EIXAMPLE,la Dreta de l'Eixample,CARRER,CASP,1,19,,,,,,,AT,,2.17051752,41.38935823
03-2013-0688,SANTS-MONTJUÏC,Sants,CARRER,MELCIOR DE PALAU,1,35,,,,,,,EN,1,2.132000689,41.37881221
02-2013-2301,L'EIXAMPLE,Sant Antoni,CARRER,PARLAMENT,1,19,,,,,,,3,2,2.162128181,41.37631158
03-2014-0031,SANTS-MONTJUÏC,el Poble Sec,CARRER,MAGALHAES,1,5,,,,,,,4,2,2.165891145,41.37155781
02-2014-0108,L'EIXAMPLE,la Sagrada Família,CARRER,CORSEGA,1,583,,,,,,,1,1,2.173654927,41.40745956
02-2013-1905,L'EIXAMPLE,la Dreta de l'Eixample,CARRER,VALENCIA,1,317,,,,,,,3,4,2.168213226,41.3965252
02-2013-1907,L'EIXAMPLE,la Dreta de l'Eixample,CARRER,VALENCIA,1,317,,,,,,,2,4,2.168213226,41.3965252
02-2013-1908,L'EIXAMPLE,la Dreta de l'Eixample,CARRER,VALENCIA,1,317,,,,,,,1,4,2.168213226,41.3965252
05-2013-0541,SARRIA-SANT GERVASI,Sant Gervasi - Galvany,CARRER,SANT ELIES,1,1,,,,,,,AT,2,2.145807181,41.40188517
02-2013-2402,L'EIXAMPLE,la Dreta de l'Eixample,PLAÇA,TETUAN,2,8,,,,,,,1,1,2.175319032,41.39422822
02-2013-2403,L'EIXAMPLE,la Dreta de l'Eixample,PLAÇA,TETUAN,2,8,,,,,,,1,2,2.175319032,41.39422822
02-2013-2404,L'EIXAMPLE,la Dreta de l'Eixample,PLAÇA,TETUAN,2,8,,,,,,,2,1,2.175319032,41.39422822
02-2014-0293,L'EIXAMPLE,l'Antiga Esquerra de l'Eixample,GRAN VIA,CORTS CATALANES,1,555,,,,,,,4,,2.16041126,41.38384238
02-2014-0116,L'EIXAMPLE,la Nova Esquerra de l'Eixample,CARRER,CONSELL DE CENT,2,80,,,,,,,4,3,2.150404288,41.37943745
10-2014-0051,SANT MARTI,el Poblenou,CARRER,TAULAT,2,44,,,,,,,2,2,2.205026469,41.39883444
07-2014-0036,HORTA-GUINARDÓ,el Baix Guinardó,CARRER,SANT ANTONI MARIA CLARET,1,139,,,,,,,1,2,2.173470281,41.41068334
02-2014-0276,L'EIXAMPLE,el Fort Pienc,CARRER,LEPANT,1,137,,,,,,,3,2,2.185142744,41.39787462
06-2013-0322,GRACIA,la Vila de Gràcia,CARRER,VERNTALLAT,2,8,,,,,,,BJ,1,2.156296536,41.40576495
02-2013-1040,L'EIXAMPLE,l'Antiga Esquerra de l'Eixample,CARRER,ARIBAU,2,138,,,,,,,2,2,2.155431368,41.39148095
03-2013-0352,SANTS-MONTJUÏC,Sants,CARRER,DAOIZ I VELARDE,2,34,,,,,,,BJ,,2.132014447,41.37418239
02-2013-1001,L'EIXAMPLE,Sant Antoni,CARRER,FLORIDABLANCA,1,65,,,,,,,6,1,2.158240704,41.37843419
02-2013-1002,L'EIXAMPLE,Sant Antoni,CARRER,FLORIDABLANCA,1,65,,,,,,,6,4,2.158240704,41.37843419
10-2013-0468,SANT MARTI,el Parc i la Llacuna del Poblenou,CARRER,PUJADES,1,19,,,,,,,1,1,2.188575018,41.39288262
10-2013-0477,SANT MARTI,el Poblenou,PASSEIG,CALVELL,1,45,,,,,,D,1,3,2.20760134,41.39891663
10-2013-0478,SANT MARTI,el Poblenou,PASSEIG,CALVELL,1,45,,,,,,D,4,3,2.20760134,41.39891663
10-2013-0479,SANT MARTI,el Poblenou,PASSEIG,CALVELL,1,45,,,,,,D,4,1,2.20760134,41.39891663
10-2013-0480,SANT MARTI,el Poblenou,PASSEIG,CALVELL,1,45,,,,,,D,4,2,2.20760134,41.39891663
10-2013-0481,SANT MARTI,el Poblenou,PASSEIG,CALVELL,1,45,,,,,,D,5,1,2.20760134,41.39891663
10-2013-0482,SANT MARTI,el Poblenou,PASSEIG,CALVELL,1,45,D,,,,,5,1,1,2.20760134,41.39891663
02-2013-1174,L'EIXAMPLE,l'Antiga Esquerra de l'Eixample,CARRER,ARIBAU,1,105,,,,,,,PR,1,2.156473748,41.39041392
02-2013-1175,L'EIXAMPLE,la Sagrada Família,CARRER,INDUSTRIA,2,140,,,,,,,3,2,2.173675512,41.40885831
02-2013-1163,L'EIXAMPLE,la Sagrada Família,CARRER,CORSEGA,1,559,,,,,,,2,2,2.17260588,41.4066769
02-2013-1076,L'EIXAMPLE,la Dreta de l'Eixample,PLAÇA,CATALUNYA,2,8,,,,,,,4,2,2.168389293,41.38708787
03-2013-0369,SANTS-MONTJUÏC,el Poble Sec,CARRER,BLASCO DE GARAY,1,3,,,,,,,EN,1,2.163320753,41.37462459
02-2013-1253,L'EIXAMPLE,la Sagrada Família,CARRER,SARDENYA,2,302,,,,,,,2,2,2.175004769,41.40226972
02-2013-1254,L'EIXAMPLE,la Sagrada Família,CARRER,SARDENYA,2,302,,,,,,,3,1,2.175004769,41.40226972
02-2013-1263,L'EIXAMPLE,l'Antiga Esquerra de l'Eixample,CARRER,ARIBAU,1,105,,,,,,,PR,2,2.156473748,41.39041392
10-2013-0519,SANT MARTI,Diagonal Mar i el Front Marítim del Poblenou,CARRER,PROVENÇALS,1,3,,,,,,,5,3,2.21297966,41.4039879
07-2013-0160,HORTA-GUINARDÓ,el Baix Guinardó,CARRER,LEPANT,1,365,,,,,,,7,1,2.170501172,41.40896543
03-2013-0364,SANTS-MONTJUÏC,Hostafrancs,GRAN VIA,CORTS CATALANES,1,263,,,,,,,6,2,2.143359402,41.37102371
02-2013-1211,L'EIXAMPLE,l'Antiga Esquerra de l'Eixample,CARRER,ARIBAU,2,20,,,,,,,1,2,2.161711037,41.38673443
10-2013-0501,SANT MARTI,el Poblenou,CARRER,PALLARS,1,171,,,,,,,1,2,2.196223965,41.4001264
10-2013-0503,SANT MARTI,el Poblenou,CARRER,PALLARS,1,171,,,,,,,PR,2,2.196223965,41.4001264
06-2013-0411,GRACIA,la Vila de Gràcia,CARRER,MILA I FONTANALS,1,55,,,,,,,PR,2,2.160930035,41.40241706
06-2013-0412,GRACIA,la Vila de Gràcia,CARRER,MILA I FONTANALS,1,55,,,,,,,1,1,2.160930035,41.40241706
06-2013-0413,GRACIA,la Vila de Gràcia,CARRER,MILA I FONTANALS,1,55,,,,,,,1,2,2.160930035,41.40241706
06-2013-0414,GRACIA,la Vila de Gràcia,CARRER,MILA I FONTANALS,1,55,,,,,,,2,1,2.160930035,41.40241706
06-2013-0415,GRACIA,la Vila de Gràcia,CARRER,MILA I FONTANALS,1,55,,,,,,,2,2,2.160930035,41.40241706
06-2013-0416,GRACIA,la Vila de Gràcia,CARRER,MILA I FONTANALS,1,55,,,,,,,3,1,2.160930035,41.40241706
06-2013-0417,GRACIA,la Vila de Gràcia,CARRER,MILA I FONTANALS,1,55,,,,,,,3,2,2.160930035,41.40241706
06-2013-0418,GRACIA,la Vila de Gràcia,CARRER,MILA I FONTANALS,1,55,,,,,,,4,1,2.160930035,41.40241706
06-2013-0419,GRACIA,la Vila de Gràcia,CARRER,MILA I FONTANALS,1,55,,,,,,,4,2,2.160930035,41.40241706
06-2013-0420,GRACIA,la Vila de Gràcia,CARRER,MILA I FONTANALS,1,55,,,,,,,5,,2.160930035,41.40241706
10-2013-0527,SANT MARTI,el Poblenou,CARRER,RAMON TURRO,2,184,,,,,,,1,1,2.200974885,41.39828295
05-2013-0383,SARRIA-SANT GERVASI,Sant Gervasi - Galvany,CARRER,MARIA CUBI,2,92,,,,,,,2,4,2.147377177,41.39698071
02-2013-1107,L'EIXAMPLE,el Fort Pienc,CARRER,AUSIAS MARC,1,65,,,,,,,PR,3,2.178529741,41.39366695
02-2013-1335,L'EIXAMPLE,la Nova Esquerra de l'Eixample,CARRER,LONDRES,1,17,,,,,,,3,2,2.144299066,41.38874112
03-2013-0399,SANTS-MONTJUÏC,el Poble Sec,CARRER,SALVA,1,73,,,,,,,4,1,2.165169829,41.37186897
05-2013-0384,SARRIA-SANT GERVASI,Sant Gervasi - Galvany,CARRER,MADRAZO,2,70,,,,,,,3,2,2.147010689,41.39882691
05-2013-0396,SARRIA-SANT GERVASI,Sant Gervasi - Galvany,CARRER,AVENIR,1,69,,,,,,,2,2,2.144342353,41.39428597
02-2013-1187,L'EIXAMPLE,la Sagrada Família,CARRER,CONSELL DE CENT,1,545,,,,,,,3,2,2.181639942,41.40319084
02-2013-1188,L'EIXAMPLE,la Sagrada Família,CARRER,CONSELL DE CENT,1,545,,,,,,,2,3,2.181639942,41.40319084
06-2013-0346,GRACIA,el Camp d'en Grassot i Gràcia Nova,PASSATGE,NOGUES,1,61,,,,,,,1,,2.165165442,41.40892325
02-2013-1322,L'EIXAMPLE,la Sagrada Família,CARRER,DOS DE MAIG,1,327,,329,,,,,1,1,2.175784218,41.41165145
02-2013-1324,L'EIXAMPLE,la Sagrada Família,CARRER,DOS DE MAIG,1,327,,329,,,,,1,3,2.175784218,41.41165145
06-2013-0431,GRACIA,la Vila de Gràcia,CARRER,CANO,1,3,,,,,,,1,3,2.157202411,41.40146311
10-2013-0542,SANT MARTI,el Poblenou,PASSATGE,BORI,2,6,,,,,,,2,3,2.201966075,41.39801821
02-2013-1186,L'EIXAMPLE,Sant Antoni,GRAN VIA,CORTS CATALANES,2,588,,,,,,,PR,2,2.16298509,41.38512808
06-2013-0371,GRACIA,la Vila de Gràcia,CARRER,RIERA DE SANT MIQUEL,1,29,,,,,,,2,2,2.156632698,41.39778558
06-2013-0372,GRACIA,la Vila de Gràcia,CARRER,RIERA DE SANT MIQUEL,1,29,,,,,,,1,2,2.156632698,41.39778558
03-2013-0406,SANTS-MONTJUÏC,la Marina de Port,CARRER,SEGURA,1,17,,,,,,,1,1,2.141533176,41.36546541
02-2013-1189,L'EIXAMPLE,la Sagrada Família,CARRER,CONSELL DE CENT,1,545,,,,,,,2,2,2.181639942,41.40319084
02-2013-1191,L'EIXAMPLE,la Sagrada Família,CARRER,CONSELL DE CENT,1,545,,,,,,,2,1,2.181639942,41.40319084
02-2013-1192,L'EIXAMPLE,la Sagrada Família,CARRER,CONSELL DE CENT,1,545,,,,,,,5,2,2.181639942,41.40319084
02-2013-1193,L'EIXAMPLE,la Sagrada Família,CARRER,CONSELL DE CENT,1,545,,,,,,,4,4,2.181639942,41.40319084
02-2013-1194,L'EIXAMPLE,la Sagrada Família,CARRER,CONSELL DE CENT,1,545,,,,,,,2,4,2.181639942,41.40319084
02-2013-1195,L'EIXAMPLE,la Sagrada Família,CARRER,CONSELL DE CENT,1,545,,,,,,,7,4,2.181639942,41.40319084
02-2013-1196,L'EIXAMPLE,la Sagrada Família,CARRER,CONSELL DE CENT,1,545,,,,,,,3,1,2.181639942,41.40319084
02-2013-1197,L'EIXAMPLE,la Sagrada Família,CARRER,CONSELL DE CENT,1,545,,,,,,,6,4,2.181639942,41.40319084
02-2013-1198,L'EIXAMPLE,la Sagrada Família,CARRER,CONSELL DE CENT,1,545,,,,,,,5,4,2.181639942,41.40319084
03-2013-0393,SANTS-MONTJUÏC,el Poble Sec,CARRER,MARE DE DEU DEL REMEI,1,23,,,,,,,2,1,2.157865897,41.37295824
06-2013-0344,GRACIA,el Camp d'en Grassot i Gràcia Nova,CARRER,INDUSTRIA,1,87,,,,,,,5,1,2.169470394,41.4059856
06-2013-0377,GRACIA,la Vila de Gràcia,CARRER,MOZART,1,5,,,,,,,3,1,2.158548025,41.39898955
02-2013-1072,L'EIXAMPLE,la Sagrada Família,CARRER,VALENCIA,2,494,,498,,,,E,3,3,2.1794813,41.40469304
02-2013-1165,L'EIXAMPLE,l'Antiga Esquerra de l'Eixample,CARRER,PARIS,2,204,,,,,,,2,2,2.154517622,41.39446164
02-2013-1239,L'EIXAMPLE,la Sagrada Família,CARRER,CASTILLEJOS,1,323,,,,,,,5,2,2.175035895,41.4088651
02-2013-1252,L'EIXAMPLE,la Sagrada Família,CARRER,MARINA,1,265,,,,,,,4,1,2.173679626,41.4049342
02-2013-1257,L'EIXAMPLE,la Sagrada Família,CARRER,MALLORCA,2,468,,,,,,,4,,2.178656165,41.4057806
02-2013-1279,L'EIXAMPLE,la Sagrada Família,CARRER,VALENCIA,1,383,,,,,,,4,1,2.173748436,41.40068209
02-2013-1294,L'EIXAMPLE,Sant Antoni,CARRER,CASANOVA,1,9,,,,,,,EN,2,2.16270056,41.38229942
02-2013-1295,L'EIXAMPLE,l'Antiga Esquerra de l'Eixample,CARRER,CASANOVA,2,160,,,,,,,AT,2,2.153286968,41.39000101
06-2013-0378,GRACIA,la Vila de Gràcia,CARRER,JOAN BLANQUES,1,67,,69,,,,,3,1,2.158862896,41.40672066
06-2013-0379,GRACIA,la Vila de Gràcia,CARRER,JOAN BLANQUES,1,67,,69,,,,,3,2,2.158862896,41.40672066
06-2013-0380,GRACIA,la Vila de Gràcia,CARRER,JOAN BLANQUES,1,67,,69,,,,,3,3,2.158862896,41.40672066
06-2013-0381,GRACIA,la Vila de Gràcia,CARRER,JOAN BLANQUES,1,67,,69,,,,,EN,1,2.158862896,41.40672066
06-2013-0382,GRACIA,la Vila de Gràcia,CARRER,JOAN BLANQUES,1,67,,69,,,,,AT,2,2.158862896,41.40672066
06-2013-0384,GRACIA,la Vila de Gràcia,CARRER,JOAN BLANQUES,1,67,,69,,,,,EN,2,2.158862896,41.40672066
06-2013-0385,GRACIA,la Vila de Gràcia,CARRER,JOAN BLANQUES,1,67,,69,,,,,EN,3,2.158862896,41.40672066
06-2013-0386,GRACIA,la Vila de Gràcia,CARRER,JOAN BLANQUES,1,67,,69,,,,,1,2,2.158862896,41.40672066
06-2013-0387,GRACIA,la Vila de Gràcia,CARRER,JOAN BLANQUES,1,67,,69,,,,,1,3,2.158862896,41.40672066
03-2013-0401,SANTS-MONTJUÏC,el Poble Sec,CARRER,FONTRODONA,1,19,,,,,,,1,2,2.167186953,41.37335446
05-2013-0349,SARRIA-SANT GERVASI,Sant Gervasi - Galvany,CARRER,CASANOVA,1,211,,,,,,,4,2,2.147067427,41.39410303
05-2013-0350,SARRIA-SANT GERVASI,Sant Gervasi - Galvany,CARRER,CASANOVA,1,211,,,,,,,SA,2,2.147067427,41.39410303
05-2013-0351,SARRIA-SANT GERVASI,Sant Gervasi - Galvany,CARRER,CASANOVA,1,211,,,,,,,5,3,2.147067427,41.39410303
05-2013-0352,SARRIA-SANT GERVASI,Sant Gervasi - Galvany,CARRER,CASANOVA,1,211,,,,,,,PR,2,2.147067427,41.39410303
02-2013-1133,L'EIXAMPLE,l'Antiga Esquerra de l'Eixample,CARRER,COMTE D'URGELL,2,214,,,,,,,PR,,2.150142981,41.38869508
02-2013-1343,L'EIXAMPLE,la Dreta de l'Eixample,CARRER,FONTANELLA,1,13,,,,,,,PR,2,2.172202167,41.38800022
02-2013-1237,L'EIXAMPLE,l'Antiga Esquerra de l'Eixample,CARRER,CASANOVA,2,148,,,,,,2,4,2,2.153952422,41.38937253
02-2013-1199,L'EIXAMPLE,la Dreta de l'Eixample,CARRER,ARAGO,2,240,,,,,,,PR,2,2.162366459,41.39007757
02-2013-1067,L'EIXAMPLE,la Sagrada Família,CARRER,PADILLA,1,305,,,,,,,7,2,2.173868554,41.40807487
02-2013-1319,L'EIXAMPLE,la Sagrada Família,CARRER,DOS DE MAIG,1,327,,329,,,,,2,2,2.175784218,41.41165145
02-2013-1321,L'EIXAMPLE,la Sagrada Família,CARRER,DOS DE MAIG,1,327,,329,,,,,2,3,2.175784218,41.41165145
02-2013-1325,L'EIXAMPLE,la Sagrada Família,CARRER,DOS DE MAIG,1,327,,329,,,,,2,4,2.175784218,41.41165145
02-2013-1268,L'EIXAMPLE,la Dreta de l'Eixample,PASSATGE,BOCABELLA,2,12,,,,,,,1,3,2.17669736,41.3968401
07-2013-0168,HORTA-GUINARDÓ,Can Baró,AVINGUDA,CAN BARO,2,22,,,,,,,3,1,2.161821946,41.41590856
04-2013-0225,LES CORTS,les Corts,CARRER,GALILEU,2,316,,,,,,,1,6,2.131537079,41.38554987
04-2013-0226,LES CORTS,les Corts,CARRER,GALILEU,2,316,,,,,,,SA,2,2.131537079,41.38554987
04-2013-0227,LES CORTS,les Corts,CARRER,GALILEU,2,316,,,,,,,1,3,2.131537079,41.38554987
04-2013-0228,LES CORTS,les Corts,CARRER,GALILEU,2,316,,,,,,,EN,3,2.131537079,41.38554987
04-2013-0229,LES CORTS,les Corts,CARRER,GALILEU,2,316,,,,,,,5,4,2.131537079,41.38554987
04-2013-0230,LES CORTS,les Corts,CARRER,GALILEU,2,316,,,,,,,4,6,2.131537079,41.38554987
04-2013-0231,LES CORTS,les Corts,CARRER,GALILEU,2,316,,,,,,,4,3,2.131537079,41.38554987
04-2013-0232,LES CORTS,les Corts,CARRER,GALILEU,2,316,,,,,,,3,6,2.131537079,41.38554987
04-2013-0233,LES CORTS,les Corts,CARRER,GALILEU,2,316,,,,,,,2,5,2.131537079,41.38554987
03-2013-0356,SANTS-MONTJUÏC,Sants - Badal,CARRER,SUGRANYES,2,94,,,,,,,2,,2.130116136,41.37184686
10-2013-0467,SANT MARTI,el Poblenou,PASSATGE,PIQUER,1,29,,37,,,,,,37,2.207870234,41.40210469
06-2013-0399,GRACIA,la Vila de Gràcia,CARRER,BRUNIQUER,1,59,,61,,,,,AT,2,2.162106531,41.40561202
01-2013-0436,CIUTAT VELLA,el Raval,CARRER,CARME,2,10,,,,,,,3,1,2.171047917,41.38273074
01-2013-0437,CIUTAT VELLA,el Raval,CARRER,CARME,2,10,,,,,,,3,2,2.171047917,41.38273074
01-2013-0438,CIUTAT VELLA,el Raval,CARRER,CARME,2,10,,,,,,,3,3,2.171047917,41.38273074
01-2013-0439,CIUTAT VELLA,el Raval,CARRER,CARME,2,10,,,,,,,3,4,2.171047917,41.38273074
02-2013-1065,L'EIXAMPLE,la Sagrada Família,CARRER,CARTAGENA,1,269,,,,,,,6,3,2.176979839,41.40901738
03-2013-0366,SANTS-MONTJUÏC,el Poble Sec,PLAÇA,SANTA MADRONA,2,6,,,,,,,5,1,2.156273076,41.37368056
04-2013-0234,LES CORTS,les Corts,CARRER,GALILEU,2,316,,,,,,,1,2,2.131537079,41.38554987
04-2013-0235,LES CORTS,les Corts,CARRER,GALILEU,2,316,,,,,,,4,2,2.131537079,41.38554987
02-2013-1246,L'EIXAMPLE,la Nova Esquerra de l'Eixample,CARRER,ARAGO,2,54,,,,,,,2,2,2.151071093,41.38164142
10-2013-0523,SANT MARTI,el Parc i la Llacuna del Poblenou,CARRER,BUENAVENTURA MUÑOZ,2,16,,,,,,E,2,2,2.184336969,41.39113355
02-2013-1255,L'EIXAMPLE,Sant Antoni,CARRER,VILADOMAT,1,35,,,,,,,1,1,2.161158979,41.37663093
02-2013-1313,L'EIXAMPLE,la Sagrada Família,CARRER,LEPANT,2,330,,,,,,,4,3,2.173626983,41.40689081
02-2013-0999,L'EIXAMPLE,la Nova Esquerra de l'Eixample,CARRER,ARAGO,1,147,,,,,,,3,2,2.154715807,41.38466267
02-2013-1000,L'EIXAMPLE,l'Antiga Esquerra de l'Eixample,CARRER,DIPUTACIO,1,199,,,,,,,AT,3,2.161176572,41.38611675
03-2013-0433,SANTS-MONTJUÏC,el Poble Sec,CARRER,FONTRODONA,1,17,,,,,,,3,2,2.167227667,41.37344098
02-2013-1205,L'EIXAMPLE,la Dreta de l'Eixample,CARRER,CONSELL DE CENT,1,343,,,,,,,PR,1A,2.16500413,41.39070739
02-2013-1206,L'EIXAMPLE,la Dreta de l'Eixample,CARRER,CONSELL DE CENT,1,343,,,,,,,PR,1B,2.16500413,41.39070739
02-2013-1207,L'EIXAMPLE,la Dreta de l'Eixample,CARRER,CONSELL DE CENT,1,343,,,,,,,PR,2A,2.16500413,41.39070739
02-2013-1208,L'EIXAMPLE,la Dreta de l'Eixample,CARRER,CONSELL DE CENT,1,343,,,,,,,PR,2B,2.16500413,41.39070739
02-2013-1214,L'EIXAMPLE,la Dreta de l'Eixample,PASSEIG,SANT JOAN,2,128,,,,,,,5,1,2.167984184,41.40093173
02-2013-1327,L'EIXAMPLE,la Sagrada Família,CARRER,LEPANT,2,364,,,,,,,EN,3,2.171395525,41.40855995
02-2013-1048,L'EIXAMPLE,la Dreta de l'Eixample,CARRER,VALENCIA,2,288,,,,,,,5,2,2.164939903,41.39378107
02-2013-1134,L'EIXAMPLE,la Dreta de l'Eixample,CARRER,ARAGO,2,284,B,,,,,,6,1D,2.16591288,41.3927443
02-2013-1135,L'EIXAMPLE,la Dreta de l'Eixample,CARRER,ARAGO,2,284,B,,,,,,5,1I,2.16591288,41.3927443
02-2013-1088,L'EIXAMPLE,Sant Antoni,CARRER,MUNTANER,1,7,,,,,,,3,2B,2.162910139,41.38384194
06-2013-0308,GRACIA,la Vila de Gràcia,CARRER,DOCTOR RIZAL,2,2,,,,,2,A,BJ,1,2.156368723,41.39781244
10-2013-0494,SANT MARTI,el Clot,CARRER,ARAGO,2,604,,,,,,,EN,2,2.187879675,41.40914574
10-2013-0496,SANT MARTI,el Clot,CARRER,ARAGO,2,604,,,,,,,EN,4,2.187879675,41.40914574
04-2013-0211,LES CORTS,les Corts,CARRER,REMEI,2,2,,8,,,,B,AT,2,2.131765133,41.38668823
06-2013-0347,GRACIA,el Camp d'en Grassot i Gràcia Nova,CARRER,CA L'ALEGRE DE DALT,2,18,,,,,,,1,1,2.162568539,41.4077811
06-2013-0348,GRACIA,el Camp d'en Grassot i Gràcia Nova,CARRER,CA L'ALEGRE DE DALT,2,18,,,,,,,3,2,2.162568539,41.4077811
10-2013-0453,SANT MARTI,el Camp de l'Arpa del Clot,CARRER,ROGENT,2,28,,,,,,,1,1,2.185403794,41.40904136
06-2013-0349,GRACIA,Vallcarca i els Penitents,CARRER,MARE DE DEU DELS REIS,2,8,,10,,,,,SA,1,2.145330114,41.41317227
10-2013-0510,SANT MARTI,el Camp de l'Arpa del Clot,CARRER,CORSEGA,2,644,,,,,,,PR,1,2.178313162,41.41063636
10-2013-0536,SANT MARTI,el Poblenou,CARRER,MARIA AGUILO,1,123,,,,,,,1,1,2.205023554,41.40010928
02-2013-1341,L'EIXAMPLE,la Dreta de l'Eixample,RAMBLA,CATALUNYA,2,42,,,,,,,SA,1,2.164963405,41.39016883
02-2013-1342,L'EIXAMPLE,la Dreta de l'Eixample,RAMBLA,CATALUNYA,1,45,,,,,,,1,1,2.16420212,41.39033041
10-2013-0541,SANT MARTI,la Vila Olímpica del Poblenou,PLAÇA,TIRANT LO BLANC,2,8,,,,,,,5,2,2.201058096,41.39316354
02-2013-1131,L'EIXAMPLE,la Nova Esquerra de l'Eixample,CARRER,ROSSELLO,2,20,,,,,,,3,3,2.145627423,41.38433531
02-2013-1340,L'EIXAMPLE,Sant Antoni,CARRER,VILAMARI,1,29,,,,,,,2,1,2.152535365,41.37633151
02-2013-1081,L'EIXAMPLE,la Nova Esquerra de l'Eixample,CARRER,DIPUTACIO,2,12,,,,,,,EN,4,2.14999214,41.37742902
10-2013-0484,SANT MARTI,el Parc i la Llacuna del Poblenou,CARRER,SARDENYA,1,43,,,,,,,6,3,2.188554675,41.3917387
01-2013-0859,CIUTAT VELLA,Sant Pere Santa Caterina i la Ribera,PLAÇA,OLLES,1,1,,,,,,,PR,,2.18306725,41.38354137
02-2013-2231,L'EIXAMPLE,la Sagrada Família,CARRER,LEPANT,1,221,,,,,,,EN,1,2.179407663,41.4022417
01-2014-0069,CIUTAT VELLA,el Raval,CARRER,JUNTA DE COMERÇ,1,23,,,,,,,2,1B,2.171889963,41.37944639
01-2014-0070,CIUTAT VELLA,el Raval,CARRER,JUNTA DE COMERÇ,1,23,,,,,,,2,2,2.171889963,41.37944639
02-2014-0266,L'EIXAMPLE,la Dreta de l'Eixample,CARRER,GIRONA,1,101,,,,,,,EN,3,2.169005854,41.39628103
02-2013-1264,L'EIXAMPLE,Sant Antoni,CARRER,TAMARIT,1,161,,,,,,,3,,2.160575506,41.37849958
05-2013-0354,SARRIA-SANT GERVASI,les Tres Torres,RONDA,GENERAL MITRE,1,7,,,,,,,5,2,2.131022749,41.39320471
06-2013-0404,GRACIA,el Camp d'en Grassot i Gràcia Nova,TRAVESSERA,GRACIA,2,228,,,,,,,2,2,2.162502749,41.40415587
06-2013-0405,GRACIA,la Vila de Gràcia,CARRER,PLANETA,1,39,,,,,,,2,2,2.156819551,41.40199009
03-2013-0396,SANTS-MONTJUÏC,Sants,AVINGUDA,JOSEP TARRADELLAS,1,47,,,,,,,1,1,2.142129489,41.38405901
10-2013-0489,SANT MARTI,Provençals del Poblenou,AVINGUDA,DIAGONAL,2,160,,,,,,,3,4,2.196532576,41.40595896
05-2013-0375,SARRIA-SANT GERVASI,el Putxet i el Farró,CARRER,BALLESTER,2,26,,,,,,,3,2,2.145899696,41.40684288
02-2013-1006,L'EIXAMPLE,la Dreta de l'Eixample,CARRER,VALENCIA,1,261,,,,,,,1,1,2.164615529,41.39381816
07-2013-0144,HORTA-GUINARDÓ,el Baix Guinardó,CARRER,BERGNES DE LAS CASAS,2,22,,,,,,,BJ,,2.169903226,41.41044365
10-2013-0495,SANT MARTI,el Clot,CARRER,ARAGO,2,604,,,,,,,EN,3,2.187879675,41.40914574
10-2013-0498,SANT MARTI,el Clot,CARRER,ARAGO,2,604,,,,,,,EN,1,2.187879675,41.40914574
02-2013-1167,L'EIXAMPLE,la Nova Esquerra de l'Eixample,CARRER,ARAGO,1,39,,,,,,,3,1,2.147957004,41.37956968
02-2013-1331,L'EIXAMPLE,el Fort Pienc,PASSEIG,SANT JOAN,2,6,,,,,,,4,2,2.179949816,41.39189899
02-2013-1332,L'EIXAMPLE,el Fort Pienc,PASSEIG,SANT JOAN,2,6,,,,,,,5,2,2.179949816,41.39189899
06-2013-0319,GRACIA,la Vila de Gràcia,CARRER,ASTURIES,2,36,,,,,,,2,,2.15469573,41.40354495
03-2013-0412,SANTS-MONTJUÏC,Sants,CARRER,ESPANYA INDUSTRIAL,1,9,,,,,,,PR,,2.140385893,41.37582272
03-2013-0413,SANTS-MONTJUÏC,Sants,CARRER,ESPANYA INDUSTRIAL,1,9,,,,,,,1,,2.140385893,41.37582272
03-2013-0414,SANTS-MONTJUÏC,Sants,CARRER,ESPANYA INDUSTRIAL,1,9,,,,,,,2,,2.140385893,41.37582272
03-2013-0415,SANTS-MONTJUÏC,Sants,CARRER,ESPANYA INDUSTRIAL,1,9,,,,,,,3,,2.140385893,41.37582272
02-2013-1262,L'EIXAMPLE,Sant Antoni,AVINGUDA,PARAL.LEL,2,180,,,,,,A,2,2,2.154698433,41.37519253
02-2013-1091,L'EIXAMPLE,la Sagrada Família,CARRER,ROSSELLO,2,362,,364,,,,D,PR,2,2.171287819,41.40366889
06-2013-0433,GRACIA,la Vila de Gràcia,CARRER,RAMON Y CAJAL,1,5,,,,,,,3,2,2.157625115,41.4020273
06-2013-0434,GRACIA,la Vila de Gràcia,CARRER,RAMON Y CAJAL,1,5,,,,,,,BJ,2,2.157625115,41.4020273
02-2013-1073,L'EIXAMPLE,Sant Antoni,CARRER,FLORIDABLANCA,1,3,,,,,,,3,2,2.154520661,41.3756431
02-2013-1077,L'EIXAMPLE,la Dreta de l'Eixample,RONDA,SANT PERE,2,28,,30,,,,,SA,A,2.1744467,41.38943178
06-2013-0435,GRACIA,la Vila de Gràcia,CARRER,RAMON Y CAJAL,1,5,,,,,,,1,1,2.157625115,41.4020273
06-2013-0436,GRACIA,la Vila de Gràcia,CARRER,RAMON Y CAJAL,1,5,,,,,,,1,2,2.157625115,41.4020273
06-2013-0437,GRACIA,la Vila de Gràcia,CARRER,RAMON Y CAJAL,1,5,,,,,,,2,1,2.157625115,41.4020273
06-2013-0438,GRACIA,la Vila de Gràcia,CARRER,RAMON Y CAJAL,1,5,,,,,,,2,2,2.157625115,41.4020273
06-2013-0440,GRACIA,la Vila de Gràcia,CARRER,RAMON Y CAJAL,1,5,,,,,,,3,1,2.157625115,41.4020273
06-2013-0350,GRACIA,el Coll,CARRER,TIRSO,1,43,,,,,,,BJ,,2.151010623,41.41909479
02-2013-1109,L'EIXAMPLE,la Dreta de l'Eixample,GRAN VIA,CORTS CATALANES,2,634,,,,,,,4,3,2.168981079,41.38961875
07-2013-0184,HORTA-GUINARDÓ,el Guinardó,CARRER,TROBADOR,2,38,,,,,,,3,1,2.178471774,41.41549135
02-2013-1271,L'EIXAMPLE,la Dreta de l'Eixample,RONDA,UNIVERSITAT,1,35,,,,,,,3,1,2.167640517,41.38720437
04-2013-0246,LES CORTS,les Corts,CARRER,DOLORS MASFERRER I BOSCH,2,20,,,,,,,1,6,2.128437728,41.38520516
06-2013-0335,GRACIA,la Vila de Gràcia,CARRER,GRAN DE GRACIA,2,44,,,,,,,1,,2.15659304,41.39901546
03-2013-0373,SANTS-MONTJUÏC,Hostafrancs,CARRER,RECTOR TRIADO,2,14,,,,,,,1,2,2.145340719,41.37584603
10-2013-0399,SANT MARTI,el Poblenou,CARRER,FERROCARRIL,1,27,,,,,,1,4,4,2.207070421,41.3988077
07-2013-0167,HORTA-GUINARDÓ,el Baix Guinardó,CARRER,SANT ANTONI MARIA CLARET,1,103,,,,,,,3,3,2.170629418,41.40855536
02-2013-1216,L'EIXAMPLE,el Fort Pienc,CARRER,SICILIA,2,264,,,,,,2,2,B,2.176008115,41.39980657
02-2013-1217,L'EIXAMPLE,el Fort Pienc,CARRER,SICILIA,2,242,,,,,,5,2,A,2.176008115,41.39980657
02-2013-1219,L'EIXAMPLE,el Fort Pienc,CARRER,SICILIA,2,264,,,,,,2,1,C,2.176008115,41.39980657
03-2013-0360,SANTS-MONTJUÏC,el Poble Sec,CARRER,OLIVERA,1,45,,,,,,,2,2A,2.155583546,41.37355717
03-2013-0397,SANTS-MONTJUÏC,el Poble Sec,AVINGUDA,PARAL.LEL,1,135,,,,,,,5,4,2.158860659,41.37481018
03-2013-0398,SANTS-MONTJUÏC,Sants,CARRER,JOCS FLORALS,1,49,,,,,,,2,2,2.134830526,41.37379745
06-2013-0410,GRACIA,la Vila de Gràcia,CARRER,MILA I FONTANALS,1,55,,,,,,,PR,1,2.160930035,41.40241706
02-2013-1251,L'EIXAMPLE,l'Antiga Esquerra de l'Eixample,CARRER,MUNTANER,1,175,,,,,,,2,2,2.152276119,41.39187376
10-2013-0515,SANT MARTI,el Camp de l'Arpa del Clot,CARRER,CORSEGA,1,703,,,,,,,1,2,2.180566635,41.4126759
10-2013-0516,SANT MARTI,el Camp de l'Arpa del Clot,CARRER,CORSEGA,1,703,,,,,,,EN,4,2.180566635,41.4126759
02-2013-1285,L'EIXAMPLE,la Sagrada Família,PASSATGE,MAIOL,1,9,,11,,,,,3,1,2.174425367,41.40178937
10-2013-0537,SANT MARTI,Provençals del Poblenou,PASSATGE,TREBALL,1,19,,,,,,,,,2.208466244,41.41022135
02-2013-1090,L'EIXAMPLE,el Fort Pienc,CARRER,LEPANT,2,220,,,,,,,3,3,2.180802409,41.40143892
02-2013-1276,L'EIXAMPLE,la Sagrada Família,CARRER,LEPANT,1,315,,,,,,,EN,1,2.173452756,41.40674399
04-2013-0237,LES CORTS,les Corts,CARRER,CABALLERO,2,68,,,,,,,3,1,2.137905103,41.38379291
10-2013-0525,SANT MARTI,la Vila Olímpica del Poblenou,CARRER,SALVADOR ESPRIU,1,73,,,,,,,2,3,2.199917229,41.39133785
02-2013-1348,L'EIXAMPLE,la Sagrada Família,CARRER,CARTAGENA,2,324,,,,,,,PR,3,2.174943462,41.41085339
02-2013-1349,L'EIXAMPLE,Sant Antoni,GRAN VIA,CORTS CATALANES,2,516,,,,,,,8,2,2.15829831,41.38159787
02-2013-1121,L'EIXAMPLE,la Dreta de l'Eixample,CARRER,BRUC,1,17,,,,,,,5,1,2.174151109,41.39069358
03-2013-0405,SANTS-MONTJUÏC,el Poble Sec,CARRER,ROSER,2,56,,,,,,,SA,1,2.166006412,41.37245037
02-2013-1226,L'EIXAMPLE,la Dreta de l'Eixample,CARRER,ROSSELLO,2,266,,,,,,,5,1,2.164544535,41.3986112
04-2013-0215,LES CORTS,les Corts,CARRER,TUBELLA,2,24,,,,,,,1,2,2.13559427,41.38435167
02-2013-1138,L'EIXAMPLE,la Sagrada Família,CARRER,CARTAGENA,2,264,,,,,,,PR,3,2.178064309,41.40847378
03-2013-0379,SANTS-MONTJUÏC,Hostafrancs,CARRER,CONSELL DE CENT,2,38,,,,,,,2,4,2.146161669,41.3765954
03-2013-0394,SANTS-MONTJUÏC,Hostafrancs,CARRER,FARELL,1,17,,,,,,,PR,1,2.143909608,41.37255286
02-2013-1162,L'EIXAMPLE,Sant Antoni,CARRER,CASANOVA,2,12,,16,,,,I,5,2,2.162638698,41.38261692
02-2013-1351,L'EIXAMPLE,la Sagrada Família,CARRER,MARINA,2,240,,,,,,,2,4,2.177152845,41.40256275
02-2013-1307,L'EIXAMPLE,la Dreta de l'Eixample,CARRER,MALLORCA,1,337,,,,,,,2,1A,2.170273501,41.39978503
02-2013-1308,L'EIXAMPLE,la Dreta de l'Eixample,CARRER,MALLORCA,1,337,,,,,,,4,1A,2.170273501,41.39978503
02-2013-1309,L'EIXAMPLE,la Dreta de l'Eixample,CARRER,MALLORCA,1,337,,,,,,,2,1B,2.170273501,41.39978503
02-2013-1310,L'EIXAMPLE,la Dreta de l'Eixample,CARRER,MALLORCA,1,337,,,,,,,1,2,2.170273501,41.39978503
06-2013-0427,GRACIA,el Camp d'en Grassot i Gràcia Nova,CARRER,GRASSOT,1,59,,63,,,,,1,2,2.166427131,41.40428627
06-2013-0429,GRACIA,la Vila de Gràcia,TRAVESSERA,DALT,2,10,,,,,,,AT,1,2.151815764,41.40820493
02-2013-1005,L'EIXAMPLE,Sant Antoni,CARRER,COMTE D'URGELL,2,62,,,,,,,EN,,2.159154804,41.3818955
04-2013-0247,LES CORTS,les Corts,CARRER,LORETO,2,32,,,,,,,3,2,2.142307102,41.39025039
10-2013-0456,SANT MARTI,la Vila Olímpica del Poblenou,AVINGUDA,ICARIA,1,151,,,,,,,1,2,2.197011915,41.39150741
06-2013-0396,GRACIA,la Vila de Gràcia,CARRER,PROGRES,1,7,,,,,,,1,1,2.160567858,41.39977707
03-2013-0426,SANTS-MONTJUÏC,el Poble Sec,CARRER,VALLHONRAT,1,25,,,,,,,1,2,2.156917332,41.3738283
02-2013-1284,L'EIXAMPLE,el Fort Pienc,AVINGUDA,DIAGONAL,1,225,,,,,,,6,2,2.183358726,41.40226227
02-2013-1320,L'EIXAMPLE,la Sagrada Família,CARRER,DOS DE MAIG,1,327,,329,,,,,2,1,2.175784218,41.41165145
02-2013-1323,L'EIXAMPLE,la Sagrada Família,CARRER,DOS DE MAIG,1,327,,329,,,,,6,4,2.175784218,41.41165145
02-2013-1124,L'EIXAMPLE,la Nova Esquerra de l'Eixample,CARRER,ARAGO,2,34,,,,,,,1,2,2.149969815,41.38080678
02-2013-1269,L'EIXAMPLE,la Sagrada Família,AVINGUDA,GAUDI,2,42,,,,,,,1,1,2.174553656,41.40746133
03-2013-0315,SANTS-MONTJUÏC,el Poble Sec,CARRER,TAPIOLES,1,9,,,,,,,4,4,2.164996325,41.37444023
02-2013-1223,L'EIXAMPLE,l'Antiga Esquerra de l'Eixample,CARRER,BALMES,1,125,,,,,,,EN,4,2.157928736,41.39272873
06-2013-0408,GRACIA,el Camp d'en Grassot i Gràcia Nova,CARRER,GRASSOT,2,44,,,,,,,4,1,2.167219409,41.40382918
02-2013-1036,L'EIXAMPLE,Sant Antoni,GRAN VIA,CORTS CATALANES,2,472,,,,,,,5,B,2.155693141,41.37964064
02-2013-1168,L'EIXAMPLE,la Nova Esquerra de l'Eixample,CARRER,ARAGO,1,39,,,,,,,PR,3,2.147957004,41.37956968
02-2013-1169,L'EIXAMPLE,la Nova Esquerra de l'Eixample,CARRER,ROCAFORT,2,102,,,,,,,4,4,2.152263055,41.38021891
02-2013-1170,L'EIXAMPLE,la Nova Esquerra de l'Eixample,CARRER,ROCAFORT,2,102,,,,,,,4,3,2.152263055,41.38021891
01-2013-0441,CIUTAT VELLA,el Barri Gòtic,CARRER,ESCUDELLERS,2,18,,,,,,,EN,,2.176551844,41.3797456
01-2013-0442,CIUTAT VELLA,el Barri Gòtic,CARRER,ESCUDELLERS,2,18,,,,,,,1,,2.176551844,41.3797456
01-2013-0443,CIUTAT VELLA,el Barri Gòtic,CARRER,ESCUDELLERS,2,18,,,,,,,2,,2.176551844,41.3797456
01-2013-0444,CIUTAT VELLA,el Barri Gòtic,CARRER,ESCUDELLERS,2,18,,,,,,,3,,2.176551844,41.3797456
02-2013-1012,L'EIXAMPLE,la Nova Esquerra de l'Eixample,CARRER,ARAGO,1,11,,,,,,,AT,A,2.14654146,41.37855578
03-2013-0387,SANTS-MONTJUÏC,el Poble Sec,CARRER,LLEIDA,1,5,,,,,,,1,2,2.154497893,41.37439092
10-2013-0485,SANT MARTI,el Parc i la Llacuna del Poblenou,CARRER,PAMPLONA,1,59,,,,,,,PR,3,2.193284,41.39512159
10-2013-0486,SANT MARTI,el Parc i la Llacuna del Poblenou,CARRER,PAMPLONA,1,59,,,,,,,2,1,2.193284,41.39512159
10-2013-0487,SANT MARTI,el Parc i la Llacuna del Poblenou,CARRER,PAMPLONA,1,59,,,,,,,3,2,2.193284,41.39512159
10-2013-0488,SANT MARTI,el Parc i la Llacuna del Poblenou,CARRER,PAMPLONA,1,59,,,,,,,3,3,2.193284,41.39512159
02-2013-1190,L'EIXAMPLE,l'Antiga Esquerra de l'Eixample,CARRER,VILLARROEL,2,136,,,,,,,2,1,2.154684814,41.38691705
02-2013-1344,L'EIXAMPLE,Sant Antoni,CARRER,TAMARIT,1,185,,,,,,,5,B,2.162444082,41.37989693
02-2013-1270,L'EIXAMPLE,la Dreta de l'Eixample,RAMBLA,CATALUNYA,1,99,,,,,,,5,2,2.160290487,41.39318141
06-2013-0389,GRACIA,la Vila de Gràcia,CARRER,JOAN BLANQUES,1,67,,69,,,,,2,1,2.158862896,41.40672066
06-2013-0390,GRACIA,la Vila de Gràcia,CARRER,JOAN BLANQUES,1,67,,69,,,,,2,2,2.158862896,41.40672066
06-2013-0391,GRACIA,la Vila de Gràcia,CARRER,JOAN BLANQUES,1,67,,69,,,,,2,3,2.158862896,41.40672066
02-2013-1074,L'EIXAMPLE,la Dreta de l'Eixample,PASSEIG,GRACIA,1,15,,,,,,,6,1A,2.167456569,41.38968095
07-2013-0174,HORTA-GUINARDÓ,el Baix Guinardó,TRAVESSERA,GRACIA,2,364,,,,,,,3,B,2.171258111,41.40965698
06-2013-0426,GRACIA,la Vila de Gràcia,CARRER,BONAVISTA,1,7,,,,,,,BJ,,2.159029121,41.39792104
02-2013-1315,L'EIXAMPLE,la Dreta de l'Eixample,RAMBLA,CATALUNYA,2,22,,,,,,A,1,1,2.166433403,41.38909587
06-2013-0442,GRACIA,la Vila de Gràcia,CARRER,SORS,2,14,,,,,,,3,1,2.158557199,41.40899819
02-2013-1318,L'EIXAMPLE,la Sagrada Família,CARRER,DOS DE MAIG,1,327,,329,,,,,1,2,2.175784218,41.41165145
02-2013-1099,L'EIXAMPLE,la Nova Esquerra de l'Eixample,GRAN VIA,CORTS CATALANES,1,439,,,,,,,7,1,2.153358019,41.37854053
02-2013-1100,L'EIXAMPLE,la Nova Esquerra de l'Eixample,GRAN VIA,CORTS CATALANES,1,439,,,,,,,6,4,2.153358019,41.37854053
02-2013-1101,L'EIXAMPLE,la Nova Esquerra de l'Eixample,GRAN VIA,CORTS CATALANES,1,439,,,,,,,6,1,2.153358019,41.37854053
02-2013-1102,L'EIXAMPLE,la Nova Esquerra de l'Eixample,GRAN VIA,CORTS CATALANES,1,439,,,,,,,5,2,2.153358019,41.37854053
02-2013-1104,L'EIXAMPLE,la Nova Esquerra de l'Eixample,GRAN VIA,CORTS CATALANES,1,439,,,,,,,7,2,2.153358019,41.37854053
02-2013-1105,L'EIXAMPLE,la Nova Esquerra de l'Eixample,CARRER,CALABRIA,2,228,,,,,,,2,3,2.147504667,41.38551403
02-2013-1106,L'EIXAMPLE,l'Antiga Esquerra de l'Eixample,CARRER,CASANOVA,2,136,,,,,,B,2,5,2.154672401,41.38862694
02-2013-1292,L'EIXAMPLE,Sant Antoni,CARRER,COMTE BORRELL,1,35,,,,,,,SA,1,2.163483415,41.37657466
10-2013-0443,SANT MARTI,el Clot,CARRER,INDEPENDENCIA,1,257,,259,,,,,1,3,2.184962924,41.40644723
10-2013-0444,SANT MARTI,el Clot,CARRER,INDEPENDENCIA,1,257,,259,,,,,1,4,2.184962924,41.40644723
10-2013-0445,SANT MARTI,el Clot,CARRER,INDEPENDENCIA,1,257,,259,,,,,1,5,2.184962924,41.40644723
06-2013-0370,GRACIA,Vallcarca i els Penitents,CARRER,PALOU,1,23,,,,,,,BJ,,2.141789205,41.41896939
03-2013-0402,SANTS-MONTJUÏC,el Poble Sec,CARRER,FONTRODONA,1,17,,,,,,,1,2,2.167227667,41.37344098
03-2013-0403,SANTS-MONTJUÏC,el Poble Sec,CARRER,POETA CABANYES,1,51,,,,,,,2,1,2.164961964,41.3730727
03-2013-0404,SANTS-MONTJUÏC,el Poble Sec,CARRER,BLAI,2,28,,,,,,,3,3,2.164298275,41.37382114
10-2013-0398,SANT MARTI,el Clot,CARRER,INDEPENDENCIA,1,257,,,,,,,2,4,2.184962924,41.40644723
02-2013-1213,L'EIXAMPLE,la Sagrada Família,CARRER,MALLORCA,1,419,,,,,,,5,4,2.176915498,41.40475317
06-2013-0402,GRACIA,la Vila de Gràcia,CARRER,TORRENT DE LES FLORS,1,131,,133,,,,,BJ,2,2.157098396,41.40926448
10-2013-0513,SANT MARTI,Provençals del Poblenou,CARRER,MARROC,1,105,,,,,,,BJ,1,2.202550484,41.4100727
06-2013-0359,GRACIA,la Vila de Gràcia,CARRER,SANT PERE MARTIR,2,46,,,,,,,3,,2.156902905,41.39993303
02-2013-1227,L'EIXAMPLE,la Dreta de l'Eixample,CARRER,ROSSELLO,2,266,,,,,,,6,2,2.164544535,41.3986112
02-2013-1228,L'EIXAMPLE,la Dreta de l'Eixample,CARRER,ROSSELLO,2,266,,,,,,B,PR,1,2.164544535,41.3986112
02-2013-1230,L'EIXAMPLE,la Dreta de l'Eixample,CARRER,ROSSELLO,2,266,,,,,,,6,1,2.164544535,41.3986112
06-2013-0421,GRACIA,la Vila de Gràcia,TRAVESSERA,GRACIA,1,233,,,,,,,EN,,2.161595011,41.40381433
06-2013-0422,GRACIA,la Vila de Gràcia,TRAVESSERA,GRACIA,1,233,,,,,,,2,,2.161595011,41.40381433
05-2013-0368,SARRIA-SANT GERVASI,Sant Gervasi - Galvany,PASSATGE,MARIMON,1,9,,,,,,,3,1,2.148012819,41.39446255
02-2013-1339,L'EIXAMPLE,la Sagrada Família,CARRER,INDUSTRIA,1,103,,,,,,,1,2,2.170596105,41.40682384
01-2013-0434,CIUTAT VELLA,el Raval,CARRER,CARME,2,10,,,,,,,2,3,2.171047917,41.38273074
01-2013-0435,CIUTAT VELLA,el Raval,CARRER,CARME,2,10,,,,,,,2,4,2.171047917,41.38273074
06-2013-0373,GRACIA,la Vila de Gràcia,CARRER,SENECA,1,7,,,,,,,4,2,2.156894431,41.39721954
10-2013-0440,SANT MARTI,el Parc i la Llacuna del Poblenou,CARRER,MARINA,1,71,,73,,,,A,2,1,2.189591753,41.3924239
02-2013-1063,L'EIXAMPLE,la Dreta de l'Eixample,PLAÇA,TETUAN,1,25,,,,,,,4,1,2.175004505,41.39565034
06-2013-0330,GRACIA,la Vila de Gràcia,CARRER,RAMON Y CAJAL,1,95,,,,,,,BJ,1,2.161946455,41.40470973
05-2013-0338,SARRIA-SANT GERVASI,Sant Gervasi - Galvany,CARRER,ARIBAU,2,280,,,,,,,2,2,2.147437424,41.39789202
02-2013-1064,L'EIXAMPLE,l'Antiga Esquerra de l'Eixample,CARRER,ARIBAU,2,100,,,,,,,1,2,2.15706336,41.3902461
02-2013-1127,L'EIXAMPLE,l'Antiga Esquerra de l'Eixample,GRAN VIA,CORTS CATALANES,1,555,,,,,,,1,,2.16041126,41.38384238
01-2013-0509,CIUTAT VELLA,la Barceloneta,CARRER,PAREDES,1,1,,,,,,,PR,1,2.187912305,41.38139048
01-2013-0510,CIUTAT VELLA,la Barceloneta,CARRER,PAREDES,1,1,,,,,,,PR,2,2.187912305,41.38139048
01-2013-0511,CIUTAT VELLA,la Barceloneta,CARRER,PAREDES,1,1,,,,,,,1,1,2.187912305,41.38139048
01-2013-0512,CIUTAT VELLA,la Barceloneta,CARRER,PAREDES,1,1,,,,,,,1,2,2.187912305,41.38139048
01-2013-0513,CIUTAT VELLA,la Barceloneta,CARRER,PAREDES,1,1,,,,,,,2,2,2.187912305,41.38139048
01-2013-0514,CIUTAT VELLA,la Barceloneta,CARRER,PAREDES,1,1,,,,,,,3,1,2.187912305,41.38139048
01-2013-0515,CIUTAT VELLA,la Barceloneta,CARRER,PAREDES,1,1,,,,,,,3,2,2.187912305,41.38139048
01-2013-0516,CIUTAT VELLA,la Barceloneta,CARRER,PAREDES,1,1,,,,,,,4,1,2.187912305,41.38139048
01-2013-0517,CIUTAT VELLA,la Barceloneta,CARRER,PAREDES,1,1,,,,,,,4,2,2.187912305,41.38139048
02-2013-1178,L'EIXAMPLE,la Dreta de l'Eixample,RONDA,SANT PERE,1,11,,,,,,,4,1,2.171431244,41.38862665
02-2013-1179,L'EIXAMPLE,la Dreta de l'Eixample,RONDA,SANT PERE,1,11,,,,,,,5,1,2.171431244,41.38862665
02-2013-1180,L'EIXAMPLE,la Dreta de l'Eixample,RONDA,SANT PERE,1,11,,,,,,,SA,2,2.171431244,41.38862665
03-2013-0339,SANTS-MONTJUÏC,el Poble Sec,CARRER,BLAI,1,1,,,,,,,2,1,2.166567686,41.37284117
04-2013-0250,LES CORTS,les Corts,CARRER,NUMANCIA,2,76,,,,,,,EN,2,2.137652818,41.38473643
02-2013-1424,L'EIXAMPLE,la Dreta de l'Eixample,CARRER,MALLORCA,1,341,,,,,,,2,2,2.170418618,41.39989263
01-2013-0552,CIUTAT VELLA,el Raval,CARRER,RAMBLA,1,41,,,,,,,2,2,2.174429754,41.37951782
10-2013-0573,SANT MARTI,la Vila Olímpica del Poblenou,CARRER,LLULL,2,16,,,,,,,1,5,2.189633453,41.39169847
07-2013-0265,HORTA-GUINARDÓ,Can Baró,AVINGUDA,MARE DEU DE MONTSERRAT,1,81,,,,,,,2,2,2.165337659,41.41491189
03-2013-0452,SANTS-MONTJUÏC,Sants - Badal,CARRER,SUGRANYES,2,94,,,,,,,1,1,2.130116136,41.37184686
10-2013-0566,SANT MARTI,el Clot,GRAN VIA,CORTS CATALANES,1,849,,,,,,,1,1A,2.190129924,41.40615176
06-2013-0508,GRACIA,la Vila de Gràcia,CARRER,FRANCISCO GINER,1,43,,,,,,,1,2,2.158475215,41.39967335
10-2013-0613,SANT MARTI,Diagonal Mar i el Front Marítim del Poblenou,CARRER,PROVENÇALS,1,5,,,,,,,2,2,2.21297966,41.4039879
02-2013-1521,L'EIXAMPLE,la Dreta de l'Eixample,PASSEIG,SANT JOAN,1,51,,,,,,,5,1,2.172679577,41.39672253
05-2013-0442,SARRIA-SANT GERVASI,Sant Gervasi - Galvany,CARRER,SAGUES,1,49,,,,,,,4,2,2.143630819,41.39520176
05-2013-0443,SARRIA-SANT GERVASI,Sant Gervasi - Galvany,CARRER,SAGUES,1,49,,,,,,,1,1,2.143630819,41.39520176
02-2013-1426,L'EIXAMPLE,la Sagrada Família,CARRER,ROSSELLO,2,430,,,,,,,EN,3,2.17516065,41.40659193
07-2013-0200,HORTA-GUINARDÓ,el Baix Guinardó,CARRER,CAMELIES,1,71,,,,,,,3,1,2.163074536,41.41335348
06-2013-0509,GRACIA,la Vila de Gràcia,CARRER,TORDERA,1,23,,,,,,,1,1,2.161078807,41.40133931
10-2013-0605,SANT MARTI,la Vila Olímpica del Poblenou,CARRER,ROSA SENSAT,1,27,,,,,,,4,2,2.194267619,41.392456
02-2013-1464,L'EIXAMPLE,la Nova Esquerra de l'Eixample,CARRER,ARAGO,1,39,,,,,,,1,1,2.147957004,41.37956968
02-2013-1465,L'EIXAMPLE,la Nova Esquerra de l'Eixample,CARRER,ARAGO,1,39,,,,,,,4,2,2.147957004,41.37956968
02-2013-1466,L'EIXAMPLE,la Nova Esquerra de l'Eixample,CARRER,ROCAFORT,2,102,,,,,,,3,2,2.152263055,41.38021891
02-2013-1467,L'EIXAMPLE,la Nova Esquerra de l'Eixample,CARRER,ROCAFORT,2,102,,,,,,,5,3,2.152263055,41.38021891
02-2013-1478,L'EIXAMPLE,l'Antiga Esquerra de l'Eixample,CARRER,ENRIC GRANADOS,1,97,,,,,,,BJ,I,2.155812543,41.39262048
02-2014-0249,L'EIXAMPLE,l'Antiga Esquerra de l'Eixample,CARRER,ENRIC GRANADOS,1,47,,,,,,,4,1A,2.158904512,41.39028049
01-2013-0553,CIUTAT VELLA,el Raval,CARRER,RAMBLA,1,41,,,,,,,3,1,2.174429754,41.37951782
01-2013-0554,CIUTAT VELLA,el Raval,CARRER,RAMBLA,1,41,,,,,,,AT,,2.174429754,41.37951782
01-2013-0559,CIUTAT VELLA,el Raval,CARRER,RAMBLA,1,41,,,,,,,2,1,2.174429754,41.37951782
02-2013-1457,L'EIXAMPLE,la Nova Esquerra de l'Eixample,CARRER,ARAGO,1,83,,,,,,,5,4,2.150763971,41.3816894
10-2013-0593,SANT MARTI,el Poblenou,CARRER,PUJADES,2,120,,122,,,,,2,1,2.195838667,41.39786128
03-2013-0599,SANTS-MONTJUÏC,la Bordeta,RAMBLA,BADAL,1,29,,31,,,,A,2,1,2.133932903,41.36668634
02-2013-1928,L'EIXAMPLE,l'Antiga Esquerra de l'Eixample,CARRER,PARIS,2,146,,,,,,A,3,4,2.15039012,41.39134866
03-2013-0438,SANTS-MONTJUÏC,el Poble Sec,CARRER,POETA CABANYES,2,70,,,,,,,PR,1,2.164384658,41.37213292
02-2013-1494,L'EIXAMPLE,la Sagrada Família,CARRER,LEPANT,1,317,,,,,,,1,,2.173399203,41.40678468
05-2013-0444,SARRIA-SANT GERVASI,Sant Gervasi - Galvany,CARRER,SAGUES,1,49,,,,,,,5,1,2.143630819,41.39520176
05-2013-0445,SARRIA-SANT GERVASI,Sant Gervasi - Galvany,CARRER,SAGUES,1,49,,,,,,,5,2,2.143630819,41.39520176
05-2013-0438,SARRIA-SANT GERVASI,el Putxet i el Farró,CARRER,BALMES,2,438,,440,,,,,5,D,2.138164987,41.40802764
02-2013-1510,L'EIXAMPLE,la Nova Esquerra de l'Eixample,CARRER,CALABRIA,1,207,,,,,,,5,3,2.147607757,41.3851565
02-2013-1524,L'EIXAMPLE,la Sagrada Família,CARRER,PROVENÇA,1,507,,,,,,,6,1,2.178232004,41.40743691
03-2013-0470,SANTS-MONTJUÏC,el Poble Sec,CARRER,SALVA,2,40,,,,,,,1,2,2.165603893,41.37304984
02-2013-1533,L'EIXAMPLE,Sant Antoni,AVINGUDA,MISTRAL,2,10,,,,,,D,6,3,2.158765356,41.37750126
03-2013-0440,SANTS-MONTJUÏC,el Poble Sec,CARRER,TAPIOLES,2,28,,,,,,,5,1,2.164176756,41.37329723
02-2013-1374,L'EIXAMPLE,la Sagrada Família,AVINGUDA,GAUDI,1,37,,,,,,,5,3,2.174237095,41.40698986
02-2013-1380,L'EIXAMPLE,la Dreta de l'Eixample,CARRER,ROGER DE FLOR,2,240,,,,,,,4,2,2.16915363,41.40159377
02-2013-1383,L'EIXAMPLE,la Nova Esquerra de l'Eixample,CARRER,ROCAFORT,2,102,,,,,,,6,3,2.152263055,41.38021891
02-2013-1384,L'EIXAMPLE,la Nova Esquerra de l'Eixample,CARRER,ARAGO,1,39,,,,,,,1,4,2.147957004,41.37956968
02-2013-1385,L'EIXAMPLE,la Nova Esquerra de l'Eixample,CARRER,ROCAFORT,2,102,,,,,,,7,3,2.152263055,41.38021891
02-2013-1386,L'EIXAMPLE,la Nova Esquerra de l'Eixample,CARRER,ROCAFORT,2,102,,,,,,,7,4,2.152263055,41.38021891
02-2013-1402,L'EIXAMPLE,la Dreta de l'Eixample,CARRER,VALENCIA,2,334,,,,,,,2,2,2.168416059,41.39639559
02-2013-1406,L'EIXAMPLE,la Dreta de l'Eixample,CARRER,VALENCIA,2,334,,,,,,,4,2,2.168416059,41.39639559
07-2013-0196,HORTA-GUINARDÓ,el Baix Guinardó,CARRER,ROSALIA DE CASTRO,2,16,,,,,,,AT,2,2.170590145,41.41028951
02-2013-1414,L'EIXAMPLE,la Dreta de l'Eixample,CARRER,BRUC,1,19,,,,,,,EN,1,2.174063257,41.39076046
02-2014-0090,L'EIXAMPLE,la Dreta de l'Eixample,AVINGUDA,DIAGONAL,1,301,,,,,,,6,,2.173380843,41.39975744
01-2016-0417,CIUTAT VELLA,la Barceloneta,CARRER,PROCLAMACIO,2,12,,,,,,,PR,,2.191197765,41.37993801
01-2014-0071,CIUTAT VELLA,el Raval,CARRER,JUNTA DE COMERÇ,1,23,,,,,,,1,1,2.171889963,41.37944639
05-2011-0300,SARRIA-SANT GERVASI,el Putxet i el Farró,CARRER,HOMER,1,35,B,,,,,,BJ,1,2.146286792,41.4069774
06-2014-0074,GRACIA,la Vila de Gràcia,CARRER,PERILL,1,57,,,,,,,4,,2.162816185,41.40045267
06-2014-0301,GRACIA,la Vila de Gràcia,CARRER,RAMON Y CAJAL,2,14,,,,,,,2,2,2.157998977,41.40215799
10-2014-0326,SANT MARTI,el Poblenou,CARRER,ESPRONCEDA,2,88,,,,,,,BJ,,2.204944018,41.40522915
01-2016-0418,CIUTAT VELLA,el Raval,CARRER,JOAQUIN COSTA,1,53,,,,,,,PR,,2.16471257,41.38347516
03-2013-0741,SANTS-MONTJUÏC,el Poble Sec,CARRER,CONCORDIA,2,26,,,,,,,EN,3,2.160333713,41.37369871
02-2014-0230,L'EIXAMPLE,Sant Antoni,CARRER,CALABRIA,1,5,,,,,,,PR,,2.160461011,41.37544945
02-2014-0205,L'EIXAMPLE,la Nova Esquerra de l'Eixample,CARRER,PARIS,1,111,,,,,,,6,2,2.147689861,41.38959461
05-2013-0656,SARRIA-SANT GERVASI,Sant Gervasi - Galvany,CARRER,BALMES,2,184,,,,,,,5,3,2.153436991,41.39645746
03-2013-0683,SANTS-MONTJUÏC,Hostafrancs,CARRER,MOIANES,1,63,,,,,,,1,1,2.142434735,41.37401757
02-2014-0668,L'EIXAMPLE,l'Antiga Esquerra de l'Eixample,CARRER,CASANOVA,2,78,,,,,,,AT,4,2.158217986,41.38595752
06-2014-0260,GRACIA,la Vila de Gràcia,CARRER,ESCORIAL,1,5,,7,,,,,AT,4,2.162299787,41.40608484
10-2014-0911,SANT MARTI,el Camp de l'Arpa del Clot,CARRER,DOS DE MAIG,2,314,,,,,,,5,1,2.176921674,41.41107379
02-2014-2434,L'EIXAMPLE,Sant Antoni,CARRER,SEPULVEDA,1,77,,,,,,,4,2,2.156689009,41.37896419
03-2014-0127,SANTS-MONTJUÏC,Sants,CARRER,BERLIN,2,22,,,,,,B,3,2,2.138128532,41.38265939
03-2014-0356,SANTS-MONTJUÏC,el Poble Sec,CARRER,FONTRODONA,1,13,B,,,,,,PR,3,2.167282514,41.37355754
03-2014-0357,SANTS-MONTJUÏC,el Poble Sec,CARRER,FONTRODONA,1,13,B,,,,,,PR,1,2.167282514,41.37355754
03-2014-0358,SANTS-MONTJUÏC,el Poble Sec,CARRER,FONTRODONA,1,13,B,,,,,,BJ,1,2.167282514,41.37355754
07-2014-0353,HORTA-GUINARDÓ,el Guinardó,CARRER,AMILCAR,2,166,,,,,,,BJ,,2.172848553,41.42133871
02-2014-0723,L'EIXAMPLE,la Sagrada Família,AVINGUDA,GAUDI,1,31,,,,,,,6,4,2.174241225,41.40672885
02-2014-0724,L'EIXAMPLE,la Sagrada Família,AVINGUDA,GAUDI,1,31,,,,,,,AT,4,2.174241225,41.40672885
02-2014-0726,L'EIXAMPLE,la Sagrada Família,AVINGUDA,GAUDI,1,31,,,,,,,2,4,2.174241225,41.40672885
02-2014-0727,L'EIXAMPLE,la Sagrada Família,AVINGUDA,GAUDI,1,31,,,,,,,4,2,2.174241225,41.40672885
02-2014-0729,L'EIXAMPLE,la Sagrada Família,AVINGUDA,GAUDI,1,31,,,,,,,2,3,2.174241225,41.40672885
02-2014-0730,L'EIXAMPLE,l'Antiga Esquerra de l'Eixample,CARRER,PROVENÇA,1,131,,,,,,,EN,4,2.152236782,41.38791921
02-2014-0731,L'EIXAMPLE,l'Antiga Esquerra de l'Eixample,CARRER,PROVENÇA,1,131,,,,,,,4,4,2.152236782,41.38791921
02-2014-0732,L'EIXAMPLE,l'Antiga Esquerra de l'Eixample,CARRER,PROVENÇA,1,131,,,,,,,3,3,2.152236782,41.38791921
02-2014-0733,L'EIXAMPLE,l'Antiga Esquerra de l'Eixample,CARRER,PROVENÇA,1,131,,,,,,,5,1,2.152236782,41.38791921
02-2014-0734,L'EIXAMPLE,l'Antiga Esquerra de l'Eixample,CARRER,PROVENÇA,1,131,,,,,,,4,3,2.152236782,41.38791921
02-2014-1208,L'EIXAMPLE,Sant Antoni,AVINGUDA,PARAL.LEL,2,204,,,,,,,2,5,2.151102579,41.37525289
02-2014-1209,L'EIXAMPLE,Sant Antoni,CARRER,VILAMARI,2,2,,,,,,,EN,2,2.154015908,41.37549471
03-2014-0456,SANTS-MONTJUÏC,Sants,AVINGUDA,MADRID,2,172,,,,,,,1,4,2.131676757,41.38044666
10-2014-0446,SANT MARTI,el Camp de l'Arpa del Clot,CARRER,VALENCIA,1,547,,,,,,,3,2,2.182444279,41.4071965
02-2014-1562,L'EIXAMPLE,la Sagrada Família,PASSATGE,GAIOLA,2,20,,,,,,,EN,,2.173347132,41.40110355
03-2014-0457,SANTS-MONTJUÏC,Hostafrancs,CARRER,SANT NICOLAU,1,9,,,,,,,1,2,2.144635799,41.37743479
03-2014-0458,SANTS-MONTJUÏC,Hostafrancs,CARRER,SANT NICOLAU,1,9,,,,,,,2,2,2.144635799,41.37743479
03-2014-0459,SANTS-MONTJUÏC,Hostafrancs,CARRER,SANT NICOLAU,1,9,,,,,,,1,1,2.144635799,41.37743479
03-2014-0460,SANTS-MONTJUÏC,Hostafrancs,CARRER,SANT NICOLAU,1,9,,,,,,,2,1,2.144635799,41.37743479
02-2014-1591,L'EIXAMPLE,la Sagrada Família,CARRER,LEPANT,2,342,,,,,,,6,1,2.172741629,41.40754236
02-2014-1123,L'EIXAMPLE,la Sagrada Família,CARRER,SICILIA,1,209,,,,,,,2,,2.173801882,41.40119716
04-2014-0281,LES CORTS,les Corts,CARRER,GALILEU,2,316,,,,,,,5,1,2.131537079,41.38554987
04-2014-0282,LES CORTS,les Corts,CARRER,GALILEU,2,316,,,,,,,2,4,2.131537079,41.38554987
02-2014-0570,L'EIXAMPLE,la Dreta de l'Eixample,CARRER,CASP,2,78,,,,,,,2,2,2.175386671,41.39273888
07-2014-0108,HORTA-GUINARDÓ,el Baix Guinardó,TRAVESSERA,GRACIA,2,314,,,,,,,6,3,2.168331862,41.40779874
07-2014-0109,HORTA-GUINARDÓ,el Baix Guinardó,TRAVESSERA,GRACIA,2,314,,,,,,,6,2,2.168331862,41.40779874
07-2014-0110,HORTA-GUINARDÓ,el Baix Guinardó,TRAVESSERA,GRACIA,2,314,,,,,,,1,2,2.168331862,41.40779874
02-2014-1166,L'EIXAMPLE,la Dreta de l'Eixample,CARRER,TRAFALGAR,1,39,,,,,,,3,3,2.177114927,41.39002564
06-2014-0521,GRACIA,el Coll,CARRER,TIRSO,1,17,,,,,,,2,2,2.150507074,41.41836887
05-2014-0540,SARRIA-SANT GERVASI,les Tres Torres,VIA,AUGUSTA,2,292,,,,,,,5,2,2.12939417,41.3979304
03-2014-0118,SANTS-MONTJUÏC,Hostafrancs,CARRER,CALLAO,2,8,,,,,,,EN,,2.143507723,41.37580953
02-2014-0861,L'EIXAMPLE,Sant Antoni,AVINGUDA,MISTRAL,2,24,,,,,,B,4,2,2.157194427,41.37702395
02-2014-1351,L'EIXAMPLE,Sant Antoni,CARRER,ENTENÇA,2,20,,,,,,,1,4,2.155686086,41.37592167
02-2014-1366,L'EIXAMPLE,Sant Antoni,CARRER,ENTENÇA,2,20,,,,,,,5,2,2.155686086,41.37592167
02-2014-1376,L'EIXAMPLE,Sant Antoni,CARRER,ENTENÇA,2,20,,,,,,,6,2,2.155686086,41.37592167
02-2014-1383,L'EIXAMPLE,Sant Antoni,CARRER,ENTENÇA,1,15,,,,,,,5,2,2.155434349,41.37583477
02-2014-1391,L'EIXAMPLE,la Sagrada Família,CARRER,MALLORCA,2,442,,,,,,,6,1,2.1772447,41.40472218
02-2014-1402,L'EIXAMPLE,la Dreta de l'Eixample,CARRER,BAILEN,2,46,,,,,,,2,1,2.174946857,41.39378334
10-2014-0255,SANT MARTI,Diagonal Mar i el Front Marítim del Poblenou,CARRER,PROVENÇALS,1,5,,,,,,,4,1,2.21297966,41.4039879
06-2014-0230,GRACIA,la Vila de Gràcia,AVINGUDA,DIAGONAL,2,478,,,,,,,PR,1,2.155906356,41.39587235
06-2014-0231,GRACIA,la Vila de Gràcia,AVINGUDA,DIAGONAL,2,478,,,,,,,PR,2,2.155906356,41.39587235
06-2014-0232,GRACIA,la Vila de Gràcia,AVINGUDA,DIAGONAL,2,478,,,,,,,1,1,2.155906356,41.39587235
06-2014-0234,GRACIA,la Vila de Gràcia,AVINGUDA,DIAGONAL,2,478,,,,,,,1,2,2.155906356,41.39587235
06-2014-0235,GRACIA,la Vila de Gràcia,AVINGUDA,DIAGONAL,2,478,,,,,,,2,1,2.155906356,41.39587235
02-2014-0299,L'EIXAMPLE,l'Antiga Esquerra de l'Eixample,CARRER,MUNTANER,2,180,,,,,,,2,1,2.152235667,41.39218299
02-2014-0300,L'EIXAMPLE,l'Antiga Esquerra de l'Eixample,CARRER,MUNTANER,2,180,,,,,,,2,2,2.152235667,41.39218299
10-2014-0149,SANT MARTI,el Camp de l'Arpa del Clot,CARRER,MALLORCA,2,532,,,,,,,2,4,2.182002413,41.40828618
10-2014-0314,SANT MARTI,el Camp de l'Arpa del Clot,CARRER,BESALU,1,11,B,,,,,,EN,,2.183247405,41.41284905
03-2014-0887,SANTS-MONTJUÏC,Sants - Badal,CARRER,SUGRANYES,1,35,,,,,,,1,2,2.128295948,41.37428066
02-2014-0614,L'EIXAMPLE,la Sagrada Família,CARRER,PROVENÇA,2,426,,,,,,,1,1,2.171850763,41.40238462
02-2014-0625,L'EIXAMPLE,Sant Antoni,CARRER,VILLARROEL,1,21,,,,,,,PR,2,2.161719836,41.38133199
02-2014-0738,L'EIXAMPLE,Sant Antoni,CARRER,PARLAMENT,2,4,,,,,,,3,1,2.161388291,41.3754415
02-2014-1289,L'EIXAMPLE,la Nova Esquerra de l'Eixample,CARRER,VILAMARI,2,58,,,,,,,BJ,2,2.150952873,41.37780085
02-2014-1293,L'EIXAMPLE,la Nova Esquerra de l'Eixample,CARRER,COMTE BORRELL,2,218,,,,,,,8,B,2.150995395,41.38629141
02-2014-1297,L'EIXAMPLE,la Nova Esquerra de l'Eixample,CARRER,COMTE BORRELL,2,152,,,,,,,8,B,2.155412458,41.38296462
02-2014-0944,L'EIXAMPLE,la Dreta de l'Eixample,CARRER,VALENCIA,1,321,,,,,,,2,3,2.168317595,41.39660412
07-2014-0120,HORTA-GUINARDÓ,Can Baró,AVINGUDA,CAN BARO,1,3,,,,,,,1,4,2.161104679,41.41534345
06-2014-0297,GRACIA,la Vila de Gràcia,CARRER,FRANCISCO GINER,1,19,,,,,,,BJ,,2.159360477,41.39887751
07-2014-0121,HORTA-GUINARDÓ,Can Baró,AVINGUDA,CAN BARO,1,3,,,,,,,1,2,2.161104679,41.41534345
03-2014-0848,SANTS-MONTJUÏC,Sants - Badal,CARRER,CARRERAS I CANDI,2,10,,,,,,,5,2,2.126213097,41.3750463
02-2014-1751,L'EIXAMPLE,la Dreta de l'Eixample,CARRER,CASP,1,45,,,,,,,PR,1,2.174164104,41.39209475
02-2014-1754,L'EIXAMPLE,la Dreta de l'Eixample,CARRER,CASP,1,45,,,,,,,PR,2,2.174164104,41.39209475
03-2014-0493,SANTS-MONTJUÏC,el Poble Sec,CARRER,TAPIOLES,1,9,,,,,,,5,3,2.164996325,41.37444023
06-2014-0427,GRACIA,el Camp d'en Grassot i Gràcia Nova,CARRER,VENTALLO,2,32,,,,,,,1,1,2.165677369,41.40789348
07-2014-0186,HORTA-GUINARDÓ,Sant Genís dels Agudells,CARRER,PEREA,1,1,,,,,,,15,1,2.141064221,41.42413512
05-2014-0253,SARRIA-SANT GERVASI,Sarrià,PASSEIG,REINA ELISENDA MONTCADA,1,11,B,,,,,D,4,2,2.119206581,41.39876656
05-2014-0254,SARRIA-SANT GERVASI,Sarrià,CARRER,SAGRAT COR,1,19,,,,,,,1,2,2.119315227,41.400411
05-2014-0255,SARRIA-SANT GERVASI,Sarrià,CARRER,SAGRAT COR,1,19,,,,,,,1,3,2.119315227,41.400411
10-2014-0501,SANT MARTI,el Poblenou,CARRER,FERROCARRIL,1,27,,,,,,,2,7,2.207070421,41.3988077
10-2014-0504,SANT MARTI,el Poblenou,RAMBLA,POBLENOU,2,16,,,,,,,4,1,2.204907018,41.3984393
10-2014-0506,SANT MARTI,el Poblenou,RAMBLA,POBLENOU,2,16,,,,,,,4,2,2.204907018,41.3984393
10-2014-0508,SANT MARTI,el Poblenou,RAMBLA,POBLENOU,2,16,,,,,,,4,3,2.204907018,41.3984393
05-2014-0520,SARRIA-SANT GERVASI,Sarrià,CARRER,ROCABERTI,1,7,,,,,,,1,2,2.124995351,41.39687971
02-2014-0899,L'EIXAMPLE,Sant Antoni,CARRER,PARLAMENT,2,4,,,,,,,1,1,2.161388291,41.3754415
10-2014-0581,SANT MARTI,el Clot,RAMBLA,GUIPUSCOA,2,16,,,,,,,3,2,2.193489326,41.41338782
02-2014-1576,L'EIXAMPLE,l'Antiga Esquerra de l'Eixample,CARRER,PROVENÇA,1,181,,,,,,,2,2,2.156373509,41.39100914
07-2014-0260,HORTA-GUINARDÓ,el Guinardó,AVINGUDA,MARE DEU DE MONTSERRAT,2,196,,,,,,,AT,,2.173418353,41.42037219
09-2014-0287,SANT ANDREU,Navas,CARRER,CLOT,1,201,,,,,,,4,1,2.191147822,41.4162533
02-2014-0323,L'EIXAMPLE,la Dreta de l'Eixample,GRAN VIA,CORTS CATALANES,2,600,,,,,,,1,2,2.165126684,41.38672937
02-2014-0325,L'EIXAMPLE,la Dreta de l'Eixample,GRAN VIA,CORTS CATALANES,2,600,,,,,,,PR,2,2.165126684,41.38672937
02-2014-0661,L'EIXAMPLE,la Sagrada Família,CARRER,LEPANT,2,262,,,,,,,6,2,2.177618133,41.40387221
02-2014-1233,L'EIXAMPLE,Sant Antoni,CARRER,COMTE D'URGELL,2,50,,,,,,,PR,1,2.159720479,41.38146897
02-2014-1236,L'EIXAMPLE,Sant Antoni,CARRER,COMTE D'URGELL,2,50,,,,,,,5,1,2.159720479,41.38146897
02-2014-1237,L'EIXAMPLE,Sant Antoni,CARRER,COMTE D'URGELL,2,50,,,,,,,3,1,2.159720479,41.38146897
02-2014-1238,L'EIXAMPLE,Sant Antoni,CARRER,COMTE D'URGELL,2,50,,,,,,,2,1,2.159720479,41.38146897
02-2014-1240,L'EIXAMPLE,Sant Antoni,CARRER,COMTE D'URGELL,2,50,,,,,,,EN,1,2.159720479,41.38146897
02-2014-0972,L'EIXAMPLE,la Dreta de l'Eixample,CARRER,GIRONA,1,15,,,,,,,4,2,2.175263,41.39155797
07-2014-0142,HORTA-GUINARDÓ,el Carmel,CARRER,DOCTOR BOVE,2,100,,,,,,,SO,,2.160511995,41.42141411
10-2014-0509,SANT MARTI,el Poblenou,RAMBLA,POBLENOU,2,16,,,,,,,4,4,2.204907018,41.3984393
10-2014-0512,SANT MARTI,el Poblenou,RAMBLA,POBLENOU,2,16,,,,,,,4,5,2.204907018,41.3984393
10-2014-0514,SANT MARTI,el Poblenou,RAMBLA,POBLENOU,2,20,,,,,,,1,1,2.204907018,41.3984393
10-2014-0516,SANT MARTI,el Poblenou,RAMBLA,POBLENOU,2,20,,,,,,,1,2,2.204907018,41.3984393
10-2014-0518,SANT MARTI,el Poblenou,RAMBLA,POBLENOU,2,20,,,,,,,1,3,2.204907018,41.3984393
10-2014-0519,SANT MARTI,el Poblenou,RAMBLA,POBLENOU,2,20,,,,,,,2,3,2.204907018,41.3984393
10-2014-0521,SANT MARTI,el Poblenou,PASSEIG,CALVELL,1,45,,,,,,D,3,1,2.20760134,41.39891663
10-2014-0523,SANT MARTI,el Poblenou,PASSEIG,CALVELL,1,45,,,,,,D,3,2,2.20760134,41.39891663
10-2014-0525,SANT MARTI,el Poblenou,PASSEIG,CALVELL,1,45,,,,,,D,3,3,2.20760134,41.39891663
10-2014-0527,SANT MARTI,el Poblenou,PASSEIG,CALVELL,1,45,,,,,,D,6,1,2.20760134,41.39891663
10-2014-0529,SANT MARTI,el Poblenou,PASSEIG,CALVELL,1,45,,,,,,D,6,2,2.20760134,41.39891663
10-2014-0531,SANT MARTI,el Poblenou,PASSEIG,CALVELL,1,45,,,,,,D,6,3,2.20760134,41.39891663
02-2014-0476,L'EIXAMPLE,la Dreta de l'Eixample,CARRER,MALLORCA,2,360,,,,,,,5,2,2.171871874,41.40070958
06-2014-0138,GRACIA,la Vila de Gràcia,CARRER,CAMPRODON,1,23,,,,,,,PR,1,2.164087831,41.40098583
06-2014-0139,GRACIA,la Vila de Gràcia,CARRER,CAMPRODON,1,23,,,,,,,BJ,1,2.164087831,41.40098583
06-2014-0140,GRACIA,la Vila de Gràcia,CARRER,CAMPRODON,1,23,,,,,,,1,3,2.164087831,41.40098583
10-2014-0217,SANT MARTI,Diagonal Mar i el Front Marítim del Poblenou,PASSEIG,TAULAT,1,231,,,,,,,4,3,2.210431706,41.40344702
02-2014-0779,L'EIXAMPLE,la Dreta de l'Eixample,RAMBLA,CATALUNYA,2,44,,,,,,,PR,1,2.164474311,41.39052623
02-2014-0781,L'EIXAMPLE,l'Antiga Esquerra de l'Eixample,CARRER,VALENCIA,1,191,,,,,,,PR,1,2.15881848,41.38945073
02-2014-0783,L'EIXAMPLE,l'Antiga Esquerra de l'Eixample,CARRER,VALENCIA,1,191,,,,,,,PR,2,2.15881848,41.38945073
02-2014-0785,L'EIXAMPLE,l'Antiga Esquerra de l'Eixample,CARRER,VALENCIA,1,191,,,,,,,1,1,2.15881848,41.38945073
02-2014-0786,L'EIXAMPLE,l'Antiga Esquerra de l'Eixample,CARRER,VALENCIA,1,191,,,,,,,1,2,2.15881848,41.38945073
02-2014-0787,L'EIXAMPLE,l'Antiga Esquerra de l'Eixample,CARRER,VALENCIA,1,191,,,,,,,2,1,2.15881848,41.38945073
02-2014-0789,L'EIXAMPLE,l'Antiga Esquerra de l'Eixample,CARRER,VALENCIA,1,191,,,,,,,2,2,2.15881848,41.38945073
02-2014-0790,L'EIXAMPLE,l'Antiga Esquerra de l'Eixample,CARRER,VALENCIA,1,191,,,,,,,3,1,2.15881848,41.38945073
10-2014-0334,SANT MARTI,el Camp de l'Arpa del Clot,CARRER,ENAMORATS,2,110,,,,,,,PR,2,2.183738989,41.40687283
02-2014-1045,L'EIXAMPLE,el Fort Pienc,PASSEIG,SANT JOAN,2,2,,,,,,,1,2,2.180320765,41.39170448
02-2014-1046,L'EIXAMPLE,la Dreta de l'Eixample,PASSATGE,COLL DEL PORTELL,1,5,,,,,,,BJ,2,2.175441804,41.39774089
02-2014-1047,L'EIXAMPLE,la Sagrada Família,CARRER,MARINA,2,334,,,,,,,2,4,2.171776839,41.40666954
03-2014-0562,SANTS-MONTJUÏC,Sants,CARRER,SANT MEDIR,2,12,,,,,,,PR,4,2.132838818,41.37478803
02-2014-0686,L'EIXAMPLE,la Dreta de l'Eixample,RONDA,SANT PERE,2,14,,,,,,,PR,1,2.171803426,41.3884448
06-2014-0383,GRACIA,el Camp d'en Grassot i Gràcia Nova,CARRER,INDUSTRIA,2,8,,,,,,,BJ,2,2.164740493,41.40210254
02-2014-1488,L'EIXAMPLE,Sant Antoni,CARRER,ENTENÇA,2,34,,,,,,,2,2,2.153873217,41.3772998
02-2014-1555,L'EIXAMPLE,l'Antiga Esquerra de l'Eixample,CARRER,ENRIC GRANADOS,1,123,,,,,,,3,1,2.154641065,41.39351188
05-2014-0219,SARRIA-SANT GERVASI,el Putxet i el Farró,RONDA,GENERAL MITRE,2,188,B,,,,,,AT,,2.14337938,41.40511288
02-2014-0235,L'EIXAMPLE,la Sagrada Família,CARRER,PROVENÇA,1,441,,,,,,,1,2,2.174082277,41.40433066
03-2014-0098,SANTS-MONTJUÏC,el Poble Sec,CARRER,NOU DE LA RAMBLA,1,131,,,,,,,PR,1,2.168371778,41.3732629
06-2014-0181,GRACIA,la Vila de Gràcia,CARRER,MARTI,1,79,,83,,,,,AT,2,2.157913701,41.40829129
03-2014-0401,SANTS-MONTJUÏC,el Poble Sec,CARRER,CABANES,1,21,,,,,,,BJ,1,2.170216342,41.37330593
03-2014-0406,SANTS-MONTJUÏC,el Poble Sec,CARRER,CABANES,1,21,,,,,,,BJ,2,2.170216342,41.37330593
03-2014-0412,SANTS-MONTJUÏC,el Poble Sec,CARRER,CABANES,2,30,,,,,,,BJ,1,2.170039334,41.37330742
10-2014-0142,SANT MARTI,el Parc i la Llacuna del Poblenou,AVINGUDA,MERIDIANA,1,19,,,,,,,EN,2,2.186553457,41.39368374
10-2014-0143,SANT MARTI,el Parc i la Llacuna del Poblenou,AVINGUDA,MERIDIANA,1,19,,,,,,,EN,1,2.186553457,41.39368374
06-2014-0449,GRACIA,la Salut,CARRER,MAIGNON,1,15,,,,,,,3,3,2.151107355,41.4089549
02-2014-0413,L'EIXAMPLE,la Nova Esquerra de l'Eixample,CARRER,ROCAFORT,2,192,,,,,,,SA,,2.146884133,41.38427915
02-2014-0416,L'EIXAMPLE,la Dreta de l'Eixample,RAMBLA,CATALUNYA,1,129,,,,,,,1,1,2.15778564,41.39500558
10-2014-0163,SANT MARTI,el Poblenou,CARRER,PUJADES,1,219,,,,,,,5,3,2.203161192,41.40369578
02-2014-0417,L'EIXAMPLE,la Sagrada Família,CARRER,VALENCIA,1,381,,,,,,,5,2,2.173667079,41.4006195
05-2014-0126,SARRIA-SANT GERVASI,Sant Gervasi - Galvany,CARRER,MUNTANER,1,443,,,,,,,AT,2,2.139879161,41.40121933
02-2014-0666,L'EIXAMPLE,l'Antiga Esquerra de l'Eixample,CARRER,CORSEGA,1,265,,,,,,,5,2,2.155322264,41.39363417
01-2014-0203,CIUTAT VELLA,Sant Pere Santa Caterina i la Ribera,CARRER,FORMATGERIA,1,3,,,,,,,1,1,2.182942549,41.38428053
03-2014-0371,SANTS-MONTJUÏC,el Poble Sec,CARRER,OLIVERA,1,23,,,,,,,PR,1,2.158191982,41.37361542
02-2014-1332,L'EIXAMPLE,la Dreta de l'Eixample,RONDA,UNIVERSITAT,1,31,,,,,,,6,4B,2.167239961,41.38705431
02-2014-1333,L'EIXAMPLE,la Dreta de l'Eixample,RONDA,UNIVERSITAT,1,31,,,,,,,6,4A,2.167239961,41.38705431
02-2014-1334,L'EIXAMPLE,la Dreta de l'Eixample,RONDA,UNIVERSITAT,1,31,,,,,,,6,1A,2.167239961,41.38705431
02-2014-1336,L'EIXAMPLE,la Dreta de l'Eixample,RONDA,UNIVERSITAT,1,31,,,,,,,6,1B,2.167239961,41.38705431
02-2014-1341,L'EIXAMPLE,,AVINGUDA,ROMA,2,10,,,,,,,1,1,2.143863635,41.38054442
02-2014-0999,L'EIXAMPLE,la Dreta de l'Eixample,CARRER,PROVENÇA,2,316,,,,,,,PR,1,2.163722012,41.39628751
05-2014-0187,SARRIA-SANT GERVASI,Sant Gervasi - Galvany,VIA,AUGUSTA,1,17,,19,,,,,5,2,2.15456556,41.39692846
04-2014-0164,LES CORTS,les Corts,CARRER,DEU I MATA,2,96,,,,,,,4,1,2.137097532,41.38909139
04-2014-0165,LES CORTS,les Corts,CARRER,TAQUIGRAF GARRIGA,1,91,,99,,,,,6,5,2.136792577,41.38870088
02-2014-0362,L'EIXAMPLE,l'Antiga Esquerra de l'Eixample,CARRER,CORSEGA,2,244,,,,,,,3,2,2.155033863,41.39308869
02-2014-0363,L'EIXAMPLE,l'Antiga Esquerra de l'Eixample,CARRER,ENRIC GRANADOS,1,115,,117,,,,,PR,2,2.155224469,41.39306759
02-2014-0364,L'EIXAMPLE,l'Antiga Esquerra de l'Eixample,CARRER,ENRIC GRANADOS,1,115,,117,,,,,4,1,2.155224469,41.39306759
02-2014-0606,L'EIXAMPLE,la Sagrada Família,CARRER,PADILLA,1,323,,,,,,,1,8,2.172724929,41.40893993
07-2014-0167,HORTA-GUINARDÓ,el Baix Guinardó,CARRER,LLORENS I BARBA,1,43,,,,,,,BJ,,2.170383758,41.41205989
10-2014-0189,SANT MARTI,el Poblenou,CARRER,ESPRONCEDA,1,21,,23,,,,,5,6,2.208447904,41.4022988
10-2014-0300,SANT MARTI,el Camp de l'Arpa del Clot,CARRER,INDUSTRIA,2,278,,,,,,,3,3,2.180253612,41.4139827
06-2014-0345,GRACIA,el Camp d'en Grassot i Gràcia Nova,CARRER,CORSEGA,1,515,B,,,,,,4,2,2.170066276,41.40474417
02-2014-0791,L'EIXAMPLE,l'Antiga Esquerra de l'Eixample,CARRER,VALENCIA,1,191,,,,,,,3,2,2.15881848,41.38945073
05-2014-0166,SARRIA-SANT GERVASI,Sant Gervasi - Galvany,CARRER,MUNTANER,2,256,,,,,,,PR,1,2.148450415,41.39504561
02-2014-0799,L'EIXAMPLE,l'Antiga Esquerra de l'Eixample,CARRER,PROVENÇA,1,205,,,,,,,4,2,2.157895236,41.39215473
07-2014-0155,HORTA-GUINARDÓ,el Baix Guinardó,CARRER,PADILLA,1,359,,,,,,,4,1,2.170417818,41.41070418
07-2014-0156,HORTA-GUINARDÓ,el Baix Guinardó,CARRER,PADILLA,1,359,,,,,,,2,1,2.170417818,41.41070418
07-2014-0157,HORTA-GUINARDÓ,el Baix Guinardó,CARRER,PADILLA,1,359,,,,,,,4,2,2.170417818,41.41070418
02-2014-0907,L'EIXAMPLE,Sant Antoni,CARRER,TAMARIT,1,117,,,,,,,3,2,2.157941976,41.37651285
02-2014-0911,L'EIXAMPLE,Sant Antoni,CARRER,TAMARIT,1,117,,,,,,,2,2,2.157941976,41.37651285
02-2014-0913,L'EIXAMPLE,Sant Antoni,CARRER,TAMARIT,1,117,,,,,,,3,1,2.157941976,41.37651285
02-2014-0916,L'EIXAMPLE,Sant Antoni,CARRER,TAMARIT,1,117,,,,,,,4,1,2.157941976,41.37651285
02-2014-0921,L'EIXAMPLE,Sant Antoni,CARRER,TAMARIT,1,117,,,,,,,4,2,2.157941976,41.37651285
06-2014-0333,GRACIA,la Vila de Gràcia,CARRER,SANT SALVADOR,1,131,,,,,,,BJ,1,2.156649232,41.40878091
04-2014-0149,LES CORTS,Pedralbes,AVINGUDA,PEDRALBES,1,57,,61,,,,,1,1,2.113572594,41.39408015
02-2014-2130,L'EIXAMPLE,la Dreta de l'Eixample,CARRER,CORSEGA,2,392,,,,,,,AT,1,2.163703068,41.39968473
09-2014-0186,SANT ANDREU,Sant Andreu,CARRER,GRAN DE SANT ANDREU,1,275,,,,,,,5,2,2.189615802,41.4358408
05-2014-0283,SARRIA-SANT GERVASI,les Tres Torres,RONDA,GENERAL MITRE,1,7,,,,,,,4,2,2.131022749,41.39320471
05-2014-0284,SARRIA-SANT GERVASI,les Tres Torres,RONDA,GENERAL MITRE,1,7,,,,,,,2,1,2.131022749,41.39320471
02-2014-2129,L'EIXAMPLE,la Sagrada Família,CARRER,CARTAGENA,1,269,,,,,,,2,1,2.176979839,41.40901738
06-2014-0660,GRACIA,el Coll,CARRER,PAU FERRAN,1,1,,,,,,,2,1,2.14934487,41.41759476
06-2014-0145,GRACIA,el Camp d'en Grassot i Gràcia Nova,PASSEIG,SANT JOAN,1,171,,,,,,,5,4,2.1645275,41.40288429
04-2014-0140,LES CORTS,la Maternitat i Sant Ramon,TRAVESSERA,CORTS,2,118,,120,,,,,2,2,2.125778387,41.37990993
04-2014-0141,LES CORTS,la Maternitat i Sant Ramon,TRAVESSERA,CORTS,2,118,,120,,,,,3,1,2.125778387,41.37990993
04-2014-0142,LES CORTS,la Maternitat i Sant Ramon,TRAVESSERA,CORTS,2,118,,120,,,,,3,2,2.125778387,41.37990993
10-2014-0376,SANT MARTI,la Vila Olímpica del Poblenou,CARRER,SALVADOR ESPRIU,1,73,,,,,,,5,3,2.199917229,41.39133785
02-2014-1352,L'EIXAMPLE,la Sagrada Família,CARRER,VALENCIA,2,494,,,,,,B,1,1,2.1794813,41.40469304
02-2014-1368,L'EIXAMPLE,la Sagrada Família,CARRER,VALENCIA,2,494,,,,,,B,1,2,2.1794813,41.40469304
03-2014-0607,SANTS-MONTJUÏC,la Font de la Guatlla,CARRER,MEXIC,2,26,,,,,,,1,1,2.148789515,41.37241815
02-2014-0264,L'EIXAMPLE,la Sagrada Família,CARRER,VALENCIA,1,455,,,,,,,6,2,2.177208868,41.40327409
10-2014-0389,SANT MARTI,el Poblenou,CARRER,FERROCARRIL,1,27,,,,,,,2,1,2.207070421,41.3988077
10-2014-0390,SANT MARTI,el Parc i la Llacuna del Poblenou,CARRER,PERE IV,1,83,,,,,,,5,3,2.193298171,41.39758494
10-2014-0409,SANT MARTI,Diagonal Mar i el Front Marítim del Poblenou,CARRER,PELLAIRES,1,29,,,,,,,2,2,2.210337626,41.40483322
10-2014-0413,SANT MARTI,el Poblenou,CARRER,BAC DE RODA,1,69,,,,,,,3,5,2.206677111,41.40530272
10-2014-0419,SANT MARTI,el Poblenou,CARRER,VIDAL I DE VALENCIANO,1,19,,,,,,,6,3,2.20763342,41.39932466
10-2014-0422,SANT MARTI,el Poblenou,CARRER,FERROCARRIL,1,27,,,,,,,2,5,2.207070421,41.3988077
10-2014-0424,SANT MARTI,el Poblenou,CARRER,FERROCARRIL,1,27,,,,,,,2,6,2.207070421,41.3988077
06-2014-0262,GRACIA,la Salut,AVINGUDA,COLL DEL PORTELL,1,57,,,,,,,AT,1,2.152393718,41.41148514
06-2014-0263,GRACIA,la Salut,AVINGUDA,COLL DEL PORTELL,1,57,,,,,,,2,3,2.152393718,41.41148514
06-2014-0264,GRACIA,la Salut,AVINGUDA,COLL DEL PORTELL,1,57,,,,,,,2,2,2.152393718,41.41148514
06-2014-0265,GRACIA,la Salut,AVINGUDA,COLL DEL PORTELL,1,57,,,,,,,2,1,2.152393718,41.41148514
02-2014-1265,L'EIXAMPLE,la Dreta de l'Eixample,PASSEIG,SANT JOAN,1,127,,,,,,,3,3,2.167415929,41.4006496
02-2014-1269,L'EIXAMPLE,la Dreta de l'Eixample,PASSEIG,SANT JOAN,1,127,,,,,,,EN,3,2.167415929,41.4006496
02-2014-1270,L'EIXAMPLE,la Dreta de l'Eixample,PASSEIG,SANT JOAN,1,127,,,,,,,3,2,2.167415929,41.4006496
02-2014-1273,L'EIXAMPLE,l'Antiga Esquerra de l'Eixample,CARRER,PARIS,2,172,,,,,,E,4,2,2.152288741,41.39277853
02-2014-1275,L'EIXAMPLE,l'Antiga Esquerra de l'Eixample,CARRER,PARIS,2,172,,,,,,E,4,1,2.152288741,41.39277853
03-2014-0163,SANTS-MONTJUÏC,el Poble Sec,AVINGUDA,PARAL.LEL,1,17,,,,,,,1,5,2.174479037,41.37449801
02-2014-0691,L'EIXAMPLE,l'Antiga Esquerra de l'Eixample,CARRER,PARIS,2,178,,,,,,,AT,,2.152629613,41.39303332
02-2014-0692,L'EIXAMPLE,l'Antiga Esquerra de l'Eixample,CARRER,PARIS,2,178,,,,,,,2,2,2.152629613,41.39303332
02-2014-1568,L'EIXAMPLE,la Dreta de l'Eixample,CARRER,PAU CLARIS,1,99,,,,,,2,4,4,2.168981595,41.39117583
02-2014-1027,L'EIXAMPLE,la Sagrada Família,CARRER,SANT ANTONI MARIA CLARET,2,224,,,,,,,5,1,2.174746155,41.41136252
03-2014-0462,SANTS-MONTJUÏC,el Poble Sec,CARRER,SALVA,1,1,,,,,,,3,12,2.166803105,41.37460523
02-2014-0472,L'EIXAMPLE,la Dreta de l'Eixample,CARRER,BAILEN,1,109,,,,,,,1,1,2.16992679,41.39729695
02-2014-0474,L'EIXAMPLE,la Dreta de l'Eixample,CARRER,VALENCIA,2,312,,,,,,,PR,2,2.166706569,41.39511145
06-2014-0098,GRACIA,la Vila de Gràcia,PLAÇA,VILA DE GRACIA,1,19,,,,,,,4,1,2.157480386,41.39996823
02-2014-0350,L'EIXAMPLE,Sant Antoni,CARRER,ROCAFORT,2,68,,,,,,,PR,1A,2.154569216,41.37847501
10-2014-0280,SANT MARTI,el Clot,CARRER,SEQUIA COMTAL,1,1,,3,,,,,1,3,2.188046904,41.40804536
10-2014-0285,SANT MARTI,el Poblenou,CARRER,TAULAT,1,7,,,,A,,D,2,2,2.20050422,41.39567571
03-2014-0322,SANTS-MONTJUÏC,el Poble Sec,CARRER,NOU DE LA RAMBLA,2,152,,,,,,,2,3,2.167179301,41.3723475
02-2014-1040,L'EIXAMPLE,la Dreta de l'Eixample,CARRER,VALENCIA,2,284,,,,,,,3,2A,2.164737776,41.39362952
02-2014-1700,L'EIXAMPLE,l'Antiga Esquerra de l'Eixample,CARRER,ARIBAU,2,132,,,,,,,3,2,2.155628014,41.39133098
03-2014-0833,SANTS-MONTJUÏC,Sants,CARRER,IBERIA,2,16,,,,,,,1,2,2.136660904,41.37375868
03-2014-0834,SANTS-MONTJUÏC,Sants,CARRER,IBERIA,2,16,,,,,,,1,3,2.136660904,41.37375868
03-2014-0835,SANTS-MONTJUÏC,Sants,CARRER,IBERIA,2,16,,,,,,,2,1,2.136660904,41.37375868
03-2014-0836,SANTS-MONTJUÏC,Sants,CARRER,IBERIA,2,16,,,,,,,2,2,2.136660904,41.37375868
02-2014-1248,L'EIXAMPLE,la Nova Esquerra de l'Eixample,CARRER,DIPUTACIO,2,8,,10,,,,,AT,2,2.149896356,41.377357
02-2014-1249,L'EIXAMPLE,la Nova Esquerra de l'Eixample,CARRER,DIPUTACIO,2,8,,10,,,,,4,3,2.149896356,41.377357
10-2014-0174,SANT MARTI,el Poblenou,CARRER,CASTELLA,1,19,,23,,,,,2,2,2.197601813,41.40542349
03-2014-0628,SANTS-MONTJUÏC,Sants - Badal,CARRER,CARRERAS I CANDI,2,22,,,,,,,3,3,2.126459047,41.3746545
06-2014-0778,GRACIA,el Coll,CARRER,MORA D'EBRE,2,84,,,,,,,BJ,1,2.149383607,41.41870784
01-2014-0068,CIUTAT VELLA,el Raval,CARRER,JUNTA DE COMERÇ,1,23,,,,,,,3,1B,2.171889963,41.37944639
02-2014-1545,L'EIXAMPLE,la Nova Esquerra de l'Eixample,CARRER,ENTENÇA,2,58,,,,,,,EN,1,2.152433764,41.37838382
02-2014-1617,L'EIXAMPLE,la Dreta de l'Eixample,CARRER,CASP,1,41,,,,,,,PR,2,2.173899649,41.39189731
02-2014-1625,L'EIXAMPLE,la Dreta de l'Eixample,CARRER,CASP,1,41,,,,,,,PR,3,2.173899649,41.39189731
02-2014-1629,L'EIXAMPLE,la Dreta de l'Eixample,CARRER,CASP,1,41,,,,,,,PR,4,2.173899649,41.39189731
02-2014-1635,L'EIXAMPLE,l'Antiga Esquerra de l'Eixample,CARRER,BALMES,1,23,,,,,,,2,1B,2.164381238,41.3878476
02-2014-1698,L'EIXAMPLE,la Dreta de l'Eixample,PASSEIG,GRACIA,2,46,,,,,,,3,1,2.16582793,41.39183758
05-2014-0156,SARRIA-SANT GERVASI,el Putxet i el Farró,CARRER,VALLIRANA,1,29,,31,,,,,1,B,2.148007154,41.40385312
06-2014-0353,GRACIA,la Vila de Gràcia,CARRER,GRAN DE GRACIA,1,11,,,,,,,5,,2.15718713,41.39802099
03-2014-0355,SANTS-MONTJUÏC,Hostafrancs,CARRETERA,BORDETA,2,38,,,,,,,1,,2.145943637,41.37374175
05-2014-0221,SARRIA-SANT GERVASI,el Putxet i el Farró,CARRER,BERTRAN,2,4,,,,,,,EN,,2.141262766,41.40491897
02-2014-0524,L'EIXAMPLE,la Nova Esquerra de l'Eixample,CARRER,ROCAFORT,1,163,,,,,,,1,2,2.149633026,41.38192694
02-2014-1313,L'EIXAMPLE,la Dreta de l'Eixample,CARRER,FONTANELLA,1,15,,,,,,,AT,2,2.172275761,41.38808601
02-2014-1320,L'EIXAMPLE,la Dreta de l'Eixample,CARRER,FONTANELLA,1,15,,,,,,,AT,1,2.172275761,41.38808601
08-2014-0211,NOU BARRIS,Verdun,CARRER,VILADROSA,2,138,,,,,,,AT,3,2.17819931,41.44507459
01-2014-0518,CIUTAT VELLA,Sant Pere Santa Caterina i la Ribera,CARRER,COMERCIAL,1,15,,,,,,,EN,1,2.184447223,41.38585573
07-2014-0148,HORTA-GUINARDÓ,el Baix Guinardó,CARRER,CARTAGENA,1,339,,,,,,,1,4,2.172781675,41.41221652
07-2014-0149,HORTA-GUINARDÓ,el Baix Guinardó,CARRER,CARTAGENA,1,339,,,,,,,PR,2,2.172781675,41.41221652
02-2014-1586,L'EIXAMPLE,la Sagrada Família,CARRER,SICILIA,2,320,,,,,,,PR,1,2.17186567,41.40293199
10-2014-0454,SANT MARTI,el Parc i la Llacuna del Poblenou,CARRER,PERE IV,2,44,,46,,,,,4,1,2.19180215,41.39537764
10-2014-0457,SANT MARTI,el Parc i la Llacuna del Poblenou,CARRER,PERE IV,2,44,,46,,,,,3,3,2.19180215,41.39537764
02-2014-1606,L'EIXAMPLE,la Dreta de l'Eixample,CARRER,NAPOLS,1,211,,,,,,,BJ,2,2.173913128,41.39939372
10-2014-0476,SANT MARTI,Provençals del Poblenou,CARRER,BAC DE RODA,2,100,,108,,,,,1,B,2.203682695,41.40797378
03-2014-0483,SANTS-MONTJUÏC,el Poble Sec,CARRER,RADAS,1,39,,,,,,,EN,1,2.160856668,41.37323295
03-2014-0484,SANTS-MONTJUÏC,el Poble Sec,CARRER,RADAS,1,39,,,,,,,3,1,2.160856668,41.37323295
03-2014-0487,SANTS-MONTJUÏC,el Poble Sec,CARRER,RADAS,1,39,,,,,,,2,2,2.160856668,41.37323295
03-2014-0489,SANTS-MONTJUÏC,el Poble Sec,CARRER,RADAS,1,39,,,,,,,1,2,2.160856668,41.37323295
09-2014-0193,SANT ANDREU,Sant Andreu,CARRER,DRAGO,1,13,,,,,,D,4,4,2.186960527,41.43892039
10-2014-0268,SANT MARTI,el Camp de l'Arpa del Clot,CARRER,DOS DE MAIG,2,314,,,,,,,6,1,2.176921674,41.41107379
10-2014-0487,SANT MARTI,el Poblenou,RAMBLA,POBLENOU,2,16,,,,,,,3,3,2.204907018,41.3984393
10-2014-0489,SANT MARTI,el Poblenou,RAMBLA,POBLENOU,2,16,,,,,,,3,1,2.204907018,41.3984393
10-2014-0490,SANT MARTI,el Poblenou,RAMBLA,POBLENOU,2,16,,,,,,,3,2,2.204907018,41.3984393
10-2014-0491,SANT MARTI,el Poblenou,RAMBLA,POBLENOU,2,16,,,,,,,3,4,2.204907018,41.3984393
10-2014-0492,SANT MARTI,el Poblenou,RAMBLA,POBLENOU,2,16,,,,,,,3,5,2.204907018,41.3984393
10-2014-0493,SANT MARTI,el Poblenou,RAMBLA,POBLENOU,2,20,,,,,,,2,2,2.204907018,41.3984393
10-2014-0494,SANT MARTI,el Poblenou,RAMBLA,POBLENOU,2,20,,,,,,,2,1,2.204907018,41.3984393
10-2014-0496,SANT MARTI,el Poblenou,PASSEIG,CALVELL,1,45,,,,,,C,4,1,2.20760134,41.39891663
10-2014-0497,SANT MARTI,el Poblenou,PASSEIG,CALVELL,1,45,,,,,,A,4,1,2.20760134,41.39891663
10-2014-0499,SANT MARTI,el Poblenou,CARRER,PERELLO,1,31,,,,,,,BJ,,2.207197018,41.39914365
10-2014-0500,SANT MARTI,el Parc i la Llacuna del Poblenou,CARRER,MARINA,2,104,,,,,,,1,3,2.187845158,41.39439245
03-2014-0465,SANTS-MONTJUÏC,el Poble Sec,CARRER,SALVA,1,1,,,,,,,3,11,2.166803105,41.37460523
02-2014-1598,L'EIXAMPLE,Sant Antoni,AVINGUDA,MISTRAL,2,10,,,,,,,6,10,2.158765356,41.37750126
10-2014-0533,SANT MARTI,el Poblenou,PASSEIG,CALVELL,1,45,,,,,,C,6,1,2.20760134,41.39891663
10-2014-0535,SANT MARTI,el Poblenou,PASSEIG,CALVELL,1,45,,,,,,B,BJ,1,2.20760134,41.39891663
10-2014-0537,SANT MARTI,el Poblenou,PASSEIG,CALVELL,1,45,,,,,,B,1,1,2.20760134,41.39891663
10-2014-0539,SANT MARTI,el Poblenou,PASSEIG,CALVELL,1,45,,,,,,B,1,2,2.20760134,41.39891663
10-2014-0540,SANT MARTI,el Poblenou,PASSEIG,CALVELL,1,45,,,,,,B,1,3,2.20760134,41.39891663
10-2014-0542,SANT MARTI,el Poblenou,PASSEIG,CALVELL,1,45,,,,,,B,4,1,2.20760134,41.39891663
10-2014-0544,SANT MARTI,el Poblenou,PASSEIG,CALVELL,1,45,,,,,,B,4,2,2.20760134,41.39891663
10-2014-0546,SANT MARTI,el Poblenou,PASSEIG,CALVELL,1,45,,,,,,B,4,3,2.20760134,41.39891663
10-2014-0548,SANT MARTI,el Poblenou,PASSEIG,CALVELL,1,45,,,,,,B,5,1,2.20760134,41.39891663
07-2014-0224,HORTA-GUINARDÓ,la Teixonera,CARRER,SANTA ROSALIA,1,11,,13,,,,,1,3,2.143945906,41.42091852
10-2014-0237,SANT MARTI,el Poblenou,CARRER,LABERINT,1,1,,3,,,,,,,2.206640676,41.39921092
02-2014-0805,L'EIXAMPLE,la Dreta de l'Eixample,PASSEIG,GRACIA,1,67,,,,,,,PR,2,2.162990435,41.39329323
02-2014-0807,L'EIXAMPLE,la Dreta de l'Eixample,PASSEIG,GRACIA,1,67,,,,,,,1,1,2.162990435,41.39329323
02-2014-0810,L'EIXAMPLE,la Dreta de l'Eixample,PASSEIG,GRACIA,1,67,,,,,,,1,2,2.162990435,41.39329323
02-2014-0811,L'EIXAMPLE,la Dreta de l'Eixample,PASSEIG,GRACIA,1,67,,,,,,,2,1,2.162990435,41.39329323
02-2014-0812,L'EIXAMPLE,la Dreta de l'Eixample,PASSEIG,GRACIA,1,67,,,,,,,2,2,2.162990435,41.39329323
02-2014-0813,L'EIXAMPLE,la Dreta de l'Eixample,PASSEIG,GRACIA,1,67,,,,,,,3,1,2.162990435,41.39329323
02-2014-0814,L'EIXAMPLE,la Dreta de l'Eixample,PASSEIG,GRACIA,1,67,,,,,,,3,2,2.162990435,41.39329323
02-2014-0815,L'EIXAMPLE,la Dreta de l'Eixample,PASSEIG,GRACIA,1,67,,,,,,,4,1,2.162990435,41.39329323
02-2014-0816,L'EIXAMPLE,la Dreta de l'Eixample,PASSEIG,GRACIA,1,67,,,,,,,4,2,2.162990435,41.39329323
02-2014-0818,L'EIXAMPLE,la Dreta de l'Eixample,PASSEIG,GRACIA,1,67,,,,,,,5,1,2.162990435,41.39329323
02-2014-0819,L'EIXAMPLE,la Dreta de l'Eixample,PASSEIG,GRACIA,1,67,,,,,,,5,2,2.162990435,41.39329323
04-2014-0296,LES CORTS,les Corts,CARRER,GALILEU,2,316,,,,,,,5,5,2.131537079,41.38554987
04-2014-0297,LES CORTS,les Corts,CARRER,GALILEU,2,316,,,,,,,5,6,2.131537079,41.38554987
04-2014-0299,LES CORTS,les Corts,CARRER,GALILEU,2,316,,,,,,,5,2,2.131537079,41.38554987
04-2014-0300,LES CORTS,les Corts,CARRER,GALILEU,2,316,,,,,,,5,3,2.131537079,41.38554987
04-2014-0301,LES CORTS,les Corts,CARRER,GALILEU,2,316,,,,,,,AT,1,2.131537079,41.38554987
03-2014-0447,SANTS-MONTJUÏC,el Poble Sec,CARRER,CREU DELS MOLERS,1,51,,,,,,,1,2,2.16142691,41.37283975
10-2014-0623,SANT MARTI,Sant Martí de Provençals,CARRER,HUELVA,2,72,,,,,,,7,2,2.196347278,41.41736471
03-2014-0784,SANTS-MONTJUÏC,Sants,CARRER,TINENT FLOMESTA,1,37,,,,,,,PR,1,2.132178772,41.3733504
03-2014-0785,SANTS-MONTJUÏC,Sants,CARRER,TINENT FLOMESTA,1,37,,,,,,,BJ,2,2.132178772,41.3733504
03-2014-0786,SANTS-MONTJUÏC,Sants,CARRER,TINENT FLOMESTA,1,37,,,,,,,SA,,2.132178772,41.3733504
03-2014-0787,SANTS-MONTJUÏC,Sants,CARRER,TINENT FLOMESTA,1,37,,,,,,,PR,2,2.132178772,41.3733504
03-2014-0788,SANTS-MONTJUÏC,Sants,CARRER,TINENT FLOMESTA,1,37,,,,,,,BJ,1,2.132178772,41.3733504
03-2014-0256,SANTS-MONTJUÏC,Hostafrancs,CARRER,MOIANES,1,63,,,,,,,4,1,2.142434735,41.37401757
02-2014-0675,L'EIXAMPLE,el Fort Pienc,CARRER,SICILIA,1,159,,,,,,,1,2,2.176937434,41.39882438
02-2014-0676,L'EIXAMPLE,el Fort Pienc,CARRER,SICILIA,1,159,,,,,,,5,1,2.176937434,41.39882438
02-2014-0677,L'EIXAMPLE,el Fort Pienc,CARRER,SICILIA,1,159,,,,,,,AT,1,2.176937434,41.39882438
02-2014-0680,L'EIXAMPLE,l'Antiga Esquerra de l'Eixample,CARRER,CASANOVA,2,136,,,,,,A,5,3,2.154672401,41.38862694
02-2014-0681,L'EIXAMPLE,l'Antiga Esquerra de l'Eixample,CARRER,PARIS,2,172,,,,,,E,3,1,2.152288741,41.39277853
02-2014-0741,L'EIXAMPLE,Sant Antoni,CARRER,COMTE BORRELL,1,63,,,,,,,1,2,2.161685087,41.37793633
02-2014-1170,L'EIXAMPLE,l'Antiga Esquerra de l'Eixample,CARRER,ARIBAU,2,134,,,,,,,PR,2,2.155567359,41.39137718
02-2014-1171,L'EIXAMPLE,l'Antiga Esquerra de l'Eixample,CARRER,VALENCIA,2,192,,,,,,,EN,2,2.157646112,41.38829027
02-2014-1172,L'EIXAMPLE,la Sagrada Família,PASSATGE,MAIOL,1,9,,11,,,,,EN,2,2.174425367,41.40178937
03-2014-0417,SANTS-MONTJUÏC,la Bordeta,CARRER,GAVA,2,32,,,,,,,BJ,3,2.140893586,41.37186135
09-2014-0178,SANT ANDREU,la Trinitat Vella,CARRETERA,RIBES,2,114,,,,,,,2,1,2.189386125,41.45048156
10-2014-0344,SANT MARTI,Provençals del Poblenou,AVINGUDA,DIAGONAL,2,160,,,,,,C,2,1,2.196532576,41.40595896
10-2014-0836,SANT MARTI,el Besòs i el Maresme,CARRER,BENEVENT,2,2,,,,,,,5,1,2.21705615,41.41608909
09-2014-0300,SANT ANDREU,Sant Andreu,CARRER,CONCEPCION ARENAL,1,293,,,,,,,4,1,2.18414427,41.43284087
02-2014-0964,L'EIXAMPLE,la Sagrada Família,CARRER,SARDENYA,2,340,,,,,,,4,2,2.17234203,41.40427715
02-2014-0965,L'EIXAMPLE,la Sagrada Família,CARRER,SARDENYA,2,340,,,,,,,PR,2,2.17234203,41.40427715
02-2014-0966,L'EIXAMPLE,la Sagrada Família,CARRER,SARDENYA,2,340,,,,,,,1,2,2.17234203,41.40427715
02-2014-1710,L'EIXAMPLE,l'Antiga Esquerra de l'Eixample,CARRER,CASANOVA,1,193,,,,,,,1,1,2.148909269,41.39271782
02-2014-0969,L'EIXAMPLE,la Sagrada Família,CARRER,SARDENYA,2,340,,,,,,,3,2,2.17234203,41.40427715
02-2014-0970,L'EIXAMPLE,la Sagrada Família,CARRER,SARDENYA,2,340,,,,,,,2,2,2.17234203,41.40427715
03-2014-0482,SANTS-MONTJUÏC,Sants,CARRER,BERLIN,2,18,,,,,,,1,2,2.137920539,41.38257083
02-2014-0414,L'EIXAMPLE,l'Antiga Esquerra de l'Eixample,CARRER,ARAGO,2,156,,,,,,,SA,1,2.156689401,41.38586799
06-2014-0122,GRACIA,la Vila de Gràcia,CARRER,LLIBERTAT,1,15,,,,,,,4,1,2.161191416,41.39972987
06-2014-0123,GRACIA,la Vila de Gràcia,CARRER,LLIBERTAT,1,15,,,,,,,3,2,2.161191416,41.39972987
02-2014-1201,L'EIXAMPLE,la Sagrada Família,CARRER,SARDENYA,2,354,,,,,,,PR,2,2.171346301,41.40503303
02-2014-1202,L'EIXAMPLE,la Sagrada Família,CARRER,SARDENYA,2,354,,,,,,,2,2,2.171346301,41.40503303
02-2014-1204,L'EIXAMPLE,la Sagrada Família,CARRER,SARDENYA,2,354,,,,,,,4,2,2.171346301,41.40503303
03-2014-0608,SANTS-MONTJUÏC,la Font de la Guatlla,CARRER,MEXIC,2,26,,,,,,,1,2,2.148789515,41.37241815
03-2014-0610,SANTS-MONTJUÏC,la Font de la Guatlla,CARRER,MEXIC,2,26,,,,,,,1,3,2.148789515,41.37241815
02-2014-1571,L'EIXAMPLE,el Fort Pienc,CARRER,CASP,2,150,,,,,,,EN,1,2.179975119,41.39618333
02-2014-1585,L'EIXAMPLE,el Fort Pienc,CARRER,CASP,2,150,,,,,,,2,2,2.179975119,41.39618333
02-2014-1592,L'EIXAMPLE,el Fort Pienc,CARRER,CASP,2,150,,,,,,,3,1,2.179975119,41.39618333
02-2014-1618,L'EIXAMPLE,el Fort Pienc,CARRER,CASP,2,150,,,,,,,4,1,2.179975119,41.39618333
06-2014-0407,GRACIA,el Camp d'en Grassot i Gràcia Nova,CARRER,SICILIA,2,380,,,,,,,4,2,2.1684889,41.40550301
04-2014-0147,LES CORTS,les Corts,CARRER,GANDESA,2,6,,,,,,,6,1,2.130529582,41.38782165
02-2014-1653,L'EIXAMPLE,l'Antiga Esquerra de l'Eixample,CARRER,PROVENÇA,1,125,,,,,,,3,1,2.151854173,41.3876266
02-2014-1666,L'EIXAMPLE,l'Antiga Esquerra de l'Eixample,CARRER,PROVENÇA,1,125,,,,,,,3,2,2.151854173,41.3876266
07-2014-0283,HORTA-GUINARDÓ,Can Baró,CARRER,FRANCESC ALEGRE,1,9,,,,,,,BJ,2,2.166359498,41.41573335
07-2014-0296,HORTA-GUINARDÓ,el Guinardó,PASSATGE,GARROFERS,2,8,,,,,,,EN,3,2.173820973,41.41856854
03-2014-0741,SANTS-MONTJUÏC,Sants,PASSATGE,BARO DE GRIÑO,2,2,,,,,,,1,2,2.137536038,41.37335597
03-2014-0684,SANTS-MONTJUÏC,la Bordeta,CARRER,GAVA,2,24,,,,,,,2,4,2.14107851,41.37200962
02-2014-1783,L'EIXAMPLE,l'Antiga Esquerra de l'Eixample,CARRER,ENRIC GRANADOS,2,72,,,,,,,3,2,2.156575926,41.39231876
06-2014-0435,GRACIA,Vallcarca i els Penitents,CARRER,REPARTIDOR,2,26,,,,,,,2,3,2.148845811,41.4113285
04-2014-0214,LES CORTS,la Maternitat i Sant Ramon,CARRER,PINTOR PAHISSA,1,39,,,,,,B,8,1,2.121972247,41.37750393
03-2014-0819,SANTS-MONTJUÏC,Sants,CARRER,VALLESPIR,2,90,,,,,,,BJ,1,2.136608224,41.38029121
03-2014-0820,SANTS-MONTJUÏC,Sants,CARRER,VALLESPIR,2,90,,,,,,,BJ,2,2.136608224,41.38029121
02-2014-1327,L'EIXAMPLE,la Dreta de l'Eixample,CARRER,FONTANELLA,1,15,,,,,,A,3,1,2.172275761,41.38808601
06-2014-0413,GRACIA,la Vila de Gràcia,CARRER,SANT AGUSTI,2,10,,,,,,,PR,1,2.160728037,41.39828215
06-2014-0414,GRACIA,la Vila de Gràcia,CARRER,SANT AGUSTI,2,10,,,,,,,2,2,2.160728037,41.39828215
06-2014-0417,GRACIA,la Vila de Gràcia,CARRER,RAMON Y CAJAL,1,95,,,,,,,1,2,2.161946455,41.40470973
10-2014-0551,SANT MARTI,el Poblenou,PASSEIG,CALVELL,1,45,,,,,,B,5,2,2.20760134,41.39891663
10-2014-0553,SANT MARTI,el Poblenou,PASSEIG,CALVELL,1,45,,,,,,B,5,3,2.20760134,41.39891663
10-2014-0555,SANT MARTI,el Poblenou,PASSEIG,CALVELL,1,45,,,,,,C,3,1,2.20760134,41.39891663
10-2014-0558,SANT MARTI,el Poblenou,PASSEIG,CALVELL,1,45,,,,,,C,3,2,2.20760134,41.39891663
10-2014-0560,SANT MARTI,el Poblenou,PASSEIG,CALVELL,1,45,,,,,,C,3,3,2.20760134,41.39891663
10-2014-0562,SANT MARTI,el Poblenou,PASSEIG,CALVELL,1,45,,,,,,C,3,4,2.20760134,41.39891663
02-2014-1068,L'EIXAMPLE,la Dreta de l'Eixample,CARRER,BAILEN,1,81,,83,,,,,BJ,3,2.171386513,41.39619646
02-2014-1069,L'EIXAMPLE,la Dreta de l'Eixample,CARRER,BAILEN,1,81,,83,,,,,1,1,2.171386513,41.39619646
02-2014-1070,L'EIXAMPLE,la Dreta de l'Eixample,CARRER,BAILEN,1,81,,83,,,,,BJ,2,2.171386513,41.39619646
02-2014-1071,L'EIXAMPLE,la Dreta de l'Eixample,CARRER,BAILEN,1,81,,83,,,,,BJ,1,2.171386513,41.39619646
02-2014-1088,L'EIXAMPLE,la Dreta de l'Eixample,CARRER,BAILEN,1,81,,83,,,,,3,4,2.171386513,41.39619646
02-2014-1092,L'EIXAMPLE,la Dreta de l'Eixample,CARRER,BAILEN,1,81,,83,,,,,4,4,2.171386513,41.39619646
02-2014-1095,L'EIXAMPLE,la Dreta de l'Eixample,CARRER,BAILEN,1,81,,83,,,,,5,2,2.171386513,41.39619646
03-2014-0894,SANTS-MONTJUÏC,Sants,AVINGUDA,MADRID,2,142,,146,,,,B,3,3,2.130203511,41.37978153
03-2014-0895,SANTS-MONTJUÏC,Sants,AVINGUDA,MADRID,2,142,,146,,,,A,3,3,2.130203511,41.37978153
05-2014-0580,SARRIA-SANT GERVASI,Sarrià,CARRER,BOSC,2,8,,,,,,,BJ,,2.112706873,41.4097289
06-2014-0385,GRACIA,la Vila de Gràcia,CARRER,TRES SENYORES,1,27,,,,,,,BJ,2,2.158649717,41.40680806
06-2014-0387,GRACIA,la Vila de Gràcia,CARRER,TRES SENYORES,1,3,,5,,,,,3,1,2.157227403,41.40597199
06-2014-0389,GRACIA,la Vila de Gràcia,CARRER,TORDERA,1,57,,,,,,,BJ,,2.162659932,41.40247903
06-2014-0396,GRACIA,la Vila de Gràcia,CARRER,BENET MERCADE,2,26,,,,,,,4,B,2.152006992,41.4008169
03-2014-0478,SANTS-MONTJUÏC,la Font de la Guatlla,GRAN VIA,CORTS CATALANES,2,234,,,,,,,BJ,1,2.142932548,41.37003851
02-2014-0671,L'EIXAMPLE,Sant Antoni,CARRER,COMTE D'URGELL,2,52,,54,,,,,4,3,2.159659792,41.38151858
02-2014-1370,L'EIXAMPLE,la Sagrada Família,CARRER,VALENCIA,1,463,,,,,,,2,2,2.177486514,41.40348392
03-2014-0704,SANTS-MONTJUÏC,Sants,CARRER,JOAN GUELL,1,91,,,,,,,6,,2.132604743,41.38007708
02-2014-1002,L'EIXAMPLE,l'Antiga Esquerra de l'Eixample,CARRER,VILLARROEL,1,125,,,,,,,1,2,2.155228911,41.38622833
06-2014-0365,GRACIA,la Vila de Gràcia,CARRER,ENCARNACIO,2,68,,,,,,,SA,1,2.160909575,41.40686222
10-2014-0388,SANT MARTI,el Parc i la Llacuna del Poblenou,CARRER,ALMOGAVERS,2,148,,,,,,,4,2,2.192344817,41.39866596
10-2014-0393,SANT MARTI,el Camp de l'Arpa del Clot,CARRER,INDUSTRIA,1,207,,,,,,,1,2,2.176977407,41.41163491
10-2014-0410,SANT MARTI,el Poblenou,CARRER,FERROCARRIL,1,27,,,,,,,2,3,2.207070421,41.3988077
10-2014-0411,SANT MARTI,el Poblenou,CARRER,FERROCARRIL,1,27,,,,,,,2,4,2.207070421,41.3988077
03-2014-0436,SANTS-MONTJUÏC,el Poble Sec,CARRER,OLIVERA,1,13,,,,,,,3,1,2.159139589,41.37357588
02-2014-0536,L'EIXAMPLE,la Nova Esquerra de l'Eixample,CARRER,ROCAFORT,2,92,,,,,,,5,2,2.152656452,41.37991956
03-2014-0411,SANTS-MONTJUÏC,el Poble Sec,CARRER,HORTES,1,9,,,,,,,1,1,2.167132546,41.3731359
02-2014-1390,L'EIXAMPLE,la Dreta de l'Eixample,CARRER,AUSIAS MARC,2,24,,,,,,,PR,B,2.175427038,41.3910657
02-2014-1403,L'EIXAMPLE,la Dreta de l'Eixample,CARRER,AUSIAS MARC,2,24,,,,,,,1,1B,2.175427038,41.3910657
02-2014-1412,L'EIXAMPLE,la Dreta de l'Eixample,CARRER,AUSIAS MARC,2,24,,,,,,,2,2A,2.175427038,41.3910657
02-2014-1425,L'EIXAMPLE,la Dreta de l'Eixample,CARRER,AUSIAS MARC,2,24,,,,,,,4,2,2.175427038,41.3910657
02-2014-1434,L'EIXAMPLE,la Dreta de l'Eixample,CARRER,AUSIAS MARC,2,24,,,,,,,4,1,2.175427038,41.3910657
03-2014-0441,SANTS-MONTJUÏC,el Poble Sec,CARRER,MATA,1,13,,,,,,,3,4,2.170766503,41.37254994
02-2014-1543,L'EIXAMPLE,la Dreta de l'Eixample,CARRER,CASP,1,41,,,,,,,PR,1,2.173899649,41.39189731
02-2014-1549,L'EIXAMPLE,la Dreta de l'Eixample,CARRER,CASP,1,41,,,,,,,2,2B,2.173899649,41.39189731
02-2014-1553,L'EIXAMPLE,la Dreta de l'Eixample,CARRER,CASP,1,41,,,,,,,2,1B,2.173899649,41.39189731
02-2014-1558,L'EIXAMPLE,la Dreta de l'Eixample,CARRER,CASP,1,41,,,,,,,1,2B,2.173899649,41.39189731
03-2014-0611,SANTS-MONTJUÏC,la Font de la Guatlla,CARRER,MEXIC,2,26,,,,,,,2,1,2.148789515,41.37241815
03-2014-0682,SANTS-MONTJUÏC,la Marina de Port,CARRER,GAIA,2,6,,,,,,,1,3,2.141163407,41.36198945
02-2014-1196,L'EIXAMPLE,la Dreta de l'Eixample,CARRER,BRUC,1,41,,,,,,,3,1,2.172593383,41.39186824
02-2014-1278,L'EIXAMPLE,la Sagrada Família,CARRER,MARINA,1,285,,,,,,,PR,1,2.172635568,41.4057353
02-2014-1218,L'EIXAMPLE,Sant Antoni,PLAÇA,UNIVERSITAT,1,1,,,,,,,3,1,2.163304718,41.38524519
02-2014-1219,L'EIXAMPLE,Sant Antoni,PLAÇA,UNIVERSITAT,1,1,,,,,,,3,2,2.163304718,41.38524519
03-2014-0359,SANTS-MONTJUÏC,Hostafrancs,CARRER,BEJAR,2,28,,,,,,,EN,,2.146096661,41.37641541
02-2014-1220,L'EIXAMPLE,Sant Antoni,CARRER,SEPULVEDA,1,163,,,,,,,1,1,2.161716239,41.38275556
02-2014-1221,L'EIXAMPLE,la Nova Esquerra de l'Eixample,CARRER,PARIS,2,42,,,,,,D,7,3,2.143189503,41.38592427
02-2014-1224,L'EIXAMPLE,la Dreta de l'Eixample,RAMBLA,CATALUNYA,2,118,,,,,,,4,1,2.158400363,41.39495549
02-2014-0519,L'EIXAMPLE,la Dreta de l'Eixample,PASSEIG,GRACIA,1,51,,,,,,,3,2B,2.164177971,41.39233147
03-2014-0308,SANTS-MONTJUÏC,el Poble Sec,CARRER,RICART,2,40,,44,,,,,EN,4,2.157329989,41.37260915
02-2014-0376,L'EIXAMPLE,la Dreta de l'Eixample,CARRER,DIPUTACIO,1,247,,,,,,,4,6,2.164659251,41.3887352
02-2014-0447,L'EIXAMPLE,l'Antiga Esquerra de l'Eixample,CARRER,CORSEGA,2,244,,,,,,,1,2,2.155033863,41.39308869
02-2014-0448,L'EIXAMPLE,l'Antiga Esquerra de l'Eixample,CARRER,CORSEGA,2,244,,,,,,,4,2,2.155033863,41.39308869
10-2014-0201,SANT MARTI,el Poblenou,CARRER,LLULL,2,184,,,,,,,5,3,2.20153062,41.40038792
10-2014-0203,SANT MARTI,el Camp de l'Arpa del Clot,CARRER,BESALU,1,59,,,,,,,BJ,,2.18419276,41.41439375
02-2014-0766,L'EIXAMPLE,l'Antiga Esquerra de l'Eixample,CARRER,PARIS,1,129,,,,,,,4,4,2.148932191,41.39053131
06-2014-0603,GRACIA,la Vila de Gràcia,PLAÇA,VILA DE GRACIA,1,3,,,,,,,2,2,2.157963784,41.40004579
05-2014-0288,SARRIA-SANT GERVASI,Sant Gervasi - la Bonanova,CARRER,POMARET,1,7,,9,,,,D,4,,2.125252219,41.4027842
05-2014-0289,SARRIA-SANT GERVASI,Sarrià,VIA,AUGUSTA,1,339,,,,,,C,4,1,2.122307972,41.40084859
05-2014-0290,SARRIA-SANT GERVASI,Sant Gervasi - la Bonanova,CARRER,DALMASES,1,79,,81,,,,,AT,1,2.131106891,41.40428623
10-2014-0563,SANT MARTI,el Poblenou,PASSEIG,CALVELL,1,45,,,,,,C,3,5,2.20760134,41.39891663
10-2014-0564,SANT MARTI,el Poblenou,PASSEIG,CALVELL,1,45,,,,,,C,4,2,2.20760134,41.39891663
10-2014-0565,SANT MARTI,el Poblenou,PASSEIG,CALVELL,1,45,,,,,,C,4,5,2.20760134,41.39891663
10-2014-0566,SANT MARTI,el Poblenou,PASSEIG,CALVELL,1,45,,,,,,C,6,2,2.20760134,41.39891663
10-2014-0567,SANT MARTI,el Poblenou,PASSEIG,CALVELL,1,45,,,,,,A,1,1,2.20760134,41.39891663
10-2014-0568,SANT MARTI,el Poblenou,PASSEIG,CALVELL,1,45,,,,,,A,1,2,2.20760134,41.39891663
10-2014-0569,SANT MARTI,el Poblenou,PASSEIG,CALVELL,1,45,,,,,,A,1,3,2.20760134,41.39891663
10-2014-0570,SANT MARTI,el Poblenou,PASSEIG,CALVELL,1,45,,,,,,A,1,4,2.20760134,41.39891663
10-2014-0571,SANT MARTI,el Poblenou,PASSEIG,CALVELL,1,45,,,,,,A,4,2,2.20760134,41.39891663
10-2014-0572,SANT MARTI,el Poblenou,PASSEIG,CALVELL,1,45,,,,,,A,4,3,2.20760134,41.39891663
10-2014-0573,SANT MARTI,el Poblenou,PASSEIG,CALVELL,1,45,,,,,,A,4,4,2.20760134,41.39891663
10-2014-0574,SANT MARTI,el Poblenou,PASSEIG,CALVELL,1,45,,,,,,A,4,5,2.20760134,41.39891663
02-2014-0426,L'EIXAMPLE,l'Antiga Esquerra de l'Eixample,CARRER,CASANOVA,2,142,,,,,,,1,2,2.154412472,41.38882434
02-2014-1225,L'EIXAMPLE,l'Antiga Esquerra de l'Eixample,CARRER,ARIBAU,2,58,,,,,,,AT,2,2.159381712,41.38849302
09-2014-0144,SANT ANDREU,Navas,CARRER,BOFARULL,2,48,,,,,,,9,4,2.189006142,41.41829533
07-2014-0189,HORTA-GUINARDÓ,el Guinardó,CARRER,MASCARO,1,19,,,,,,,1,1,2.174977849,41.42448117
06-2014-0150,GRACIA,la Vila de Gràcia,CARRER,GRAN DE GRACIA,1,67,,,,,,,AT,,2.155288307,41.39987101
03-2014-0708,SANTS-MONTJUÏC,Sants - Badal,CARRER,SUGRANYES,1,35,,37,,,,,1,D,2.128295948,41.37428066
06-2014-0306,GRACIA,la Vila de Gràcia,CARRER,CAROLINES,1,17,,,,,,,1,,2.150873335,41.40338879
10-2014-0915,SANT MARTI,Sant Martí de Provençals,CARRER,FLUVIA,2,276,,,,,,,1,2,2.194641838,41.41649125
03-2014-0828,SANTS-MONTJUÏC,Sants,CARRER,VALLESPIR,2,90,,,,,,,3,1,2.136608224,41.38029121
03-2014-0829,SANTS-MONTJUÏC,Sants,CARRER,VALLESPIR,2,90,,,,,,,3,2,2.136608224,41.38029121
03-2014-0830,SANTS-MONTJUÏC,Sants,CARRER,VALLESPIR,2,90,,,,,,,4,1,2.136608224,41.38029121
03-2014-0831,SANTS-MONTJUÏC,Sants,CARRER,VALLESPIR,2,90,,,,,,,4,2,2.136608224,41.38029121
02-2014-0869,L'EIXAMPLE,la Dreta de l'Eixample,RONDA,UNIVERSITAT,1,23,,,,,,,4,1A,2.166780443,41.38688261
03-2014-0606,SANTS-MONTJUÏC,el Poble Sec,PASSEIG,JOSEP CARNER,1,49,,,,,,,4,2,2.174022163,41.37059874
10-2014-0325,SANT MARTI,el Camp de l'Arpa del Clot,CARRER,CORSEGA,2,662,,,,,,,2,4,2.179349547,41.41144686
10-2014-0421,SANT MARTI,Sant Martí de Provençals,CARRER,ALCALA DE GUADAIRA,1,23,,,,,,,6,1,2.195540882,41.41794689
10-2014-0423,SANT MARTI,el Camp de l'Arpa del Clot,CARRER,INDUSTRIA,1,207,,,,,,,3,2,2.176977407,41.41163491
10-2014-0426,SANT MARTI,el Camp de l'Arpa del Clot,CARRER,INDUSTRIA,1,207,,,,,,,4,1,2.176977407,41.41163491
10-2014-0431,SANT MARTI,el Camp de l'Arpa del Clot,CARRER,JOAN DE PEGUERA,1,77,,,,,,,BJ,2,2.182530657,41.41440238
10-2014-0434,SANT MARTI,el Camp de l'Arpa del Clot,CARRER,JOAN DE PEGUERA,1,77,,,,,,,1,2,2.182530657,41.41440238
10-2014-0441,SANT MARTI,el Parc i la Llacuna del Poblenou,CARRER,PERE IV,2,44,,46,,,,,2,1,2.19180215,41.39537764
10-2014-0443,SANT MARTI,el Parc i la Llacuna del Poblenou,CARRER,PERE IV,2,44,,46,,,,,5,1,2.19180215,41.39537764
10-2014-0444,SANT MARTI,el Parc i la Llacuna del Poblenou,CARRER,PERE IV,2,44,,46,,,,,4,5,2.19180215,41.39537764
10-2014-0445,SANT MARTI,el Parc i la Llacuna del Poblenou,CARRER,PERE IV,2,44,,46,,,,,4,4,2.19180215,41.39537764
10-2014-0447,SANT MARTI,la Vila Olímpica del Poblenou,AVINGUDA,ICARIA,2,144,,,,,,,2,2,2.196246355,41.39026547
10-2014-0453,SANT MARTI,el Parc i la Llacuna del Poblenou,CARRER,PERE IV,2,44,,46,,,,,3,1,2.19180215,41.39537764
02-2014-0309,L'EIXAMPLE,la Nova Esquerra de l'Eixample,GRAN VIA,CORTS CATALANES,1,479,,,,,,,PR,2,2.155551583,41.38018778
02-2014-0311,L'EIXAMPLE,la Nova Esquerra de l'Eixample,GRAN VIA,CORTS CATALANES,1,479,,,,,,,1,2,2.155551583,41.38018778
02-2014-0312,L'EIXAMPLE,la Nova Esquerra de l'Eixample,GRAN VIA,CORTS CATALANES,1,479,,,,,,,4,1,2.155551583,41.38018778
02-2014-0313,L'EIXAMPLE,la Nova Esquerra de l'Eixample,GRAN VIA,CORTS CATALANES,1,479,,,,,,,4,2,2.155551583,41.38018778
04-2014-0103,LES CORTS,les Corts,CARRER,TAQUIGRAF SERRA,1,1,,,,,,,4,6,2.138519944,41.38582011
03-2014-0238,SANTS-MONTJUÏC,el Poble Sec,AVINGUDA,PARAL.LEL,1,75,,,,,,,3,,2.168048133,41.37478631
03-2014-0239,SANTS-MONTJUÏC,el Poble Sec,AVINGUDA,PARAL.LEL,1,75,,,,,,,PR,,2.168048133,41.37478631
03-2014-0240,SANTS-MONTJUÏC,el Poble Sec,AVINGUDA,PARAL.LEL,1,75,,,,,,,2,,2.168048133,41.37478631
03-2014-0241,SANTS-MONTJUÏC,Hostafrancs,CARRER,MOIANES,1,73,,75,,,,,1,4,2.142445677,41.37439539
02-2014-1561,L'EIXAMPLE,la Dreta de l'Eixample,CARRER,CASP,1,41,,,,,,,1,2A,2.173899649,41.39189731
03-2014-0613,SANTS-MONTJUÏC,la Font de la Guatlla,CARRER,MEXIC,2,26,,,,,,,2,3,2.148789515,41.37241815
03-2014-0614,SANTS-MONTJUÏC,la Font de la Guatlla,CARRER,MEXIC,2,26,,,,,,,3,1,2.148789515,41.37241815
03-2014-0616,SANTS-MONTJUÏC,la Font de la Guatlla,CARRER,MEXIC,2,26,,,,,,,3,2,2.148789515,41.37241815
03-2014-0661,SANTS-MONTJUÏC,el Poble Sec,PASSATGE,PRUNERA,2,4,,,,,,,BJ,2,2.156633471,41.37412456
03-2014-0677,SANTS-MONTJUÏC,Sants,CARRER,GUADIANA,2,24,,,,,,,2,,2.139190172,41.37417658
06-2014-0152,GRACIA,el Coll,CARRER,TORRENT DEL REMEI,1,3,,,,,,,BJ,,2.1480801,41.41561909
04-2014-0379,LES CORTS,Pedralbes,CARRER,DOCTOR FERRAN,2,26,,,,,,,8,3,2.124142223,41.39086538
07-2014-0357,HORTA-GUINARDÓ,Sant Genís dels Agudells,CARRER,SAGAS,1,25,,,,,,,BJ,,2.133407079,41.43008022
09-2014-0140,SANT ANDREU,Navas,CARRER,BOFARULL,2,48,,,,,,,5,3,2.189006142,41.41829533
02-2014-0588,L'EIXAMPLE,Sant Antoni,CARRER,VILLARROEL,2,50,,,,,,,3,1,2.160372985,41.38261913
02-2014-1429,L'EIXAMPLE,la Dreta de l'Eixample,RONDA,SANT PERE,2,50,,,,,,,1,2,2.176420252,41.39016989
02-2014-2078,L'EIXAMPLE,la Sagrada Família,CARRER,VALENCIA,1,439,,,,,,,3,2,2.176298318,41.4025892
10-2014-0575,SANT MARTI,el Poblenou,PASSEIG,CALVELL,1,45,,,,,,A,4,6,2.20760134,41.39891663
10-2014-0577,SANT MARTI,el Poblenou,PASSEIG,CALVELL,1,45,,,,,,A,5,1,2.20760134,41.39891663
10-2014-0578,SANT MARTI,el Poblenou,PASSEIG,CALVELL,1,45,,,,,,A,5,2,2.20760134,41.39891663
02-2014-1815,L'EIXAMPLE,la Nova Esquerra de l'Eixample,CARRER,COMTE BORRELL,2,164,,,,,,I,1,2,2.15454506,41.38361517
02-2014-1817,L'EIXAMPLE,la Nova Esquerra de l'Eixample,CARRER,COMTE BORRELL,2,164,,,,,,I,1,1,2.15454506,41.38361517
02-2014-1818,L'EIXAMPLE,la Nova Esquerra de l'Eixample,CARRER,COMTE BORRELL,2,164,,,,,,D,3,1,2.15454506,41.38361517
02-2014-0949,L'EIXAMPLE,la Nova Esquerra de l'Eixample,CARRER,VALENCIA,2,120,,,,,,,PR,1,2.15144903,41.38363173
05-2014-0228,SARRIA-SANT GERVASI,Sant Gervasi - Galvany,CARRER,SANTALO,1,43,,,,,,,1,4,2.145082793,41.3960903
05-2014-0230,SARRIA-SANT GERVASI,Sant Gervasi - Galvany,CARRER,SANTALO,1,43,,,,,,,PR,2,2.145082793,41.3960903
05-2014-0231,SARRIA-SANT GERVASI,Sant Gervasi - Galvany,CARRER,SANTALO,1,43,,,,,,,PR,3,2.145082793,41.3960903
05-2014-0232,SARRIA-SANT GERVASI,Sant Gervasi - Galvany,CARRER,SANTALO,1,43,,,,,,,PR,1,2.145082793,41.3960903
06-2014-0363,GRACIA,el Camp d'en Grassot i Gràcia Nova,CARRER,SECRETARI COLOMA,1,71,,73,,,,,5,4,2.162624574,41.40968041
02-2014-0623,L'EIXAMPLE,la Dreta de l'Eixample,CARRER,TRAFALGAR,1,5,,,,,,,2,1,2.174337328,41.38905853
02-2014-0820,L'EIXAMPLE,la Dreta de l'Eixample,PASSEIG,GRACIA,1,67,,,,,,,PR,1,2.162990435,41.39329323
02-2014-1126,L'EIXAMPLE,la Dreta de l'Eixample,GRAN VIA,CORTS CATALANES,2,682,,,,,,,AT,2,2.173056644,41.39268474
03-2014-0856,SANTS-MONTJUÏC,Sants - Badal,CARRER,ROGER,2,32,,,,,,,2,1,2.127276835,41.37690229
02-2014-0943,L'EIXAMPLE,la Nova Esquerra de l'Eixample,CARRER,DIPUTACIO,2,4,,,,,,,1,3,2.149701555,41.37717749
02-2014-1590,L'EIXAMPLE,l'Antiga Esquerra de l'Eixample,CARRER,MUNTANER,2,66,,,,,,,1,1,2.159033247,41.38705079
04-2014-0394,LES CORTS,la Maternitat i Sant Ramon,TRAVESSERA,CORTS,2,118,,,,,,,2,1,2.125778387,41.37990993
05-2014-0090,SARRIA-SANT GERVASI,el Putxet i el Farró,AVINGUDA,REPUBLICA ARGENTINA,1,41,,,,,,,PR,1,2.146939703,41.40872752
07-2014-0046,HORTA-GUINARDÓ,el Guinardó,AVINGUDA,MARE DEU DE MONTSERRAT,1,105,,,,,,,SA,4,2.16833072,41.41584779
05-2014-0120,SARRIA-SANT GERVASI,Sant Gervasi - la Bonanova,CARRER,MANDRI,2,22,,,,,,,BJ,3,2.134684092,41.40266702
05-2014-0129,SARRIA-SANT GERVASI,Vallvidrera el Tibidabo i les Planes,CARRER,BALADRE,1,29,,,,,,,BJ,,2.093280652,41.42931581
02-2014-0926,L'EIXAMPLE,l'Antiga Esquerra de l'Eixample,CARRER,PROVENÇA,1,131,,,,,,,5,2,2.152236782,41.38791921
03-2014-0609,SANTS-MONTJUÏC,el Poble Sec,CARRER,ROSER,2,72,,,,,,,4,1,2.165712914,41.3719895
05-2014-0342,SARRIA-SANT GERVASI,les Tres Torres,RONDA,GENERAL MITRE,1,7,,,,,,,9,4,2.131022749,41.39320471
05-2014-0343,SARRIA-SANT GERVASI,les Tres Torres,RONDA,GENERAL MITRE,1,7,,,,,,,3,1,2.131022749,41.39320471
02-2014-2061,L'EIXAMPLE,la Nova Esquerra de l'Eixample,CARRER,ARAGO,1,51,,,,,,,4,3,2.148818753,41.380219
02-2014-2064,L'EIXAMPLE,la Dreta de l'Eixample,RAMBLA,CATALUNYA,2,12,,,,,,,AT,2,2.167743288,41.38813611
03-2014-0837,SANTS-MONTJUÏC,Sants,CARRER,IBERIA,2,16,,,,,,,3,2,2.136660904,41.37375868
02-2014-0353,L'EIXAMPLE,la Dreta de l'Eixample,CARRER,BALMES,1,9,,,,,,,1,2,2.165864503,41.38672895
06-2014-0294,GRACIA,la Vila de Gràcia,CARRER,TORRENT DE L'OLLA,2,28,,,,,,,3,1,2.160518685,41.39928761
02-2014-1335,L'EIXAMPLE,la Dreta de l'Eixample,PASSEIG,SANT JOAN,1,3,,,,,,,PR,1,2.17909268,41.39187787
06-2014-0372,GRACIA,la Vila de Gràcia,CARRER,TORRENT DE LES FLORS,2,48,,,,,,,2,,2.160528835,41.40595094
10-2014-0458,SANT MARTI,el Parc i la Llacuna del Poblenou,CARRER,PERE IV,2,44,,46,,,,,1,2,2.19180215,41.39537764
10-2014-0460,SANT MARTI,el Camp de l'Arpa del Clot,CARRER,INDUSTRIA,2,204,,,,,,,2,1,2.177062533,41.41141726
03-2014-0468,SANTS-MONTJUÏC,Sants,CARRER,VALLESPIR,1,97,,,,,,,3,4,2.135683406,41.38131809
03-2014-0469,SANTS-MONTJUÏC,Sants,CARRER,VALLESPIR,1,97,,,,,,,5,2,2.135683406,41.38131809
10-2014-0471,SANT MARTI,Diagonal Mar i el Front Marítim del Poblenou,AVINGUDA,DIAGONAL,2,54,,,,,,,2,1,2.211040606,41.40986485
10-2014-0475,SANT MARTI,el Clot,AVINGUDA,MERIDIANA,1,109,,,,,,,3,1,2.186564607,41.40786798
10-2014-0478,SANT MARTI,el Clot,AVINGUDA,MERIDIANA,1,109,,,,,,,2,1,2.186564607,41.40786798
10-2014-0482,SANT MARTI,el Poblenou,RAMBLA,POBLENOU,1,25,,,,,,,2,3,2.203574477,41.3991688
03-2014-0243,SANTS-MONTJUÏC,Hostafrancs,CARRER,ESPANYA INDUSTRIAL,2,6,,,,,,,1,1,2.140547519,41.37566585
03-2014-0244,SANTS-MONTJUÏC,Hostafrancs,CARRER,ESPANYA INDUSTRIAL,2,6,,,,,,,3,2,2.140547519,41.37566585
03-2014-0245,SANTS-MONTJUÏC,Hostafrancs,CARRER,ESPANYA INDUSTRIAL,2,6,,,,,,,3,1,2.140547519,41.37566585
01-2014-0439,CIUTAT VELLA,el Raval,CARRER,TIGRE,2,10,,,,,,,3,2,2.164709013,41.38274283
01-2014-0440,CIUTAT VELLA,el Raval,CARRER,TIGRE,2,10,,,,,,,3,1,2.164709013,41.38274283
10-2014-0863,SANT MARTI,el Besòs i el Maresme,CARRER,ALFONS EL MAGNANIM,1,77,B,,,,,,7,2,2.214410005,41.41614279
10-2014-0864,SANT MARTI,el Besòs i el Maresme,CARRER,ALFONS EL MAGNANIM,1,77,B,,,,,,7,1,2.214410005,41.41614279
10-2014-0321,SANT MARTI,el Poblenou,CARRER,DOCTOR TRUETA,2,160,,,,,,,AT,,2.20034968,41.39612867
02-2014-1583,L'EIXAMPLE,el Fort Pienc,CARRER,CASP,2,150,,,,,,,EN,2,2.179975119,41.39618333
02-2014-1593,L'EIXAMPLE,el Fort Pienc,CARRER,CASP,2,150,,,,,,,1,1,2.179975119,41.39618333
02-2014-1597,L'EIXAMPLE,el Fort Pienc,CARRER,CASP,2,150,,,,,,,1,2,2.179975119,41.39618333
02-2014-1605,L'EIXAMPLE,el Fort Pienc,CARRER,CASP,2,150,,,,,,,2,1,2.179975119,41.39618333
02-2014-1612,L'EIXAMPLE,el Fort Pienc,CARRER,CASP,2,150,,,,,,,3,2,2.179975119,41.39618333
02-2014-1616,L'EIXAMPLE,el Fort Pienc,CARRER,CASP,2,150,,,,,,,4,2,2.179975119,41.39618333
02-2014-1624,L'EIXAMPLE,el Fort Pienc,CARRER,CASP,2,150,,,,,,,5,,2.179975119,41.39618333
02-2014-1630,L'EIXAMPLE,l'Antiga Esquerra de l'Eixample,CARRER,PROVENÇA,1,125,,,,,,,2,2,2.151854173,41.3876266
02-2014-1643,L'EIXAMPLE,l'Antiga Esquerra de l'Eixample,CARRER,PROVENÇA,1,125,,,,,,,2,1,2.151854173,41.3876266
02-2014-1650,L'EIXAMPLE,l'Antiga Esquerra de l'Eixample,CARRER,PROVENÇA,1,125,,,,,,,1,1,2.151854173,41.3876266
02-2014-1660,L'EIXAMPLE,l'Antiga Esquerra de l'Eixample,CARRER,PROVENÇA,1,125,,,,,,,1,2,2.151854173,41.3876266
02-2014-0398,L'EIXAMPLE,la Nova Esquerra de l'Eixample,GRAN VIA,CORTS CATALANES,1,451,,,,,,,PR,1,2.154069809,41.37907052
10-2014-0161,SANT MARTI,Diagonal Mar i el Front Marítim del Poblenou,PASSEIG,TAULAT,1,233,,,,,,,4,,2.210431706,41.40344702
03-2014-0389,SANTS-MONTJUÏC,Hostafrancs,CARRER,CREU COBERTA,1,87,,,,,,,1,A,2.144532614,41.37512531
10-2014-0100,SANT MARTI,el Parc i la Llacuna del Poblenou,CARRER,ALMOGAVERS,2,56,,,,,,,4,2,2.18533062,41.39346476
04-2014-0136,LES CORTS,les Corts,CARRER,GUITARD,2,80,,,,,,,6,6,2.136328589,41.38443023
03-2014-0349,SANTS-MONTJUÏC,Sants - Badal,CARRER,BONSOMS,1,21,,,,,,,3,1,2.126360636,41.37322517
10-2014-0355,SANT MARTI,el Poblenou,CARRER,ESPRONCEDA,2,38,,,,,,,BJ,3,2.207972453,41.40294367
07-2014-0258,HORTA-GUINARDÓ,la Font d'en Fargues,CARRER,AGUDELLS,1,27,,,,,,,,,2.159199503,41.42403486
02-2014-0314,L'EIXAMPLE,l'Antiga Esquerra de l'Eixample,CARRER,ROSSELLO,1,189,,,,,,D,5,2,2.155223842,41.39184847
03-2014-0191,SANTS-MONTJUÏC,la Font de la Guatlla,GRAN VIA,CORTS CATALANES,2,270,,,,,,,EN,2,2.144312814,41.37107737
02-2014-1694,L'EIXAMPLE,la Nova Esquerra de l'Eixample,CARRER,COMTE D'URGELL,1,131,,,,,,,PR,3,2.153226273,41.38596399
02-2014-1703,L'EIXAMPLE,la Nova Esquerra de l'Eixample,CARRER,COMTE D'URGELL,1,131,,,,,,,PR,4,2.153226273,41.38596399
02-2014-1708,L'EIXAMPLE,la Nova Esquerra de l'Eixample,CARRER,COMTE D'URGELL,1,131,,,,,,,1,1,2.153226273,41.38596399
02-2014-1712,L'EIXAMPLE,la Nova Esquerra de l'Eixample,CARRER,COMTE D'URGELL,1,131,,,,,,,1,2,2.153226273,41.38596399
02-2014-1716,L'EIXAMPLE,la Nova Esquerra de l'Eixample,CARRER,COMTE D'URGELL,1,131,,,,,,,1,3,2.153226273,41.38596399
02-2014-1722,L'EIXAMPLE,la Nova Esquerra de l'Eixample,CARRER,COMTE D'URGELL,1,131,,,,,,,1,4,2.153226273,41.38596399
02-2014-0979,L'EIXAMPLE,la Dreta de l'Eixample,PASSEIG,GRACIA,1,3,,,,,,,6,2,2.169270627,41.38821806
10-2014-0152,SANT MARTI,Diagonal Mar i el Front Marítim del Poblenou,CARRER,BAC DE RODA,1,5,,,,,,,3,B,2.210608442,41.40229448
07-2014-0070,HORTA-GUINARDÓ,Horta,CARRER,MESTRE SERRADESANFERM,1,13,,,,,,,3,,2.159387737,41.42912292
02-2014-2127,L'EIXAMPLE,l'Antiga Esquerra de l'Eixample,CARRER,ARIBAU,2,82,,,,,,,PR,2,2.158032657,41.38951496
06-2014-0092,GRACIA,la Vila de Gràcia,CARRER,ALZINA,2,34,,,,,,,BJ,,2.156058735,41.40687762
02-2014-0845,L'EIXAMPLE,la Dreta de l'Eixample,CARRER,PROVENÇA,2,332,,,,,,,1,,2.164954441,41.39721619
07-2014-0172,HORTA-GUINARDÓ,el Carmel,CARRER,MONTSERRAT DE CASANOVAS,1,159,,,,,,,BJ,,2.162101096,41.42235547
07-2014-0173,HORTA-GUINARDÓ,el Baix Guinardó,CARRER,ROSALIA DE CASTRO,2,8,,14,,,,,BJ,3,2.17045026,41.4101855
03-2014-0618,SANTS-MONTJUÏC,la Font de la Guatlla,CARRER,MEXIC,2,26,,,,,,,4,1,2.148789515,41.37241815
03-2014-0619,SANTS-MONTJUÏC,la Font de la Guatlla,CARRER,MEXIC,2,26,,,,,,,4,2,2.148789515,41.37241815
03-2014-0620,SANTS-MONTJUÏC,la Font de la Guatlla,CARRER,MEXIC,2,26,,,,,,,4,3,2.148789515,41.37241815
02-2014-1727,L'EIXAMPLE,la Nova Esquerra de l'Eixample,CARRER,COMTE D'URGELL,1,131,,,,,,,6,1,2.153226273,41.38596399
02-2014-1731,L'EIXAMPLE,la Nova Esquerra de l'Eixample,CARRER,COMTE D'URGELL,1,131,,,,,,,6,2,2.153226273,41.38596399
02-2014-1735,L'EIXAMPLE,la Nova Esquerra de l'Eixample,CARRER,COMTE D'URGELL,1,131,,,,,,,6,3,2.153226273,41.38596399
10-2014-0782,SANT MARTI,Provençals del Poblenou,CARRER,MARROC,2,150,,152,,,,,2,1,2.207956684,41.41377575
02-2014-0219,L'EIXAMPLE,la Dreta de l'Eixample,CARRER,BRUC,1,27,,,,,,,AT,,2.173678859,41.39104967
07-2014-0033,HORTA-GUINARDÓ,el Guinardó,CARRER,AMERICA,2,22,,,,,,,2,,2.177768575,41.41574648
02-2014-2146,L'EIXAMPLE,la Sagrada Família,PASSATGE,MAIOL,2,14,,,,,,,BJ,2,2.174288283,41.40202168
03-2014-0821,SANTS-MONTJUÏC,Sants,CARRER,VALLESPIR,2,90,,,,,,,BJ,3,2.136608224,41.38029121
03-2014-0822,SANTS-MONTJUÏC,Sants,CARRER,VALLESPIR,2,90,,,,,,,BJ,4,2.136608224,41.38029121
03-2014-0823,SANTS-MONTJUÏC,Sants,CARRER,VALLESPIR,2,90,,,,,,,1,1,2.136608224,41.38029121
03-2014-0824,SANTS-MONTJUÏC,Sants,CARRER,VALLESPIR,2,90,,,,,,,1,2,2.136608224,41.38029121
03-2014-0869,SANTS-MONTJUÏC,Sants - Badal,CARRER,ROGER,2,32,,,,,,,6,2,2.127276835,41.37690229
03-2014-0870,SANTS-MONTJUÏC,Sants - Badal,CARRER,ROGER,2,32,,,,,,,3,1,2.127276835,41.37690229
03-2014-0871,SANTS-MONTJUÏC,Sants - Badal,CARRER,ROGER,2,32,,,,,,,3,2,2.127276835,41.37690229
03-2014-0629,SANTS-MONTJUÏC,el Poble Sec,PASSATGE,PRUNERA,2,12,,,,,,,4,2,2.156349827,41.37420677
03-2014-0630,SANTS-MONTJUÏC,Sants - Badal,CARRER,VIOLANT HONGRIA RNA ARAGO,2,48,,,,,,,2,3,2.128862226,41.37817005
03-2014-0631,SANTS-MONTJUÏC,el Poble Sec,CARRER,CONCORDIA,1,1,,,,,,,PR,1,2.160871214,41.37408949
03-2014-0632,SANTS-MONTJUÏC,el Poble Sec,CARRER,HORTES,1,3,,,,,,,BJ,3,2.167443483,41.37302472
06-2014-0531,GRACIA,la Vila de Gràcia,CARRER,VERDI,1,13,,,,,,,2,1,2.157347509,41.40333201
06-2014-0532,GRACIA,la Vila de Gràcia,CARRER,VERDI,1,13,,,,,,,AT,1,2.157347509,41.40333201
09-2014-0223,SANT ANDREU,Sant Andreu,CARRER,ARQUIMEDES,1,51,,,,,,,2,2,2.187139296,41.4393408
06-2014-0664,GRACIA,Vallcarca i els Penitents,CARRER,BARO DE LA BARRE,2,40,,,,,,,BJ,,2.14276806,41.41618312
03-2014-0141,SANTS-MONTJUÏC,la Font de la Guatlla,GRAN VIA,CORTS CATALANES,2,290,,,,,,,1,2,2.145513701,41.37198166
10-2014-0277,SANT MARTI,el Poblenou,CARRER,FERNANDO POO,2,32,,,,,,,1,2,2.205300274,41.39832945
10-2014-0278,SANT MARTI,el Poblenou,CARRER,FERNANDO POO,2,32,,,,,,,1,1,2.205300274,41.39832945
10-2014-0279,SANT MARTI,el Poblenou,CARRER,FERNANDO POO,2,34,,,,,,,1,,2.205360531,41.39837934
06-2014-0312,GRACIA,la Vila de Gràcia,CARRER,ABDO TERRADAS,1,15,,17,,,,,BJ,A,2.163087351,41.400018
06-2014-0313,GRACIA,la Vila de Gràcia,CARRER,ABDO TERRADAS,1,15,,17,,,,,BJ,C,2.163087351,41.400018
06-2014-0314,GRACIA,la Vila de Gràcia,CARRER,ABDO TERRADAS,1,15,,17,,,,,BJ,B,2.163087351,41.400018
10-2014-0695,SANT MARTI,el Besòs i el Maresme,CARRER,ALFONS EL MAGNANIM,1,71,,,,,,,10,1,2.214410005,41.41614279
02-2014-0840,L'EIXAMPLE,la Dreta de l'Eixample,CARRER,VALENCIA,2,352,,,,,,,2,1,2.169616842,41.39730285
02-2014-0224,L'EIXAMPLE,el Fort Pienc,CARRER,ARAGO,1,399,,,,,,,EN,2,2.174513452,41.39961698
04-2014-0076,LES CORTS,les Corts,AVINGUDA,JOSEP TARRADELLAS,1,147,,,,,,,6,1,2.143489878,41.39109449
03-2014-0226,SANTS-MONTJUÏC,Sants,CARRER,SANTA CATERINA,1,71,,,,,,,5,,2.135283587,41.38037048
02-2014-0959,L'EIXAMPLE,Sant Antoni,CARRER,FLORIDABLANCA,1,133,,,,,,,PR,1,2.162400236,41.3815646
02-2014-0960,L'EIXAMPLE,Sant Antoni,CARRER,FLORIDABLANCA,1,133,,,,,,,PR,3,2.162400236,41.3815646
02-2014-0961,L'EIXAMPLE,Sant Antoni,CARRER,FLORIDABLANCA,1,133,,,,,,,EN,1,2.162400236,41.3815646
02-2014-0962,L'EIXAMPLE,Sant Antoni,CARRER,FLORIDABLANCA,1,133,,,,,,,EN,4,2.162400236,41.3815646
03-2014-0621,SANTS-MONTJUÏC,la Font de la Guatlla,CARRER,MEXIC,2,26,,,,,,,5,1,2.148789515,41.37241815
02-2014-1235,L'EIXAMPLE,la Nova Esquerra de l'Eixample,CARRER,DIPUTACIO,2,50,,,,,,,4,1,2.152417332,41.37925337
10-2014-0387,SANT MARTI,el Camp de l'Arpa del Clot,CARRER,INDUSTRIA,1,207,,,,,,,1,1,2.176977407,41.41163491
10-2014-0391,SANT MARTI,el Camp de l'Arpa del Clot,CARRER,INDUSTRIA,1,207,,,,,,,2,1,2.176977407,41.41163491
10-2014-0396,SANT MARTI,el Poblenou,CARRER,FERROCARRIL,1,27,,,,,,,2,2,2.207070421,41.3988077
10-2014-0401,SANT MARTI,la Vila Olímpica del Poblenou,CARRER,MARINA,2,46,,,,,,,6,B,2.191982793,41.39126839
04-2014-0145,LES CORTS,les Corts,CARRER,CAN BRUIXA,2,18,,,,,,,2,1,2.131617104,41.38374039
03-2014-0454,SANTS-MONTJUÏC,Sants,CARRER,VALLESPIR,1,97,,,,,,,1,3,2.135683406,41.38131809
10-2014-0448,SANT MARTI,el Parc i la Llacuna del Poblenou,CARRER,PERE IV,2,44,,46,,,,,4,2,2.19180215,41.39537764
10-2014-0449,SANT MARTI,el Parc i la Llacuna del Poblenou,CARRER,PERE IV,2,44,,46,,,,,PR,2,2.19180215,41.39537764
10-2014-0456,SANT MARTI,el Parc i la Llacuna del Poblenou,CARRER,PERE IV,2,44,,46,,,,,3,4,2.19180215,41.39537764
02-2014-0347,L'EIXAMPLE,la Nova Esquerra de l'Eixample,CARRER,VILAMARI,2,54,,,,,,,EN,3,2.151146059,41.37765522
07-2014-0314,HORTA-GUINARDÓ,Can Baró,CARRER,BISMARCK,1,25,,,,,,,AT,1,2.162261163,41.41535159
03-2014-0825,SANTS-MONTJUÏC,Sants,CARRER,VALLESPIR,2,90,,,,,,,2,1,2.136608224,41.38029121
03-2014-0827,SANTS-MONTJUÏC,Sants,CARRER,VALLESPIR,2,90,,,,,,,2,2,2.136608224,41.38029121
02-2014-2447,L'EIXAMPLE,Sant Antoni,CARRER,CALABRIA,1,65,,,,,,,2,3,2.15711773,41.37798123
02-2014-2448,L'EIXAMPLE,Sant Antoni,CARRER,CALABRIA,1,65,,,,,,,4,1,2.15711773,41.37798123
02-2014-2449,L'EIXAMPLE,Sant Antoni,CARRER,CALABRIA,1,65,,,,,,,PR,4,2.15711773,41.37798123
02-2014-2450,L'EIXAMPLE,Sant Antoni,CARRER,CALABRIA,1,65,,,,,,,1,3,2.15711773,41.37798123
02-2014-2451,L'EIXAMPLE,Sant Antoni,CARRER,CALABRIA,1,65,,,,,,,AT,2,2.15711773,41.37798123
04-2014-0278,LES CORTS,les Corts,CARRER,GALILEU,2,316,,,,,,,3,5,2.131537079,41.38554987
04-2014-0279,LES CORTS,les Corts,CARRER,GALILEU,2,316,,,,,,,4,4,2.131537079,41.38554987
04-2014-0280,LES CORTS,les Corts,CARRER,GALILEU,2,316,,,,,,,4,5,2.131537079,41.38554987
02-2014-1362,L'EIXAMPLE,el Fort Pienc,CARRER,MARINA,1,189,,,,,,,1,1,2.179447062,41.40015109
02-2014-1375,L'EIXAMPLE,el Fort Pienc,CARRER,MARINA,1,189,,,,,,,3,3,2.179447062,41.40015109
02-2014-1381,L'EIXAMPLE,el Fort Pienc,CARRER,MARINA,1,189,,,,,,,6,1,2.179447062,41.40015109
02-2014-1389,L'EIXAMPLE,el Fort Pienc,CARRER,MARINA,1,189,,,,,,,1,2,2.179447062,41.40015109
02-2014-1397,L'EIXAMPLE,el Fort Pienc,CARRER,MARINA,1,189,,,,,,,6,4,2.179447062,41.40015109
02-2014-1401,L'EIXAMPLE,el Fort Pienc,CARRER,MARINA,1,189,,,,,,,4,1,2.179447062,41.40015109
02-2014-1406,L'EIXAMPLE,el Fort Pienc,CARRER,MARINA,1,189,,,,,,,3,1,2.179447062,41.40015109
02-2014-1415,L'EIXAMPLE,el Fort Pienc,CARRER,MARINA,1,189,,,,,,,6,3,2.179447062,41.40015109
02-2014-1421,L'EIXAMPLE,el Fort Pienc,CARRER,MARINA,1,189,,,,,,,5,3,2.179447062,41.40015109
02-2014-1427,L'EIXAMPLE,el Fort Pienc,CARRER,MARINA,1,189,,,,,,,2,1,2.179447062,41.40015109
02-2014-1444,L'EIXAMPLE,el Fort Pienc,CARRER,MARINA,1,189,,,,,,,2,2,2.179447062,41.40015109
08-2014-0153,NOU BARRIS,Vilapicina i la Torre Llobeta,CARRER,ESCOCIA,1,11,,,,,,,3,2,2.183276849,41.42855734
08-2014-0066,NOU BARRIS,les Roquetes,CARRER,MINA DE LA CIUTAT,2,16,,,,,,,AT,,2.173967997,41.447133
10-2014-0950,SANT MARTI,Sant Martí de Provençals,CARRER,PROVENÇALS,2,270,,,,,,,1,2,2.196135133,41.41706184
02-2014-1129,L'EIXAMPLE,la Dreta de l'Eixample,CARRER,ARAGO,1,321,,,,,,,7,1,2.169930975,41.39617077
02-2014-1130,L'EIXAMPLE,la Dreta de l'Eixample,CARRER,ARAGO,1,321,,,,,,,7,2,2.169930975,41.39617077
02-2014-1131,L'EIXAMPLE,la Dreta de l'Eixample,GRAN VIA,CORTS CATALANES,2,682,,,,,,,5,1A,2.173056644,41.39268474
02-2014-1132,L'EIXAMPLE,la Dreta de l'Eixample,GRAN VIA,CORTS CATALANES,2,682,,,,,,,5,1B,2.173056644,41.39268474
02-2014-0484,L'EIXAMPLE,la Dreta de l'Eixample,CARRER,VALENCIA,2,286,,,,,,,2,2A,2.164845806,41.39371048
02-2014-0771,L'EIXAMPLE,la Dreta de l'Eixample,CARRER,GIRONA,1,167,,169,,,,,3,1,2.164867006,41.3994095
02-2014-0772,L'EIXAMPLE,la Dreta de l'Eixample,CARRER,GIRONA,1,167,,169,,,,,2,1,2.164867006,41.3994095
02-2014-0773,L'EIXAMPLE,la Sagrada Família,CARRER,VALENCIA,1,381,,,,,,,2,3,2.173667079,41.4006195
06-2014-0412,GRACIA,la Vila de Gràcia,CARRER,TRES SENYORES,1,27,,29,,,,,2,2,2.158649717,41.40680806
02-2014-1337,L'EIXAMPLE,la Dreta de l'Eixample,RONDA,SANT PERE,1,35,,,,,,,2,1,2.176037748,41.39034905
02-2014-1338,L'EIXAMPLE,la Dreta de l'Eixample,RONDA,SANT PERE,1,35,,,,,,,2,2,2.176037748,41.39034905
02-2014-1339,L'EIXAMPLE,la Dreta de l'Eixample,RONDA,SANT PERE,1,35,,,,,,,3,1,2.176037748,41.39034905
02-2014-1340,L'EIXAMPLE,la Dreta de l'Eixample,RONDA,SANT PERE,1,35,,,,,,,3,2,2.176037748,41.39034905
02-2014-1342,L'EIXAMPLE,la Dreta de l'Eixample,RONDA,SANT PERE,1,35,,,,,,,4,1,2.176037748,41.39034905
05-2014-0233,SARRIA-SANT GERVASI,Sant Gervasi - Galvany,CARRER,SANT EUSEBI,2,32,,,,,,,3,,2.147951346,41.4006705
03-2014-0395,SANTS-MONTJUÏC,Sants - Badal,CARRER,MIQUEL ANGEL,2,118,,,,,,,4,2,2.134839325,41.37812009
06-2014-0369,GRACIA,la Vila de Gràcia,CARRER,MARTINEZ DE LA ROSA,2,10,,,,,,,2,1,2.159964923,41.39909783
06-2014-0370,GRACIA,la Vila de Gràcia,CARRER,MARTINEZ DE LA ROSA,2,10,,,,,,,1,1,2.159964923,41.39909783
03-2014-0396,SANTS-MONTJUÏC,el Poble Sec,CARRER,BLASCO DE GARAY,1,85,,,,,,,BJ,,2.161804105,41.37089037
02-2014-0633,L'EIXAMPLE,la Nova Esquerra de l'Eixample,GRAN VIA,CORTS CATALANES,1,471,,,,,,,3,B,2.155221942,41.37994266
04-2014-0323,LES CORTS,les Corts,CARRER,VALLESPIR,2,134,,,,,,,1,,2.135302695,41.38223135
10-2014-0353,SANT MARTI,el Clot,CARRER,INDEPENDENCIA,1,251,,,,,,,EN,,2.185167985,41.40629422
10-2014-0354,SANT MARTI,el Clot,CARRER,INDEPENDENCIA,1,251,,,,,,,AT,,2.185167985,41.40629422
03-2014-0399,SANTS-MONTJUÏC,Sants,CARRER,GALILEU,1,155,,,,,,,2,1,2.133886337,41.38029152
10-2014-0385,SANT MARTI,el Besòs i el Maresme,CARRER,TARENT,2,2,,,,,,,4,4,2.217378658,41.41623421
02-2014-1358,L'EIXAMPLE,la Sagrada Família,CARRER,PADILLA,1,309,,,,,,,6,2,2.173659117,41.40823265
10-2014-0459,SANT MARTI,el Parc i la Llacuna del Poblenou,CARRER,PERE IV,2,44,,46,,,,,3,2,2.19180215,41.39537764
03-2014-0466,SANTS-MONTJUÏC,Sants,CARRER,VALLESPIR,1,97,,,,,,,BJ,1,2.135683406,41.38131809
03-2014-0467,SANTS-MONTJUÏC,Sants,CARRER,VALLESPIR,1,97,,,,,,,3,2,2.135683406,41.38131809
10-2014-0470,SANT MARTI,el Poblenou,CARRER,RAMON TURRO,2,142,,,,,,,2,2,2.198675786,41.39657534
10-2014-0483,SANT MARTI,el Poblenou,CARRER,MARIA AGUILO,1,81,,,,,,,4,2,2.203172412,41.40131827
07-2014-0191,HORTA-GUINARDÓ,Can Baró,PASSATGE,DIPOSIT,2,8,B,,,,,,,,2.161659642,41.41734535
06-2014-0254,GRACIA,la Vila de Gràcia,CARRER,CIUDAD REAL,2,22,,,,,,,3,,2.159388506,41.40354307
02-2014-0287,L'EIXAMPLE,la Dreta de l'Eixample,PASSATGE,DOMINGO,1,5,,,,,,,1,2,2.162350137,41.39281653
10-2014-0214,SANT MARTI,el Clot,CARRER,INDEPENDENCIA,1,251,,,,,,,1,1,2.185167985,41.40629422
10-2014-0215,SANT MARTI,el Clot,CARRER,INDEPENDENCIA,1,251,,,,,,,1,2,2.185167985,41.40629422
03-2014-0212,SANTS-MONTJUÏC,la Font de la Guatlla,GRAN VIA,CORTS CATALANES,2,276,,,,,,,2,1,2.144695777,41.37136592
02-2014-1228,L'EIXAMPLE,Sant Antoni,CARRER,SEPULVEDA,1,101,,,,,,,5,4,2.158111484,41.38003688
02-2014-1446,L'EIXAMPLE,el Fort Pienc,CARRER,MARINA,1,189,,,,,,,2,3,2.179447062,41.40015109
02-2014-1450,L'EIXAMPLE,el Fort Pienc,CARRER,MARINA,1,189,,,,,,,2,4,2.179447062,41.40015109
02-2014-1452,L'EIXAMPLE,el Fort Pienc,CARRER,MARINA,1,189,,,,,,,3,4,2.179447062,41.40015109
02-2014-1455,L'EIXAMPLE,el Fort Pienc,CARRER,MARINA,1,189,,,,,,,PR,1,2.179447062,41.40015109
02-2014-1456,L'EIXAMPLE,el Fort Pienc,CARRER,MARINA,1,189,,,,,,,PR,2,2.179447062,41.40015109
02-2014-1460,L'EIXAMPLE,el Fort Pienc,CARRER,MARINA,1,189,,,,,,,4,3,2.179447062,41.40015109
02-2014-1464,L'EIXAMPLE,el Fort Pienc,CARRER,MARINA,1,189,,,,,,,4,2,2.179447062,41.40015109
02-2014-1468,L'EIXAMPLE,el Fort Pienc,CARRER,MARINA,1,189,,,,,,,4,4,2.179447062,41.40015109
06-2014-0224,GRACIA,la Vila de Gràcia,CARRER,SANTA MAGDALENA,1,13,,,,,,,3,1,2.152926451,41.40378067
06-2014-0225,GRACIA,la Vila de Gràcia,CARRER,SANTA MAGDALENA,1,13,,,,,,,3,2,2.152926451,41.40378067
06-2014-0226,GRACIA,la Vila de Gràcia,CARRER,SANTA MAGDALENA,1,13,,,,,,,5,,2.152926451,41.40378067
10-2014-0331,SANT MARTI,el Clot,CARRER,INDEPENDENCIA,1,251,,,,,,,2,2,2.185167985,41.40629422
04-2014-0191,LES CORTS,Pedralbes,AVINGUDA,PEDRALBES,2,16,,,,,,,1,,2.120536699,41.38908173
06-2014-0534,GRACIA,la Vila de Gràcia,CARRER,MAURICI SERRAHIMA,1,25,,,,,,,BJ,,2.152383477,41.40565839
06-2014-0539,GRACIA,la Vila de Gràcia,CARRER,VERDI,2,70,,,,,,,2,2,2.155635586,41.4050491
06-2014-0540,GRACIA,la Vila de Gràcia,CARRER,TORRENT DE LES FLORS,1,29,,33,,,,,AT,2,2.160940938,41.40539352
05-2014-0349,SARRIA-SANT GERVASI,Sant Gervasi - Galvany,CARRER,MADRAZO,2,72,,,,,,,AT,2,2.146752027,41.39862621
06-2014-0547,GRACIA,la Vila de Gràcia,CARRER,TORRENT DE LES FLORS,2,40,,,,,,,1,1,2.16080162,41.40567981
06-2014-0550,GRACIA,el Camp d'en Grassot i Gràcia Nova,PASSEIG,SANT JOAN,1,199,,,,,,,3,1,2.162966825,41.40405831
06-2014-0557,GRACIA,la Vila de Gràcia,CARRER,CORSEGA,1,397,,,,,,,AT,2,2.163607858,41.39989921
05-2014-0350,SARRIA-SANT GERVASI,el Putxet i el Farró,CARRER,VALLIRANA,2,16,,,,,,,2,2,2.148974464,41.40329578
06-2014-0558,GRACIA,la Vila de Gràcia,CARRER,SANT MARC,1,19,,21,,,,,PR,2,2.152498372,41.40057385
10-2014-0728,SANT MARTI,el Poblenou,CARRER,LOPE DE VEGA,2,150,,,,,,,BJ,6,2.201463959,41.40616813
02-2014-0697,L'EIXAMPLE,la Dreta de l'Eixample,RONDA,SANT PERE,2,26,,,,,,,3,1,2.174241047,41.38935499
02-2014-0698,L'EIXAMPLE,la Dreta de l'Eixample,RONDA,SANT PERE,2,26,,,,,,,2,2,2.174241047,41.38935499
06-2014-0536,GRACIA,la Vila de Gràcia,CARRER,MOZART,2,20,,22,,,,,EN,5,2.158153994,41.39948775
06-2014-0542,GRACIA,la Vila de Gràcia,CARRER,SANTA CREU,1,5,,,,,,E,BJ,ES,2.156548855,41.40526901
06-2014-0543,GRACIA,la Vila de Gràcia,CARRER,SANTA CREU,1,5,,,,,,E,2,3,2.156548855,41.40526901
06-2014-0544,GRACIA,la Vila de Gràcia,CARRER,SANTA CREU,1,5,,,,,,E,2,1,2.156548855,41.40526901
06-2014-0545,GRACIA,la Vila de Gràcia,CARRER,SANTA CREU,1,5,,,,,,E,3,3,2.156548855,41.40526901
06-2014-0546,GRACIA,el Camp d'en Grassot i Gràcia Nova,CARRER,NAPOLS,2,330,,,,,,,PR,1,2.167122665,41.40482274
02-2014-0277,L'EIXAMPLE,l'Antiga Esquerra de l'Eixample,CARRER,VALENCIA,1,103,,,,,,,5,2,2.154176273,41.38596158
03-2014-0320,SANTS-MONTJUÏC,el Poble Sec,CARRER,TAPIOLES,1,57,,,,,,,1,1,2.163808577,41.3721576
05-2014-0234,SARRIA-SANT GERVASI,les Tres Torres,RONDA,GENERAL MITRE,1,59,,,,,,,3,2,2.133249459,41.39636776
10-2014-0383,SANT MARTI,el Besòs i el Maresme,RAMBLA,PRIM,1,53,,,,,,,EN,2,2.215179697,41.41403727
03-2014-0397,SANTS-MONTJUÏC,el Poble Sec,CARRER,MATA,2,28,,,,,,,EN,2,2.170467594,41.37236349
05-2014-0235,SARRIA-SANT GERVASI,Sant Gervasi - Galvany,CARRER,GANDUXER,2,20,,,,,,,1,2,2.138724528,41.39325814
05-2014-0236,SARRIA-SANT GERVASI,Sant Gervasi - Galvany,CARRER,SANT EUSEBI,2,32,,,,,,,2,,2.147951346,41.4006705
06-2014-0373,GRACIA,la Vila de Gràcia,CARRER,MOZART,1,9,,,,,,,2,,2.158444263,41.39910439
07-2014-0221,HORTA-GUINARDÓ,la Teixonera,CARRER,SANTA ROSALIA,1,11,,13,,,,,BJ,4,2.143945906,41.42091852
10-2014-0654,SANT MARTI,la Vila Olímpica del Poblenou,CARRER,DOCTOR TRUETA,1,19,,,,,,,5,2,2.191907451,41.39010151
10-2014-0655,SANT MARTI,la Vila Olímpica del Poblenou,CARRER,LOS ANGELES,2,30,,,,,,,BJ,,2.195493369,41.39132786
10-2014-0656,SANT MARTI,el Poblenou,CARRER,RAMON TURRO,2,226,,,,,,,3,4,2.204009086,41.40055274
10-2014-0657,SANT MARTI,el Poblenou,CARRER,RAMON TURRO,2,226,,,,,,,5,2,2.204009086,41.40055274
10-2014-0658,SANT MARTI,el Poblenou,CARRER,RAMON TURRO,2,226,,,,,,,6,2,2.204009086,41.40055274
10-2014-0659,SANT MARTI,el Poblenou,CARRER,RAMON TURRO,2,226,,,,,,,3,2,2.204009086,41.40055274
10-2014-0660,SANT MARTI,el Poblenou,CARRER,RAMON TURRO,2,226,,,,,,,6,3,2.204009086,41.40055274
07-2014-0233,HORTA-GUINARDÓ,el Baix Guinardó,RONDA,GUINARDO,1,75,,,,,,,AT,2,2.16992227,41.41367143
06-2014-0199,GRACIA,la Vila de Gràcia,CARRER,TORRIJOS,2,30,,,,,,,EN,2,2.159024116,41.40327256
03-2014-0862,SANTS-MONTJUÏC,Sants - Badal,CARRER,ROGER,2,32,,,,,,,4,1,2.127276835,41.37690229
03-2014-0863,SANTS-MONTJUÏC,Sants - Badal,CARRER,ROGER,2,32,,,,,,,4,2,2.127276835,41.37690229
03-2014-0864,SANTS-MONTJUÏC,Sants - Badal,CARRER,ROGER,2,32,,,,,,,5,1,2.127276835,41.37690229
03-2014-0865,SANTS-MONTJUÏC,Sants - Badal,CARRER,ROGER,2,32,,,,,,,5,2,2.127276835,41.37690229
03-2014-0866,SANTS-MONTJUÏC,Sants - Badal,CARRER,ROGER,2,32,,,,,,,6,1,2.127276835,41.37690229
03-2014-0211,SANTS-MONTJUÏC,el Poble Sec,CARRER,TAPIOLES,2,12,,,,,,,1,1,2.164559597,41.37395085
02-2014-0561,L'EIXAMPLE,la Sagrada Família,CARRER,CASTILLEJOS,1,301,,,,,,,3,3,2.176173889,41.40800285
07-2014-0269,HORTA-GUINARDÓ,Can Baró,CARRER,JOSEP SERRANO,2,56,,,,,,,2,,2.162142165,41.4169744
04-2014-0344,LES CORTS,les Corts,TRAVESSERA,CORTS,2,184,,,,,,,7,2,2.129089611,41.3828356
02-2014-0393,L'EIXAMPLE,la Dreta de l'Eixample,CARRER,CASP,1,41,,,,,,,3,2B,2.173899649,41.39189731
04-2014-0283,LES CORTS,les Corts,CARRER,GALILEU,2,316,,,,,,,EN,4,2.131537079,41.38554987
04-2014-0284,LES CORTS,les Corts,CARRER,GALILEU,2,316,,,,,,,EN,5,2.131537079,41.38554987
04-2014-0285,LES CORTS,les Corts,CARRER,GALILEU,2,316,,,,,,,EN,6,2.131537079,41.38554987
04-2014-0286,LES CORTS,les Corts,CARRER,GALILEU,2,316,,,,,,,1,1,2.131537079,41.38554987
04-2014-0287,LES CORTS,les Corts,CARRER,GALILEU,2,316,,,,,,,2,2,2.131537079,41.38554987
04-2014-0288,LES CORTS,les Corts,CARRER,GALILEU,2,316,,,,,,,2,3,2.131537079,41.38554987
02-2014-1475,L'EIXAMPLE,el Fort Pienc,CARRER,MARINA,1,189,,,,,,,5,1,2.179447062,41.40015109
02-2014-1482,L'EIXAMPLE,el Fort Pienc,CARRER,MARINA,1,189,,,,,,,5,2,2.179447062,41.40015109
02-2014-1484,L'EIXAMPLE,el Fort Pienc,CARRER,MARINA,1,189,,,,,,,6,2,2.179447062,41.40015109
03-2014-0440,SANTS-MONTJUÏC,el Poble Sec,CARRER,ELKANO,1,67,,,,,,,1,2,2.160006193,41.37403346
03-2014-0461,SANTS-MONTJUÏC,la Font de la Guatlla,CARRER,AMPOSTA,2,20,,,,,,,BJ,,2.147814965,41.37127951
02-2014-1665,L'EIXAMPLE,l'Antiga Esquerra de l'Eixample,CARRER,CASANOVA,1,189,,,,,,,5,1,2.149086753,41.39258398
07-2014-0175,HORTA-GUINARDÓ,la Font d'en Fargues,PASSEIG,MARAGALL,1,367,,369,,,,C,3,,2.166475111,41.42755157
02-2014-1675,L'EIXAMPLE,la Sagrada Família,CARRER,SARDENYA,2,306,,,,,,,4,,2.174859382,41.40238019
02-2014-1677,L'EIXAMPLE,la Sagrada Família,CARRER,SARDENYA,2,306,,,,,,,2,,2.174859382,41.40238019
02-2014-1680,L'EIXAMPLE,la Sagrada Família,CARRER,SARDENYA,2,306,,,,,,,1,,2.174859382,41.40238019
02-2014-1684,L'EIXAMPLE,la Sagrada Família,CARRER,SARDENYA,2,306,,,,,,,PR,,2.174859382,41.40238019
02-2014-1686,L'EIXAMPLE,la Sagrada Família,CARRER,SARDENYA,2,306,,,,,,,BJ,1,2.174859382,41.40238019
02-2014-0342,L'EIXAMPLE,l'Antiga Esquerra de l'Eixample,CARRER,MUNTANER,1,83,C,,,,,,5,2,2.157819414,41.38769034
03-2014-0553,SANTS-MONTJUÏC,Sants,CARRER,SANTS,1,137,,,,,,,PR,1,2.133497316,41.37535693
03-2014-0587,SANTS-MONTJUÏC,la Font de la Guatlla,CARRER,MEXIC,2,24,,,,,,,1,1,2.148705262,41.37248223
03-2014-0589,SANTS-MONTJUÏC,la Font de la Guatlla,CARRER,MEXIC,2,24,,,,,,,1,3,2.148705262,41.37248223
09-2014-0297,SANT ANDREU,el Congrés i els Indians,CARRER,JORDI DE SANT JORDI,1,1,,,,,,,1,4,2.182619835,41.42100475
01-2014-0519,CIUTAT VELLA,Sant Pere Santa Caterina i la Ribera,CARRER,COMERCIAL,1,15,,,,,,,1,1,2.184447223,41.38585573
10-2014-0343,SANT MARTI,el Clot,GRAN VIA,CORTS CATALANES,1,839,,,,,,A,EN,1,2.18956084,41.40572375
05-2014-0108,SARRIA-SANT GERVASI,Sant Gervasi - Galvany,CARRER,MARIA CUBI,2,98,,,,,,,2,2,2.146994417,41.39675404
06-2014-0293,GRACIA,la Vila de Gràcia,CARRER,MARTI,1,53,,,,,,,2,1,2.156720622,41.40767173
06-2014-0223,GRACIA,la Vila de Gràcia,CARRER,SANTA MAGDALENA,1,13,,,,,,,1,1,2.152926451,41.40378067
02-2014-1557,L'EIXAMPLE,l'Antiga Esquerra de l'Eixample,CARRER,CONSELL DE CENT,1,221,,,,,,D,2,1,2.157871151,41.38533826
09-2014-0053,SANT ANDREU,el Congrés i els Indians,CARRER,GARCILASO,1,207,,,,,,,AT,1,2.179967171,41.42350104
02-2014-0667,L'EIXAMPLE,l'Antiga Esquerra de l'Eixample,CARRER,VALENCIA,2,160,,,,,,,BJ,,2.155399172,41.38660307
04-2014-0398,LES CORTS,la Maternitat i Sant Ramon,TRAVESSERA,CORTS,2,122,,,,,,,1,5,2.125997481,41.37993479
04-2014-0399,LES CORTS,la Maternitat i Sant Ramon,TRAVESSERA,CORTS,2,122,,,,,,,1,4,2.125997481,41.37993479
04-2014-0400,LES CORTS,la Maternitat i Sant Ramon,TRAVESSERA,CORTS,2,122,,,,,,,1,2,2.125997481,41.37993479
04-2014-0401,LES CORTS,la Maternitat i Sant Ramon,TRAVESSERA,CORTS,2,122,,,,,,,4,3,2.125997481,41.37993479
04-2014-0402,LES CORTS,la Maternitat i Sant Ramon,TRAVESSERA,CORTS,2,122,,,,,,,11,4,2.125997481,41.37993479
02-2014-1007,L'EIXAMPLE,Sant Antoni,CARRER,SEPULVEDA,1,157,,,,,,,EN,1,2.161487452,41.3825795
02-2014-1009,L'EIXAMPLE,Sant Antoni,CARRER,SEPULVEDA,1,157,,,,,,,EN,2,2.161487452,41.3825795
02-2014-1010,L'EIXAMPLE,Sant Antoni,CARRER,SEPULVEDA,1,157,,,,,,,PR,1,2.161487452,41.3825795
02-2014-1011,L'EIXAMPLE,Sant Antoni,CARRER,SEPULVEDA,1,157,,,,,,,PR,2,2.161487452,41.3825795
02-2014-1012,L'EIXAMPLE,Sant Antoni,CARRER,SEPULVEDA,1,157,,,,,,,4,1,2.161487452,41.3825795
04-2014-0168,LES CORTS,les Corts,CARRER,SOLA,1,23,,,,,,,BJ,B,2.133091194,41.38742922
06-2014-0548,GRACIA,el Camp d'en Grassot i Gràcia Nova,PASSEIG,SANT JOAN,1,163,,,,,,,3,3,2.165274064,41.40232231
06-2014-0549,GRACIA,la Vila de Gràcia,CARRER,RIERA DE SANT MIQUEL,1,15,,,,,,,BJ,1,2.157197127,41.39736296
06-2014-0551,GRACIA,la Vila de Gràcia,CARRER,RIERA DE SANT MIQUEL,1,15,,,,,,,BJ,2,2.157197127,41.39736296
06-2014-0552,GRACIA,la Vila de Gràcia,CARRER,RIERA DE SANT MIQUEL,1,15,,,,,,,BJ,3,2.157197127,41.39736296
06-2014-0553,GRACIA,la Vila de Gràcia,CARRER,RIERA DE SANT MIQUEL,1,15,,,,,,,2,1,2.157197127,41.39736296
06-2014-0554,GRACIA,la Vila de Gràcia,CARRER,RIERA DE SANT MIQUEL,1,15,,,,,,,2,2,2.157197127,41.39736296
06-2014-0555,GRACIA,la Vila de Gràcia,CARRER,RIERA DE SANT MIQUEL,1,15,,,,,,,2,3,2.157197127,41.39736296
06-2014-0556,GRACIA,la Vila de Gràcia,CARRER,RIERA DE SANT MIQUEL,1,15,,,,,,,AT,2,2.157197127,41.39736296
02-2014-1347,L'EIXAMPLE,l'Antiga Esquerra de l'Eixample,CARRER,ENRIC GRANADOS,2,106,,,,,,,4,2,2.154818262,41.3936506
02-2014-1349,L'EIXAMPLE,l'Antiga Esquerra de l'Eixample,CARRER,ENRIC GRANADOS,1,91,,,,,,,5,1,2.156407038,41.39218313
02-2014-1354,L'EIXAMPLE,l'Antiga Esquerra de l'Eixample,CARRER,ENRIC GRANADOS,1,99,,,,,,,6,3,2.15572894,41.39268455
03-2014-0403,SANTS-MONTJUÏC,el Poble Sec,CARRER,VALLHONRAT,1,7,,,,,,,AT,2,2.157451399,41.37454107
02-2014-1367,L'EIXAMPLE,la Sagrada Família,PASSATGE,VILARET,1,23,,,,,,,2,1,2.179758288,41.40629652
05-2014-0237,SARRIA-SANT GERVASI,el Putxet i el Farró,CARRER,BALMES,2,346,,,,,,,2,1,2.142776464,41.40360655
03-2014-0415,SANTS-MONTJUÏC,el Poble Sec,CARRER,RICART,2,28,,,,,,,2,1,2.157784119,41.37333721
10-2014-0395,SANT MARTI,Diagonal Mar i el Front Marítim del Poblenou,PASSEIG,GARCIA FARIA,1,75,,,,,,,24,1,2.215323118,41.40496996
10-2014-0397,SANT MARTI,Diagonal Mar i el Front Marítim del Poblenou,CARRER,BAC DE RODA,2,36,,,,,,,2,2,2.208286777,41.40442326
10-2014-0402,SANT MARTI,la Vila Olímpica del Poblenou,AVINGUDA,ICARIA,2,150,,,,,,,2,2,2.196246355,41.39026547
02-2014-0270,L'EIXAMPLE,la Sagrada Família,CARRER,LEPANT,1,257,,,,,,,3,1,2.17712888,41.40395881
02-2014-0330,L'EIXAMPLE,la Sagrada Família,CARRER,MALLORCA,2,494,,,,,,,2,4,2.179849014,41.40667211
02-2014-0673,L'EIXAMPLE,la Dreta de l'Eixample,CARRER,PROVENÇA,2,304,,,,,,,EN,1B,2.162754015,41.39555445
03-2014-0801,SANTS-MONTJUÏC,Sants,CARRER,RIERA DE TENA,1,37,,,,,,,BJ,1,2.133503395,41.37176322
02-2014-0696,L'EIXAMPLE,l'Antiga Esquerra de l'Eixample,CARRER,CASANOVA,1,115,,,,,,,PR,2,2.155503628,41.38773022
03-2014-0453,SANTS-MONTJUÏC,el Poble Sec,CARRER,SALVA,2,70,,,,,,,3,1,2.165061171,41.37196888
03-2014-0283,SANTS-MONTJUÏC,el Poble Sec,CARRER,TAPIOLES,2,12,,,,,,,3,2,2.164559597,41.37395085
02-2014-0757,L'EIXAMPLE,la Dreta de l'Eixample,PASSATGE,DOMINGO,2,8,,,,,,,2,1,2.162424988,41.39287838
02-2014-0760,L'EIXAMPLE,la Sagrada Família,CARRER,VALENCIA,1,381,,,,,,,2,4,2.173667079,41.4006195
06-2014-0255,GRACIA,la Vila de Gràcia,CARRER,CIUDAD REAL,2,22,,,,,,,EN,,2.159388506,41.40354307
02-2014-1168,L'EIXAMPLE,Sant Antoni,CARRER,PARLAMENT,2,18,,,,,,,3,1,2.16191774,41.37583983
03-2014-0496,SANTS-MONTJUÏC,el Poble Sec,CARRER,ELKANO,2,60,,,,,,,2,2,2.162054422,41.37362621
02-2014-1182,L'EIXAMPLE,la Dreta de l'Eixample,CARRER,ARAGO,1,321,,,,,,,6,3,2.169930975,41.39617077
02-2014-1183,L'EIXAMPLE,la Dreta de l'Eixample,CARRER,ARAGO,1,321,,,,,,A,4,1,2.169930975,41.39617077
02-2014-1184,L'EIXAMPLE,l'Antiga Esquerra de l'Eixample,CARRER,BALMES,1,137,,,,,,,3,1,2.156753054,41.39362354
02-2014-1185,L'EIXAMPLE,l'Antiga Esquerra de l'Eixample,CARRER,BALMES,1,137,,,,,,,5,2,2.156753054,41.39362354
01-2014-0520,CIUTAT VELLA,Sant Pere Santa Caterina i la Ribera,CARRER,COMERCIAL,1,15,,,,,,,3,1,2.184447223,41.38585573
01-2014-0521,CIUTAT VELLA,Sant Pere Santa Caterina i la Ribera,CARRER,COMERCIAL,1,15,,,,,,,4,1,2.184447223,41.38585573
02-2014-0929,L'EIXAMPLE,Sant Antoni,CARRER,PARLAMENT,1,29,,,,,,,EN,2,2.162555966,41.37659454
03-2014-0325,SANTS-MONTJUÏC,el Poble Sec,CARRER,BLASCO DE GARAY,1,47,,,,,,,1,1,2.162697665,41.37297737
02-2014-1242,L'EIXAMPLE,la Dreta de l'Eixample,PASSEIG,GRACIA,2,46,,,,,,,5,1,2.16582793,41.39183758
02-2014-2142,L'EIXAMPLE,la Dreta de l'Eixample,RAMBLA,CATALUNYA,2,42,,,,,,,AT,1A,2.164963405,41.39016883
02-2014-2143,L'EIXAMPLE,la Sagrada Família,CARRER,CASTILLEJOS,1,241,,,,,,,2,2,2.180358755,41.40480437
06-2014-0153,GRACIA,la Vila de Gràcia,PLAÇA,GAL.LA PLACIDIA,2,16,,18,,,,,4,1,2.153058676,41.39944269
06-2014-0275,GRACIA,la Vila de Gràcia,CARRER,SANT GABRIEL,1,15,,,,,,,1,1,2.153682006,41.39929151
02-2014-0508,L'EIXAMPLE,Sant Antoni,AVINGUDA,PARAL.LEL,2,188,,,,,,,6,4,2.153204951,41.37519979
06-2014-0300,GRACIA,el Camp d'en Grassot i Gràcia Nova,CARRER,NAPOLS,1,285,,,,,,,PR,,2.168967172,41.40314498
06-2014-0334,GRACIA,la Vila de Gràcia,CARRER,OR,2,34,,,,,,,PR,,2.15723463,41.40457021
02-2014-2145,L'EIXAMPLE,Sant Antoni,CARRER,COMTE BORRELL,2,84,,,,,,,PR,2,2.159373394,41.37995971
02-2014-2147,L'EIXAMPLE,el Fort Pienc,GRAN VIA,CORTS CATALANES,1,701,,,,,,,SA,1,2.178370926,41.39733807
02-2014-2149,L'EIXAMPLE,l'Antiga Esquerra de l'Eixample,CARRER,COMTE D'URGELL,2,126,,,,,,,5,,2.155471936,41.38467718
05-2014-0373,SARRIA-SANT GERVASI,Sant Gervasi - Galvany,CARRER,TUSET,2,30,,,,,,,1,3,2.151508755,41.39641997
06-2014-0408,GRACIA,la Vila de Gràcia,CARRER,MOZART,2,22,,,,,,,2,1,2.158095986,41.39954059
06-2014-0409,GRACIA,la Vila de Gràcia,CARRER,MOZART,2,22,,,,,,,1,1,2.158095986,41.39954059
06-2014-0410,GRACIA,la Vila de Gràcia,CARRER,MOZART,2,22,,,,,,,AT,,2.158095986,41.39954059
10-2014-0253,SANT MARTI,el Clot,CARRER,TER,1,25,,,,,,,EN,1,2.187893764,41.41040944
06-2014-0249,GRACIA,la Vila de Gràcia,AVINGUDA,DIAGONAL,2,478,,,,,,,6,,2.155906356,41.39587235
07-2014-0270,HORTA-GUINARDÓ,el Guinardó,RAMBLA,VOLART,1,85,,,,,,,SA,2,2.174892604,41.41732678
10-2014-0310,SANT MARTI,el Poblenou,CARRER,MARIA AGUILO,1,131,,,,,,,3,2,2.205497895,41.39979886
03-2014-0479,SANTS-MONTJUÏC,el Poble Sec,CARRER,VILA I VILA,1,77,,,,,,,2,1,2.168564797,41.37417245
07-2014-0193,HORTA-GUINARDÓ,el Guinardó,CARRER,ARC DE SANT MARTI,1,77,,,,,,,BJ,1,2.1719269,41.42363403
07-2014-0194,HORTA-GUINARDÓ,el Guinardó,CARRER,ARC DE SANT MARTI,1,77,,,,,,,AT,2,2.1719269,41.42363403
06-2014-0483,GRACIA,el Coll,CARRER,PAU FERRAN,1,27,,,,,,,1,2,2.151254243,41.41705187
03-2014-0345,SANTS-MONTJUÏC,el Poble Sec,CARRER,BOBILA,1,13,,,,,,,1,4,2.158418627,41.3728756
02-2014-1118,L'EIXAMPLE,la Dreta de l'Eixample,CARRER,BALMES,1,9,,,,,,,AT,1,2.165864503,41.38672895
02-2014-1119,L'EIXAMPLE,l'Antiga Esquerra de l'Eixample,CARRER,MUNTANER,1,43,,,,,,,3,1,2.160342642,41.38578193
02-2014-0346,L'EIXAMPLE,la Dreta de l'Eixample,GRAN VIA,CORTS CATALANES,1,671,,,,,,,4,2,2.176819151,41.39617338
06-2014-0132,GRACIA,Vallcarca i els Penitents,AVINGUDA,REPUBLICA ARGENTINA,2,36,,,,,,,1,1,2.147170195,41.40875062
06-2014-0256,GRACIA,la Vila de Gràcia,CARRER,CIUDAD REAL,2,22,,,,,,,1,,2.159388506,41.40354307
06-2014-0257,GRACIA,la Vila de Gràcia,CARRER,CIUDAD REAL,2,22,,,,,,,2,,2.159388506,41.40354307
02-2014-0989,L'EIXAMPLE,la Sagrada Família,AVINGUDA,DIAGONAL,2,310,,,,,,,1,3,2.176108175,41.40093443
03-2014-0336,SANTS-MONTJUÏC,el Poble Sec,CARRER,RADAS,1,39,,,,,,,2,1,2.160856668,41.37323295
03-2014-0337,SANTS-MONTJUÏC,el Poble Sec,CARRER,RADAS,1,39,,,,,,,1,1,2.160856668,41.37323295
03-2014-0338,SANTS-MONTJUÏC,el Poble Sec,CARRER,RADAS,1,39,,,,,,,3,2,2.160856668,41.37323295
04-2014-0146,LES CORTS,la Maternitat i Sant Ramon,TRAVESSERA,CORTS,2,138,,140,,,,,1,4,2.126486912,41.38106596
02-2014-0823,L'EIXAMPLE,la Dreta de l'Eixample,RAMBLA,CATALUNYA,2,52,,,,,,,SA,1,2.164168587,41.39075107
02-2014-0877,L'EIXAMPLE,Sant Antoni,CARRER,VILLARROEL,2,42,,,,,,,4,4,2.160651501,41.3824099
02-2014-2172,L'EIXAMPLE,l'Antiga Esquerra de l'Eixample,CARRER,PROVENÇA,2,238,,,,,,,AT,3,2.157776109,41.3917908
02-2014-2173,L'EIXAMPLE,l'Antiga Esquerra de l'Eixample,CARRER,VILLARROEL,2,136,,,,,,,EN,1,2.154684814,41.38691705
02-2014-2174,L'EIXAMPLE,l'Antiga Esquerra de l'Eixample,CARRER,VILLARROEL,2,136,,,,,,,EN,2,2.154684814,41.38691705
02-2014-2175,L'EIXAMPLE,la Dreta de l'Eixample,CARRER,DIPUTACIO,1,247,,,,,,,2,1,2.164659251,41.3887352
02-2014-2176,L'EIXAMPLE,l'Antiga Esquerra de l'Eixample,CARRER,PROVENÇA,2,238,,,,,,,AT,2,2.157776109,41.3917908
02-2014-1690,L'EIXAMPLE,la Sagrada Família,CARRER,SARDENYA,2,306,,,,,,,BJ,2,2.174859382,41.40238019
03-2014-0480,SANTS-MONTJUÏC,el Poble Sec,CARRER,MATA,2,24,,,,,,,BJ,2,2.170546071,41.37251524
03-2014-0481,SANTS-MONTJUÏC,el Poble Sec,CARRER,MATA,2,24,,,,,,,BJ,1,2.170546071,41.37251524
02-2014-1048,L'EIXAMPLE,la Sagrada Família,CARRER,CASTILLEJOS,2,320,,,,,,,EN,2,2.174879328,41.4092594
02-2014-0510,L'EIXAMPLE,Sant Antoni,CARRER,COMTE D'URGELL,2,56,,,,,,,1,3,2.159534746,41.38161127
02-2014-0518,L'EIXAMPLE,l'Antiga Esquerra de l'Eixample,CARRER,ENRIC GRANADOS,1,15,,17,,,,,1,2B,2.162025705,41.38791817
06-2014-0233,GRACIA,el Camp d'en Grassot i Gràcia Nova,CARRER,ROSSELLO,1,371,,,,,,,AT,2,2.169475258,41.40261138
10-2014-0256,SANT MARTI,Diagonal Mar i el Front Marítim del Poblenou,PASSEIG,TAULAT,2,196,,200,,,,,BJ,1,2.212111578,41.4039476
10-2014-0257,SANT MARTI,el Poblenou,CARRER,LABERINT,2,2,,4,,,,,1,B,2.206783185,41.39922195
02-2014-1584,L'EIXAMPLE,la Dreta de l'Eixample,CARRER,PAU CLARIS,1,99,,,,,,2,5,2,2.168981595,41.39117583
10-2014-0451,SANT MARTI,el Clot,AVINGUDA,MERIDIANA,2,116,,,,,,,4,1,2.187185763,41.40813149
02-2014-1587,L'EIXAMPLE,la Dreta de l'Eixample,CARRER,PAU CLARIS,1,99,,,,,,2,2,2,2.168981595,41.39117583
10-2014-0452,SANT MARTI,el Camp de l'Arpa del Clot,AVINGUDA,MERIDIANA,1,147,,,,,,,5,1,2.186561631,41.41070009
05-2014-0246,SARRIA-SANT GERVASI,Sant Gervasi - Galvany,CARRER,FRANCESC PEREZ-CABRERO,2,6,,,,,,,4,C,2.138652324,41.39455948
02-2014-1600,L'EIXAMPLE,la Sagrada Família,PLAÇA,SAGRADA FAMILIA,1,23,,,,,,,1,2,2.173664878,41.402035
02-2014-1633,L'EIXAMPLE,Sant Antoni,CARRER,MARQUES DE CAMPO SAGRADO,2,28,,,,,,,6,2,2.165156839,41.37648917
04-2014-0148,LES CORTS,les Corts,CARRER,EUROPA,2,8,,,,,,,7,4,2.128354827,41.38660082
01-2014-0059,CIUTAT VELLA,el Raval,CARRER,JUNTA DE COMERÇ,1,23,,,,,,,PR,2,2.171889963,41.37944639
05-2014-0122,SARRIA-SANT GERVASI,el Putxet i el Farró,PLAÇA,LESSEPS,1,31,,,,,,,PR,,2.14969764,41.40606446
06-2014-0212,GRACIA,la Vila de Gràcia,CARRER,FRATERNITAT,2,42,,,,,,,BJ,,2.160006408,41.4010089
02-2014-1110,L'EIXAMPLE,la Dreta de l'Eixample,CARRER,ROSSELLO,2,294,,,,,,,3,2,2.16620943,41.39986327
02-2014-1111,L'EIXAMPLE,la Dreta de l'Eixample,CARRER,ALI BEI,1,27,,,,,,,PR,1B,2.17844217,41.39191041
02-2014-1112,L'EIXAMPLE,l'Antiga Esquerra de l'Eixample,CARRER,VILLARROEL,1,121,,,,,,,6,2,2.155394112,41.38610503
02-2014-1114,L'EIXAMPLE,l'Antiga Esquerra de l'Eixample,CARRER,VILLARROEL,1,121,,,,,,,2,2,2.155394112,41.38610503
06-2014-0340,GRACIA,la Salut,CARRER,SECRETARI COLOMA,2,142,,,,,,,4,4,2.160257541,41.41214065
05-2014-0200,SARRIA-SANT GERVASI,Sarrià,CARRER,BONAPLATA,2,20,,,,,,,1,1,2.122691091,41.39649151
06-2014-0266,GRACIA,la Salut,AVINGUDA,COLL DEL PORTELL,1,57,,,,,,,1,3,2.152393718,41.41148514
06-2014-0267,GRACIA,la Salut,AVINGUDA,COLL DEL PORTELL,1,57,,,,,,,1,2,2.152393718,41.41148514
06-2014-0268,GRACIA,la Salut,AVINGUDA,COLL DEL PORTELL,1,57,,,,,,,1,1,2.152393718,41.41148514
06-2014-0269,GRACIA,la Salut,AVINGUDA,COLL DEL PORTELL,1,57,,,,,,,EN,3,2.152393718,41.41148514
06-2014-0270,GRACIA,la Salut,AVINGUDA,COLL DEL PORTELL,1,57,,,,,,,EN,2,2.152393718,41.41148514
06-2014-0271,GRACIA,la Salut,AVINGUDA,COLL DEL PORTELL,1,57,,,,,,,EN,1,2.152393718,41.41148514
06-2014-0272,GRACIA,la Salut,AVINGUDA,COLL DEL PORTELL,1,57,,,,,,,BJ,2,2.152393718,41.41148514
02-2014-0855,L'EIXAMPLE,l'Antiga Esquerra de l'Eixample,CARRER,ARIBAU,2,66,,,,,,,EN,1,2.158986232,41.38879358
02-2014-0856,L'EIXAMPLE,el Fort Pienc,CARRER,DIPUTACIO,2,470,,,,,,,4,1,2.182207469,41.40157692
02-2014-0857,L'EIXAMPLE,l'Antiga Esquerra de l'Eixample,CARRER,MUNTANER,2,32,,,,,,,2,,2.161099332,41.38548591
02-2014-1344,L'EIXAMPLE,la Dreta de l'Eixample,CARRER,ARAGO,1,349,,,,,,,AT,,2.17134114,41.39723345
06-2014-0371,GRACIA,la Vila de Gràcia,CARRER,BONAVISTA,2,8,,,,,,,2,2,2.159369371,41.39798869
02-2014-0503,L'EIXAMPLE,la Dreta de l'Eixample,AVINGUDA,DIAGONAL,1,405,,,,,,,4,5,2.156100307,41.39542673
02-2014-0504,L'EIXAMPLE,el Fort Pienc,CARRER,CASP,2,156,,,,,,,2,2,2.18058272,41.39663891
02-2014-0379,L'EIXAMPLE,l'Antiga Esquerra de l'Eixample,CARRER,CASANOVA,2,134,,,,,,,AT,3,2.154812996,41.3885201
02-2014-0407,L'EIXAMPLE,la Dreta de l'Eixample,CARRER,NAPOLS,1,191,,,,,,,2,2,2.174794836,41.39872935
02-2014-0321,L'EIXAMPLE,la Nova Esquerra de l'Eixample,CARRER,COMTE D'URGELL,1,109,,,,,,,AT,1,2.155244345,41.38444181
02-2014-0470,L'EIXAMPLE,la Dreta de l'Eixample,CARRER,MALLORCA,2,360,,,,,,,4,1,2.171871874,41.40070958
02-2014-0471,L'EIXAMPLE,la Dreta de l'Eixample,CARRER,MALLORCA,2,360,,,,,,,4,2,2.171871874,41.40070958
02-2014-0473,L'EIXAMPLE,la Dreta de l'Eixample,CARRER,MALLORCA,2,360,,,,,,,5,1,2.171871874,41.40070958
03-2014-0313,SANTS-MONTJUÏC,el Poble Sec,CARRER,MAGALHAES,1,3,,,,,,,2,,2.166085691,41.371517
03-2014-0314,SANTS-MONTJUÏC,el Poble Sec,CARRER,FONTRODONA,1,17,,,,,,,4,2,2.167227667,41.37344098
02-2014-0893,L'EIXAMPLE,el Fort Pienc,PASSEIG,SANT JOAN,2,4,,,,,,,3,1,2.180055977,41.39181876
02-2014-0898,L'EIXAMPLE,la Dreta de l'Eixample,CARRER,ROSSELLO,2,202,,,,,,,EN,2,2.157713858,41.39343953
02-2014-0905,L'EIXAMPLE,Sant Antoni,CARRER,TAMARIT,1,109,,,,,,,4,2,2.157235322,41.37597922
09-2014-0134,SANT ANDREU,Sant Andreu,CARRER,BORRIANA,2,136,,,,,,,6,3,2.195170871,41.43112437
03-2014-0247,SANTS-MONTJUÏC,la Bordeta,CARRER,VILADECANS,2,22,,,,,,,1,2,2.13870314,41.36991885
03-2014-0473,SANTS-MONTJUÏC,el Poble Sec,CARRER,MURILLO,1,17,,,,,,,3,1,2.161679388,41.37305677
07-2014-0174,HORTA-GUINARDÓ,el Guinardó,RONDA,GUINARDO,2,216,,,,,,,4,2,2.177401814,41.42230375
02-2014-1667,L'EIXAMPLE,la Dreta de l'Eixample,CARRER,CASP,2,38,,,,,,,4,,2.172021855,41.3902065
02-2014-1671,L'EIXAMPLE,la Sagrada Família,CARRER,VALENCIA,1,437,,,,,,,1,1,2.176224582,41.40253375
10-2014-0474,SANT MARTI,el Besòs i el Maresme,CARRER,PALLARS,1,499,,,,,,,BJ,2,2.214157968,41.41375039
02-2014-1683,L'EIXAMPLE,la Dreta de l'Eixample,PASSEIG,SANT JOAN,2,62,,,,,,,1,2,2.17373687,41.39658862
02-2014-1688,L'EIXAMPLE,la Dreta de l'Eixample,RAMBLA,CATALUNYA,2,8,,,,,,,AT,6,2.168016451,41.38793678
02-2014-1692,L'EIXAMPLE,l'Antiga Esquerra de l'Eixample,CARRER,VALENCIA,2,238,,,,,,,4,2,2.160461329,41.39040965
05-2014-0248,SARRIA-SANT GERVASI,Sarrià,CARRER,CAPITA ARENAS,2,58,,,,,,,5,3,2.124985123,41.39328183
02-2014-1701,L'EIXAMPLE,la Dreta de l'Eixample,CARRER,BALMES,1,11,,,,,,,1,,2.165774094,41.38679729
03-2014-0858,SANTS-MONTJUÏC,Sants - Badal,CARRER,ROGER,2,32,,,,,,,2,2,2.127276835,41.37690229
03-2014-0859,SANTS-MONTJUÏC,Sants - Badal,CARRER,ROGER,2,32,,,,,,,AT,1,2.127276835,41.37690229
03-2014-0860,SANTS-MONTJUÏC,Sants - Badal,CARRER,ROGER,2,32,,,,,,,AT,2,2.127276835,41.37690229
05-2014-0201,SARRIA-SANT GERVASI,Sarrià,CARRER,BONAPLATA,2,20,,,,,,,1,2,2.122691091,41.39649151
05-2014-0202,SARRIA-SANT GERVASI,Sarrià,CARRER,BONAPLATA,2,20,,,,,,,2,1,2.122691091,41.39649151
05-2014-0203,SARRIA-SANT GERVASI,Sarrià,CARRER,BONAPLATA,2,20,,,,,,,2,2,2.122691091,41.39649151
05-2014-0204,SARRIA-SANT GERVASI,Sarrià,CARRER,BONAPLATA,2,20,,,,,,,3,1,2.122691091,41.39649151
05-2014-0205,SARRIA-SANT GERVASI,Sarrià,CARRER,BONAPLATA,2,20,,,,,,,3,2,2.122691091,41.39649151
06-2014-0350,GRACIA,la Vila de Gràcia,CARRER,ASTURIES,1,87,,,,,,,3,1,2.156689918,41.4048797
06-2014-0351,GRACIA,la Vila de Gràcia,CARRER,ASTURIES,1,87,,,,,,,2,1,2.156689918,41.4048797
02-2014-1197,L'EIXAMPLE,la Nova Esquerra de l'Eixample,CARRER,ROSSELLO,2,32,,,,,,,EN,4,2.146496353,41.38499451
02-2014-0859,L'EIXAMPLE,el Fort Pienc,CARRER,AUSIAS MARC,2,76,,,,,,,EN,2,2.17946917,41.39409162
02-2014-0878,L'EIXAMPLE,el Fort Pienc,PASSEIG,SANT JOAN,2,4,,,,,,,2,,2.180055977,41.39181876
02-2014-0880,L'EIXAMPLE,el Fort Pienc,PASSEIG,SANT JOAN,2,4,,,,,,,3,2,2.180055977,41.39181876
02-2014-0884,L'EIXAMPLE,el Fort Pienc,PASSEIG,SANT JOAN,2,4,,,,,,,1,,2.180055977,41.39181876
02-2014-0415,L'EIXAMPLE,la Nova Esquerra de l'Eixample,CARRER,VALENCIA,1,45,,,,,,,PR,2,2.148690396,41.3818227
02-2014-0664,L'EIXAMPLE,la Dreta de l'Eixample,CARRER,BAILEN,1,41,,,,,,,1,2B,2.174872307,41.39356138
04-2014-0187,LES CORTS,la Maternitat i Sant Ramon,CARRER,BENAVENT,1,39,,,,,,,2,,2.124590646,41.37870837
10-2014-0650,SANT MARTI,el Poblenou,CARRER,RAMON TURRO,2,226,,,,,,,1,2,2.204009086,41.40055274
04-2014-0160,LES CORTS,la Maternitat i Sant Ramon,AVINGUDA,MADRID,1,63,,73,,,,,1,5,2.12646002,41.37809687
02-2014-0331,L'EIXAMPLE,la Sagrada Família,AVINGUDA,GAUDI,1,79,,,,,,,3,3,2.174188219,41.41037809
02-2014-0906,L'EIXAMPLE,Sant Antoni,CARRER,TAMARIT,1,109,,,,,,,PR,1,2.157235322,41.37597922
02-2014-0908,L'EIXAMPLE,Sant Antoni,CARRER,TAMARIT,1,117,,,,,,,PR,1,2.157941976,41.37651285
02-2014-0909,L'EIXAMPLE,Sant Antoni,CARRER,TAMARIT,1,109,,,,,,,PR,2,2.157235322,41.37597922
02-2014-0912,L'EIXAMPLE,Sant Antoni,CARRER,TAMARIT,1,117,,,,,,,PR,2,2.157941976,41.37651285
02-2014-0914,L'EIXAMPLE,Sant Antoni,CARRER,TAMARIT,1,117,,,,,,,1,1,2.157941976,41.37651285
02-2014-0915,L'EIXAMPLE,Sant Antoni,CARRER,TAMARIT,1,109,,,,,,,1,1,2.157235322,41.37597922
02-2014-0917,L'EIXAMPLE,Sant Antoni,CARRER,TAMARIT,1,117,,,,,,,1,2,2.157941976,41.37651285
02-2014-0918,L'EIXAMPLE,Sant Antoni,CARRER,TAMARIT,1,109,,,,,,,1,2,2.157235322,41.37597922
02-2014-0919,L'EIXAMPLE,Sant Antoni,CARRER,TAMARIT,1,117,,,,,,,2,1,2.157941976,41.37651285
02-2014-0920,L'EIXAMPLE,Sant Antoni,CARRER,TAMARIT,1,109,,,,,,,2,1,2.157235322,41.37597922
02-2014-0922,L'EIXAMPLE,Sant Antoni,CARRER,TAMARIT,1,109,,,,,,,3,1,2.157235322,41.37597922
02-2014-0923,L'EIXAMPLE,Sant Antoni,CARRER,TAMARIT,1,109,,,,,,,2,2,2.157235322,41.37597922
03-2014-0365,SANTS-MONTJUÏC,el Poble Sec,CARRER,CONCORDIA,1,59,,,,,,,AT,2,2.158412357,41.37178117
03-2014-0366,SANTS-MONTJUÏC,el Poble Sec,CARRER,CONCORDIA,1,59,,,,,,,AT,3,2.158412357,41.37178117
03-2014-0367,SANTS-MONTJUÏC,el Poble Sec,CARRER,CONCORDIA,1,59,,,,,,,4,1,2.158412357,41.37178117
03-2014-0368,SANTS-MONTJUÏC,el Poble Sec,CARRER,CONCORDIA,1,59,,,,,,,1,1,2.158412357,41.37178117
03-2014-0369,SANTS-MONTJUÏC,el Poble Sec,CARRER,CONCORDIA,1,59,,,,,,,SA,1,2.158412357,41.37178117
03-2014-0370,SANTS-MONTJUÏC,el Poble Sec,CARRER,CONCORDIA,1,59,,,,,,,3,1,2.158412357,41.37178117
02-2014-1323,L'EIXAMPLE,la Dreta de l'Eixample,CARRER,ARAGO,2,346,,,,,,A,PR,2,2.170675688,41.39632903
02-2014-1325,L'EIXAMPLE,la Dreta de l'Eixample,CARRER,ARAGO,2,346,,,,,,,PR,2B,2.170675688,41.39632903
02-2014-1477,L'EIXAMPLE,la Sagrada Família,AVINGUDA,GAUDI,1,73,,,,,,,4,2,2.174193125,41.41005112
02-2014-1486,L'EIXAMPLE,la Dreta de l'Eixample,CARRER,BALMES,2,8,,,,,,,3,1,2.166962345,41.38619984
03-2014-0234,SANTS-MONTJUÏC,Hostafrancs,CARRER,RECTOR TRIADO,2,40,,,,,,,2,2,2.144373864,41.37687668
04-2014-0112,LES CORTS,les Corts,CARRER,VALLESPIR,1,163,,,,,,,4,1,2.134092202,41.38368039
02-2014-0973,L'EIXAMPLE,la Dreta de l'Eixample,CARRER,BALMES,2,82,,84,,,,,2,2,2.160494286,41.39106199
04-2014-0230,LES CORTS,les Corts,CARRER,GUITARD,2,80,,,,,,,1,3,2.136328589,41.38443023
02-2014-1059,L'EIXAMPLE,Sant Antoni,CARRER,COMTE BORRELL,1,65,,,,,,,PR,3,2.161611276,41.37799228
04-2014-0231,LES CORTS,les Corts,CARRER,GUITARD,2,80,,,,,,,1,4,2.136328589,41.38443023
03-2014-0488,SANTS-MONTJUÏC,Sants,CARRER,RIEGO,2,14,,,,,,,2,3,2.138403364,41.37649183
02-2014-1704,L'EIXAMPLE,l'Antiga Esquerra de l'Eixample,CARRER,CONSELL DE CENT,2,254,,,,,,,4,3,2.161085201,41.38748218
02-2014-1709,L'EIXAMPLE,l'Antiga Esquerra de l'Eixample,CARRER,CONSELL DE CENT,2,254,,,,,,,4,2,2.161085201,41.38748218
05-2014-0252,SARRIA-SANT GERVASI,Sant Gervasi - Galvany,CARRER,ARIBAU,1,237,,241,,,,,3,4,2.147178362,41.39782002
02-2014-1721,L'EIXAMPLE,la Sagrada Família,AVINGUDA,GAUDI,1,5,,7,,,,,3,1,2.17426246,41.40513583
02-2014-0336,L'EIXAMPLE,la Dreta de l'Eixample,CARRER,PAU CLARIS,2,74,,,,,,,3,1,2.17174459,41.38938165
06-2014-0347,GRACIA,el Coll,CARRER,MORA D'EBRE,2,44,,,,,,A,SO,2,2.148443798,41.41703164
02-2014-1260,L'EIXAMPLE,la Sagrada Família,CARRER,PROVENÇA,1,379,,,,,,,EN,4,2.171044754,41.40205759
02-2014-1496,L'EIXAMPLE,la Dreta de l'Eixample,RAMBLA,CATALUNYA,2,8,,,,,,,5,7,2.168016451,41.38793678
03-2014-0446,SANTS-MONTJUÏC,el Poble Sec,CARRER,ROSER,2,32,,,,,,,2,2,2.166519583,41.37325958
03-2014-0475,SANTS-MONTJUÏC,el Poble Sec,CARRER,CREU DELS MOLERS,1,45,,,,,,,1,1,2.1614926,41.37301814
03-2014-0477,SANTS-MONTJUÏC,el Poble Sec,CARRER,CREU DELS MOLERS,1,45,,,,,,,1,2,2.1614926,41.37301814
03-2014-0485,SANTS-MONTJUÏC,el Poble Sec,CARRER,POETA CABANYES,2,22,,,,,,,2,2,2.165404649,41.37396398
03-2014-0316,SANTS-MONTJUÏC,el Poble Sec,CARRER,MARGARIT,2,28,,,,,,,EN,1,2.163436658,41.37347616
02-2014-1073,L'EIXAMPLE,la Dreta de l'Eixample,CARRER,BAILEN,1,81,,83,,,,,1,3,2.171386513,41.39619646
02-2014-1072,L'EIXAMPLE,la Dreta de l'Eixample,CARRER,BAILEN,1,81,,83,,,,,1,2,2.171386513,41.39619646
02-2014-1075,L'EIXAMPLE,la Dreta de l'Eixample,CARRER,BAILEN,1,81,,83,,,,,1,4,2.171386513,41.39619646
02-2014-1077,L'EIXAMPLE,la Dreta de l'Eixample,CARRER,BAILEN,1,81,,83,,,,,2,1,2.171386513,41.39619646
02-2014-1079,L'EIXAMPLE,la Dreta de l'Eixample,CARRER,BAILEN,1,81,,83,,,,,2,2,2.171386513,41.39619646
02-2014-1081,L'EIXAMPLE,la Dreta de l'Eixample,CARRER,BAILEN,1,81,,83,,,,,2,3,2.171386513,41.39619646
05-2014-0208,SARRIA-SANT GERVASI,Sant Gervasi - Galvany,CARRER,ARIBAU,2,228,,,,,,E,4,2,2.150536157,41.39517058
05-2014-0209,SARRIA-SANT GERVASI,Sant Gervasi - Galvany,CARRER,ARIBAU,2,226,,,,,,,4,D,2.150536157,41.39517058
02-2014-0344,L'EIXAMPLE,la Dreta de l'Eixample,GRAN VIA,CORTS CATALANES,2,640,,,,,,,2,2,2.169361594,41.3899099
02-2014-0429,L'EIXAMPLE,la Dreta de l'Eixample,CARRER,VALENCIA,2,358,,,,,,E,2,1,2.170232418,41.39776234
04-2014-0219,LES CORTS,la Maternitat i Sant Ramon,TRAVESSERA,CORTS,1,31,,,,,,,AT,2,2.119259084,41.37676085
06-2014-0142,GRACIA,la Vila de Gràcia,CARRER,LLIBERTAT,1,7,,,,,,,PR,2,2.16087679,41.39949868
06-2014-0159,GRACIA,Vallcarca i els Penitents,AVINGUDA,REPUBLICA ARGENTINA,2,36,,,,,,,3,1,2.147170195,41.40875062
07-2014-0361,HORTA-GUINARDÓ,Can Baró,CARRER,FRANCESC ALEGRE,1,11,,,,,,,BJ,2,2.166616182,41.4158751
03-2014-0113,SANTS-MONTJUÏC,el Poble Sec,CARRER,POETA CABANYES,2,22,B,,,,,,PR,1,2.16536588,41.37390513
06-2014-0346,GRACIA,Vallcarca i els Penitents,AVINGUDA,REPUBLICA ARGENTINA,2,248,,,,,,,BJ,2,2.13963701,41.41281149
02-2014-1243,L'EIXAMPLE,el Fort Pienc,CARRER,MARINA,1,189,,,,,,,PR,4,2.179447062,41.40015109
02-2014-1245,L'EIXAMPLE,el Fort Pienc,CARRER,MARINA,1,189,,,,,,,1,3,2.179447062,41.40015109
02-2014-1246,L'EIXAMPLE,el Fort Pienc,CARRER,MARINA,1,189,,,,,,,PR,3,2.179447062,41.40015109
07-2014-0150,HORTA-GUINARDÓ,el Guinardó,AVINGUDA,MARE DEU DE MONTSERRAT,1,105,,,,,,A,4,3,2.16833072,41.41584779
07-2014-0152,HORTA-GUINARDÓ,el Guinardó,AVINGUDA,MARE DEU DE MONTSERRAT,1,105,,,,,,A,1,1,2.16833072,41.41584779
07-2014-0154,HORTA-GUINARDÓ,el Guinardó,AVINGUDA,MARE DEU DE MONTSERRAT,1,105,,,,,,A,AT,2,2.16833072,41.41584779
02-2014-0502,L'EIXAMPLE,la Dreta de l'Eixample,CARRER,GIRONA,1,17,,,,,,,PR,1,2.175191433,41.39161214
02-2014-0655,L'EIXAMPLE,la Sagrada Família,CARRER,VALENCIA,2,494,,498,,,,,EN,3,2.1794813,41.40469304
02-2014-0867,L'EIXAMPLE,l'Antiga Esquerra de l'Eixample,CARRER,COMTE D'URGELL,2,90,,,,,,,3,1,2.157671009,41.3830123
02-2014-1350,L'EIXAMPLE,la Sagrada Família,CARRER,VALENCIA,1,435,,,,,,,2,1,2.176152743,41.40247974
02-2014-1360,L'EIXAMPLE,el Fort Pienc,CARRER,MARINA,2,212,,,,,,,6,4,2.179256852,41.40104486
02-2014-1372,L'EIXAMPLE,el Fort Pienc,CARRER,MARINA,2,212,,,,,,,4,3,2.179256852,41.40104486
02-2014-1378,L'EIXAMPLE,el Fort Pienc,CARRER,MARINA,2,212,,,,,,,9,1,2.179256852,41.40104486
02-2014-1385,L'EIXAMPLE,el Fort Pienc,CARRER,MARINA,2,212,,,,,,,6,3,2.179256852,41.40104486
02-2014-1393,L'EIXAMPLE,el Fort Pienc,CARRER,MARINA,2,212,,,,,,,2,3,2.179256852,41.40104486
09-2014-0253,SANT ANDREU,Navas,CARRER,INDUSTRIA,2,356,,,,,,,1,1,2.185380878,41.41771156
06-2014-0537,GRACIA,la Vila de Gràcia,CARRER,MOZART,2,20,,22,,,,,EN,2,2.158153994,41.39948775
06-2014-0535,GRACIA,la Vila de Gràcia,CARRER,MOZART,2,20,,22,,,,,2,1,2.158153994,41.39948775
10-2014-0377,SANT MARTI,el Parc i la Llacuna del Poblenou,CARRER,JOAN D'AUSTRIA,1,61,,63,,,,,5,4,2.190779668,41.39344348
03-2014-0438,SANTS-MONTJUÏC,el Poble Sec,CARRER,PIQUER,1,51,,,,,,,PR,2,2.167971656,41.37350953
02-2014-1490,L'EIXAMPLE,l'Antiga Esquerra de l'Eixample,CARRER,CORSEGA,2,244,,,,,,,PR,2,2.155033863,41.39308869
03-2014-0443,SANTS-MONTJUÏC,el Poble Sec,CARRER,CONCORDIA,2,28,,,,,,,5,1,2.160246452,41.37360318
02-2014-1539,L'EIXAMPLE,la Nova Esquerra de l'Eixample,CARRER,ENTENÇA,1,137,B,,,,,,4,1,2.147416563,41.38189432
02-2014-1560,L'EIXAMPLE,Sant Antoni,CARRER,COMTE D'URGELL,2,52,,,,,,,3,3,2.159659792,41.38151858
09-2014-0214,SANT ANDREU,la Sagrera,CARRER,PALENCIA,1,43,,45,,,,B,3,2,2.190863047,41.41866834
09-2014-0215,SANT ANDREU,Sant Andreu,CARRER,COROLEU,2,66,,70,,,,,2,3,2.185349944,41.43314813
06-2014-0533,GRACIA,la Vila de Gràcia,CARRER,TORRENT DE L'OLLA,1,113,,,,,,,3,,2.156720201,41.40244874
07-2014-0344,HORTA-GUINARDÓ,el Baix Guinardó,CARRER,CAMELIES,1,99,,,,,,,3,3,2.164530562,41.41416264
06-2014-0185,GRACIA,el Camp d'en Grassot i Gràcia Nova,PASSEIG,SANT JOAN,1,199,,,,,,,3,2,2.162966825,41.40405831
02-2014-0615,L'EIXAMPLE,la Dreta de l'Eixample,GRAN VIA,CORTS CATALANES,2,596,,,,,,,5,1,2.164921755,41.38657605
06-2014-0219,GRACIA,la Vila de Gràcia,CARRER,TORRENT DE L'OLLA,2,114,,,,,,,BJ,1,2.157375811,41.40206458
02-2014-0924,L'EIXAMPLE,Sant Antoni,CARRER,TAMARIT,1,109,,,,,,,4,1,2.157235322,41.37597922
02-2014-0925,L'EIXAMPLE,Sant Antoni,CARRER,TAMARIT,1,109,,,,,,,3,2,2.157235322,41.37597922
06-2014-0298,GRACIA,Vallcarca i els Penitents,AVINGUDA,REPUBLICA ARGENTINA,2,36,,,,,,,2,1,2.147170195,41.40875062
06-2014-0299,GRACIA,Vallcarca i els Penitents,AVINGUDA,REPUBLICA ARGENTINA,2,36,,,,,,,2,2,2.147170195,41.40875062
02-2014-0951,L'EIXAMPLE,la Dreta de l'Eixample,CARRER,PROVENÇA,2,304,,,,,,,SA,24,2.162754015,41.39555445
06-2014-0303,GRACIA,el Camp d'en Grassot i Gràcia Nova,CARRER,BAILEN,2,210,,,,,,,3,2,2.16395165,41.40210535
02-2014-1493,L'EIXAMPLE,la Dreta de l'Eixample,CARRER,VALENCIA,1,247,,,,,,,PR,1A,2.163038973,41.39262478
02-2014-1501,L'EIXAMPLE,la Dreta de l'Eixample,CARRER,ARAGO,2,266,,,,,,,7,,2.16394575,41.39123191
05-2014-0227,SARRIA-SANT GERVASI,Sant Gervasi - Galvany,CARRER,LAFORJA,1,109,,,,,,,4,1,2.143191117,41.39511285
02-2014-1276,L'EIXAMPLE,la Sagrada Família,CARRER,LEPANT,2,338,,,,,,,AT,2,2.172947725,41.40739139
02-2014-0441,L'EIXAMPLE,la Dreta de l'Eixample,CARRER,BAILEN,2,74,,,,,,,1,4,2.172401172,41.39570754
02-2014-0444,L'EIXAMPLE,la Dreta de l'Eixample,AVINGUDA,DIAGONAL,1,317,,,,,,,4,4,2.171444477,41.39927108
02-2014-0544,L'EIXAMPLE,la Nova Esquerra de l'Eixample,CARRER,VALENCIA,1,19,,,,,,B,1,2,2.147392567,41.38084176
02-2014-0545,L'EIXAMPLE,la Sagrada Família,CARRER,MARINA,2,260,,,,,,,3,1,2.176086767,41.40337456
05-2014-0146,SARRIA-SANT GERVASI,Sant Gervasi - Galvany,CARRER,ARIBAU,1,207,,,,,,,1,1,2.148944701,41.39614548
07-2014-0366,HORTA-GUINARDÓ,el Guinardó,RAMBLA,MUNTANYA,2,8,,,,,,,1,2,2.178219722,41.42196557
09-2014-0288,SANT ANDREU,Sant Andreu,CARRER,JOAN TORRAS,2,8,,,,,,B,3,1,2.190170616,41.43758112
03-2014-0372,SANTS-MONTJUÏC,el Poble Sec,CARRER,RADAS,1,61,,,,,,,PR,2,2.160546401,41.37237962
03-2014-0373,SANTS-MONTJUÏC,el Poble Sec,CARRER,RADAS,1,61,,,,,,,PR,1,2.160546401,41.37237962
03-2014-0375,SANTS-MONTJUÏC,el Poble Sec,CARRER,RADAS,1,61,,,,,,,1,1,2.160546401,41.37237962
02-2014-1355,L'EIXAMPLE,la Sagrada Família,CARRER,PROVENÇA,1,529,,,,,,,AT,4,2.179224016,41.40814512
02-2014-1361,L'EIXAMPLE,la Sagrada Família,CARRER,PROVENÇA,1,529,,,,,,,AT,3,2.179224016,41.40814512
02-2014-1364,L'EIXAMPLE,la Dreta de l'Eixample,CARRER,TRAFALGAR,1,15,,,,,,,4,1,2.175075131,41.38905959
02-2014-1365,L'EIXAMPLE,la Sagrada Família,CARRER,PROVENÇA,1,529,,,,,,,AT,1,2.179224016,41.40814512
02-2014-1374,L'EIXAMPLE,la Sagrada Família,CARRER,PROVENÇA,1,529,,,,,,,3,4,2.179224016,41.40814512
02-2014-1379,L'EIXAMPLE,la Dreta de l'Eixample,CARRER,GIRONA,1,79,,,,,,,3,2,2.170439015,41.39520117
02-2014-1380,L'EIXAMPLE,la Sagrada Família,CARRER,PROVENÇA,1,529,,,,,,,3,3,2.179224016,41.40814512
02-2014-1384,L'EIXAMPLE,la Sagrada Família,CARRER,PROVENÇA,1,529,,,,,,,3,1,2.179224016,41.40814512
02-2014-1005,L'EIXAMPLE,la Dreta de l'Eixample,CARRER,BALMES,2,24,,,,,,,2,1,2.164855671,41.38777069
02-2014-1006,L'EIXAMPLE,la Dreta de l'Eixample,CARRER,ROGER DE FLOR,2,222,B,,,,,,6,2,2.170561643,41.40051841
04-2014-0127,LES CORTS,les Corts,CARRER,GALILEU,1,307,,,,,,,EN,3,2.131424567,41.38532355
02-2014-1399,L'EIXAMPLE,el Fort Pienc,CARRER,MARINA,2,212,,,,,,,2,2,2.179256852,41.40104486
02-2014-1577,L'EIXAMPLE,Sant Antoni,CARRER,SEPULVEDA,1,175,,,,,,,1,2,2.162661949,41.38345863
02-2014-1582,L'EIXAMPLE,la Dreta de l'Eixample,RAMBLA,CATALUNYA,2,54,,,,,,,5,1,2.164055485,41.39083586
02-2014-1588,L'EIXAMPLE,la Dreta de l'Eixample,RAMBLA,CATALUNYA,2,54,,,,,,,AT,2,2.164055485,41.39083586
02-2014-1595,L'EIXAMPLE,la Dreta de l'Eixample,RAMBLA,CATALUNYA,2,54,,,,,,,1,2,2.164055485,41.39083586
02-2014-1596,L'EIXAMPLE,la Dreta de l'Eixample,CARRER,CONSELL DE CENT,2,426,,,,,,,3,1,2.174718323,41.39772237
02-2014-1599,L'EIXAMPLE,la Dreta de l'Eixample,RAMBLA,CATALUNYA,2,54,,,,,,,5,2,2.164055485,41.39083586
02-2014-1601,L'EIXAMPLE,la Dreta de l'Eixample,RAMBLA,CATALUNYA,2,54,,,,,,,SA,1,2.164055485,41.39083586
02-2014-1607,L'EIXAMPLE,la Dreta de l'Eixample,RAMBLA,CATALUNYA,2,54,,,,,,,5,3,2.164055485,41.39083586
02-2014-1626,L'EIXAMPLE,el Fort Pienc,CARRER,SARDENYA,1,217,,,,,,,SA,1,2.17804898,41.39968912
02-2014-1642,L'EIXAMPLE,la Sagrada Família,CARRER,INDUSTRIA,2,116,,,,,,,3,2,2.171824113,41.40746915
02-2014-1644,L'EIXAMPLE,la Sagrada Família,CARRER,INDUSTRIA,2,116,,,,,,,4,1,2.171824113,41.40746915
02-2014-1648,L'EIXAMPLE,la Sagrada Família,CARRER,INDUSTRIA,2,116,,,,,,,4,2,2.171824113,41.40746915
10-2014-0678,SANT MARTI,la Verneda i la Pau,CARRER,CAMP ARRIASSA,1,73,,,,,,,BJ,,2.204214951,41.42346553
07-2014-0267,HORTA-GUINARDÓ,el Carmel,CARRER,PASTEUR,1,25,,,,,,,1,1,2.159490326,41.41772362
04-2014-0298,LES CORTS,la Maternitat i Sant Ramon,AVINGUDA,MADRID,1,99,,101,,,,,1,1,2.12767077,41.37877671
10-2014-0236,SANT MARTI,el Poblenou,CARRER,LLACUNA,1,13,,,,,,,3,3,2.202390369,41.39834233
02-2014-0638,L'EIXAMPLE,el Fort Pienc,CARRER,ALI BEI,1,57,,,,,,,2,1,2.1805303,41.39347913
07-2014-0090,HORTA-GUINARDÓ,Can Baró,CARRER,TENERIFE,1,35,,,,,,,BJ,,2.16465778,41.41592192
07-2014-0091,HORTA-GUINARDÓ,el Guinardó,PASSATGE,FLAUGIER,2,12,,,,,,,1,1,2.177964766,41.41479269
06-2014-0309,GRACIA,la Vila de Gràcia,CARRER,MILA I FONTANALS,1,31,,,,,,,2,2,2.162020337,41.40142132
07-2014-0237,HORTA-GUINARDÓ,el Carmel,CARRER,SANT DALMIR,2,2,,,,,,,BJ,7,2.151492222,41.42318454
07-2014-0238,HORTA-GUINARDÓ,el Carmel,CARRER,SANT DALMIR,2,2,,,,,,,BJ,8,2.151492222,41.42318454
07-2014-0239,HORTA-GUINARDÓ,el Carmel,CARRER,SANT DALMIR,2,2,,,,,,,BJ,9,2.151492222,41.42318454
07-2014-0240,HORTA-GUINARDÓ,el Carmel,CARRER,SANT DALMIR,2,2,,,,,,,BJ,10,2.151492222,41.42318454
07-2014-0241,HORTA-GUINARDÓ,el Carmel,CARRER,SANT DALMIR,2,2,,,,,,,BJ,11,2.151492222,41.42318454
03-2014-0591,SANTS-MONTJUÏC,Sants - Badal,CARRER,BEGUR,1,67,,,,,,,BJ,,2.13091736,41.37292219
03-2014-0592,SANTS-MONTJUÏC,Sants - Badal,CARRER,BEGUR,1,67,,,,,,,3,,2.13091736,41.37292219
02-2014-0482,L'EIXAMPLE,la Nova Esquerra de l'Eixample,CARRER,VILADOMAT,1,261,,,,,,,BJ,1,2.147746176,41.38674983
02-2014-0483,L'EIXAMPLE,la Nova Esquerra de l'Eixample,CARRER,VILADOMAT,1,261,,,,,,,BJ,2,2.147746176,41.38674983
04-2014-0158,LES CORTS,la Maternitat i Sant Ramon,CARRER,CARDENAL REIG,2,4,,,,,,,EN,4,2.114064881,41.37636874
03-2014-0193,SANTS-MONTJUÏC,el Poble Sec,CARRER,MARE DE DEU DEL REMEI,1,31,,37,,,,,EN,9,2.157227946,41.37294049
04-2014-0332,LES CORTS,les Corts,CARRER,REMEI,1,37,,41,,,,,4,4,2.130344811,41.38573338
06-2014-0065,GRACIA,la Vila de Gràcia,CARRER,BELLVER,2,10,,,,,,,2,2,2.153663017,41.40595776
02-2014-1387,L'EIXAMPLE,la Dreta de l'Eixample,AVINGUDA,DIAGONAL,2,372,,,,,,,8,2,2.170505866,41.39952358
02-2014-1388,L'EIXAMPLE,la Sagrada Família,CARRER,PROVENÇA,1,529,,,,,,,2,3,2.179224016,41.40814512
02-2014-1394,L'EIXAMPLE,la Sagrada Família,CARRER,PROVENÇA,1,529,,,,,,,2,2,2.179224016,41.40814512
02-2014-1398,L'EIXAMPLE,la Sagrada Família,CARRER,PROVENÇA,1,529,,,,,,,BJ,,2.179224016,41.40814512
05-2014-0238,SARRIA-SANT GERVASI,Sant Gervasi - Galvany,CARRER,MARIA CUBI,1,55,,,,,,A,3,1,2.14959889,41.39817688
02-2014-1405,L'EIXAMPLE,la Sagrada Família,CARRER,PROVENÇA,1,529,,,,,,,2,1,2.179224016,41.40814512
02-2014-1411,L'EIXAMPLE,la Dreta de l'Eixample,CARRER,AUSIAS MARC,2,24,,,,,,,2,1,2.175427038,41.3910657
02-2014-1413,L'EIXAMPLE,la Sagrada Família,CARRER,PROVENÇA,1,529,,,,,,,1,4,2.179224016,41.40814512
02-2014-1418,L'EIXAMPLE,la Sagrada Família,CARRER,PROVENÇA,1,529,,,,,,,1,3,2.179224016,41.40814512
02-2014-1423,L'EIXAMPLE,la Sagrada Família,CARRER,PROVENÇA,1,529,,,,,,,1,2,2.179224016,41.40814512
02-2014-1426,L'EIXAMPLE,la Dreta de l'Eixample,CARRER,AUSIAS MARC,2,24,,,,,,,2,2B,2.175427038,41.3910657
02-2014-1430,L'EIXAMPLE,la Sagrada Família,CARRER,PROVENÇA,1,529,,,,,,,1,1,2.179224016,41.40814512
10-2014-0218,SANT MARTI,el Poblenou,CARRER,PALLARS,2,320,,,,,,,2,3,2.204545266,41.4061206
02-2014-0842,L'EIXAMPLE,Sant Antoni,CARRER,FLORIDABLANCA,2,90,,,,,,,4,2,2.159315388,41.37896644
02-2014-1404,L'EIXAMPLE,el Fort Pienc,CARRER,MARINA,2,212,,,,,,,5,1,2.179256852,41.40104486
02-2014-1409,L'EIXAMPLE,el Fort Pienc,CARRER,MARINA,2,212,,,,,,,PR,4,2.179256852,41.40104486
02-2014-1417,L'EIXAMPLE,el Fort Pienc,CARRER,MARINA,2,212,,,,,,,8,3,2.179256852,41.40104486
02-2014-1659,L'EIXAMPLE,Sant Antoni,RONDA,SANT PAU,1,13,,,,,,,5,1,2.166779338,41.37571146
03-2014-0474,SANTS-MONTJUÏC,Sants,PASSEIG,SANT ANTONI,1,13,,,,,,,4,2,2.136755778,41.37694952
10-2014-0477,SANT MARTI,Diagonal Mar i el Front Marítim del Poblenou,AVINGUDA,DIAGONAL,2,66,,,,,,,1,1,2.210234347,41.40966691
10-2014-0732,SANT MARTI,el Besòs i el Maresme,PLAÇA,GERMANS SERRA,1,3,,,,,,D,2,1,2.212668493,41.41695776
10-2014-0733,SANT MARTI,el Besòs i el Maresme,CARRER,LLULL,1,465,,,,,,,1,4,2.217834589,41.41317344
10-2014-0734,SANT MARTI,el Besòs i el Maresme,PLAÇA,GERMANS SERRA,1,3,,,,,,,9,3,2.212668493,41.41695776
03-2014-0635,SANTS-MONTJUÏC,Sants,CARRER,SOCORS,1,21,,,,,,,4,5,2.130548292,41.37666946
10-2014-0735,SANT MARTI,el Besòs i el Maresme,RAMBLA,PRIM,2,32,,,,,,,10,7,2.216609677,41.41373732
10-2014-0736,SANT MARTI,el Besòs i el Maresme,CARRER,CRISTOBAL DE MOURA,1,229,,,,,,,3,4,2.21340907,41.41645862
10-2014-0737,SANT MARTI,el Besòs i el Maresme,RAMBLA,PRIM,1,35,,,,,,,EN,1,2.216650192,41.41291869
10-2014-0738,SANT MARTI,el Besòs i el Maresme,RAMBLA,PRIM,1,37,,,,,,,EN,2,2.216343971,41.41315118
10-2014-0739,SANT MARTI,el Besòs i el Maresme,CARRER,EPIR,2,4,,,,,,,BJ,4,2.21879122,41.41439223
02-2014-0392,L'EIXAMPLE,la Sagrada Família,CARRER,LEPANT,1,279,,,,,,,5,2,2.175826661,41.4049478
07-2014-0325,HORTA-GUINARDÓ,el Baix Guinardó,PASSATGE,REDEMPTOR,1,5,,,,,,,BJ,,2.162549845,41.41341318
03-2014-0219,SANTS-MONTJUÏC,el Poble Sec,CARRER,FONT HONRADA,2,6,,,,,,,1,1,2.155802504,41.37430948
02-2014-1017,L'EIXAMPLE,la Dreta de l'Eixample,PASSEIG,GRACIA,1,51,,,,,,,1,1A,2.164177971,41.39233147
01-2014-0249,CIUTAT VELLA,el Barri Gòtic,CARRER,PORTAFERRISSA,1,27,,,,,,,4,,2.173982022,41.38404053
01-2014-0250,CIUTAT VELLA,el Barri Gòtic,CARRER,PORTAFERRISSA,1,27,,,,,,,3,,2.173982022,41.38404053
05-2014-0062,SARRIA-SANT GERVASI,el Putxet i el Farró,CARRER,SANT MAGI,1,7,,,,,,,BJ,,2.148728281,41.40476327
02-2014-0213,L'EIXAMPLE,la Dreta de l'Eixample,CARRER,TRAFALGAR,1,9,,,,,,,PR,1,2.174607171,41.38905893
09-2014-0304,SANT ANDREU,Sant Andreu,CARRER,IGNASI IGLESIAS,2,110,,,,,,,2,3,2.185679506,41.43393546
06-2014-0281,GRACIA,la Vila de Gràcia,CARRER,JOSEP TORRES,2,26,,,,,,,4,2,2.162078647,41.40112223
05-2014-0197,SARRIA-SANT GERVASI,Sant Gervasi - Galvany,CARRER,TUSET,1,13,,,,,,,SA,EX,2.151703194,41.39598525
02-2014-1149,L'EIXAMPLE,l'Antiga Esquerra de l'Eixample,CARRER,ARIBAU,2,106,,,,,,,3,1,2.156878698,41.39038832
03-2014-0767,SANTS-MONTJUÏC,Sants,CARRER,ANTONI DE CAPMANY,1,81,,83,,,,B,EN,3,2.134376515,41.37463628
06-2014-0723,GRACIA,Vallcarca i els Penitents,CARRER,SANT EUDALD,2,4,,,,,,,1,,2.145139152,41.41350597
06-2014-0725,GRACIA,Vallcarca i els Penitents,CARRER,SANT EUDALD,2,4,,,,,,,2,,2.145139152,41.41350597
02-2014-0275,L'EIXAMPLE,l'Antiga Esquerra de l'Eixample,CARRER,MUNTANER,2,118,,,,,,,2,1,2.155891139,41.38942426
10-2014-0151,SANT MARTI,el Poblenou,PASSATGE,MAS DE RODA,2,26,,,,,,B,1,6,2.200504214,41.39709544
02-2014-1433,L'EIXAMPLE,la Dreta de l'Eixample,CARRER,AUSIAS MARC,2,24,,,,,,,3,2,2.175427038,41.3910657
02-2014-1435,L'EIXAMPLE,la Sagrada Família,CARRER,PROVENÇA,1,529,,,,,,,PR,4,2.179224016,41.40814512
02-2014-1441,L'EIXAMPLE,la Sagrada Família,CARRER,PROVENÇA,1,529,,,,,,,PR,3,2.179224016,41.40814512
02-2014-1442,L'EIXAMPLE,la Sagrada Família,CARRER,PROVENÇA,1,529,,,,,,,PR,1,2.179224016,41.40814512
02-2014-1478,L'EIXAMPLE,la Dreta de l'Eixample,CARRER,ROGER DE FLOR,2,222,B,,,,,,2,1,2.170561643,41.40051841
02-2014-1491,L'EIXAMPLE,la Sagrada Família,CARRER,CARTAGENA,1,271,,,,,,,1,1,2.176906344,41.40907307
10-2014-0416,SANT MARTI,el Poblenou,CARRER,PALLARS,2,322,,324,,,,,BJ,3,2.204695117,41.40622834
10-2014-0418,SANT MARTI,el Poblenou,RAMBLA,POBLENOU,2,16,,,,,,,1,1,2.204907018,41.3984393
03-2014-0442,SANTS-MONTJUÏC,Sants,PASSATGE,SERRA I AROLA,2,14,,,,,,,1,,2.135270191,41.37633685
02-2014-1502,L'EIXAMPLE,la Sagrada Família,CARRER,CARTAGENA,1,221,,,,,,,1,1,2.180429337,41.40641273
10-2014-0420,SANT MARTI,el Poblenou,RAMBLA,POBLENOU,2,16,,,,,,,1,2,2.204907018,41.3984393
02-2014-1506,L'EIXAMPLE,l'Antiga Esquerra de l'Eixample,CARRER,CORSEGA,1,225,,,,,,,6,,2.152973882,41.39186562
02-2014-2072,L'EIXAMPLE,l'Antiga Esquerra de l'Eixample,CARRER,CASANOVA,2,160,,,,,,,4,2,2.153286968,41.39000101
02-2014-0263,L'EIXAMPLE,la Dreta de l'Eixample,AVINGUDA,DIAGONAL,2,392,,,,,,,5,2,2.167674828,41.39881224
03-2014-0184,SANTS-MONTJUÏC,el Poble Sec,CARRER,SALVA,1,1,,,,,,,7,28,2.166803105,41.37460523
06-2014-0295,GRACIA,la Vila de Gràcia,CARRER,BRUNIQUER,1,65,,,,,,,3,,2.162303607,41.40573161
02-2014-1395,L'EIXAMPLE,la Sagrada Família,CARRER,SARDENYA,2,306,,,,,,,3,,2.174859382,41.40238019
07-2014-0162,HORTA-GUINARDÓ,el Guinardó,CARRER,TEODOR LLORENTE,1,1,,5,,,,,EN,1A,2.180193011,41.4191103
07-2014-0163,HORTA-GUINARDÓ,el Guinardó,CARRER,TEODOR LLORENTE,1,1,,5,,,,,EN,1B,2.180193011,41.4191103
10-2014-0479,SANT MARTI,el Poblenou,CARRER,FERROCARRIL,1,27,,,,,,,1,4,2.207070421,41.3988077
02-2014-1695,L'EIXAMPLE,la Dreta de l'Eixample,CARRER,MALLORCA,2,266,,,,,,,3,1,2.163814628,41.39464448
05-2014-0250,SARRIA-SANT GERVASI,Sant Gervasi - Galvany,CARRER,ARIBAU,2,228,,,,,,E,2,2,2.150536157,41.39517058
05-2014-0251,SARRIA-SANT GERVASI,Sant Gervasi - Galvany,CARRER,ARIBAU,2,226,,,,,,E,1,1,2.150536157,41.39517058
06-2014-0422,GRACIA,la Vila de Gràcia,CARRER,GRAN DE GRACIA,2,200,,,,,,,2,2,2.152124205,41.40369387
02-2014-1707,L'EIXAMPLE,el Fort Pienc,GRAN VIA,CORTS CATALANES,2,732,,,,,,,6,1,2.178597091,41.39684938
02-2014-1713,L'EIXAMPLE,la Nova Esquerra de l'Eixample,CARRER,CALABRIA,1,281,,,,,,B,6,4,2.144001224,41.3878736
02-2014-1748,L'EIXAMPLE,la Sagrada Família,CARRER,CORSEGA,2,518,,,,,,,4,3,2.17133158,41.40542326
10-2014-0696,SANT MARTI,el Besòs i el Maresme,CARRER,MOGENT,2,6,,,,,,,1,2,2.214598095,41.41559259
02-2014-0443,L'EIXAMPLE,la Nova Esquerra de l'Eixample,CARRER,ENTENÇA,1,113,,,,,,,1,3,2.148775137,41.38086927
10-2014-0241,SANT MARTI,el Poblenou,PASSEIG,CALVELL,1,45,,,,,,D,5,3,2.20760134,41.39891663
10-2014-0242,SANT MARTI,el Poblenou,PASSEIG,CALVELL,1,45,,,,,,D,5,2,2.20760134,41.39891663
10-2014-0243,SANT MARTI,el Poblenou,PASSEIG,CALVELL,1,45,,,,,,D,1,2,2.20760134,41.39891663
10-2014-0244,SANT MARTI,el Poblenou,PASSEIG,CALVELL,1,45,,,,,,B,2,1,2.20760134,41.39891663
10-2014-0245,SANT MARTI,el Poblenou,PASSEIG,CALVELL,1,45,,,,,,B,2,3,2.20760134,41.39891663
07-2014-0092,HORTA-GUINARDÓ,el Guinardó,PASSATGE,FLAUGIER,2,12,,,,,,,BJ,2,2.177964766,41.41479269
01-2014-0251,CIUTAT VELLA,el Barri Gòtic,CARRER,PORTAFERRISSA,1,27,,,,,,,PR,,2.173982022,41.38404053
02-2014-1065,L'EIXAMPLE,la Nova Esquerra de l'Eixample,CARRER,ENTENÇA,2,174,,,,,,,PR,,2.145289769,41.38377736
02-2014-1264,L'EIXAMPLE,la Dreta de l'Eixample,CARRER,DIPUTACIO,2,294,,,,,,,3,1,2.170578246,41.39291328
02-2014-1268,L'EIXAMPLE,el Fort Pienc,CARRER,ALI BEI,2,22,,,,,,,3,3,2.179912236,41.39273726
02-2014-1271,L'EIXAMPLE,la Dreta de l'Eixample,CARRER,ARAGO,1,231,,,,,,,1,B,2.162084401,41.39026426
06-2014-0096,GRACIA,la Vila de Gràcia,CARRER,GRANJA,1,13,,,,,,,2,2,2.154428836,41.40827506
07-2014-0286,HORTA-GUINARDÓ,la Vall d'Hebron,PLAÇA,JOSEP PALLACH,1,5,,,,,,,3,2,2.149992073,41.43362987
06-2014-0237,GRACIA,la Vila de Gràcia,AVINGUDA,DIAGONAL,2,478,,,,,,,2,2,2.155906356,41.39587235
06-2014-0238,GRACIA,la Vila de Gràcia,AVINGUDA,DIAGONAL,2,478,,,,,,,3,1,2.155906356,41.39587235
06-2014-0239,GRACIA,la Vila de Gràcia,AVINGUDA,DIAGONAL,2,478,,,,,,,3,2,2.155906356,41.39587235
06-2014-0240,GRACIA,la Vila de Gràcia,AVINGUDA,DIAGONAL,2,478,,,,,,,4,1,2.155906356,41.39587235
06-2014-0241,GRACIA,la Vila de Gràcia,AVINGUDA,DIAGONAL,2,478,,,,,,,4,2,2.155906356,41.39587235
06-2014-0242,GRACIA,la Vila de Gràcia,AVINGUDA,DIAGONAL,2,478,,,,,,,5,1,2.155906356,41.39587235
06-2014-0243,GRACIA,la Vila de Gràcia,AVINGUDA,DIAGONAL,2,478,,,,,,,5,2,2.155906356,41.39587235
04-2014-0232,LES CORTS,les Corts,CARRER,MARQUES DE SENTMENAT,2,28,,,,,,,6,1,2.136415625,41.38475352
06-2014-0229,GRACIA,la Vila de Gràcia,CARRER,BRUNIQUER,1,51,,,,,,,2,3,2.161884851,41.40547429
03-2014-0153,SANTS-MONTJUÏC,Sants,CARRER,VALLADOLID,1,19,,,,,,,3,1,2.136215134,41.37778606
02-2014-0401,L'EIXAMPLE,la Dreta de l'Eixample,CARRER,NAPOLS,1,195,,,,,,,AT,3,2.174641576,41.3988434
03-2014-0155,SANTS-MONTJUÏC,el Poble Sec,AVINGUDA,PARAL.LEL,1,131,,,,,,B,1,1,2.159491188,41.37480771
03-2014-0156,SANTS-MONTJUÏC,el Poble Sec,CARRER,MARGARIT,2,52,,,,,,,PR,2,2.163104835,41.37254978
02-2014-0403,L'EIXAMPLE,la Nova Esquerra de l'Eixample,CARRER,ARAGO,1,85,,,,,,,PR,4,2.150860256,41.3817621
02-2014-0849,L'EIXAMPLE,el Fort Pienc,CARRER,DIPUTACIO,2,470,,,,,,,AT,1,2.182207469,41.40157692
02-2014-0851,L'EIXAMPLE,el Fort Pienc,CARRER,DIPUTACIO,2,470,,,,,,,3,1,2.182207469,41.40157692
02-2014-0853,L'EIXAMPLE,el Fort Pienc,CARRER,DIPUTACIO,2,470,,,,,,,PR,2,2.182207469,41.40157692
02-2014-0854,L'EIXAMPLE,el Fort Pienc,CARRER,DIPUTACIO,2,470,,,,,,,5,3,2.182207469,41.40157692
10-2014-0364,SANT MARTI,el Camp de l'Arpa del Clot,CARRER,INDUSTRIA,2,208,,,,,,,6,4,2.177244309,41.41155915
02-2014-1507,L'EIXAMPLE,l'Antiga Esquerra de l'Eixample,CARRER,CORSEGA,1,225,,,,,,,1,,2.152973882,41.39186562
02-2014-1511,L'EIXAMPLE,l'Antiga Esquerra de l'Eixample,CARRER,CORSEGA,1,225,,,,,,,PR,,2.152973882,41.39186562
10-2014-0425,SANT MARTI,el Poblenou,RAMBLA,POBLENOU,2,16,,,,,,,1,3,2.204907018,41.3984393
02-2014-1513,L'EIXAMPLE,l'Antiga Esquerra de l'Eixample,CARRER,CORSEGA,1,225,,,,,,,5,,2.152973882,41.39186562
10-2014-0427,SANT MARTI,el Poblenou,RAMBLA,POBLENOU,2,16,,,,,,,1,4,2.204907018,41.3984393
02-2014-1515,L'EIXAMPLE,l'Antiga Esquerra de l'Eixample,CARRER,CORSEGA,1,225,,,,,,,4,2,2.152973882,41.39186562
02-2014-1517,L'EIXAMPLE,l'Antiga Esquerra de l'Eixample,CARRER,CORSEGA,1,225,,,,,,,3,2,2.152973882,41.39186562
02-2014-1518,L'EIXAMPLE,l'Antiga Esquerra de l'Eixample,CARRER,CORSEGA,1,225,,,,,,,3,1,2.152973882,41.39186562
10-2014-0428,SANT MARTI,el Poblenou,RAMBLA,POBLENOU,2,16,,,,,,,1,5,2.204907018,41.3984393
02-2014-1520,L'EIXAMPLE,l'Antiga Esquerra de l'Eixample,CARRER,CORSEGA,1,225,,,,,,,2,2,2.152973882,41.39186562
03-2014-0802,SANTS-MONTJUÏC,Sants,CARRER,RIERA DE TENA,1,37,,,,,,,BJ,2,2.133503395,41.37176322
03-2014-0803,SANTS-MONTJUÏC,Sants,CARRER,RIERA DE TENA,1,37,,,,,,,3,,2.133503395,41.37176322
03-2014-0804,SANTS-MONTJUÏC,Sants,CARRER,RIERA DE TENA,1,37,,,,,,,2,,2.133503395,41.37176322
04-2014-0362,LES CORTS,la Maternitat i Sant Ramon,CARRER,BENAVENT,1,3,,,,,,,1,3,2.125466026,41.37766221
03-2014-0130,SANTS-MONTJUÏC,el Poble Sec,CARRER,CABANES,2,46,,,,,,,BJ,1,2.169537803,41.37234388
02-2014-0600,L'EIXAMPLE,la Sagrada Família,CARRER,CONSELL DE CENT,2,534,,,,,,3,1,B,2.181514064,41.40281703
10-2014-0405,SANT MARTI,la Verneda i la Pau,CARRER,PUIGCERDA,1,273,,275,,,,,EN,5B,2.201947034,41.42088881
07-2014-0164,HORTA-GUINARDÓ,el Baix Guinardó,CARRER,CASTILLEJOS,1,395,,,,,,,PR,3,2.170780438,41.41209923
03-2014-0431,SANTS-MONTJUÏC,la Font de la Guatlla,GRAN VIA,CORTS CATALANES,2,192,,,,,,A,3,1,2.14076347,41.36840397
02-2014-1752,L'EIXAMPLE,la Sagrada Família,CARRER,CORSEGA,2,518,,,,,,,3,1,2.17133158,41.40542326
02-2014-1755,L'EIXAMPLE,la Sagrada Família,CARRER,CORSEGA,2,518,,,,,,,3,2,2.17133158,41.40542326
02-2014-1756,L'EIXAMPLE,la Sagrada Família,CARRER,CORSEGA,2,518,,,,,,,3,3,2.17133158,41.40542326
02-2014-1758,L'EIXAMPLE,la Sagrada Família,CARRER,CORSEGA,2,518,,,,,,,3,4,2.17133158,41.40542326
02-2014-1761,L'EIXAMPLE,la Sagrada Família,CARRER,CORSEGA,2,518,,,,,,,BJ,1,2.17133158,41.40542326
02-2014-1764,L'EIXAMPLE,la Dreta de l'Eixample,CARRER,DIPUTACIO,2,354,,,,,,,5,2,2.175985504,41.39696747
02-2014-1766,L'EIXAMPLE,la Dreta de l'Eixample,CARRER,DIPUTACIO,2,354,,,,,,,5,1,2.175985504,41.39696747
02-2014-1769,L'EIXAMPLE,la Dreta de l'Eixample,CARRER,DIPUTACIO,2,354,,,,,,,1,2,2.175985504,41.39696747
02-2014-1771,L'EIXAMPLE,la Dreta de l'Eixample,CARRER,DIPUTACIO,2,354,,,,,,,3,1,2.175985504,41.39696747
02-2014-1774,L'EIXAMPLE,la Dreta de l'Eixample,CARRER,DIPUTACIO,2,354,,,,,,,4,2,2.175985504,41.39696747
02-2014-1785,L'EIXAMPLE,la Sagrada Família,AVINGUDA,GAUDI,1,45,,,,,,,3,3,2.174230364,41.40742886
10-2014-0502,SANT MARTI,el Camp de l'Arpa del Clot,CARRER,INDUSTRIA,1,207,,,,,,,4,2,2.176977407,41.41163491
06-2014-0612,GRACIA,la Vila de Gràcia,CARRER,SANT DOMENEC,1,9,,,,,,,PR,1,2.156499909,41.39987503
06-2014-0613,GRACIA,la Vila de Gràcia,CARRER,SANT DOMENEC,1,9,,,,,,,PR,2,2.156499909,41.39987503
06-2014-0614,GRACIA,la Vila de Gràcia,CARRER,SANT DOMENEC,1,9,,,,,,,1,1,2.156499909,41.39987503
06-2014-0615,GRACIA,la Vila de Gràcia,CARRER,SANT DOMENEC,1,9,,,,,,,1,2,2.156499909,41.39987503
04-2014-0395,LES CORTS,les Corts,CARRER,BERLIN,1,51,,,,,,,3,1,2.13857357,41.38314543
10-2014-0800,SANT MARTI,la Verneda i la Pau,CARRER,CA N'OLIVA,1,43,,47,,,,,11,1,2.206202647,41.42278185
05-2014-0440,SARRIA-SANT GERVASI,Sant Gervasi - la Bonanova,CARRER,CAMP,2,52,,56,,,,,3,3,2.136402005,41.40332989
05-2014-0095,SARRIA-SANT GERVASI,el Putxet i el Farró,CARRER,BERTRAN,2,156,,,,,,,1,3,2.139717751,41.4106631
05-2014-0096,SARRIA-SANT GERVASI,el Putxet i el Farró,CARRER,BERTRAN,2,156,,,,,,,1,2,2.139717751,41.4106631
01-2014-0152,CIUTAT VELLA,la Barceloneta,CARRER,SAFAREIGS,1,15,,,,,,,1,,2.189134835,41.38115457
01-2014-0153,CIUTAT VELLA,la Barceloneta,CARRER,SAFAREIGS,1,15,,,,,,,2,,2.189134835,41.38115457
07-2014-0093,HORTA-GUINARDÓ,el Guinardó,PASSATGE,FLAUGIER,2,12,,,,,,,3,3,2.177964766,41.41479269
05-2014-0076,SARRIA-SANT GERVASI,el Putxet i el Farró,CARRER,BALMES,2,382,,384,,,,,1,1,2.140059426,41.40494464
05-2014-0077,SARRIA-SANT GERVASI,el Putxet i el Farró,CARRER,BALMES,2,382,,384,,,,,1,2,2.140059426,41.40494464
02-2014-1117,L'EIXAMPLE,la Dreta de l'Eixample,CARRER,PAU CLARIS,2,104,,,,,,,EN,1,2.169283195,41.39122766
10-2014-0356,SANT MARTI,el Camp de l'Arpa del Clot,CARRER,ROGENT,2,100,,,,,,,3,2,2.182630626,41.4108004
02-2014-1140,L'EIXAMPLE,la Dreta de l'Eixample,CARRER,BAILEN,2,22,,,,,,,4,1A,2.176293108,41.39276599
02-2014-1141,L'EIXAMPLE,la Dreta de l'Eixample,CARRER,BAILEN,2,22,,,,,,,4,1B,2.176293108,41.39276599
02-2014-1142,L'EIXAMPLE,la Dreta de l'Eixample,CARRER,BAILEN,2,22,,,,,,,2,1A,2.176293108,41.39276599
02-2014-1143,L'EIXAMPLE,la Dreta de l'Eixample,CARRER,BAILEN,2,22,,,,,,,PR,2,2.176293108,41.39276599
02-2014-1145,L'EIXAMPLE,la Dreta de l'Eixample,CARRER,BAILEN,2,22,,,,,,,AT,2,2.176293108,41.39276599
02-2014-2227,L'EIXAMPLE,l'Antiga Esquerra de l'Eixample,CARRER,ROSSELLO,1,219,,,,,,,3,2,2.157033716,41.39320651
03-2014-0626,SANTS-MONTJUÏC,el Poble Sec,CARRER,FONTRODONA,2,32,,,,,,,3,1,2.167005721,41.37323989
03-2014-0625,SANTS-MONTJUÏC,Sants,CARRER,JOCS FLORALS,2,106,,,,,,,1,1,2.135552197,41.37222377
03-2014-0627,SANTS-MONTJUÏC,el Poble Sec,CARRER,FONTRODONA,2,32,,,,,,,2,1,2.167005721,41.37323989
08-2014-0141,NOU BARRIS,la Prosperitat,CARRER,SANTA ENGRACIA,2,68,,,,,,,AT,,2.178610175,41.4409005
02-2014-0592,L'EIXAMPLE,la Dreta de l'Eixample,CARRER,ARAGO,2,364,,,,,,,3,,2.171655481,41.39706424
02-2014-0603,L'EIXAMPLE,la Dreta de l'Eixample,CARRER,ROSSELLO,2,296,,,,,,,4,2,2.166668115,41.40018303
03-2014-0301,SANTS-MONTJUÏC,el Poble Sec,CARRER,RADAS,2,10,,,,,,,AT,,2.160823213,41.37352857
07-2014-0114,HORTA-GUINARDÓ,el Baix Guinardó,TRAVESSERA,GRACIA,2,314,,,,,,,AT,3,2.168331862,41.40779874
03-2014-0302,SANTS-MONTJUÏC,el Poble Sec,CARRER,SALVA,2,64,,,,,,,1,2,2.165131657,41.37216851
02-2014-0895,L'EIXAMPLE,la Dreta de l'Eixample,CARRER,PELAI,1,9,,,,H3,,,3,2,2.166531211,41.38585717
02-2014-0896,L'EIXAMPLE,la Dreta de l'Eixample,CARRER,PELAI,1,9,,,,H2,,,3,2,2.166531211,41.38585717
02-2014-0243,L'EIXAMPLE,la Dreta de l'Eixample,RONDA,UNIVERSITAT,1,13,,,,,,,AT,,2.165787366,41.38651131
02-2014-0488,L'EIXAMPLE,la Dreta de l'Eixample,CARRER,TRAFALGAR,1,33,,,,,,,2,3,2.176786013,41.38978176
02-2014-0489,L'EIXAMPLE,la Dreta de l'Eixample,CARRER,TRAFALGAR,1,33,,,,,,,3,1,2.176786013,41.38978176
02-2014-0490,L'EIXAMPLE,la Dreta de l'Eixample,CARRER,TRAFALGAR,1,33,,,,,,,3,2,2.176786013,41.38978176
02-2014-0491,L'EIXAMPLE,la Dreta de l'Eixample,CARRER,TRAFALGAR,1,33,,,,,,,4,1,2.176786013,41.38978176
02-2014-0492,L'EIXAMPLE,la Dreta de l'Eixample,CARRER,TRAFALGAR,1,33,,,,,,,4,2,2.176786013,41.38978176
02-2014-2067,L'EIXAMPLE,la Sagrada Família,CARRER,VALENCIA,1,439,,,,,,,2,1,2.176298318,41.4025892
02-2014-2068,L'EIXAMPLE,la Sagrada Família,CARRER,VALENCIA,1,439,,,,,,,AT,,2.176298318,41.4025892
02-2014-2069,L'EIXAMPLE,la Sagrada Família,CARRER,VALENCIA,1,439,,,,,,,EN,2,2.176298318,41.4025892
02-2014-2071,L'EIXAMPLE,la Sagrada Família,CARRER,VALENCIA,1,439,,,,,,,PR,1,2.176298318,41.4025892
02-2014-2079,L'EIXAMPLE,la Sagrada Família,CARRER,VALENCIA,1,439,,,,,,,4,2,2.176298318,41.4025892
02-2014-2082,L'EIXAMPLE,la Dreta de l'Eixample,CARRER,BAILEN,1,77,,,,,,,PR,2,2.171563712,41.39605957
02-2014-2083,L'EIXAMPLE,la Dreta de l'Eixample,CARRER,BAILEN,1,77,,,,,,,2,1,2.171563712,41.39605957
02-2014-2084,L'EIXAMPLE,la Dreta de l'Eixample,CARRER,BAILEN,1,77,,,,,,,3,2,2.171563712,41.39605957
02-2014-2085,L'EIXAMPLE,la Dreta de l'Eixample,CARRER,BAILEN,1,77,,,,,,,4,2,2.171563712,41.39605957
06-2014-0541,GRACIA,la Vila de Gràcia,CARRER,PROVIDENCIA,2,44,,,,,,,1,1,2.156886048,41.4065365
10-2014-0781,SANT MARTI,el Poblenou,CARRER,JONCAR,1,47,,51,,2,,E,3,4,2.205536771,41.40222031
02-2014-0420,L'EIXAMPLE,l'Antiga Esquerra de l'Eixample,CARRER,ARIBAU,2,138,,,,,,,2,1,2.155431368,41.39148095
02-2014-0421,L'EIXAMPLE,l'Antiga Esquerra de l'Eixample,CARRER,ROSSELLO,2,164,,,,,,,PR,2,2.155442954,41.3917345
03-2014-0167,SANTS-MONTJUÏC,Sants - Badal,CARRER,SUGRANYES,2,28,,,,,,,4,3,2.128018342,41.37441396
03-2014-0168,SANTS-MONTJUÏC,Sants - Badal,CARRER,SUGRANYES,2,28,,,,,,,2,3,2.128018342,41.37441396
03-2014-0169,SANTS-MONTJUÏC,Sants - Badal,CARRER,SUGRANYES,2,28,,,,,,,BJ,1,2.128018342,41.37441396
03-2014-0170,SANTS-MONTJUÏC,Sants - Badal,CARRER,SUGRANYES,2,28,,,,,,,5,2,2.128018342,41.37441396
03-2014-0171,SANTS-MONTJUÏC,Sants - Badal,CARRER,SUGRANYES,2,28,,,,,,,1,2,2.128018342,41.37441396
05-2014-0125,SARRIA-SANT GERVASI,Sant Gervasi - Galvany,CARRER,CALAF,1,19,,,,,,,PR,2,2.144033983,41.39725692
10-2014-0432,SANT MARTI,el Poblenou,RAMBLA,POBLENOU,2,16,,,,,,,1,6,2.204907018,41.3984393
02-2014-1523,L'EIXAMPLE,l'Antiga Esquerra de l'Eixample,CARRER,CORSEGA,1,225,,,,,,,2,1,2.152973882,41.39186562
10-2014-0436,SANT MARTI,el Poblenou,RAMBLA,POBLENOU,2,16,,,,,,,1,7,2.204907018,41.3984393
02-2014-1531,L'EIXAMPLE,l'Antiga Esquerra de l'Eixample,CARRER,PROVENÇA,2,192,,194,,,,,5,3,2.154613251,41.38941573
02-2014-1580,L'EIXAMPLE,la Sagrada Família,PASSATGE,MAIOL,1,9,,,,,,,EN,1,2.174425367,41.40178937
06-2014-0406,GRACIA,el Camp d'en Grassot i Gràcia Nova,CARRER,PARE LAINEZ,1,53,,,,,,,2,,2.166683801,41.40787227
10-2014-0488,SANT MARTI,la Vila Olímpica del Poblenou,CARRER,FREDERIC MOMPOU,1,13,,,,,,,3,2,2.199501056,41.39214357
02-2014-1744,L'EIXAMPLE,la Dreta de l'Eixample,CARRER,CONSELL DE CENT,2,290,,,,,,,3,2,2.164044598,41.38970817
02-2014-1746,L'EIXAMPLE,la Dreta de l'Eixample,CARRER,CONSELL DE CENT,2,290,,,,,,,3,1,2.164044598,41.38970817
02-2014-1749,L'EIXAMPLE,la Dreta de l'Eixample,CARRER,CONSELL DE CENT,2,290,,,,,,,4,1,2.164044598,41.38970817
02-2014-0195,L'EIXAMPLE,la Dreta de l'Eixample,CARRER,BRUC,1,69,,,,,,,EN,1,2.169903261,41.39389821
02-2014-0559,L'EIXAMPLE,la Dreta de l'Eixample,CARRER,CONSELL DE CENT,2,354,,,,,,,4,2,2.169535815,41.3938329
02-2014-0560,L'EIXAMPLE,la Dreta de l'Eixample,CARRER,CONSELL DE CENT,2,354,,,,,,,2,2,2.169535815,41.3938329
06-2014-0174,GRACIA,la Vila de Gràcia,CARRER,TORRIJOS,1,17,,,,,,,4,1,2.15902185,41.4031533
06-2014-0386,GRACIA,la Salut,RAMBLA,MERCEDES,1,19,,,,,,,2,1,2.154231345,41.41244053
02-2014-1548,L'EIXAMPLE,Sant Antoni,CARRER,VILADOMAT,2,36,,,,,,,SA,,2.161487051,41.37666061
02-2014-1578,L'EIXAMPLE,la Dreta de l'Eixample,CARRER,ARAGO,2,348,,350,,,,,5,2,2.17076198,41.39639423
02-2014-1594,L'EIXAMPLE,la Dreta de l'Eixample,CARRER,ROSSELLO,1,247,,,,,,,PR,1,2.159162642,41.39482696
02-2014-1604,L'EIXAMPLE,la Sagrada Família,PASSATGE,GAIOLA,1,9,,,,,,,BJ,2,2.173020541,41.40095728
02-2014-2189,L'EIXAMPLE,el Fort Pienc,CARRER,ARAGO,1,401,,,,,,,PR,1,2.174589756,41.39967427
10-2014-0503,SANT MARTI,el Camp de l'Arpa del Clot,CARRER,INDUSTRIA,1,207,,,,,,,5,1,2.176977407,41.41163491
10-2014-0505,SANT MARTI,el Camp de l'Arpa del Clot,CARRER,INDUSTRIA,1,207,,,,,,,5,2,2.176977407,41.41163491
10-2014-0507,SANT MARTI,el Camp de l'Arpa del Clot,CARRER,INDUSTRIA,1,213,,,,,,,1,1,2.177180015,41.41179667
10-2014-0510,SANT MARTI,el Camp de l'Arpa del Clot,CARRER,INDUSTRIA,1,213,,,,,,,1,2,2.177180015,41.41179667
10-2014-0511,SANT MARTI,el Camp de l'Arpa del Clot,CARRER,INDUSTRIA,1,213,,,,,,,1,3,2.177180015,41.41179667
10-2014-0513,SANT MARTI,el Camp de l'Arpa del Clot,CARRER,INDUSTRIA,1,213,,,,,,,1,4,2.177180015,41.41179667
10-2014-0515,SANT MARTI,el Camp de l'Arpa del Clot,CARRER,INDUSTRIA,1,213,,,,,,,2,1,2.177180015,41.41179667
10-2014-0517,SANT MARTI,el Camp de l'Arpa del Clot,CARRER,INDUSTRIA,1,213,,,,,,,2,2,2.177180015,41.41179667
10-2014-0520,SANT MARTI,el Camp de l'Arpa del Clot,CARRER,INDUSTRIA,1,213,,,,,,,2,3,2.177180015,41.41179667
10-2014-0522,SANT MARTI,el Camp de l'Arpa del Clot,CARRER,INDUSTRIA,1,213,,,,,,,2,4,2.177180015,41.41179667
10-2014-0524,SANT MARTI,el Camp de l'Arpa del Clot,CARRER,INDUSTRIA,1,213,,,,,,,3,1,2.177180015,41.41179667
02-2014-0310,L'EIXAMPLE,la Dreta de l'Eixample,RONDA,SANT PERE,1,33,,,,,,,2,4,2.175854462,41.39028041
03-2014-0289,SANTS-MONTJUÏC,el Poble Sec,CARRER,BLAI,2,44,,,,,,,3,1,2.163385489,41.37417054
02-2014-1148,L'EIXAMPLE,l'Antiga Esquerra de l'Eixample,CARRER,MUNTANER,2,64,,,,,,,2,1,2.159111283,41.3869937
02-2014-1150,L'EIXAMPLE,la Dreta de l'Eixample,CARRER,BAILEN,2,22,,,,,,,AT,1,2.176293108,41.39276599
02-2014-1156,L'EIXAMPLE,l'Antiga Esquerra de l'Eixample,CARRER,MUNTANER,2,64,,,,,,,2,2,2.159111283,41.3869937
02-2014-1157,L'EIXAMPLE,l'Antiga Esquerra de l'Eixample,CARRER,MUNTANER,2,64,,,,,,,3,2,2.159111283,41.3869937
02-2014-1158,L'EIXAMPLE,l'Antiga Esquerra de l'Eixample,CARRER,MUNTANER,2,64,,,,,,,4,1,2.159111283,41.3869937
02-2014-1160,L'EIXAMPLE,l'Antiga Esquerra de l'Eixample,CARRER,MUNTANER,2,64,,,,,,,4,2,2.159111283,41.3869937
03-2014-0354,SANTS-MONTJUÏC,Sants,CARRER,GALILEU,2,150,,,,,,,4,2,2.133975001,41.38040797
02-2014-1192,L'EIXAMPLE,Sant Antoni,GRAN VIA,CORTS CATALANES,2,384,,390,,,,I,SA,1,2.150557621,41.3757763
10-2014-0740,SANT MARTI,la Verneda i la Pau,RAMBLA,PRIM,2,192,,,,,,,5,4,2.205430739,41.42220343
10-2014-0742,SANT MARTI,el Poblenou,CARRER,DOCTOR TRUETA,2,228,,,,,,,2,2,2.204324294,41.39908883
10-2014-0371,SANT MARTI,Diagonal Mar i el Front Marítim del Poblenou,PASSEIG,TAULAT,2,142,,,,,,,2,B,2.209814229,41.402219
02-2014-1234,L'EIXAMPLE,l'Antiga Esquerra de l'Eixample,CARRER,PARIS,1,193,,,,,,,7,1,2.153195745,41.39373811
03-2014-0392,SANTS-MONTJUÏC,el Poble Sec,CARRER,SALVA,1,37,,,,,,,2,3,2.165720428,41.37298958
10-2014-0315,SANT MARTI,el Clot,AVINGUDA,MERIDIANA,2,88,,,,,,,1,1,2.187178158,41.40670476
10-2014-0316,SANT MARTI,Diagonal Mar i el Front Marítim del Poblenou,PASSEIG,TAULAT,1,233,,,,,,F,5,2,2.210431706,41.40344702
10-2014-0317,SANT MARTI,Provençals del Poblenou,CARRER,PERE IV,2,344,,,,,,,2,2,2.2026489,41.40911914
02-2014-0946,L'EIXAMPLE,la Sagrada Família,CARRER,SARDENYA,2,364,,,,,,,4,2,2.170612691,41.40559113
02-2014-0958,L'EIXAMPLE,la Dreta de l'Eixample,CARRER,ARAGO,2,266,,,,,,,2,1,2.16394575,41.39123191
03-2014-0197,SANTS-MONTJUÏC,Sants,CARRER,SANT BALTASAR,1,17,,,,,,,5,3,2.134304703,41.37179192
09-2014-0333,SANT ANDREU,la Sagrera,CARRER,INDUSTRIA,1,353,,,,,,A,3,1,2.189420058,41.42095766
06-2014-0137,GRACIA,Vallcarca i els Penitents,AVINGUDA,REPUBLICA ARGENTINA,2,36,,,,,,,1,2,2.147170195,41.40875062
02-2014-0211,L'EIXAMPLE,la Sagrada Família,CARRER,MARINA,2,300,,,,,,,AT,,2.173622559,41.4053053
02-2014-1759,L'EIXAMPLE,la Sagrada Família,CARRER,CORSEGA,2,518,,,,,,,PR,1,2.17133158,41.40542326
02-2014-1762,L'EIXAMPLE,la Sagrada Família,CARRER,CORSEGA,2,518,,,,,,,PR,2,2.17133158,41.40542326
02-2014-1765,L'EIXAMPLE,la Sagrada Família,CARRER,CORSEGA,2,518,,,,,,,PR,3,2.17133158,41.40542326
02-2014-1767,L'EIXAMPLE,la Sagrada Família,CARRER,CORSEGA,2,518,,,,,,,PR,4,2.17133158,41.40542326
02-2014-1768,L'EIXAMPLE,la Sagrada Família,CARRER,CORSEGA,2,518,,,,,,,1,1,2.17133158,41.40542326
02-2014-1770,L'EIXAMPLE,la Sagrada Família,CARRER,CORSEGA,2,518,,,,,,,1,2,2.17133158,41.40542326
02-2014-1772,L'EIXAMPLE,la Sagrada Família,CARRER,CORSEGA,2,518,,,,,,,1,3,2.17133158,41.40542326
02-2014-1773,L'EIXAMPLE,la Sagrada Família,CARRER,CORSEGA,2,518,,,,,,,1,4,2.17133158,41.40542326
02-2014-1775,L'EIXAMPLE,la Sagrada Família,CARRER,CORSEGA,2,518,,,,,,,2,1,2.17133158,41.40542326
02-2014-0628,L'EIXAMPLE,el Fort Pienc,GRAN VIA,CORTS CATALANES,1,733,,,,,,,7,1,2.180180648,41.39869487
06-2014-0221,GRACIA,la Vila de Gràcia,CARRER,SANTA ROSA,2,8,,,,,,,1,,2.153036838,41.40322705
02-2014-1609,L'EIXAMPLE,la Sagrada Família,CARRER,INDUSTRIA,2,116,,,,,,,PR,1,2.171824113,41.40746915
02-2014-1610,L'EIXAMPLE,la Sagrada Família,CARRER,INDUSTRIA,2,116,,,,,,,PR,2,2.171824113,41.40746915
02-2014-1614,L'EIXAMPLE,la Sagrada Família,CARRER,INDUSTRIA,2,116,,,,,,,1,1,2.171824113,41.40746915
02-2014-1620,L'EIXAMPLE,la Sagrada Família,CARRER,NAPOLS,2,266,,,,,,,4,1,2.170478547,41.40227668
02-2014-1621,L'EIXAMPLE,la Sagrada Família,CARRER,INDUSTRIA,2,116,,,,,,,1,2,2.171824113,41.40746915
02-2014-1627,L'EIXAMPLE,la Sagrada Família,CARRER,INDUSTRIA,2,116,,,,,,,2,1,2.171824113,41.40746915
07-2014-0315,HORTA-GUINARDÓ,el Guinardó,AVINGUDA,MARE DEU DE MONTSERRAT,1,137,,,,,,,EN,1,2.170104186,41.4165445
10-2014-0526,SANT MARTI,el Camp de l'Arpa del Clot,CARRER,INDUSTRIA,1,213,,,,,,,3,2,2.177180015,41.41179667
10-2014-0528,SANT MARTI,el Camp de l'Arpa del Clot,CARRER,INDUSTRIA,1,213,,,,,,,3,3,2.177180015,41.41179667
10-2014-0530,SANT MARTI,el Camp de l'Arpa del Clot,CARRER,INDUSTRIA,1,213,,,,,,,3,4,2.177180015,41.41179667
10-2014-0532,SANT MARTI,el Camp de l'Arpa del Clot,CARRER,INDUSTRIA,1,213,,,,,,,4,1,2.177180015,41.41179667
10-2014-0534,SANT MARTI,el Camp de l'Arpa del Clot,CARRER,INDUSTRIA,1,213,,,,,,,4,2,2.177180015,41.41179667
10-2014-0536,SANT MARTI,el Camp de l'Arpa del Clot,CARRER,INDUSTRIA,1,213,,,,,,,4,3,2.177180015,41.41179667
10-2014-0538,SANT MARTI,el Camp de l'Arpa del Clot,CARRER,INDUSTRIA,1,213,,,,,,,4,4,2.177180015,41.41179667
10-2014-0541,SANT MARTI,el Camp de l'Arpa del Clot,CARRER,INDUSTRIA,1,213,,,,,,,5,1,2.177180015,41.41179667
10-2014-0543,SANT MARTI,el Camp de l'Arpa del Clot,CARRER,INDUSTRIA,1,213,,,,,,,5,2,2.177180015,41.41179667
10-2014-0545,SANT MARTI,el Camp de l'Arpa del Clot,CARRER,INDUSTRIA,1,213,,,,,,,5,3,2.177180015,41.41179667
10-2014-0547,SANT MARTI,el Camp de l'Arpa del Clot,CARRER,INDUSTRIA,1,213,,,,,,,5,4,2.177180015,41.41179667
10-2014-0549,SANT MARTI,el Camp de l'Arpa del Clot,CARRER,INDUSTRIA,1,213,,,,,,,6,1,2.177180015,41.41179667
03-2014-0080,SANTS-MONTJUÏC,el Poble Sec,CARRER,ROSER,2,28,,,,,,,2,1B,2.166641101,41.37345059
02-2014-0478,L'EIXAMPLE,la Dreta de l'Eixample,CARRER,TRAFALGAR,1,15,,,,,,,AT,2,2.175075131,41.38905959
02-2014-0551,L'EIXAMPLE,la Nova Esquerra de l'Eixample,CARRER,DIPUTACIO,1,123,,,,,,,5,,2.156679526,41.38273352
02-2014-0552,L'EIXAMPLE,la Dreta de l'Eixample,CARRER,CONSELL DE CENT,1,315,,,,,,,4,2,2.163224707,41.38937081
02-2014-0558,L'EIXAMPLE,la Sagrada Família,PASSATGE,CENTELLES,2,22,,,,,,,2,,2.180031258,41.40788952
03-2014-0294,SANTS-MONTJUÏC,Sants - Badal,AVINGUDA,MADRID,2,114,,,,,,,1,1,2.128455743,41.37884473
10-2014-0369,SANT MARTI,la Vila Olímpica del Poblenou,CARRER,ARQUITECTE SERT,1,15,,,,,,,4,1,2.198487705,41.39117982
02-2014-1504,L'EIXAMPLE,la Dreta de l'Eixample,CARRER,VALENCIA,1,247,,,,,,,PR,2,2.163038973,41.39262478
02-2014-1508,L'EIXAMPLE,la Dreta de l'Eixample,CARRER,VALENCIA,1,247,,,,,,,PR,1B,2.163038973,41.39262478
03-2014-0445,SANTS-MONTJUÏC,el Poble Sec,CARRER,RADAS,2,34,,,,,,,PR,3,2.160432301,41.37246137
02-2014-1512,L'EIXAMPLE,la Dreta de l'Eixample,CARRER,ARAGO,2,266,,,,,,,AT,,2.16394575,41.39123191
02-2014-1519,L'EIXAMPLE,la Sagrada Família,CARRER,LEPANT,1,295,,,,,,,1,2,2.174906907,41.40564326
02-2014-1522,L'EIXAMPLE,la Sagrada Família,CARRER,LEPANT,1,295,,,,,,,1,1,2.174906907,41.40564326
02-2014-1525,L'EIXAMPLE,la Nova Esquerra de l'Eixample,AVINGUDA,SARRIA,1,31,,,,,,,PR,4,2.144702788,41.3902114
02-2014-1530,L'EIXAMPLE,la Nova Esquerra de l'Eixample,AVINGUDA,SARRIA,1,31,,,,,,,1,2,2.144702788,41.3902114
02-2014-1532,L'EIXAMPLE,la Nova Esquerra de l'Eixample,AVINGUDA,SARRIA,1,31,,,,,,,1,3,2.144702788,41.3902114
02-2014-1533,L'EIXAMPLE,la Nova Esquerra de l'Eixample,AVINGUDA,SARRIA,1,31,,,,,,,4,2,2.144702788,41.3902114
04-2014-0374,LES CORTS,les Corts,CARRER,LLUÇA,1,5,,,,,,,EN,1,2.131258227,41.38125847
02-2014-0821,L'EIXAMPLE,la Dreta de l'Eixample,AVINGUDA,DIAGONAL,2,438,,,,,,,3,,2.161387466,41.39722823
03-2014-0393,SANTS-MONTJUÏC,el Poble Sec,CARRER,SALVA,1,37,,,,,,,4,3,2.165720428,41.37298958
03-2014-0394,SANTS-MONTJUÏC,el Poble Sec,CARRER,SALVA,1,37,,,,,,,3,3,2.165720428,41.37298958
06-2014-0367,GRACIA,la Vila de Gràcia,CARRER,MONTSENY,2,10,,,,,,,2,2,2.154322848,41.40166205
02-2014-1345,L'EIXAMPLE,Sant Antoni,CARRER,COMTE BORRELL,1,47,,,,,,,3,1,2.16257962,41.37726202
06-2014-0374,GRACIA,la Vila de Gràcia,CARRER,MOZART,2,20,,,,,,,2,3,2.158153994,41.39948775
06-2014-0375,GRACIA,la Vila de Gràcia,CARRER,MOZART,2,20,,,,,,,EN,6,2.158153994,41.39948775
03-2014-0328,SANTS-MONTJUÏC,el Poble Sec,CARRER,PIQUER,2,14,,,,,,,EN,4,2.171058371,41.3727372
05-2014-0194,SARRIA-SANT GERVASI,Sant Gervasi - la Bonanova,CARRER,BERLINES,1,19,,,,,,,1,3,2.138616331,41.40417412
05-2014-0195,SARRIA-SANT GERVASI,Sant Gervasi - la Bonanova,CARRER,BERLINES,1,19,,,,,,,1,2,2.138616331,41.40417412
05-2014-0196,SARRIA-SANT GERVASI,el Putxet i el Farró,CARRER,TORRE,2,4,,,,,,,1,2,2.148639177,41.40395111
06-2014-0338,GRACIA,el Camp d'en Grassot i Gràcia Nova,CARRER,NAPOLS,2,334,,,,,,,SA,1,2.166927973,41.40496466
02-2014-1051,L'EIXAMPLE,la Dreta de l'Eixample,CARRER,CONSELL DE CENT,1,341,,,,,,,3,1B,2.164868367,41.39060396
02-2014-1053,L'EIXAMPLE,la Dreta de l'Eixample,CARRER,CONSELL DE CENT,1,341,,,,,,,3,2B,2.164868367,41.39060396
02-2014-1054,L'EIXAMPLE,la Dreta de l'Eixample,CARRER,CONSELL DE CENT,1,341,,,,,,,3,2A,2.164868367,41.39060396
02-2014-1055,L'EIXAMPLE,la Dreta de l'Eixample,CARRER,CONSELL DE CENT,1,341,,,,,,,4,1A,2.164868367,41.39060396
02-2014-1056,L'EIXAMPLE,la Dreta de l'Eixample,CARRER,CONSELL DE CENT,1,341,,,,,,,5,1A,2.164868367,41.39060396
10-2014-0105,SANT MARTI,el Poblenou,PASSATGE,MAS DE RODA,1,5,,9,,,,,2,G,2.199067503,41.39648454
10-2014-0106,SANT MARTI,el Poblenou,PASSATGE,MAS DE RODA,1,5,,9,,,,,1,G,2.199067503,41.39648454
10-2014-0107,SANT MARTI,el Poblenou,PASSATGE,MAS DE RODA,1,5,,9,,,,,BJ,G,2.199067503,41.39648454
05-2014-0094,SARRIA-SANT GERVASI,el Putxet i el Farró,CARRER,BERTRAN,2,156,,,,,,,PR,1,2.139717751,41.4106631
02-2014-0618,L'EIXAMPLE,la Sagrada Família,AVINGUDA,GAUDI,1,45,,,,,,,2,1,2.174230364,41.40742886
02-2014-0620,L'EIXAMPLE,la Sagrada Família,CARRER,ROSSELLO,1,483,,,,,,,1,1,2.175838602,41.40737512
06-2014-0362,GRACIA,la Vila de Gràcia,RAMBLA,PRAT,1,9,,,,,,,2,2,2.15230397,41.40155085
02-2014-1283,L'EIXAMPLE,la Sagrada Família,AVINGUDA,GAUDI,2,26,,28,,,,,AT,1,2.174562836,41.40662172
02-2014-1287,L'EIXAMPLE,la Sagrada Família,AVINGUDA,GAUDI,2,26,,28,,,,,4,3,2.174562836,41.40662172
02-2014-1292,L'EIXAMPLE,la Sagrada Família,AVINGUDA,GAUDI,2,26,,28,,,,,3,2,2.174562836,41.40662172
02-2014-1295,L'EIXAMPLE,la Sagrada Família,AVINGUDA,GAUDI,2,26,,28,,,,,1,1,2.174562836,41.40662172
10-2014-0550,SANT MARTI,el Camp de l'Arpa del Clot,CARRER,INDUSTRIA,1,213,,,,,,,6,2,2.177180015,41.41179667
10-2014-0552,SANT MARTI,el Camp de l'Arpa del Clot,CARRER,INDUSTRIA,1,213,,,,,,,6,3,2.177180015,41.41179667
10-2014-0554,SANT MARTI,el Camp de l'Arpa del Clot,CARRER,INDUSTRIA,1,213,,,,,,,6,4,2.177180015,41.41179667
10-2014-0556,SANT MARTI,el Camp de l'Arpa del Clot,CARRER,INDUSTRIA,1,213,,,,,,,7,1,2.177180015,41.41179667
10-2014-0557,SANT MARTI,el Camp de l'Arpa del Clot,CARRER,INDUSTRIA,1,213,,,,,,,7,2,2.177180015,41.41179667
10-2014-0559,SANT MARTI,el Camp de l'Arpa del Clot,CARRER,INDUSTRIA,1,213,,,,,,,8,1,2.177180015,41.41179667
10-2014-0561,SANT MARTI,el Camp de l'Arpa del Clot,CARRER,INDUSTRIA,1,213,,,,,,,8,2,2.177180015,41.41179667
03-2014-0107,SANTS-MONTJUÏC,Hostafrancs,GRAN VIA,CORTS CATALANES,1,335,,,,,,,5,3,2.14637669,41.37329315
09-2014-0233,SANT ANDREU,Sant Andreu,CARRER,CINCA,2,40,,42,,,,A,2,1,2.192366165,41.43730045
02-2014-0352,L'EIXAMPLE,la Sagrada Família,CARRER,INDUSTRIA,1,153,,,,,,,2,2,2.173962976,41.40935187
03-2014-0307,SANTS-MONTJUÏC,el Poble Sec,CARRER,POETA CABANYES,2,20,,,,,,,1,2,2.165492343,41.37409449
02-2014-1534,L'EIXAMPLE,la Nova Esquerra de l'Eixample,AVINGUDA,SARRIA,1,31,,,,,,,4,1,2.144702788,41.3902114
02-2014-1535,L'EIXAMPLE,la Nova Esquerra de l'Eixample,CARRER,DIPUTACIO,2,12,,,,,,,1,1,2.14999214,41.37742902
02-2014-1540,L'EIXAMPLE,la Dreta de l'Eixample,CARRER,ROGER DE LLURIA,1,81,,,,,,,2,2,2.166627056,41.39467048
02-2014-1544,L'EIXAMPLE,la Dreta de l'Eixample,PASSEIG,SANT JOAN,1,33,,,,,,,AT,1,2.176970584,41.39348009
02-2014-1551,L'EIXAMPLE,Sant Antoni,AVINGUDA,PARAL.LEL,2,182,B,,,,,,2,2,2.153683076,41.37519824
03-2014-0455,SANTS-MONTJUÏC,el Poble Sec,CARRER,MARGARIT,2,50,,,,,,,3,,2.163128584,41.37261507
02-2014-1565,L'EIXAMPLE,la Sagrada Família,CARRER,SARDENYA,2,364,,,,,,,5,2,2.170612691,41.40559113
02-2014-1567,L'EIXAMPLE,la Sagrada Família,CARRER,SARDENYA,2,364,,,,,,,1,3,2.170612691,41.40559113
06-2014-0402,GRACIA,el Camp d'en Grassot i Gràcia Nova,CARRER,SECRETARI COLOMA,2,8,,,,,,,1,2,2.165713033,41.40692938
02-2014-1573,L'EIXAMPLE,Sant Antoni,CARRER,VILLARROEL,2,2,,,,,,,4,2,2.162940624,41.38069081
02-2014-1581,L'EIXAMPLE,la Sagrada Família,CARRER,ARAGO,1,415,,,,,,,1,1,2.176671037,41.40130293
05-2014-0390,SARRIA-SANT GERVASI,Sarrià,CARRER,MAJOR DE SARRIA,1,183,,,,,,,BJ,3,2.117922666,41.40303007
10-2014-0955,SANT MARTI,el Besòs i el Maresme,CARRER,MARESME,2,122,,,,,,,5,3,2.211157928,41.41590985
04-2014-0467,LES CORTS,Pedralbes,AVINGUDA,MARE DE DEU DE LORDA,2,22,,,,,,,BJ,,2.108255686,41.3969419
02-2014-0827,L'EIXAMPLE,l'Antiga Esquerra de l'Eixample,CARRER,BALMES,1,59,,,,,,,4,1,2.162020225,41.38963404
02-2014-0828,L'EIXAMPLE,l'Antiga Esquerra de l'Eixample,CARRER,BALMES,1,59,,,,,,,5,1,2.162020225,41.38963404
04-2014-0138,LES CORTS,la Maternitat i Sant Ramon,TRAVESSERA,CORTS,2,118,,120,,,,,1,2,2.125778387,41.37990993
04-2014-0338,LES CORTS,les Corts,CARRER,GALILEU,1,281,,,,,,,1,4,2.132209828,41.383785
02-2014-1057,L'EIXAMPLE,la Dreta de l'Eixample,CARRER,CONSELL DE CENT,1,341,,,,,,,5,2B,2.164868367,41.39060396
02-2014-1058,L'EIXAMPLE,la Dreta de l'Eixample,CARRER,CONSELL DE CENT,1,341,,,,,,,2,2B,2.164868367,41.39060396
02-2014-1060,L'EIXAMPLE,la Dreta de l'Eixample,CARRER,CONSELL DE CENT,1,341,,,,,,,2,2A,2.164868367,41.39060396
02-2014-1061,L'EIXAMPLE,la Dreta de l'Eixample,CARRER,CONSELL DE CENT,1,341,,,,,,,4,2,2.164868367,41.39060396
02-2014-1062,L'EIXAMPLE,la Dreta de l'Eixample,CARRER,CONSELL DE CENT,1,341,,,,,,,4,1B,2.164868367,41.39060396
06-2014-0339,GRACIA,la Vila de Gràcia,CARRER,ALZINA,1,19,,,,,,,BJ,,2.156173505,41.40663177
02-2014-1309,L'EIXAMPLE,la Dreta de l'Eixample,CARRER,CORSEGA,2,402,,,,,,,5,1,2.164471083,41.40026445
02-2014-1310,L'EIXAMPLE,la Dreta de l'Eixample,CARRER,CORSEGA,2,402,,,,,,,5,2,2.164471083,41.40026445
02-2014-1311,L'EIXAMPLE,la Dreta de l'Eixample,CARRER,CORSEGA,2,402,,,,,,,2,2,2.164471083,41.40026445
02-2014-1348,L'EIXAMPLE,la Dreta de l'Eixample,PASSEIG,SANT JOAN,1,47,,49,,,,,1,1,2.173199234,41.39633047
02-2014-0505,L'EIXAMPLE,la Dreta de l'Eixample,CARRER,PAU CLARIS,1,87,,,,,,,PR,3,2.170506139,41.39002304
06-2014-0148,GRACIA,la Vila de Gràcia,VIA,AUGUSTA,2,42,,,,,,,1,1,2.15383194,41.39810144
02-2014-0507,L'EIXAMPLE,la Dreta de l'Eixample,CARRER,PAU CLARIS,1,87,,,,,,,PR,2,2.170506139,41.39002304
02-2014-1776,L'EIXAMPLE,la Sagrada Família,CARRER,CORSEGA,2,518,,,,,,,2,2,2.17133158,41.40542326
02-2014-1777,L'EIXAMPLE,la Sagrada Família,CARRER,CORSEGA,2,518,,,,,,,2,3,2.17133158,41.40542326
02-2014-1778,L'EIXAMPLE,la Sagrada Família,CARRER,CORSEGA,2,518,,,,,,,2,4,2.17133158,41.40542326
02-2014-1779,L'EIXAMPLE,la Sagrada Família,CARRER,CORSEGA,2,518,,,,,,,4,1,2.17133158,41.40542326
02-2014-1780,L'EIXAMPLE,la Sagrada Família,CARRER,CORSEGA,2,518,,,,,,,4,2,2.17133158,41.40542326
02-2014-1781,L'EIXAMPLE,la Sagrada Família,CARRER,CORSEGA,2,518,,,,,,,4,4,2.17133158,41.40542326
02-2014-1782,L'EIXAMPLE,la Sagrada Família,CARRER,CORSEGA,2,518,,,,,,,5,1,2.17133158,41.40542326
02-2014-1784,L'EIXAMPLE,la Sagrada Família,CARRER,CORSEGA,2,518,,,,,,,5,2,2.17133158,41.40542326
02-2014-1786,L'EIXAMPLE,la Sagrada Família,CARRER,CORSEGA,2,518,,,,,,,5,3,2.17133158,41.40542326
10-2014-0611,SANT MARTI,Sant Martí de Provençals,CARRER,ANDRADE,2,116,,,,,,,1,1,2.200054235,41.41465095
06-2014-0114,GRACIA,la Vila de Gràcia,CARRER,TORRENT DE L'OLLA,2,186,,,,,,,AT,3,2.154511035,41.40466185
02-2014-0396,L'EIXAMPLE,la Sagrada Família,AVINGUDA,GAUDI,1,87,,,,,,,5,,2.174181853,41.4108004
02-2014-0546,L'EIXAMPLE,la Sagrada Família,CARRER,PROVENÇA,1,487,,,,,,,AT,1,2.177068117,41.40656712
05-2014-0130,SARRIA-SANT GERVASI,el Putxet i el Farró,CARRER,MADRAZO,2,6,,,,,,,3,2,2.150628821,41.40157659
02-2014-1632,L'EIXAMPLE,la Sagrada Família,CARRER,INDUSTRIA,2,116,,,,,,,2,2,2.171824113,41.40746915
02-2014-1637,L'EIXAMPLE,la Sagrada Família,CARRER,INDUSTRIA,2,116,,,,,,,3,1,2.171824113,41.40746915
05-2014-0268,SARRIA-SANT GERVASI,les Tres Torres,RONDA,GENERAL MITRE,1,27,,,,,,,EN,2,2.132380223,41.39398899
08-2014-0157,NOU BARRIS,Vilapicina i la Torre Llobeta,CARRER,PINTOR CASAS,1,1,,,,,,,AT,,2.169066191,41.4276281
10-2014-0461,SANT MARTI,Diagonal Mar i el Front Marítim del Poblenou,PASSEIG,GARCIA FARIA,1,21,,,,,,,10,2,2.209990556,41.40093482
10-2014-0464,SANT MARTI,Diagonal Mar i el Front Marítim del Poblenou,PASSEIG,GARCIA FARIA,1,75,,,,,,,19,3,2.215323118,41.40496996
02-2014-1649,L'EIXAMPLE,Sant Antoni,GRAN VIA,CORTS CATALANES,2,410,,,,,,,4,1,2.151969627,41.37671301
02-2014-1658,L'EIXAMPLE,Sant Antoni,CARRER,COMTE D'URGELL,1,47,,,,,,,7,6,2.159210428,41.3814517
02-2014-1664,L'EIXAMPLE,la Dreta de l'Eixample,CARRER,CONSELL DE CENT,2,318,,,,,,,AT,,2.166946976,41.39189274
02-2014-1673,L'EIXAMPLE,la Dreta de l'Eixample,PASSEIG,GRACIA,2,16,,,,,,,7,2,2.168934533,41.38933184
02-2014-1697,L'EIXAMPLE,la Nova Esquerra de l'Eixample,CARRER,LLANÇA,2,54,,,,,,,AT,2,2.145213997,41.38044453
03-2014-0490,SANTS-MONTJUÏC,Hostafrancs,CARRER,MOIANES,1,65,,,,,,,PR,2,2.142440275,41.3741439
03-2014-0491,SANTS-MONTJUÏC,la Bordeta,CARRER,HARTZENBUSCH,2,36,,,,,,,BJ,,2.134732075,41.37078996
02-2014-1720,L'EIXAMPLE,la Nova Esquerra de l'Eixample,CARRER,COMTE D'URGELL,1,131,,,,,,,3,2,2.153226273,41.38596399
02-2014-1724,L'EIXAMPLE,la Nova Esquerra de l'Eixample,CARRER,COMTE D'URGELL,1,131,,,,,,,3,3,2.153226273,41.38596399
02-2014-1726,L'EIXAMPLE,la Nova Esquerra de l'Eixample,CARRER,COMTE D'URGELL,1,131,,,,,,,4,1,2.153226273,41.38596399
02-2014-1173,L'EIXAMPLE,la Dreta de l'Eixample,GRAN VIA,CORTS CATALANES,2,682,,,,,,,5,2A,2.173056644,41.39268474
02-2014-1174,L'EIXAMPLE,la Dreta de l'Eixample,GRAN VIA,CORTS CATALANES,2,682,,,,,,,5,2B,2.173056644,41.39268474
02-2014-1175,L'EIXAMPLE,la Dreta de l'Eixample,GRAN VIA,CORTS CATALANES,2,682,,,,,,,AT,1,2.173056644,41.39268474
02-2014-1176,L'EIXAMPLE,la Dreta de l'Eixample,GRAN VIA,CORTS CATALANES,2,682,,,,,,,SA,1,2.173056644,41.39268474
02-2014-1177,L'EIXAMPLE,la Dreta de l'Eixample,GRAN VIA,CORTS CATALANES,2,682,,,,,,,SA,4,2.173056644,41.39268474
02-2014-1178,L'EIXAMPLE,la Dreta de l'Eixample,CARRER,ARAGO,1,321,,,,,,,3,1,2.169930975,41.39617077
02-2014-1179,L'EIXAMPLE,la Dreta de l'Eixample,CARRER,PROVENÇA,2,268,,,,,,,3,3,2.159674096,41.393224
02-2014-1180,L'EIXAMPLE,la Dreta de l'Eixample,CARRER,PROVENÇA,2,268,,,,,,,3,4,2.159674096,41.393224
02-2014-1181,L'EIXAMPLE,l'Antiga Esquerra de l'Eixample,CARRER,BALMES,1,139,,,,,,,5,2,2.156673908,41.39368238
06-2014-0186,GRACIA,la Vila de Gràcia,CARRER,CAMPRODON,1,23,,,,,,,1,2,2.164087831,41.40098583
06-2014-0187,GRACIA,la Vila de Gràcia,CARRER,CAMPRODON,1,23,,,,,,,2,3,2.164087831,41.40098583
06-2014-0188,GRACIA,la Vila de Gràcia,CARRER,CAMPRODON,1,23,,,,,,,2,2,2.164087831,41.40098583
06-2014-0189,GRACIA,la Vila de Gràcia,CARRER,CAMPRODON,1,23,,,,,,,1,4,2.164087831,41.40098583
06-2014-0190,GRACIA,la Vila de Gràcia,CARRER,CAMPRODON,1,23,,,,,,,2,1,2.164087831,41.40098583
06-2014-0191,GRACIA,la Vila de Gràcia,CARRER,CAMPRODON,1,23,,,,,,,1,1,2.164087831,41.40098583
06-2014-0192,GRACIA,la Vila de Gràcia,CARRER,CAMPRODON,1,23,,,,,,,2,4,2.164087831,41.40098583
06-2014-0193,GRACIA,la Vila de Gràcia,CARRER,CAMPRODON,1,23,,,,,,,PR,4,2.164087831,41.40098583
06-2014-0194,GRACIA,la Vila de Gràcia,CARRER,CAMPRODON,1,23,,,,,,,PR,2,2.164087831,41.40098583
02-2014-1353,L'EIXAMPLE,la Dreta de l'Eixample,AVINGUDA,DIAGONAL,2,370,,,,,,,4,2,2.170723757,41.39957899
02-2014-1356,L'EIXAMPLE,la Nova Esquerra de l'Eixample,CARRER,CONSELL DE CENT,1,71,,,,,,,2,1,2.149528337,41.37905906
06-2014-0379,GRACIA,la Vila de Gràcia,CARRER,DOCTOR RIZAL,2,8,,,,,,,1,3,2.156128022,41.39766571
02-2014-1371,L'EIXAMPLE,la Sagrada Família,PLAÇA,SAGRADA FAMILIA,1,7,,,,,,,PR,A,2.172238392,41.40238033
02-2014-1373,L'EIXAMPLE,la Dreta de l'Eixample,AVINGUDA,DIAGONAL,2,370,,,,,,,2,2,2.170723757,41.39957899
02-2014-1382,L'EIXAMPLE,la Dreta de l'Eixample,RAMBLA,CATALUNYA,1,63,,,,,,,PR,1,2.163046021,41.39116702
02-2014-1392,L'EIXAMPLE,la Nova Esquerra de l'Eixample,GRAN VIA,CORTS CATALANES,1,457,,,,,,,4,1B,2.154365042,41.37929942
07-2014-0161,HORTA-GUINARDÓ,Can Baró,AVINGUDA,CAN BARO,1,3,,,,,,,1,3,2.161104679,41.41534345
02-2014-1408,L'EIXAMPLE,Sant Antoni,CARRER,VILLARROEL,1,23,,,,,,,4,1,2.161611486,41.38141002
02-2014-1410,L'EIXAMPLE,l'Antiga Esquerra de l'Eixample,CARRER,ARIBAU,2,184,,,,,,,4,2,2.152671622,41.39356565
02-2014-1416,L'EIXAMPLE,la Dreta de l'Eixample,CARRER,BAILEN,1,77,,,,,,,4,1,2.171563712,41.39605957
02-2014-1424,L'EIXAMPLE,l'Antiga Esquerra de l'Eixample,CARRER,ARIBAU,2,184,,,,,,,1,1,2.152671622,41.39356565
02-2014-0953,L'EIXAMPLE,la Dreta de l'Eixample,CARRER,AUSIAS MARC,2,14,,,,,,,5,C,2.174865995,41.39064405
03-2014-0202,SANTS-MONTJUÏC,Hostafrancs,CARRER,MIQUEL BLEACH,2,16,,,,,,,1,2,2.141603342,41.3758136
02-2014-0534,L'EIXAMPLE,la Dreta de l'Eixample,RONDA,SANT PERE,2,26,,,,,,,6,1,2.174241047,41.38935499
02-2014-0556,L'EIXAMPLE,la Dreta de l'Eixample,CARRER,BALMES,1,9,,,,,,,4,2,2.165864503,41.38672895
02-2014-0568,L'EIXAMPLE,l'Antiga Esquerra de l'Eixample,CARRER,ARAGO,1,207,,,,,,,3,2,2.159779871,41.38853401
02-2014-0580,L'EIXAMPLE,el Fort Pienc,CARRER,ROGER DE FLOR,1,45,,,,,,A,5,4,2.180728848,41.39253151
02-2014-1787,L'EIXAMPLE,la Sagrada Família,CARRER,CORSEGA,2,518,,,,,,,5,4,2.17133158,41.40542326
02-2014-1789,L'EIXAMPLE,la Dreta de l'Eixample,CARRER,DIPUTACIO,2,354,,,,,,,EN,1,2.175985504,41.39696747
02-2014-1790,L'EIXAMPLE,la Dreta de l'Eixample,CARRER,DIPUTACIO,2,354,,,,,,,EN,2,2.175985504,41.39696747
02-2014-1791,L'EIXAMPLE,la Dreta de l'Eixample,CARRER,DIPUTACIO,2,354,,,,,,,1,1,2.175985504,41.39696747
02-2014-1792,L'EIXAMPLE,la Dreta de l'Eixample,CARRER,DIPUTACIO,2,354,,,,,,,1,3,2.175985504,41.39696747
02-2014-1793,L'EIXAMPLE,la Dreta de l'Eixample,CARRER,DIPUTACIO,2,354,,,,,,,1,4,2.175985504,41.39696747
02-2014-1794,L'EIXAMPLE,la Dreta de l'Eixample,CARRER,DIPUTACIO,2,354,,,,,,,2,1,2.175985504,41.39696747
02-2014-1795,L'EIXAMPLE,la Dreta de l'Eixample,CARRER,DIPUTACIO,2,354,,,,,,,2,2,2.175985504,41.39696747
02-2014-1796,L'EIXAMPLE,la Dreta de l'Eixample,CARRER,DIPUTACIO,2,354,,,,,,,2,3,2.175985504,41.39696747
02-2014-1797,L'EIXAMPLE,la Dreta de l'Eixample,CARRER,DIPUTACIO,2,354,,,,,,,2,4,2.175985504,41.39696747
02-2014-1798,L'EIXAMPLE,la Dreta de l'Eixample,CARRER,DIPUTACIO,2,354,,,,,,,3,2,2.175985504,41.39696747
02-2014-1799,L'EIXAMPLE,la Dreta de l'Eixample,CARRER,DIPUTACIO,2,354,,,,,,,3,4,2.175985504,41.39696747
10-2014-0627,SANT MARTI,el Besòs i el Maresme,RAMBLA,PRIM,1,19,,,,,,,2,3,2.218031048,41.41188038
01-2014-0060,CIUTAT VELLA,el Raval,CARRER,RAMELLERES,1,27,,,,,,,2,1,2.168143804,41.38473544
01-2014-0061,CIUTAT VELLA,el Raval,CARRER,RAMELLERES,1,27,,,,,,,2,3,2.168143804,41.38473544
02-2014-0202,L'EIXAMPLE,la Sagrada Família,PLAÇA,SAGRADA FAMILIA,2,10,,,,,,,BJ,1,2.172369843,41.40304987
10-2014-0207,SANT MARTI,el Poblenou,CARRER,LLULL,1,151,,,,,,,2,1,2.199919434,41.39945117
10-2014-0287,SANT MARTI,el Poblenou,CARRER,PERE IV,2,126,,,,,,,2,1,2.195960323,41.40046065
10-2014-0288,SANT MARTI,el Poblenou,CARRER,PERE IV,2,126,,,,,,,3,3,2.195960323,41.40046065
10-2014-0292,SANT MARTI,el Poblenou,CARRER,ROC BORONAT,1,5,,,,,,,3,1,2.201957537,41.39697745
02-2014-1445,L'EIXAMPLE,l'Antiga Esquerra de l'Eixample,CARRER,ENRIC GRANADOS,1,115,,,,,,,2,2,2.155224469,41.39306759
02-2014-1451,L'EIXAMPLE,l'Antiga Esquerra de l'Eixample,CARRER,ENRIC GRANADOS,1,115,,,,,,,1,1,2.155224469,41.39306759
02-2014-1454,L'EIXAMPLE,l'Antiga Esquerra de l'Eixample,CARRER,ENRIC GRANADOS,1,115,,,,,,,3,1,2.155224469,41.39306759
02-2014-1458,L'EIXAMPLE,l'Antiga Esquerra de l'Eixample,CARRER,ENRIC GRANADOS,1,115,,,,,,,1,2,2.155224469,41.39306759
02-2014-1467,L'EIXAMPLE,l'Antiga Esquerra de l'Eixample,CARRER,ENRIC GRANADOS,1,115,,,,,,,PR,1,2.155224469,41.39306759
01-2014-0298,CIUTAT VELLA,el Barri Gòtic,CARRER,DURAN I BAS,1,7,,,,,,,1,1,2.174222508,41.38556556
07-2014-0203,HORTA-GUINARDÓ,el Guinardó,CARRER,ART,2,30,,,,,,,2,1,2.177706143,41.420919
02-2014-2162,L'EIXAMPLE,la Dreta de l'Eixample,RONDA,SANT PERE,2,14,,,,,,,1,1,2.171803426,41.3884448
02-2014-2163,L'EIXAMPLE,la Dreta de l'Eixample,RONDA,SANT PERE,2,14,,,,,,,1,2,2.171803426,41.3884448
02-2014-2165,L'EIXAMPLE,la Dreta de l'Eixample,RAMBLA,CATALUNYA,1,15,,,,,,,3,2,2.16725585,41.38809426
02-2014-2166,L'EIXAMPLE,la Dreta de l'Eixample,RAMBLA,CATALUNYA,1,15,,,,,,,5,2,2.16725585,41.38809426
02-2014-2167,L'EIXAMPLE,la Dreta de l'Eixample,RAMBLA,CATALUNYA,1,15,,,,,,,3,1,2.16725585,41.38809426
03-2014-0807,SANTS-MONTJUÏC,Sants,CARRER,SANT JORDI,2,8,,,,,,,1,3,2.13386652,41.37425333
06-2014-0722,GRACIA,Vallcarca i els Penitents,CARRER,SANT EUDALD,2,4,,,,,,,BJ,,2.145139152,41.41350597
02-2014-1729,L'EIXAMPLE,la Nova Esquerra de l'Eixample,CARRER,COMTE D'URGELL,1,131,,,,,,,4,2,2.153226273,41.38596399
02-2014-1807,L'EIXAMPLE,la Sagrada Família,AVINGUDA,GAUDI,2,44,,,,,,,5,3,2.17453971,41.40825117
02-2014-1808,L'EIXAMPLE,el Fort Pienc,CARRER,ARAGO,2,410,,,,,,,4,1,2.17462966,41.39921415
06-2014-0437,GRACIA,la Vila de Gràcia,CARRER,TEROL,2,30,,,,,,,2,1,2.158684639,41.40333211
02-2014-1810,L'EIXAMPLE,l'Antiga Esquerra de l'Eixample,CARRER,CASANOVA,1,165,,,,,,,PR,2,2.150243585,41.39170762
02-2014-1811,L'EIXAMPLE,l'Antiga Esquerra de l'Eixample,CARRER,ROSSELLO,2,154,,,,,,,2,1,2.154740696,41.39120792
02-2014-1814,L'EIXAMPLE,la Dreta de l'Eixample,CARRER,GIRONA,2,88,,,,,,,3,2,2.170203004,41.39565835
05-2014-0372,SARRIA-SANT GERVASI,Sarrià,CARRER,MARE DE DEU DE NURIA,2,24,,26,,,,B,1,C,2.124379325,41.39863142
06-2014-0195,GRACIA,la Vila de Gràcia,CARRER,CAMPRODON,1,23,,,,,,,PR,3,2.164087831,41.40098583
02-2014-0602,L'EIXAMPLE,la Nova Esquerra de l'Eixample,CARRER,DIPUTACIO,2,52,,,,,,,2,4,2.152542208,41.37934737
02-2014-1432,L'EIXAMPLE,la Dreta de l'Eixample,CARRER,BAILEN,1,77,,,,,,,3,1,2.171563712,41.39605957
02-2014-1437,L'EIXAMPLE,la Sagrada Família,CARRER,PROVENÇA,1,467,,469,,,,E,SA,1,2.175950073,41.40573039
10-2014-0406,SANT MARTI,el Poblenou,CARRER,TAULAT,1,63,,,,,,,BJ,,2.203754265,41.39797501
02-2014-1439,L'EIXAMPLE,la Dreta de l'Eixample,CARRER,BAILEN,1,77,,,,,,,PR,1,2.171563712,41.39605957
03-2014-0428,SANTS-MONTJUÏC,el Poble Sec,CARRER,TAPIOLES,1,35,,,,,,,2,1,2.164258108,41.37317651
05-2014-0239,SARRIA-SANT GERVASI,Vallvidrera el Tibidabo i les Planes,CARRER,MONT D'ORSA,1,7,,,,,,,3,1,2.103996591,41.41241514
05-2014-0240,SARRIA-SANT GERVASI,Sant Gervasi - Galvany,CARRER,MADRAZO,1,49,,,,,,,EN,,2.148600685,41.39984732
02-2014-1453,L'EIXAMPLE,l'Antiga Esquerra de l'Eixample,CARRER,PROVENÇA,2,242,,,,,,,4,2,2.157947124,41.39191935
02-2014-1457,L'EIXAMPLE,la Sagrada Família,CARRER,SARDENYA,2,398,,,,,,,1,1,2.168984693,41.40682136
02-2014-1461,L'EIXAMPLE,l'Antiga Esquerra de l'Eixample,CARRER,PROVENÇA,2,242,,,,,,,3,2,2.157947124,41.39191935
06-2014-0502,GRACIA,el Coll,BAIXADA,SANT MARIA,1,5,,7,,,,,2,1,2.148593861,41.4179379
02-2014-0948,L'EIXAMPLE,la Sagrada Família,PLAÇA,SAGRADA FAMILIA,2,10,,,,,,,3,3,2.172369843,41.40304987
05-2014-0538,SARRIA-SANT GERVASI,Sant Gervasi - la Bonanova,CARRER,CAMP,1,77,,,,,,,BJ,,2.135123165,41.40433372
02-2014-1800,L'EIXAMPLE,la Dreta de l'Eixample,CARRER,DIPUTACIO,2,354,,,,,,,4,1,2.175985504,41.39696747
02-2014-1802,L'EIXAMPLE,la Dreta de l'Eixample,CARRER,DIPUTACIO,2,354,,,,,,,4,3,2.175985504,41.39696747
02-2014-1803,L'EIXAMPLE,la Dreta de l'Eixample,CARRER,DIPUTACIO,2,354,,,,,,,4,4,2.175985504,41.39696747
02-2014-1804,L'EIXAMPLE,la Dreta de l'Eixample,CARRER,DIPUTACIO,2,354,,,,,,,5,3,2.175985504,41.39696747
02-2014-1806,L'EIXAMPLE,la Dreta de l'Eixample,CARRER,DIPUTACIO,2,354,,,,,,,5,4,2.175985504,41.39696747
03-2014-0494,SANTS-MONTJUÏC,el Poble Sec,CARRER,TAPIOLES,2,44,,,,,,,1,1,2.163780246,41.37247526
02-2014-1809,L'EIXAMPLE,Sant Antoni,CARRER,VILADOMAT,2,46,,,,,,,1,2,2.160746248,41.37722011
06-2014-0438,GRACIA,la Vila de Gràcia,CARRER,GRAN DE GRACIA,1,69,,,,,,,5,A,2.155205152,41.39994138
03-2014-0679,SANTS-MONTJUÏC,Sants,CARRER,SANTS,2,138,,,,,,,2,1,2.134060356,41.37554217
03-2014-0538,SANTS-MONTJUÏC,Sants,CARRER,MELCIOR DE PALAU,1,35,,,,,,A,6,2,2.132000689,41.37881221
06-2014-0316,GRACIA,la Vila de Gràcia,CARRER,RIERA DE SANT MIQUEL,1,75,,,,,,,BJ,2,2.154293182,41.39861226
06-2014-0321,GRACIA,el Camp d'en Grassot i Gràcia Nova,CARRER,SANT ANTONI MARIA CLARET,2,94,,,,,,,EN,1,2.168255121,41.40648653
02-2014-1255,L'EIXAMPLE,la Dreta de l'Eixample,PASSEIG,GRACIA,2,46,,,,,,,4,2,2.16582793,41.39183758
02-2014-1258,L'EIXAMPLE,la Dreta de l'Eixample,PASSEIG,GRACIA,2,46,,,,,,,4,1,2.16582793,41.39183758
05-2014-0224,SARRIA-SANT GERVASI,les Tres Torres,CARRER,VERGOS,2,18,,,,,,,2,2,2.129998046,41.39908034
02-2014-1476,L'EIXAMPLE,l'Antiga Esquerra de l'Eixample,CARRER,CORSEGA,2,244,,,,,,,PR,1,2.155033863,41.39308869
02-2014-1485,L'EIXAMPLE,l'Antiga Esquerra de l'Eixample,CARRER,CORSEGA,2,244,,,,,,,3,1,2.155033863,41.39308869
06-2014-0732,GRACIA,el Coll,CARRER,PAU FERRAN,1,1,,,,,,,2,3,2.14934487,41.41759476
02-2014-0307,L'EIXAMPLE,la Dreta de l'Eixample,CARRER,CONSELL DE CENT,2,306,,,,,,,1,2,2.165355521,41.39069552
02-2014-0611,L'EIXAMPLE,Sant Antoni,CARRER,FLORIDABLANCA,1,133,,,,,,,EN,2,2.162400236,41.3815646
02-2014-0612,L'EIXAMPLE,la Sagrada Família,CARRER,ARAGO,1,423,,,,,,,PR,1,2.176990883,41.40141665
02-2014-0728,L'EIXAMPLE,la Dreta de l'Eixample,CARRER,CASP,1,41,,,,,,,3,1B,2.173899649,41.39189731
02-2014-0824,L'EIXAMPLE,la Dreta de l'Eixample,RAMBLA,CATALUNYA,2,52,,,,,,,6,3,2.164168587,41.39075107
02-2014-1018,L'EIXAMPLE,la Dreta de l'Eixample,PASSEIG,GRACIA,1,51,,,,,,,1,2B,2.164177971,41.39233147
02-2014-1019,L'EIXAMPLE,la Dreta de l'Eixample,PASSEIG,GRACIA,1,51,,,,,,,2,1,2.164177971,41.39233147
06-2014-0468,GRACIA,Vallcarca i els Penitents,PASSATGE,MONTORNES,2,12,,,,,,,BJ,,2.143406336,41.41784821
03-2014-0233,SANTS-MONTJUÏC,el Poble Sec,CARRER,FONT HONRADA,2,14,,,,,,,3,2,2.155811935,41.37406099
03-2014-0495,SANTS-MONTJUÏC,el Poble Sec,CARRER,RICART,2,16,,18,,,,,4,3,2.158091422,41.37403962
06-2014-0439,GRACIA,la Vila de Gràcia,CARRER,GRAN DE GRACIA,2,264,,,,,,,4,1,2.150565943,41.40572131
10-2014-0576,SANT MARTI,Diagonal Mar i el Front Marítim del Poblenou,CARRER,PELLAIRES,1,35,,,,,,,BJ,,2.210517276,41.40501392
05-2014-0256,SARRIA-SANT GERVASI,Sant Gervasi - Galvany,CARRER,GANDUXER,2,30,,,,,,,1,4,2.138439807,41.3937762
02-2014-1816,L'EIXAMPLE,la Dreta de l'Eixample,CARRER,DIPUTACIO,2,360,,,,,,,PR,1,2.176215692,41.39713911
02-2014-1819,L'EIXAMPLE,la Dreta de l'Eixample,CARRER,DIPUTACIO,2,360,,,,,,,3,1,2.176215692,41.39713911
02-2014-1820,L'EIXAMPLE,la Dreta de l'Eixample,CARRER,DIPUTACIO,2,360,,,,,,,4,3,2.176215692,41.39713911
02-2014-1821,L'EIXAMPLE,la Dreta de l'Eixample,CARRER,DIPUTACIO,2,360,,,,,,B,2,2,2.176215692,41.39713911
02-2014-1822,L'EIXAMPLE,la Dreta de l'Eixample,CARRER,DIPUTACIO,2,360,,,,,,B,2,1,2.176215692,41.39713911
02-2014-1824,L'EIXAMPLE,Sant Antoni,CARRER,VILLARROEL,2,50,,,,,,,1,2,2.160372985,41.38261913
02-2014-1825,L'EIXAMPLE,Sant Antoni,CARRER,VILLARROEL,2,50,,,,,,,PR,2,2.160372985,41.38261913
04-2014-0357,LES CORTS,les Corts,CARRER,BERLIN,1,99,,,,,,,SA,1,2.141145692,41.38466053
04-2014-0358,LES CORTS,les Corts,CARRER,BERLIN,1,99,,,,,,,SA,2,2.141145692,41.38466053
03-2014-0839,SANTS-MONTJUÏC,Sants,CARRER,IBERIA,2,16,,,,,,,3,1,2.136660904,41.37375868
02-2014-1462,L'EIXAMPLE,la Sagrada Família,CARRER,LEPANT,2,300,,,,,,,4,1,2.175152312,41.40573483
02-2014-1469,L'EIXAMPLE,l'Antiga Esquerra de l'Eixample,CARRER,PARIS,1,183,B,,,,,,4,2,2.152408996,41.39314362
02-2014-1471,L'EIXAMPLE,l'Antiga Esquerra de l'Eixample,CARRER,PROVENÇA,2,242,,,,,,,3,4,2.157947124,41.39191935
02-2014-1483,L'EIXAMPLE,l'Antiga Esquerra de l'Eixample,CARRER,MUNTANER,2,202,,,,,,,8,A,2.151104604,41.39303925
05-2014-0241,SARRIA-SANT GERVASI,Sant Gervasi - Galvany,CARRER,FRANCESC PEREZ-CABRERO,1,11,,,,,,,5,3,2.139543625,41.39412049
02-2014-1521,L'EIXAMPLE,la Dreta de l'Eixample,CARRER,VALENCIA,1,353,,,,,,,2,1,2.170352715,41.39812993
02-2014-1526,L'EIXAMPLE,Sant Antoni,CARRER,SEPULVEDA,1,167,,,,,,,1,1,2.162249162,41.3831516
05-2014-0244,SARRIA-SANT GERVASI,Sarrià,CARRER,FONTCOBERTA,2,6,,,,,,,3,2,2.12442971,41.39490765
03-2014-0451,SANTS-MONTJUÏC,Hostafrancs,CARRER,ALIGA,2,6,,,,,,,EN,2,2.143409526,41.37329988
03-2014-0452,SANTS-MONTJUÏC,Hostafrancs,CARRER,RECTOR TRIADO,1,65,,,,,,,3,2,2.142552581,41.3784628
03-2014-0124,SANTS-MONTJUÏC,el Poble Sec,CARRER,ROSER,2,28,,,,,,,EN,A,2.166641101,41.37345059
07-2014-0316,HORTA-GUINARDÓ,el Guinardó,CARRER,VARSOVIA,1,91,,,,,,,1,2,2.173868268,41.42002137
03-2014-0236,SANTS-MONTJUÏC,el Poble Sec,CARRER,PIQUER,2,52,,,,,,,4,1,2.16772011,41.37371759
10-2014-0157,SANT MARTI,la Vila Olímpica del Poblenou,PASSATGE,GENERAL BASSOLS,2,26,,,,,,,1,,2.198280236,41.3939885
03-2014-0719,SANTS-MONTJUÏC,Sants,CARRER,SOCORS,1,11,,,,,,,BJ,,2.131002204,41.37677355
03-2014-0720,SANTS-MONTJUÏC,Sants,CARRER,GALILEU,1,1,,3,,,,,9,1,2.135809902,41.37619054
02-2014-1826,L'EIXAMPLE,Sant Antoni,CARRER,VILLARROEL,2,50,,,,,,,2,1,2.160372985,41.38261913
02-2014-1827,L'EIXAMPLE,Sant Antoni,CARRER,VILLARROEL,2,50,,,,,,,EN,1,2.160372985,41.38261913
02-2014-1828,L'EIXAMPLE,Sant Antoni,CARRER,VILLARROEL,2,50,,,,,,,PR,1,2.160372985,41.38261913
02-2014-1829,L'EIXAMPLE,Sant Antoni,CARRER,VILLARROEL,2,50,,,,,,,1,1,2.160372985,41.38261913
02-2014-1830,L'EIXAMPLE,Sant Antoni,CARRER,VILLARROEL,2,50,,,,,,,3,2,2.160372985,41.38261913
02-2014-1831,L'EIXAMPLE,Sant Antoni,CARRER,VILLARROEL,2,50,,,,,,,2,2,2.160372985,41.38261913
07-2014-0188,HORTA-GUINARDÓ,Horta,CARRER,SANT TOMAS,2,66,,,,,,,BJ,,2.157109632,41.43210374
04-2014-0150,LES CORTS,la Maternitat i Sant Ramon,CARRER,SABINO ARANA,2,30,,,,,,,2,2,2.125386729,41.38575746
09-2014-0145,SANT ANDREU,el Bon Pastor,CARRER,FOC FOLLET,1,51,,,,,,,1,2,2.20411025,41.43442589
02-2014-1541,L'EIXAMPLE,l'Antiga Esquerra de l'Eixample,CARRER,VILLARROEL,2,176,,,,,,,EN,2,2.150242457,41.39027139
02-2014-1536,L'EIXAMPLE,la Sagrada Família,CARRER,CORSEGA,2,534,,,,,,,AT,1,2.172545335,41.40635497
07-2014-0171,HORTA-GUINARDÓ,el Baix Guinardó,CARRER,CARTAGENA,1,335,,,,,,,BJ,IN,2.173067861,41.41199817
06-2014-0401,GRACIA,la Vila de Gràcia,CARRER,MARTINEZ DE LA ROSA,2,32,,,,,,,AT,,2.159230179,41.39976208
02-2014-1556,L'EIXAMPLE,la Dreta de l'Eixample,CARRER,PAU CLARIS,1,99,,,,,,2,3,4,2.168981595,41.39117583
02-2014-1559,L'EIXAMPLE,la Dreta de l'Eixample,CARRER,ROSSELLO,2,210,,,,,,,3,1,2.158032517,41.39368324
02-2014-1564,L'EIXAMPLE,la Dreta de l'Eixample,CARRER,PAU CLARIS,1,99,,,,,,2,4,3,2.168981595,41.39117583
02-2014-1570,L'EIXAMPLE,la Dreta de l'Eixample,CARRER,PAU CLARIS,1,99,,,,,,2,5,1,2.168981595,41.39117583
02-2014-1575,L'EIXAMPLE,la Dreta de l'Eixample,CARRER,PAU CLARIS,1,99,,,,,,2,5,4,2.168981595,41.39117583
05-2014-0245,SARRIA-SANT GERVASI,el Putxet i el Farró,CARRER,LUCA,1,7,,,,,,,SA,,2.139189521,41.41091935
02-2014-1579,L'EIXAMPLE,la Dreta de l'Eixample,CARRER,PAU CLARIS,1,99,,,,,,2,3,1,2.168981595,41.39117583
10-2014-0450,SANT MARTI,el Clot,AVINGUDA,MERIDIANA,2,116,,,,,,,EN,3,2.187185763,41.40813149
07-2014-0263,HORTA-GUINARDÓ,la Font d'en Fargues,CARRER,CAMIL OLIVERAS,2,42,,,,,,,,,2.170072373,41.42196182
05-2014-0380,SARRIA-SANT GERVASI,Sarrià,CARRER,JORDA,2,6,,,,,,,BJ,2,2.121525477,41.39715649
02-2014-2459,L'EIXAMPLE,Sant Antoni,CARRER,CALABRIA,1,65,,,,,,,5,4,2.15711773,41.37798123
02-2014-2460,L'EIXAMPLE,Sant Antoni,CARRER,CALABRIA,1,65,,,,,,,AT,3,2.15711773,41.37798123
02-2014-0616,L'EIXAMPLE,la Dreta de l'Eixample,CARRER,GIRONA,1,85,,,,,,,4,,2.170174433,41.39540114
03-2014-0526,SANTS-MONTJUÏC,la Marina de Port,CARRER,ALTS FORNS,1,27,B,,,,,,4,3,2.135632359,41.35703098
02-2014-1146,L'EIXAMPLE,la Sagrada Família,AVINGUDA,GAUDI,2,8,,,,,,,1,1,2.174582435,41.40515544
02-2014-1152,L'EIXAMPLE,la Sagrada Família,AVINGUDA,GAUDI,2,8,,,,,,,EN,2,2.174582435,41.40515544
02-2014-1155,L'EIXAMPLE,la Sagrada Família,AVINGUDA,GAUDI,2,8,,,,,,,1,2,2.174582435,41.40515544
06-2014-0348,GRACIA,la Vila de Gràcia,CARRER,SANTA AGATA,1,35,,,,,,,1,,2.153431131,41.40482325
05-2014-0213,SARRIA-SANT GERVASI,el Putxet i el Farró,CARRER,BERTRAN,2,4,,,,,,,1,,2.141262766,41.40491897
05-2014-0214,SARRIA-SANT GERVASI,el Putxet i el Farró,CARRER,BERTRAN,2,4,,,,,,,2,,2.141262766,41.40491897
05-2014-0215,SARRIA-SANT GERVASI,el Putxet i el Farró,CARRER,BERTRAN,2,4,,,,,,,3,,2.141262766,41.40491897
05-2014-0216,SARRIA-SANT GERVASI,el Putxet i el Farró,CARRER,BERTRAN,2,4,,,,,,,4,,2.141262766,41.40491897
03-2014-0550,SANTS-MONTJUÏC,Sants,PASSATGE,BARO DE GRIÑO,2,6,,,,,,,PR,2,2.137840471,41.37341429
03-2014-0551,SANTS-MONTJUÏC,Sants,PASSATGE,BARO DE GRIÑO,2,6,,,,,,,1,3,2.137840471,41.37341429
04-2014-0302,LES CORTS,les Corts,CARRER,GALILEU,2,316,,,,,,,AT,3,2.131537079,41.38554987
04-2014-0303,LES CORTS,les Corts,CARRER,GALILEU,2,316,,,,,,,SA,1,2.131537079,41.38554987
02-2014-1080,L'EIXAMPLE,la Sagrada Família,PASSATGE,VILARET,1,23,,,,,,,EN,1,2.179758288,41.40629652
02-2014-1082,L'EIXAMPLE,la Sagrada Família,PASSATGE,VILARET,1,23,,,,,,,3,2,2.179758288,41.40629652
02-2014-1083,L'EIXAMPLE,la Sagrada Família,PASSATGE,VILARET,1,23,,,,,,,1,2,2.179758288,41.40629652
02-2014-1121,L'EIXAMPLE,la Dreta de l'Eixample,CARRER,CASP,1,41,,,,,,,3,2A,2.173899649,41.39189731
02-2014-1139,L'EIXAMPLE,el Fort Pienc,AVINGUDA,DIAGONAL,1,285,,,,,,,1,4,2.17622893,41.40047876
03-2014-0350,SANTS-MONTJUÏC,Sants,CARRER,PANISSARS,2,18,,,,,,,1,,2.133361599,41.37631831
07-2014-0158,HORTA-GUINARDÓ,el Baix Guinardó,CARRER,PADILLA,1,359,,,,,,,1,2,2.170417818,41.41070418
07-2014-0159,HORTA-GUINARDÓ,el Baix Guinardó,CARRER,PADILLA,1,359,,,,,,,3,1,2.170417818,41.41070418
02-2014-1210,L'EIXAMPLE,la Dreta de l'Eixample,CARRER,BAILEN,1,109,,,,,,,2,1,2.16992679,41.39729695
01-2014-0055,CIUTAT VELLA,el Barri Gòtic,CARRER,HOSTAL D'EN SOL,1,3,,5,,,,,4,2,2.180073381,41.38184574
02-2014-1043,L'EIXAMPLE,la Dreta de l'Eixample,RONDA,UNIVERSITAT,1,23,,,,,,,6,2,2.166780443,41.38688261
10-2014-0350,SANT MARTI,el Parc i la Llacuna del Poblenou,CARRER,MARINA,1,75,,,,,,,3,3,2.189441612,41.39253567
02-2014-1205,L'EIXAMPLE,la Dreta de l'Eixample,CARRER,MALLORCA,1,337,,,,,,,3,1,2.170273501,41.39978503
02-2014-1206,L'EIXAMPLE,la Dreta de l'Eixample,CARRER,MALLORCA,1,337,,,,,,,2,2,2.170273501,41.39978503
03-2014-0410,SANTS-MONTJUÏC,la Bordeta,CARRER,GAVA,2,32,,,,,,,BJ,1,2.140893586,41.37186135
03-2014-0416,SANTS-MONTJUÏC,la Bordeta,CARRER,GAVA,2,32,,,,,,,EN,1,2.140893586,41.37186135
03-2014-0419,SANTS-MONTJUÏC,la Bordeta,CARRER,GAVA,2,32,,,,,,,BJ,2,2.140893586,41.37186135
10-2014-0430,SANT MARTI,el Parc i la Llacuna del Poblenou,CARRER,PERE IV,1,83,,,,,,,1,3,2.193298171,41.39758494
10-2014-0435,SANT MARTI,el Parc i la Llacuna del Poblenou,CARRER,PERE IV,1,83,,,,,,,3,3,2.193298171,41.39758494
02-2014-1528,L'EIXAMPLE,la Sagrada Família,CARRER,CORSEGA,2,526,,,,,,,5,1,2.171709142,41.40571097
10-2014-0437,SANT MARTI,el Clot,CARRER,INDEPENDENCIA,2,242,,,,,,,3,3,2.185067488,41.40664462
01-2014-0063,CIUTAT VELLA,el Raval,CARRER,RAMELLERES,1,27,,,,,,,2,4,2.168143804,41.38473544
01-2014-0064,CIUTAT VELLA,el Raval,CARRER,RAMELLERES,1,27,,,,,,,3,1,2.168143804,41.38473544
01-2014-0065,CIUTAT VELLA,el Raval,CARRER,RAMELLERES,1,27,,,,,,,3,3,2.168143804,41.38473544
01-2014-0066,CIUTAT VELLA,el Raval,CARRER,RAMELLERES,1,27,,,,,,,3,4,2.168143804,41.38473544
10-2014-0125,SANT MARTI,el Parc i la Llacuna del Poblenou,CARRER,PUJADES,2,10,,,,,,,AT,1,2.187853604,41.39186302
03-2014-0311,SANTS-MONTJUÏC,el Poble Sec,CARRER,FONTRODONA,2,70,,,,,,,PR,1,2.166271861,41.37207038
04-2014-0260,LES CORTS,les Corts,TRAVESSERA,CORTS,2,180,,,,,,,2,2,2.129089611,41.3828356
10-2014-0372,SANT MARTI,la Vila Olímpica del Poblenou,CARRER,DOCTOR TRUETA,1,53,,55,,,,,5,2,2.194171743,41.39180459
10-2014-0374,SANT MARTI,Provençals del Poblenou,CARRER,BAC DE RODA,2,100,,,,,,1,13,B,2.203682695,41.40797378
10-2014-0184,SANT MARTI,Provençals del Poblenou,CARRER,CRISTOBAL DE MOURA,2,96,,,,,,,1,2,2.206675616,41.41111312
02-2014-0641,L'EIXAMPLE,la Sagrada Família,CARRER,VALENCIA,2,494,,498,,,,,EN,2,2.1794813,41.40469304
02-2014-0646,L'EIXAMPLE,la Dreta de l'Eixample,CARRER,GIRONA,1,17,,,,,,,EN,1,2.175191433,41.39161214
02-2014-0647,L'EIXAMPLE,la Dreta de l'Eixample,CARRER,GIRONA,1,17,,,,,,,EN,2,2.175191433,41.39161214
02-2014-0648,L'EIXAMPLE,la Dreta de l'Eixample,CARRER,GIRONA,1,17,,,,,,,1,1,2.175191433,41.39161214
02-2014-0650,L'EIXAMPLE,la Dreta de l'Eixample,CARRER,GIRONA,1,17,,,,,,,1,2,2.175191433,41.39161214
02-2014-0652,L'EIXAMPLE,la Dreta de l'Eixample,CARRER,GIRONA,1,17,,,,,,,2,1,2.175191433,41.39161214
02-2014-0775,L'EIXAMPLE,la Dreta de l'Eixample,CARRER,GIRONA,1,167,,169,,,,,PR,2,2.164867006,41.3994095
02-2014-0776,L'EIXAMPLE,la Dreta de l'Eixample,CARRER,GIRONA,1,167,,169,,,,,PR,1,2.164867006,41.3994095
02-2014-0777,L'EIXAMPLE,la Dreta de l'Eixample,CARRER,GIRONA,1,167,,169,,,,,4,2,2.164867006,41.3994095
02-2014-0778,L'EIXAMPLE,la Dreta de l'Eixample,CARRER,GIRONA,1,167,,169,,,,,4,1,2.164867006,41.3994095
02-2014-0780,L'EIXAMPLE,la Dreta de l'Eixample,CARRER,GIRONA,1,167,,169,,,,,2,2,2.164867006,41.3994095
02-2014-1261,L'EIXAMPLE,la Sagrada Família,CARRER,ARAGO,1,435,,,,,,,3,2,2.177525929,41.40181642
02-2014-1317,L'EIXAMPLE,la Dreta de l'Eixample,CARRER,CORSEGA,2,402,,,,,,,4,1,2.164471083,41.40026445
02-2014-1319,L'EIXAMPLE,la Dreta de l'Eixample,CARRER,CORSEGA,2,402,,,,,,,2,1,2.164471083,41.40026445
02-2014-1322,L'EIXAMPLE,la Dreta de l'Eixample,CARRER,CORSEGA,2,402,,,,,,,3,1,2.164471083,41.40026445
03-2014-0387,SANTS-MONTJUÏC,Hostafrancs,CARRER,CREU COBERTA,1,87,,,,,,,1,B,2.144532614,41.37512531
02-2014-1330,L'EIXAMPLE,la Sagrada Família,CARRER,SANT ANTONI MARIA CLARET,2,206,,,,,,,3,3,2.173749663,41.41061504
02-2014-1331,L'EIXAMPLE,la Dreta de l'Eixample,CARRER,ARAGO,2,376,,,,,,,3,,2.172636288,41.39780234
02-2014-1369,L'EIXAMPLE,l'Antiga Esquerra de l'Eixample,CARRER,PARIS,2,170,,,,,,,PR,1,2.152189816,41.39270421
02-2014-2124,L'EIXAMPLE,la Sagrada Família,AVINGUDA,GAUDI,1,87,,,,,,,2,B,2.174181853,41.4108004
02-2014-0765,L'EIXAMPLE,la Nova Esquerra de l'Eixample,CARRER,DIPUTACIO,2,10,,,,,,,3,4,2.149896356,41.377357
02-2014-0844,L'EIXAMPLE,Sant Antoni,CARRER,TAMARIT,2,160,,,,,,,3,2,2.162616713,41.379758
02-2014-0954,L'EIXAMPLE,Sant Antoni,CARRER,ROCAFORT,2,66,,,,,,,3,4,2.154680881,41.37839061
02-2014-0988,L'EIXAMPLE,Sant Antoni,CARRER,CALABRIA,2,62,,,,,,,1,2,2.157335181,41.37808188
07-2014-0160,HORTA-GUINARDÓ,el Baix Guinardó,CARRER,PADILLA,1,359,,,,,,,1,4,2.170417818,41.41070418
02-2014-2019,L'EIXAMPLE,la Dreta de l'Eixample,CARRER,VALENCIA,2,306,,,,,,,3,1,2.166127183,41.3946751
02-2014-2020,L'EIXAMPLE,la Dreta de l'Eixample,CARRER,CONSELL DE CENT,2,282,,,,,,,PR,1,2.163631843,41.38939696
02-2014-2021,L'EIXAMPLE,la Nova Esquerra de l'Eixample,CARRER,ROCAFORT,1,113,,,,,,,1,1,2.152133308,41.3800385
02-2014-2022,L'EIXAMPLE,la Nova Esquerra de l'Eixample,CARRER,ROCAFORT,1,111,,,,,,,PR,1,2.152193321,41.37999327
02-2014-2023,L'EIXAMPLE,la Dreta de l'Eixample,GRAN VIA,CORTS CATALANES,1,657,,,,,,,2,2,2.173321232,41.39354866
03-2014-0641,SANTS-MONTJUÏC,Sants,CARRER,CACERES,2,20,,,,,,,1,1,2.132303358,41.37485067
02-2014-2111,L'EIXAMPLE,la Nova Esquerra de l'Eixample,CARRER,ARAGO,2,78,,,,,,,6,3,2.152372334,41.3826211
02-2014-2118,L'EIXAMPLE,la Dreta de l'Eixample,CARRER,FONTANELLA,1,13,,,,,,,2,1,2.172202167,41.38800022
02-2014-0432,L'EIXAMPLE,l'Antiga Esquerra de l'Eixample,CARRER,ENRIC GRANADOS,1,99,,,,,,,AT,4,2.15572894,41.39268455
02-2014-0452,L'EIXAMPLE,l'Antiga Esquerra de l'Eixample,CARRER,ENRIC GRANADOS,2,30,,,,,,,2,1B,2.159202875,41.39033482
06-2014-0319,GRACIA,la Vila de Gràcia,CARRER,GRAN DE GRACIA,2,132,,,,,,,PR,,2.153607871,41.40154031
10-2014-0722,SANT MARTI,el Camp de l'Arpa del Clot,CARRER,DOS DE MAIG,2,314,,,,,,,1,1,2.176921674,41.41107379
02-2014-2094,L'EIXAMPLE,la Dreta de l'Eixample,RAMBLA,CATALUNYA,1,127,,,,,,,5,2,2.157909556,41.39491271
06-2014-0527,GRACIA,la Vila de Gràcia,CARRER,PROVIDENCIA,2,12,,,,,,,1,2,2.155795242,41.40581631
06-2014-0528,GRACIA,la Vila de Gràcia,CARRER,PROVIDENCIA,2,12,,,,,,,2,,2.155795242,41.40581631
06-2014-0529,GRACIA,la Vila de Gràcia,CARRER,PROVIDENCIA,2,12,,,,,,,PR,1,2.155795242,41.40581631
06-2014-0530,GRACIA,la Vila de Gràcia,CARRER,CIUDAD REAL,2,26,,,,,,,1,2,2.158934969,41.40389381
02-2014-1286,L'EIXAMPLE,la Dreta de l'Eixample,CARRER,MALLORCA,2,336,,,,,,,1,1,2.169159508,41.39866963
02-2014-1291,L'EIXAMPLE,la Dreta de l'Eixample,CARRER,MALLORCA,2,336,,,,,,,1,2,2.169159508,41.39866963
06-2014-0378,GRACIA,la Vila de Gràcia,CARRER,GRAN DE GRACIA,1,51,,,,,,,3,2,2.155925577,41.39933864
06-2014-0382,GRACIA,el Camp d'en Grassot i Gràcia Nova,CARRER,ROSSELLO,1,415,B,,,,,,2,2,2.17174155,41.40432915
06-2014-0384,GRACIA,el Camp d'en Grassot i Gràcia Nova,CARRER,ROSSELLO,1,415,B,,,,,,1,1,2.17174155,41.40432915
03-2014-0595,SANTS-MONTJUÏC,la Font de la Guatlla,CARRER,MEXIC,2,24,,,,,,,3,1,2.148705262,41.37248223
03-2014-0596,SANTS-MONTJUÏC,la Font de la Guatlla,CARRER,MEXIC,2,24,,,,,,,3,2,2.148705262,41.37248223
02-2014-1316,L'EIXAMPLE,la Dreta de l'Eixample,CARRER,DIPUTACIO,1,337,,,,,,,AT,,2.172411158,41.39456956
03-2014-0334,SANTS-MONTJUÏC,el Poble Sec,CARRER,ROSER,1,3,,,,,,,4,1,2.16737022,41.37435506
10-2014-0386,SANT MARTI,el Parc i la Llacuna del Poblenou,CARRER,PERE IV,1,83,,,,,,,5,4,2.193298171,41.39758494
10-2014-0392,SANT MARTI,el Poblenou,CARRER,LLATZERET,2,14,,,,,,,BJ,2,2.201668384,41.40307006
10-2014-0399,SANT MARTI,el Poblenou,RAMBLA,POBLENOU,2,90,,,,,,,5,1,2.200211453,41.40200578
10-2014-0438,SANT MARTI,el Parc i la Llacuna del Poblenou,CARRER,PERE IV,2,44,,46,,,,,2,2,2.19180215,41.39537764
02-2014-0653,L'EIXAMPLE,la Dreta de l'Eixample,CARRER,GIRONA,1,17,,,,,,,2,2,2.175191433,41.39161214
02-2014-1440,L'EIXAMPLE,la Sagrada Família,CARRER,ROSSELLO,1,417,,,,,,,6,1,2.172179981,41.4046119
02-2014-1448,L'EIXAMPLE,l'Antiga Esquerra de l'Eixample,CARRER,ENRIC GRANADOS,2,30,,,,,,,5,1,2.159202875,41.39033482
02-2014-1569,L'EIXAMPLE,la Dreta de l'Eixample,CARRER,DIPUTACIO,1,345,,,,,,,2,1,2.172820237,41.39487653
02-2014-1574,L'EIXAMPLE,la Dreta de l'Eixample,CARRER,DIPUTACIO,1,361,,,,,,,3,2,2.174684326,41.39626894
03-2014-0464,SANTS-MONTJUÏC,el Poble Sec,CARRER,SALVA,1,59,,,,,,,EN,2,2.165315943,41.37228502
02-2014-1640,L'EIXAMPLE,la Dreta de l'Eixample,PASSEIG,GRACIA,1,61,,,,,,,5,2,2.163286888,41.39305191
02-2014-1651,L'EIXAMPLE,Sant Antoni,CARRER,SEPULVEDA,1,25,,,,,,,1,1,2.153526599,41.37658375
07-2014-0147,HORTA-GUINARDÓ,el Guinardó,AVINGUDA,MARE DEU DE MONTSERRAT,1,105,,,,,,,SA,5,2.16833072,41.41584779
04-2014-0223,LES CORTS,la Maternitat i Sant Ramon,TRAVESSERA,CORTS,2,124,,,,,,,AT,1,2.125863633,41.38069394
08-2014-0145,NOU BARRIS,Vilapicina i la Torre Llobeta,CARRER,CARTELLA,2,50,,,,,,,1,4,2.171397332,41.42815564
02-2014-2134,L'EIXAMPLE,la Dreta de l'Eixample,CARRER,MALLORCA,1,319,,,,,,,1,2,2.167664457,41.39782307
08-2014-0155,NOU BARRIS,Vilapicina i la Torre Llobeta,AVINGUDA,MERIDIANA,1,363,,,,,,,2,2,2.183995625,41.42839708
06-2014-0168,GRACIA,la Vila de Gràcia,CARRER,QUEVEDO,2,12,,,,,,,3,1,2.162355284,41.40251746
06-2014-0169,GRACIA,la Vila de Gràcia,CARRER,DOCTOR RIZAL,1,13,,,,,,,2,2,2.155984794,41.39748932
06-2014-0170,GRACIA,la Vila de Gràcia,CARRER,PENEDES,1,11,,,,,,,PR,3,2.158222127,41.40099277
06-2014-0171,GRACIA,la Vila de Gràcia,CARRER,TORDERA,1,55,,,,,,,1,3,2.16256783,41.40241352
02-2014-0640,L'EIXAMPLE,la Dreta de l'Eixample,CARRER,BRUC,1,151,,,,,,,6,2,2.16331736,41.39886709
02-2014-0901,L'EIXAMPLE,Sant Antoni,CARRER,SEPULVEDA,1,77,,,,,,,1,2,2.156689009,41.37896419
02-2014-2024,L'EIXAMPLE,la Dreta de l'Eixample,CARRER,BAILEN,1,77,,,,,,,2,2,2.171563712,41.39605957
02-2014-2025,L'EIXAMPLE,la Sagrada Família,CARRER,CORSEGA,2,570,,,,,,,3,1,2.173969357,41.40741529
02-2014-2026,L'EIXAMPLE,la Dreta de l'Eixample,PASSEIG,GRACIA,1,3,,,,,,,3,4,2.169270627,41.38821806
02-2014-2119,L'EIXAMPLE,la Dreta de l'Eixample,CARRER,FONTANELLA,1,13,,,,,,,2,2,2.172202167,41.38800022
03-2014-0364,SANTS-MONTJUÏC,el Poble Sec,CARRER,RADAS,1,81,,,,,,,3,1,2.16033559,41.37179254
03-2014-0384,SANTS-MONTJUÏC,el Poble Sec,CARRER,ROSER,2,10,,,,,,,3,2,2.167051227,41.37409523
02-2014-1524,L'EIXAMPLE,l'Antiga Esquerra de l'Eixample,CARRER,CASANOVA,1,71,,,,,,,5,2,2.158026564,41.38582387
03-2014-0449,SANTS-MONTJUÏC,Hostafrancs,CARRER,MALLORCA,2,20,,22,,,,,EN,2,2.142988475,41.37894883
02-2014-1638,L'EIXAMPLE,l'Antiga Esquerra de l'Eixample,CARRER,CASANOVA,2,172,,,,,,,3,B,2.151474863,41.39105427
07-2014-0073,HORTA-GUINARDÓ,el Baix Guinardó,CARRER,CARTAGENA,1,327,,,,,,,AT,3,2.173464069,41.4116963
06-2014-0214,GRACIA,la Vila de Gràcia,CARRER,CORSEGA,1,367,,,,,,,5,2,2.162240976,41.39886972
06-2014-0215,GRACIA,la Vila de Gràcia,CARRER,CORSEGA,1,367,,,,,,,3,2,2.162240976,41.39886972
02-2014-1290,L'EIXAMPLE,Sant Antoni,AVINGUDA,PARAL.LEL,2,114,,,,,,D,4,1,2.163755925,41.37517438
03-2014-0597,SANTS-MONTJUÏC,la Font de la Guatlla,CARRER,MEXIC,2,24,,,,,,,3,3,2.148705262,41.37248223
03-2014-0600,SANTS-MONTJUÏC,la Font de la Guatlla,CARRER,MEXIC,2,24,,,,,,,4,3,2.148705262,41.37248223
03-2014-0604,SANTS-MONTJUÏC,la Font de la Guatlla,CARRER,MEXIC,2,24,,,,,,,5,2,2.148705262,41.37248223
03-2014-0605,SANTS-MONTJUÏC,la Font de la Guatlla,CARRER,MEXIC,2,24,,,,,,,5,3,2.148705262,41.37248223
02-2014-0335,L'EIXAMPLE,la Sagrada Família,AVINGUDA,GAUDI,1,51,,,,,,,1,1,2.174215606,41.40844312
03-2014-0339,SANTS-MONTJUÏC,el Poble Sec,CARRER,RICART,2,14,,,,,,,5,1,2.158127652,41.37411683
03-2014-0398,SANTS-MONTJUÏC,la Font de la Guatlla,GRAN VIA,CORTS CATALANES,2,224,,,,,,,AT,4,2.142499897,41.36971239
03-2014-0409,SANTS-MONTJUÏC,el Poble Sec,CARRER,HORTES,1,1,,,,,,,BJ,5,2.167652287,41.37295008
03-2014-0413,SANTS-MONTJUÏC,Sants - Badal,CARRER,BACARDI,1,1,B,,,,,,BJ,,2.12691719,41.37215677
06-2014-0380,GRACIA,la Vila de Gràcia,TRAVESSIA,SANT ANTONI,1,5,,,,,,,1,,2.154474913,41.40222677
10-2014-0272,SANT MARTI,el Parc i la Llacuna del Poblenou,CARRER,MARINA,2,110,,,,,,,10,1,2.187466287,41.39468187
02-2014-1663,L'EIXAMPLE,la Dreta de l'Eixample,CARRER,ROGER DE FLOR,2,146,,,,,,B,1,3,2.175059728,41.39710858
07-2014-0201,HORTA-GUINARDÓ,el Guinardó,PASSEIG,MARAGALL,1,161,,165,,,,,2,4,2.178941307,41.42216464
02-2014-2137,L'EIXAMPLE,Sant Antoni,CARRER,SEPULVEDA,2,134,,,,,,,AT,1A,2.159309109,41.38066117
05-2014-0374,SARRIA-SANT GERVASI,les Tres Torres,CARRER,ROSARI,2,12,,,,,,,4,3,2.128808031,41.39571979
06-2014-0590,GRACIA,la Vila de Gràcia,CARRER,TORRIJOS,1,17,,,,,,,3,2,2.15902185,41.4031533
02-2014-0902,L'EIXAMPLE,Sant Antoni,CARRER,ENTENÇA,2,32,,,,,,D,AT,2,2.154047408,41.37716499
01-2014-0102,CIUTAT VELLA,el Raval,CARRER,TIGRE,2,10,,,,,,,BJ,2,2.164709013,41.38274283
01-2014-0103,CIUTAT VELLA,el Raval,CARRER,TIGRE,2,10,,,,,,,1,1,2.164709013,41.38274283
01-2014-0104,CIUTAT VELLA,el Raval,CARRER,TIGRE,2,10,,,,,,,1,2,2.164709013,41.38274283
01-2014-0106,CIUTAT VELLA,el Raval,CARRER,TIGRE,2,10,,,,,,,2,1,2.164709013,41.38274283
01-2014-0107,CIUTAT VELLA,el Raval,CARRER,TIGRE,2,10,,,,,,,2,2,2.164709013,41.38274283
02-2014-0318,L'EIXAMPLE,l'Antiga Esquerra de l'Eixample,CARRER,PARIS,2,178,,,,,,,1,2,2.152629613,41.39303332
02-2014-0319,L'EIXAMPLE,l'Antiga Esquerra de l'Eixample,CARRER,PARIS,2,178,,,,,,,1,1,2.152629613,41.39303332
07-2014-0306,HORTA-GUINARDÓ,Can Baró,CARRER,FRANÇA,1,13,,,,,,,AT,1,2.163848031,41.41495835
03-2014-0685,SANTS-MONTJUÏC,Sants,CARRER,GUADIANA,2,24,,,,,,,1,,2.139190172,41.37417658
03-2014-0686,SANTS-MONTJUÏC,Sants,CARRER,REI MARTI,1,13,,,,,,,1,2,2.138754336,41.37387738
02-2014-0247,L'EIXAMPLE,la Sagrada Família,CARRER,MARINA,2,250,,,,,,,2,2,2.176449091,41.40309807
02-2014-0817,L'EIXAMPLE,l'Antiga Esquerra de l'Eixample,CARRER,CONSELL DE CENT,2,236,,,,,,,PR,2,2.159932066,41.38661391
03-2014-0374,SANTS-MONTJUÏC,el Poble Sec,CARRER,RADAS,1,61,,,,,,,4,2,2.160546401,41.37237962
03-2014-0376,SANTS-MONTJUÏC,el Poble Sec,CARRER,RADAS,1,61,,,,,,,2,2,2.160546401,41.37237962
03-2014-0377,SANTS-MONTJUÏC,el Poble Sec,CARRER,RADAS,1,61,,,,,,,2,1,2.160546401,41.37237962
03-2014-0378,SANTS-MONTJUÏC,el Poble Sec,CARRER,RADAS,1,61,,,,,,,3,2,2.160546401,41.37237962
03-2014-0379,SANTS-MONTJUÏC,el Poble Sec,CARRER,RADAS,1,61,,,,,,,3,1,2.160546401,41.37237962
03-2014-0380,SANTS-MONTJUÏC,el Poble Sec,CARRER,RADAS,1,61,,,,,,,4,1,2.160546401,41.37237962
02-2014-0322,L'EIXAMPLE,la Dreta de l'Eixample,CARRER,CONSELL DE CENT,1,343,,,,,,,1,1,2.16500413,41.39070739
10-2014-0485,SANT MARTI,el Camp de l'Arpa del Clot,CARRER,PROVENÇA,2,556,,,,,,A,2,3,2.180679487,41.40891389
02-2014-1739,L'EIXAMPLE,l'Antiga Esquerra de l'Eixample,CARRER,VILLARROEL,2,90,,,,,,,PR,1,2.157785565,41.38457268
02-2014-1740,L'EIXAMPLE,la Nova Esquerra de l'Eixample,CARRER,COMTE D'URGELL,1,63,,65,,,,E,EN,,2.157832502,41.38248855
02-2014-1742,L'EIXAMPLE,la Nova Esquerra de l'Eixample,CARRER,COMTE D'URGELL,1,63,,65,,,,E,1,,2.157832502,41.38248855
02-2014-1743,L'EIXAMPLE,la Nova Esquerra de l'Eixample,CARRER,COMTE D'URGELL,1,63,,65,,,,E,2,,2.157832502,41.38248855
02-2014-1745,L'EIXAMPLE,la Nova Esquerra de l'Eixample,CARRER,COMTE D'URGELL,1,63,,65,,,,E,3,,2.157832502,41.38248855
02-2014-1747,L'EIXAMPLE,la Nova Esquerra de l'Eixample,CARRER,COMTE D'URGELL,1,63,,65,,,,E,4,,2.157832502,41.38248855
02-2014-1750,L'EIXAMPLE,la Nova Esquerra de l'Eixample,CARRER,COMTE D'URGELL,1,63,,65,,,,D,2,2,2.157832502,41.38248855
02-2014-1753,L'EIXAMPLE,la Nova Esquerra de l'Eixample,CARRER,COMTE D'URGELL,1,63,,65,,,,D,2,1,2.157832502,41.38248855
02-2014-1757,L'EIXAMPLE,la Nova Esquerra de l'Eixample,CARRER,COMTE D'URGELL,1,63,,65,,,,D,PR,2B,2.157832502,41.38248855
10-2014-0795,SANT MARTI,Diagonal Mar i el Front Marítim del Poblenou,AVINGUDA,DIAGONAL,2,54,,,,,,,4,3,2.211040606,41.40986485
07-2014-0308,HORTA-GUINARDÓ,Horta,CARRER,HORTA,1,143,,,,,,,2,,2.157603576,41.43233286
05-2014-0084,SARRIA-SANT GERVASI,el Putxet i el Farró,CARRER,BALLESTER,2,26,,,,,,,1,2,2.145899696,41.40684288
02-2014-0739,L'EIXAMPLE,la Sagrada Família,CARRER,SARDENYA,2,298,,,,,,,3,2,2.175172756,41.40214206
07-2014-0103,HORTA-GUINARDÓ,el Baix Guinardó,TRAVESSERA,GRACIA,2,314,,,,,,,6,1,2.168331862,41.40779874
07-2014-0104,HORTA-GUINARDÓ,el Baix Guinardó,TRAVESSERA,GRACIA,2,314,,,,,,,1,4,2.168331862,41.40779874
07-2014-0105,HORTA-GUINARDÓ,el Baix Guinardó,TRAVESSERA,GRACIA,2,314,,,,,,,1,3,2.168331862,41.40779874
07-2014-0106,HORTA-GUINARDÓ,el Baix Guinardó,TRAVESSERA,GRACIA,2,314,,,,,,,1,5,2.168331862,41.40779874
02-2014-0782,L'EIXAMPLE,la Dreta de l'Eixample,CARRER,GIRONA,1,167,,169,,,,,1,2,2.164867006,41.3994095
08-2014-0134,NOU BARRIS,les Roquetes,CARRER,PLA DELS CIRERERS,2,34,,,,,,,SA,1,2.177667909,41.44783559
09-2014-0079,SANT ANDREU,la Sagrera,CARRER,MONLAU,2,12,,,,,,,BJ,,2.190571762,41.42325753
06-2014-0258,GRACIA,la Salut,AVINGUDA,COLL DEL PORTELL,1,57,,,,,,,AT,2,2.152393718,41.41148514
02-2014-0991,L'EIXAMPLE,l'Antiga Esquerra de l'Eixample,PASSATGE,BATLLO,2,4,B,,,,,,1,1,2.151422873,41.38829357
02-2014-0993,L'EIXAMPLE,l'Antiga Esquerra de l'Eixample,PASSATGE,BATLLO,2,4,B,,,,,,3,1,2.151422873,41.38829357
02-2014-0994,L'EIXAMPLE,l'Antiga Esquerra de l'Eixample,PASSATGE,BATLLO,2,4,B,,,,,,3,2,2.151422873,41.38829357
02-2014-0995,L'EIXAMPLE,l'Antiga Esquerra de l'Eixample,PASSATGE,BATLLO,2,4,B,,,,,,2,2,2.151422873,41.38829357
02-2014-0996,L'EIXAMPLE,l'Antiga Esquerra de l'Eixample,PASSATGE,BATLLO,2,4,B,,,,,,2,1,2.151422873,41.38829357
03-2014-0777,SANTS-MONTJUÏC,Sants,CARRER,CANALEJAS,1,7,,,,,,,1,,2.132909374,41.37386129
06-2014-0127,GRACIA,la Vila de Gràcia,CARRER,TORRENT DE L'OLLA,2,48,,,,,,,3,,2.160020541,41.39984538
04-2014-0088,LES CORTS,les Corts,CARRER,JOAN GUELL,1,157,,,,,,,2,1,2.131235883,41.38306297
04-2014-0206,LES CORTS,les Corts,TRAVESSERA,CORTS,1,261,,,,,,,AT,2,2.132750924,41.38562502
02-2014-0257,L'EIXAMPLE,l'Antiga Esquerra de l'Eixample,CARRER,ARIBAU,2,82,,,,,,,PR,1,2.158032657,41.38951496
02-2014-0258,L'EIXAMPLE,l'Antiga Esquerra de l'Eixample,CARRER,ARIBAU,2,82,,,,,,,1,1,2.158032657,41.38951496
02-2014-0259,L'EIXAMPLE,l'Antiga Esquerra de l'Eixample,CARRER,ARIBAU,2,82,,,,,,,1,2,2.158032657,41.38951496
03-2014-0404,SANTS-MONTJUÏC,la Bordeta,CARRER,GAVA,2,32,,,,,,,3,2,2.140893586,41.37186135
03-2014-0407,SANTS-MONTJUÏC,la Bordeta,CARRER,GAVA,2,32,,,,,,,4,2,2.140893586,41.37186135
03-2014-0414,SANTS-MONTJUÏC,la Bordeta,CARRER,GAVA,2,32,,,,,,,4,1,2.140893586,41.37186135
02-2014-1760,L'EIXAMPLE,la Nova Esquerra de l'Eixample,CARRER,COMTE D'URGELL,1,67,,,,,,,4,1,2.157712444,41.3825799
02-2014-1763,L'EIXAMPLE,la Nova Esquerra de l'Eixample,CARRER,COMTE D'URGELL,1,67,,,,,,,4,2,2.157712444,41.3825799
10-2014-0498,SANT MARTI,la Verneda i la Pau,CARRER,ANGELS GARRIGA,2,4,,,,,,,2,1,2.209556212,41.42305767
06-2014-0428,GRACIA,la Vila de Gràcia,CARRER,CORSEGA,1,367,,,,,,,4,3,2.162240976,41.39886972
06-2014-0429,GRACIA,la Vila de Gràcia,CARRER,CORSEGA,1,367,,,,,,,PR,1,2.162240976,41.39886972
06-2014-0430,GRACIA,la Vila de Gràcia,CARRER,CORSEGA,1,367,,,,,,,PR,4,2.162240976,41.39886972
06-2014-0431,GRACIA,la Vila de Gràcia,CARRER,CORSEGA,1,367,,,,,,,2,4,2.162240976,41.39886972
06-2014-0432,GRACIA,la Vila de Gràcia,CARRER,CORSEGA,1,367,,,,,,,3,4,2.162240976,41.39886972
06-2014-0433,GRACIA,la Vila de Gràcia,CARRER,CORSEGA,1,367,,,,,,,PR,3,2.162240976,41.39886972
06-2014-0434,GRACIA,la Vila de Gràcia,CARRER,CORSEGA,1,367,,,,,,,PR,2,2.162240976,41.39886972
02-2014-1788,L'EIXAMPLE,la Dreta de l'Eixample,PASSEIG,GRACIA,1,101,,,,,,,SA,5,2.160037952,41.39568
03-2014-0131,SANTS-MONTJUÏC,Sants,CARRER,FERRERIA,2,28,,,,,,,4,2,2.139011543,41.3727755
10-2014-0176,SANT MARTI,el Poblenou,CARRER,SANT FRANCESC,2,4,,,,,,,BJ,2,2.205245113,41.39880283
02-2014-0784,L'EIXAMPLE,la Dreta de l'Eixample,CARRER,GIRONA,1,167,,169,,,,,1,1,2.164867006,41.3994095
02-2014-0801,L'EIXAMPLE,Sant Antoni,CARRER,TAMARIT,2,106,,,,,,,SA,1,2.158142168,41.37638714
02-2014-0802,L'EIXAMPLE,l'Antiga Esquerra de l'Eixample,CARRER,PROVENÇA,2,196,,,,,,,4,4,2.15474181,41.38951154
06-2014-0286,GRACIA,la Vila de Gràcia,CARRER,MINERVA,1,9,,,,,,,AT,2,2.156375062,41.39649151
09-2014-0115,SANT ANDREU,la Trinitat Vella,CARRER,PARE MANJON,1,13,,,,,,,1,,2.191743047,41.45278815
02-2014-1227,L'EIXAMPLE,la Dreta de l'Eixample,CARRER,GIRONA,2,24,,,,,,,2,2,2.175171898,41.39190559
10-2014-0370,SANT MARTI,Diagonal Mar i el Front Marítim del Poblenou,CARRER,PUJADES,2,362,,,,,,,14,3,2.209455962,41.40803666
05-2014-0225,SARRIA-SANT GERVASI,Sant Gervasi - Galvany,CARRER,CASANOVA,1,211,,,,,,,AT,3,2.147067427,41.39410303
10-2014-0931,SANT MARTI,Sant Martí de Provençals,RAMBLA,GUIPUSCOA,2,88,,,,,,I,6,1,2.200050097,41.41821509
02-2014-0449,L'EIXAMPLE,la Dreta de l'Eixample,CARRER,MALLORCA,2,360,,,,,,,1,1,2.171871874,41.40070958
02-2014-0450,L'EIXAMPLE,la Dreta de l'Eixample,CARRER,MALLORCA,2,360,,,,,,,1,2,2.171871874,41.40070958
02-2014-0451,L'EIXAMPLE,la Dreta de l'Eixample,CARRER,MALLORCA,2,360,,,,,,,2,1,2.171871874,41.40070958
02-2014-0453,L'EIXAMPLE,la Dreta de l'Eixample,CARRER,MALLORCA,2,360,,,,,,,2,2,2.171871874,41.40070958
06-2014-0251,GRACIA,la Vila de Gràcia,CARRER,TORRENT DE L'OLLA,2,136,,,,,,,2,1,2.156545795,41.40276737
02-2014-0927,L'EIXAMPLE,l'Antiga Esquerra de l'Eixample,CARRER,PROVENÇA,1,131,,,,,,,6,3,2.152236782,41.38791921
02-2014-0928,L'EIXAMPLE,l'Antiga Esquerra de l'Eixample,CARRER,PROVENÇA,1,131,,,,,,,5,4,2.152236782,41.38791921
02-2014-0930,L'EIXAMPLE,l'Antiga Esquerra de l'Eixample,CARRER,PROVENÇA,1,131,,,,,,,4,2,2.152236782,41.38791921
02-2014-0931,L'EIXAMPLE,l'Antiga Esquerra de l'Eixample,CARRER,PROVENÇA,1,131,,,,,,,3,2,2.152236782,41.38791921
02-2014-0932,L'EIXAMPLE,l'Antiga Esquerra de l'Eixample,CARRER,PROVENÇA,1,131,,,,,,,2,4,2.152236782,41.38791921
02-2014-0934,L'EIXAMPLE,l'Antiga Esquerra de l'Eixample,CARRER,PROVENÇA,1,131,,,,,,,PR,1,2.152236782,41.38791921
02-2014-0935,L'EIXAMPLE,l'Antiga Esquerra de l'Eixample,CARRER,PROVENÇA,1,131,,,,,,,6,2,2.152236782,41.38791921
02-2014-1198,L'EIXAMPLE,l'Antiga Esquerra de l'Eixample,PLAÇA,DOCTOR LETAMENDI,1,7,,,,,,,1,1B,2.160711707,41.38855459
02-2014-1199,L'EIXAMPLE,l'Antiga Esquerra de l'Eixample,PLAÇA,DOCTOR LETAMENDI,1,7,,,,,,,1,C,2.160711707,41.38855459
10-2014-0366,SANT MARTI,la Vila Olímpica del Poblenou,CARRER,MARINA,1,57,,,,,,,6,2,2.190815649,41.39151054
02-2014-1203,L'EIXAMPLE,la Sagrada Família,PASSATGE,MAIOL,1,7,,,,,,,PR,2,2.174503647,41.40172943
02-2014-1566,L'EIXAMPLE,la Dreta de l'Eixample,CARRER,CASP,1,41,,,,,,,2,2A,2.173899649,41.39189731
03-2014-0261,SANTS-MONTJUÏC,Hostafrancs,CARRER,MOIANES,1,73,,75,,,,,BJ,1,2.142445677,41.37439539
03-2014-0262,SANTS-MONTJUÏC,Hostafrancs,CARRER,MOIANES,1,73,,75,,,,,1,1,2.142445677,41.37439539
03-2014-0263,SANTS-MONTJUÏC,Hostafrancs,CARRER,MOIANES,1,73,,75,,,,,1,2,2.142445677,41.37439539
03-2014-0264,SANTS-MONTJUÏC,Hostafrancs,CARRER,MOIANES,1,73,,75,,,,,1,3,2.142445677,41.37439539
03-2014-0265,SANTS-MONTJUÏC,Hostafrancs,CARRER,MOIANES,1,73,,75,,,,,1,5,2.142445677,41.37439539
03-2014-0266,SANTS-MONTJUÏC,Hostafrancs,CARRER,MOIANES,1,73,,75,,,,,1,6,2.142445677,41.37439539
06-2014-0202,GRACIA,Vallcarca i els Penitents,CARRER,GUSTAVO BECQUER,2,12,,,,,,,BJ,1,2.145065113,41.4127156
03-2014-0814,SANTS-MONTJUÏC,Sants,CARRER,IBERIA,2,16,,,,,,,1,1,2.136660904,41.37375868
04-2014-0368,LES CORTS,Pedralbes,COSTA,SANT BARTOMEU QUADRA,1,9,,,,,,,,,2.104078424,41.38956055
04-2014-0375,LES CORTS,les Corts,TRAVESSERA,CORTS,2,272,,,,,,B,11,1,2.135060156,41.38643593
02-2014-1329,L'EIXAMPLE,la Dreta de l'Eixample,CARRER,PROVENÇA,2,304,,,,,,,PR,,2.162754015,41.39555445
02-2014-0455,L'EIXAMPLE,la Dreta de l'Eixample,CARRER,MALLORCA,2,360,,,,,,,3,2,2.171871874,41.40070958
02-2014-0460,L'EIXAMPLE,l'Antiga Esquerra de l'Eixample,CARRER,ARIBAU,1,5,,,,,,I,1,2,2.162370121,41.38595774
02-2014-0461,L'EIXAMPLE,l'Antiga Esquerra de l'Eixample,CARRER,ARIBAU,1,5,,,,,,I,1,1,2.162370121,41.38595774
02-2014-0604,L'EIXAMPLE,Sant Antoni,RONDA,SANT PAU,1,3,,,,,,,EN,1,2.167201676,41.37538584
02-2014-0605,L'EIXAMPLE,Sant Antoni,RONDA,SANT PAU,1,3,,,,,,,2,2,2.167201676,41.37538584
02-2014-0607,L'EIXAMPLE,l'Antiga Esquerra de l'Eixample,CARRER,PROVENÇA,1,131,,,,,,,5,3,2.152236782,41.38791921
02-2014-0608,L'EIXAMPLE,l'Antiga Esquerra de l'Eixample,CARRER,PROVENÇA,1,131,,,,,,,2,3,2.152236782,41.38791921
03-2014-0317,SANTS-MONTJUÏC,el Poble Sec,CARRER,SALVA,2,90,,,,,,,4,2,2.164797004,41.37122179
05-2014-0198,SARRIA-SANT GERVASI,Sant Gervasi - Galvany,CARRER,TUSET,1,13,,,,,,I,PR,1,2.151703194,41.39598525
06-2014-0436,GRACIA,la Vila de Gràcia,CARRER,DOCTOR RIZAL,2,2,,,,,2,B,BJ,2,2.156368723,41.39781244
05-2014-0277,SARRIA-SANT GERVASI,Sarrià,PASSEIG,SANT JOAN BOSCO,1,59,,,,,,,6,4,2.126281691,41.39526372
06-2014-0135,GRACIA,la Vila de Gràcia,CARRER,BERGA,2,34,,,,,,,3,1,2.152622581,41.40100866
02-2014-0418,L'EIXAMPLE,l'Antiga Esquerra de l'Eixample,CARRER,VALENCIA,2,142,,,,,,,2,4,2.154337118,41.38580162
10-2014-0939,SANT MARTI,Provençals del Poblenou,PASSATGE,TEXTIL,1,7,,,,,,,BJ,4,2.198273305,41.41079766
04-2014-0385,LES CORTS,les Corts,CARRER,BORDEUS,1,23,,,,,,,3,1,2.140964581,41.38877033
02-2014-0997,L'EIXAMPLE,l'Antiga Esquerra de l'Eixample,PASSATGE,BATLLO,2,4,B,,,,,,1,2,2.151422873,41.38829357
10-2014-0894,SANT MARTI,el Besòs i el Maresme,CARRER,TARENT,2,4,,,,,,,4,1,2.217378658,41.41623421
02-2014-1499,L'EIXAMPLE,l'Antiga Esquerra de l'Eixample,CARRER,CASANOVA,2,122,,,,,,,4,5,2.155546369,41.38797383
02-2014-1214,L'EIXAMPLE,Sant Antoni,CARRER,PARLAMENT,1,25,,,,,,,3,A,2.162350573,41.37644111
02-2014-1215,L'EIXAMPLE,l'Antiga Esquerra de l'Eixample,CARRER,COMTE D'URGELL,2,184,,,,,,,3,2,2.151557191,41.3876322
04-2014-0194,LES CORTS,les Corts,CARRER,DEU I MATA,1,141,,,,,,,2,3,2.139153386,41.39045127
04-2014-0195,LES CORTS,les Corts,CARRER,DEU I MATA,1,141,,,,,,,2,,2.139153386,41.39045127
10-2014-0745,SANT MARTI,el Poblenou,CARRER,PERE IV,2,268,,,,,,,3,1,2.200394763,41.40589379
02-2014-0610,L'EIXAMPLE,la Dreta de l'Eixample,CARRER,PROVENÇA,1,361,,,,,,,4,1,2.16984425,41.40119803
03-2014-0267,SANTS-MONTJUÏC,Hostafrancs,CARRER,MOIANES,1,73,,75,,,,,1,7,2.142445677,41.37439539
03-2014-0268,SANTS-MONTJUÏC,Hostafrancs,CARRER,MOIANES,1,73,,75,,,,,1,8,2.142445677,41.37439539
03-2014-0269,SANTS-MONTJUÏC,Hostafrancs,CARRER,MOIANES,1,73,,75,,,,,1,9,2.142445677,41.37439539
03-2014-0270,SANTS-MONTJUÏC,Hostafrancs,CARRER,MOIANES,1,73,,75,,,,,2,1,2.142445677,41.37439539
03-2014-0271,SANTS-MONTJUÏC,Hostafrancs,CARRER,MOIANES,1,73,,75,,,,,2,2,2.142445677,41.37439539
03-2014-0272,SANTS-MONTJUÏC,Hostafrancs,CARRER,MOIANES,1,73,,75,,,,,2,3,2.142445677,41.37439539
04-2014-0306,LES CORTS,les Corts,TRAVESSERA,CORTS,1,299,,301,,,,B,EN,2,2.135744464,41.38732393
04-2014-0155,LES CORTS,les Corts,CARRER,BERLIN,1,87,,,,,,,6,1,2.140726745,41.3843471
02-2014-0410,L'EIXAMPLE,el Fort Pienc,AVINGUDA,DIAGONAL,1,281,B,,,,,,5,3,2.176446445,41.40053139
02-2014-0411,L'EIXAMPLE,el Fort Pienc,CARRER,SICILIA,2,180,,,,,,,SA,2,2.180732355,41.39622938
02-2014-0642,L'EIXAMPLE,la Nova Esquerra de l'Eixample,CARRER,CONSELL DE CENT,1,113,,,,,,,1,3,2.152182743,41.38105444
10-2014-0398,SANT MARTI,el Parc i la Llacuna del Poblenou,CARRER,PERE IV,2,44,,46,,,,,3,6,2.19180215,41.39537764
07-2014-0165,HORTA-GUINARDÓ,el Baix Guinardó,CARRER,CAMELIES,1,67,,,,,,,3,2,2.16295377,41.41328826
06-2014-0399,GRACIA,la Vila de Gràcia,CARRER,MILA I FONTANALS,1,55,,,,,,,EN,,2.160930035,41.40241706
02-2014-1554,L'EIXAMPLE,l'Antiga Esquerra de l'Eixample,CARRER,LONDRES,1,85,,,,,,,5,2,2.149803212,41.39289036
10-2014-0462,SANT MARTI,el Parc i la Llacuna del Poblenou,CARRER,PERE IV,2,44,,46,,,,,PR,1,2.19180215,41.39537764
10-2014-0465,SANT MARTI,el Parc i la Llacuna del Poblenou,CARRER,PERE IV,2,44,,46,,,,,1,3,2.19180215,41.39537764
10-2014-0468,SANT MARTI,el Parc i la Llacuna del Poblenou,CARRER,PERE IV,1,83,,,,,,,6,2,2.193298171,41.39758494
03-2014-0492,SANTS-MONTJUÏC,el Poble Sec,CARRER,PIQUER,2,6,,,,,,,AT,2,2.171468831,41.37261699
07-2014-0182,HORTA-GUINARDÓ,el Baix Guinardó,CARRER,PADILLA,1,359,,,,,,,6,2,2.170417818,41.41070418
07-2014-0185,HORTA-GUINARDÓ,el Baix Guinardó,CARRER,PADILLA,1,359,,,,,,,AT,1,2.170417818,41.41070418
02-2014-1733,L'EIXAMPLE,la Nova Esquerra de l'Eixample,CARRER,COMTE D'URGELL,1,131,,,,,,,5,3,2.153226273,41.38596399
02-2014-1738,L'EIXAMPLE,la Nova Esquerra de l'Eixample,CARRER,COMTE D'URGELL,1,131,,,,,,,7,2,2.153226273,41.38596399
10-2014-0138,SANT MARTI,el Poblenou,RAMBLA,POBLENOU,2,134,,,,,,,3,4,2.196896512,41.40460804
10-2014-0912,SANT MARTI,el Clot,CARRER,BISCAIA,2,322,,328,,,,,3,6,2.190938863,41.41408766
07-2014-0294,HORTA-GUINARDÓ,el Baix Guinardó,CARRER,PRAGA,2,16,,,,,,,BJ,1,2.163773999,41.41322786
02-2014-0767,L'EIXAMPLE,el Fort Pienc,CARRER,CONSELL DE CENT,2,474,,,,,,,6,C,2.177237696,41.39961345
07-2014-0118,HORTA-GUINARDÓ,el Baix Guinardó,CARRER,SANT ANTONI MARIA CLARET,1,123,,,,,,,1,1,2.17150092,41.40920693
09-2014-0267,SANT ANDREU,Navas,CARRER,CONCEPCION ARENAL,1,55,,57,,,,,1,1,2.18378072,41.42113515
09-2014-0269,SANT ANDREU,Navas,CARRER,OLESA,2,30,,32,,,,E,1,2,2.183047976,41.42097451
03-2014-0165,SANTS-MONTJUÏC,Hostafrancs,CARRER,CREU COBERTA,2,72,,,,,,,3,1,2.144604829,41.37533079
06-2014-0423,GRACIA,la Vila de Gràcia,CARRER,GRAN DE GRACIA,2,96,,,,,,,2,4,2.154830301,41.40052174
06-2014-0426,GRACIA,la Vila de Gràcia,CARRER,SANTA AGATA,2,38,,,,,,,AT,,2.153845511,41.40499628
02-2014-1253,L'EIXAMPLE,la Sagrada Família,CARRER,SANT ANTONI MARIA CLARET,2,148,,,,,,,5,2,2.170771911,41.40838248
01-2014-0072,CIUTAT VELLA,el Raval,CARRER,JUNTA DE COMERÇ,1,23,,,,,,,1,2,2.171889963,41.37944639
06-2014-0361,GRACIA,la Vila de Gràcia,CARRER,FRANCISCO GINER,1,49,,,,,,,AT,2,2.158281137,41.39983885
02-2014-1277,L'EIXAMPLE,la Dreta de l'Eixample,RAMBLA,CATALUNYA,2,70,,,,,,,4,1,2.162805873,41.39174341
02-2014-0261,L'EIXAMPLE,Sant Antoni,AVINGUDA,PARAL.LEL,2,122,B,,,,,,AT,2,2.162254972,41.37517773
05-2014-0068,SARRIA-SANT GERVASI,Sant Gervasi - Galvany,CARRER,LAFORJA,1,101,,,,,,,4,1,2.143787393,41.3954658
03-2014-0217,SANTS-MONTJUÏC,la Marina del Prat Vermell,CARRER,GABRIEL MIRO,2,14,,,,,,,BJ,,2.147723424,41.35263784
03-2014-0218,SANTS-MONTJUÏC,la Marina del Prat Vermell,CARRER,GABRIEL MIRO,2,16,,,,,,,BJ,,2.147723424,41.35263784
10-2014-0250,SANT MARTI,el Poblenou,CARRER,DOCTOR TRUETA,1,159,,,,,,,2,,2.200073365,41.39619806
02-2014-1259,L'EIXAMPLE,la Dreta de l'Eixample,CARRER,BALMES,2,164,,,,,,,3,1,2.155644241,41.39475315
10-2014-0933,SANT MARTI,Sant Martí de Provençals,CARRER,CANTABRIA,1,23,A,,,,,,3,B,2.201839582,41.41874191
02-2014-0594,L'EIXAMPLE,el Fort Pienc,CARRER,DIPUTACIO,2,382,,,,,,,5,4,2.177299701,41.39794959
10-2014-0219,SANT MARTI,el Poblenou,RAMBLA,POBLENOU,2,86,,,,,,,3,1,2.200431124,41.40184165
03-2014-0257,SANTS-MONTJUÏC,la Font de la Guatlla,CARRER,SANT PAULI DE NOLA,1,3,,,,,,A,3,1,2.144547585,41.37063311
03-2014-0258,SANTS-MONTJUÏC,la Font de la Guatlla,CARRER,SANT PAULI DE NOLA,1,3,,,,,,A,4,1,2.144547585,41.37063311
03-2014-0259,SANTS-MONTJUÏC,la Font de la Guatlla,CARRER,SANT PAULI DE NOLA,1,3,,,,,,A,5,4,2.144547585,41.37063311
04-2014-0244,LES CORTS,les Corts,CARRER,VALLESPIR,1,163,,,,,,,1,1,2.134092202,41.38368039
04-2014-0245,LES CORTS,les Corts,CARRER,VALLESPIR,1,163,,,,,,,1,2,2.134092202,41.38368039
04-2014-0246,LES CORTS,les Corts,CARRER,VALLESPIR,1,163,,,,,,,1,3,2.134092202,41.38368039
02-2014-0438,L'EIXAMPLE,la Dreta de l'Eixample,RAMBLA,CATALUNYA,1,101,,,,,,,1,1,2.160186188,41.39325527
02-2014-0439,L'EIXAMPLE,la Dreta de l'Eixample,RAMBLA,CATALUNYA,1,101,,,,,,,5,1,2.160186188,41.39325527
07-2014-0231,HORTA-GUINARDÓ,Can Baró,CARRER,PASTEUR,2,62,,,,,,,2,,2.161004893,41.4173689
03-2014-0789,SANTS-MONTJUÏC,Sants,CARRER,TINENT FLOMESTA,1,37,,,,,,,1,1,2.132178772,41.3733504
03-2014-0790,SANTS-MONTJUÏC,Sants,CARRER,TINENT FLOMESTA,1,37,,,,,,,1,2,2.132178772,41.3733504
03-2014-0791,SANTS-MONTJUÏC,Sants,CARRER,TINENT FLOMESTA,1,37,,,,,,,2,1,2.132178772,41.3733504
02-2014-2070,L'EIXAMPLE,Sant Antoni,CARRER,FLORIDABLANCA,1,71,,73,,,,,6,2,2.158838232,41.37888138
02-2014-2080,L'EIXAMPLE,Sant Antoni,CARRER,FLORIDABLANCA,1,31,,,,,,E,1,4,2.155939507,41.37670432
02-2014-2081,L'EIXAMPLE,la Sagrada Família,CARRER,ROSSELLO,2,450,,,,,,,BJ,,2.176172578,41.40734422
03-2014-0201,SANTS-MONTJUÏC,el Poble Sec,AVINGUDA,PARAL.LEL,1,15,,,,,,,1,4,2.174741591,41.37448186
02-2014-0621,L'EIXAMPLE,l'Antiga Esquerra de l'Eixample,CARRER,ENRIC GRANADOS,1,107,,,,,,,PR,1,2.155525971,41.39284032
02-2014-0361,L'EIXAMPLE,la Dreta de l'Eixample,CARRER,PAU CLARIS,1,151,,,,,,D,4,1,2.164726146,41.39439966
05-2014-0258,SARRIA-SANT GERVASI,Sant Gervasi - la Bonanova,PASSEIG,BONANOVA,2,10,,,,,,A,2,2,2.132151244,41.40603305
10-2014-0264,SANT MARTI,el Parc i la Llacuna del Poblenou,CARRER,PERE IV,1,121,,,,,,,1,2,2.195718881,41.40055039
02-2014-0690,L'EIXAMPLE,el Fort Pienc,CARRER,RIBES,2,26,,,,,,,1,1,2.182564941,41.39714912
02-2014-0699,L'EIXAMPLE,l'Antiga Esquerra de l'Eixample,CARRER,PROVENÇA,1,203,,,,,,,2,2,2.157797819,41.39208266
04-2014-0268,LES CORTS,les Corts,CARRER,GALILEU,2,316,,,,,,,AT,2,2.131537079,41.38554987
04-2014-0269,LES CORTS,les Corts,CARRER,GALILEU,2,316,,,,,,,3,3,2.131537079,41.38554987
02-2014-0280,L'EIXAMPLE,l'Antiga Esquerra de l'Eixample,CARRER,CONSELL DE CENT,1,233,,,,,,,3,3,2.158603811,41.38588615
04-2014-0247,LES CORTS,les Corts,CARRER,VALLESPIR,1,163,,,,,,,4,2,2.134092202,41.38368039
04-2014-0248,LES CORTS,les Corts,CARRER,VALLESPIR,1,163,,,,,,,4,3,2.134092202,41.38368039
04-2014-0263,LES CORTS,les Corts,CARRER,GALILEU,2,316,,,,,,,3,2,2.131537079,41.38554987
04-2014-0264,LES CORTS,les Corts,CARRER,GALILEU,2,316,,,,,,,4,1,2.131537079,41.38554987
04-2014-0265,LES CORTS,les Corts,CARRER,GALILEU,2,316,,,,,,,3,1,2.131537079,41.38554987
04-2014-0266,LES CORTS,les Corts,CARRER,GALILEU,2,316,,,,,,,3,4,2.131537079,41.38554987
06-2014-0308,GRACIA,la Vila de Gràcia,CARRER,MILA I FONTANALS,1,3,,,,,,C,1,1,2.163475707,41.40036175
03-2014-0793,SANTS-MONTJUÏC,Sants,CARRER,TINENT FLOMESTA,1,37,,,,,,,AT,1,2.132178772,41.3733504
10-2014-0895,SANT MARTI,la Verneda i la Pau,PLAÇA,FERNANDO DE LOS RIOS,2,8,,,,,,,3,3,2.20791646,41.42358234
02-2014-0274,L'EIXAMPLE,la Sagrada Família,AVINGUDA,GAUDI,1,45,,,,,,,EN,,2.174230364,41.40742886
10-2014-0210,SANT MARTI,el Poblenou,RAMBLA,POBLENOU,1,11,,13,,,,A,5,2,2.20478174,41.39825135
02-2014-0624,L'EIXAMPLE,la Sagrada Família,CARRER,CORSEGA,2,568,,,,,,,5,1,2.173858145,41.40733347
06-2014-0377,GRACIA,la Vila de Gràcia,CARRER,SANT SALVADOR,2,96,,,,,,,EN,2,2.156569007,41.40863228
06-2014-0398,GRACIA,la Vila de Gràcia,CARRER,MARIA,2,2,,4,,,,,4,2,2.156919302,41.39895215
06-2014-0400,GRACIA,la Vila de Gràcia,CARRER,MARIA,2,2,,4,,,,,4,1,2.156919302,41.39895215
02-2014-1552,L'EIXAMPLE,la Sagrada Família,PASSATGE,VILARET,2,38,,,,,,,2,2,2.178800602,41.40679468
03-2014-0716,SANTS-MONTJUÏC,el Poble Sec,AVINGUDA,RIUS I TAULET,1,1,B,,,,,,7,1,2.154301709,41.37261085
10-2014-0832,SANT MARTI,el Besòs i el Maresme,CARRER,MARESME,2,94,,96,,,,,1,2,2.212827986,41.41501251
07-2014-0111,HORTA-GUINARDÓ,Can Baró,CARRER,FRANÇA,1,39,,,,,,,2,1,2.162868105,41.41597628
02-2014-0446,L'EIXAMPLE,la Dreta de l'Eixample,CARRER,VALENCIA,1,273,,,,,,,4,3,2.16554782,41.39451625
02-2014-0701,L'EIXAMPLE,l'Antiga Esquerra de l'Eixample,CARRER,PROVENÇA,1,203,,,,,,,2,1,2.157797819,41.39208266
02-2014-0702,L'EIXAMPLE,l'Antiga Esquerra de l'Eixample,CARRER,PROVENÇA,1,203,,,,,,,1,2,2.157797819,41.39208266
02-2014-0703,L'EIXAMPLE,l'Antiga Esquerra de l'Eixample,CARRER,PROVENÇA,1,203,,,,,,,1,1,2.157797819,41.39208266
02-2014-0711,L'EIXAMPLE,Sant Antoni,CARRER,COMTE BORRELL,2,38,,,,,,,EN,2,2.163044466,41.37718645
02-2014-0712,L'EIXAMPLE,Sant Antoni,CARRER,COMTE BORRELL,2,38,,,,,,,AT,1,2.163044466,41.37718645
02-2014-0713,L'EIXAMPLE,Sant Antoni,CARRER,COMTE BORRELL,2,38,,,,,,,4,2,2.163044466,41.37718645
02-2014-0714,L'EIXAMPLE,Sant Antoni,CARRER,COMTE BORRELL,2,38,,,,,,,4,1,2.163044466,41.37718645
02-2014-0715,L'EIXAMPLE,Sant Antoni,CARRER,COMTE BORRELL,2,38,,,,,,,3,2,2.163044466,41.37718645
02-2014-0716,L'EIXAMPLE,Sant Antoni,CARRER,COMTE BORRELL,2,38,,,,,,,3,1,2.163044466,41.37718645
02-2014-0717,L'EIXAMPLE,Sant Antoni,CARRER,COMTE BORRELL,2,38,,,,,,,2,2,2.163044466,41.37718645
02-2014-0719,L'EIXAMPLE,Sant Antoni,CARRER,COMTE BORRELL,2,38,,,,,,,2,1,2.163044466,41.37718645
09-2014-0226,SANT ANDREU,el Congrés i els Indians,CARRER,ACACIES,2,52,,,,,,,1,2,2.178217751,41.42583686
09-2014-0227,SANT ANDREU,Navas,CARRER,LAS NAVAS DE TOLOSA,2,276,,,,,,,5,3,2.187229466,41.41517257
06-2014-0581,GRACIA,Vallcarca i els Penitents,CARRER,SANT EUDALD,2,32,,,,,,,BJ,,2.146524673,41.41432974
02-2014-2155,L'EIXAMPLE,la Sagrada Família,CARRER,MALLORCA,1,423,,,,,,,4,4,2.177073219,41.40487144
02-2014-2192,L'EIXAMPLE,la Dreta de l'Eixample,CARRER,ARAGO,1,303,,,,,,,4,,2.16804818,41.39475346
03-2014-0444,SANTS-MONTJUÏC,el Poble Sec,AVINGUDA,PARAL.LEL,1,21,,,,,,,3,4,2.17420485,41.37451487
02-2014-1563,L'EIXAMPLE,l'Antiga Esquerra de l'Eixample,CARRER,CONSELL DE CENT,1,221,,,,,,D,3,1,2.157871151,41.38533826
03-2014-0470,SANTS-MONTJUÏC,la Bordeta,CARRER,GAVA,2,32,,,,,,,2,2,2.140893586,41.37186135
03-2014-0471,SANTS-MONTJUÏC,la Bordeta,CARRER,GAVA,2,32,,,,,,,2,3,2.140893586,41.37186135
03-2014-0472,SANTS-MONTJUÏC,la Bordeta,CARRER,GAVA,2,32,,,,,,,3,1,2.140893586,41.37186135
03-2014-0476,SANTS-MONTJUÏC,la Bordeta,CARRER,GAVA,2,32,,,,,,,1,1,2.140893586,41.37186135
02-2014-0360,L'EIXAMPLE,la Nova Esquerra de l'Eixample,CARRER,ROCAFORT,1,89,,,,,,,AT,1,2.153188293,41.37924065
02-2014-0834,L'EIXAMPLE,la Dreta de l'Eixample,CARRER,GIRONA,1,33,,,,,,,5,2,2.1741088,41.39242981
02-2014-0837,L'EIXAMPLE,la Dreta de l'Eixample,CARRER,GIRONA,2,108,,,,,,,4,2,2.169004681,41.39656097
02-2014-0990,L'EIXAMPLE,la Sagrada Família,CARRER,VALENCIA,1,435,,,,,,,4,2,2.176152743,41.40247974
02-2014-1074,L'EIXAMPLE,la Sagrada Família,PASSATGE,VILARET,1,23,,,,,,,2,2,2.179758288,41.40629652
02-2014-1076,L'EIXAMPLE,la Sagrada Família,PASSATGE,VILARET,1,23,,,,,,,EN,2,2.179758288,41.40629652
06-2014-0178,GRACIA,la Vila de Gràcia,CARRER,BENET MERCADE,1,31,,,,,,,BJ,2,2.151937796,41.4007711
02-2014-1428,L'EIXAMPLE,Sant Antoni,CARRER,SEPULVEDA,2,138,,,,,,,AT,2,2.159535878,41.38083418
03-2014-0424,SANTS-MONTJUÏC,la Bordeta,CARRER,GAVA,2,32,,,,,,,EN,2,2.140893586,41.37186135
03-2014-0427,SANTS-MONTJUÏC,la Bordeta,CARRER,ALPENS,2,6,,,,,,,1,,2.140636425,41.37199393
03-2014-0429,SANTS-MONTJUÏC,la Bordeta,CARRER,ALPENS,2,6,,,,,,,4,,2.140636425,41.37199393
03-2014-0432,SANTS-MONTJUÏC,el Poble Sec,AVINGUDA,RIUS I TAULET,1,1,B,,,,,,2,2,2.154301709,41.37261085
03-2014-0434,SANTS-MONTJUÏC,el Poble Sec,AVINGUDA,RIUS I TAULET,1,1,B,,,,,,3,3,2.154301709,41.37261085
03-2014-0439,SANTS-MONTJUÏC,el Poble Sec,CARRER,MAGALHAES,1,57,,59,,,,,3,2,2.161003079,41.37257983
02-2014-0427,L'EIXAMPLE,la Sagrada Família,CARRER,SICILIA,2,296,,,,,,,2,,2.173557187,41.40165338
03-2014-0290,SANTS-MONTJUÏC,el Poble Sec,CARRER,MARGARIT,1,5,,,,,,,AT,,2.163952323,41.37449307
07-2014-0099,HORTA-GUINARDÓ,el Baix Guinardó,TRAVESSERA,GRACIA,2,314,,,,,,,6,4,2.168331862,41.40779874
07-2014-0166,HORTA-GUINARDÓ,el Baix Guinardó,TRAVESSERA,GRACIA,2,352,,,,,,,3,3,2.170964585,41.40945826
07-2014-0168,HORTA-GUINARDÓ,el Guinardó,AVINGUDA,MARE DEU DE MONTSERRAT,1,257,,,,,,,EN,2,2.175745086,41.42408569
07-2014-0169,HORTA-GUINARDÓ,el Baix Guinardó,CARRER,SANTA CAROLINA,2,42,,,,,,,BJ,,2.171030303,41.41150176
07-2014-0170,HORTA-GUINARDÓ,el Baix Guinardó,PASSATGE,SANT PERE,1,1,,,,,,,2,1,2.166308399,41.41092574
07-2014-0180,HORTA-GUINARDÓ,el Baix Guinardó,CARRER,PADILLA,1,359,,,,,,,5,4,2.170417818,41.41070418
07-2014-0181,HORTA-GUINARDÓ,el Baix Guinardó,CARRER,PADILLA,1,359,,,,,,,4,4,2.170417818,41.41070418
07-2014-0183,HORTA-GUINARDÓ,el Baix Guinardó,CARRER,PADILLA,1,359,,,,,,,AT,4,2.170417818,41.41070418
07-2014-0184,HORTA-GUINARDÓ,el Baix Guinardó,CARRER,PADILLA,1,359,,,,,,,6,4,2.170417818,41.41070418
02-2014-1730,L'EIXAMPLE,la Nova Esquerra de l'Eixample,CARRER,COMTE D'URGELL,1,131,,,,,,,5,1,2.153226273,41.38596399
02-2014-1737,L'EIXAMPLE,la Nova Esquerra de l'Eixample,CARRER,COMTE D'URGELL,1,131,,,,,,,5,4,2.153226273,41.38596399
08-2014-0105,NOU BARRIS,Porta,CARRER,ALCUDIA,2,28,,30,,,,,1,3,2.173932361,41.43523793
03-2014-0529,SANTS-MONTJUÏC,Sants,CARRER,ROSSEND ARUS,1,19,,,,,,,1,,2.137517136,41.3732507
04-2014-0259,LES CORTS,la Maternitat i Sant Ramon,CARRER,MEJIA LEQUERICA,2,8,,,,,,,AT,1,2.12662611,41.38230634
02-2014-0706,L'EIXAMPLE,Sant Antoni,CARRER,ENTENÇA,2,34,,36,,,,I,AT,3,2.153873217,41.3772998
03-2014-0749,SANTS-MONTJUÏC,Sants,CARRER,IBERIA,1,1,,,,,,,1,3,2.137163888,41.3737962
03-2014-0750,SANTS-MONTJUÏC,Sants,CARRER,IBERIA,1,1,,,,,,,2,1,2.137163888,41.3737962
06-2014-0276,GRACIA,la Vila de Gràcia,CARRER,SANT GABRIEL,1,15,,,,,,,2,2,2.153682006,41.39929151
06-2014-0277,GRACIA,la Vila de Gràcia,CARRER,SANT GABRIEL,1,15,,,,,,,PR,3,2.153682006,41.39929151
06-2014-0278,GRACIA,la Vila de Gràcia,CARRER,SANT GABRIEL,1,15,,,,,,,PR,1,2.153682006,41.39929151
06-2014-0279,GRACIA,la Vila de Gràcia,CARRER,SANT GABRIEL,1,15,,,,,,,2,4,2.153682006,41.39929151
06-2014-0280,GRACIA,la Vila de Gràcia,CARRER,SANT GABRIEL,1,15,,,,,,B,3,2,2.153682006,41.39929151
02-2014-1032,L'EIXAMPLE,l'Antiga Esquerra de l'Eixample,CARRER,CASANOVA,2,62,,,,,,,1,2,2.159256125,41.38517575
02-2014-1078,L'EIXAMPLE,la Sagrada Família,PASSATGE,VILARET,1,23,,,,,,,4,2,2.179758288,41.40629652
07-2014-0345,HORTA-GUINARDÓ,el Guinardó,CARRER,VINYALS,2,10,,12,,,,,BJ,,2.176010373,41.41917862
02-2014-2088,L'EIXAMPLE,la Sagrada Família,CARRER,VALENCIA,1,439,,,,,,,EN,1,2.176298318,41.4025892
03-2014-0654,SANTS-MONTJUÏC,Sants,CARRER,CERDANYOLA,1,9,,,,,,B,2,2,2.131805547,41.37703062
03-2014-0232,SANTS-MONTJUÏC,el Poble Sec,CARRER,POETA CABANYES,1,45,,,,,,,1,1,2.165083344,41.37325358
07-2014-0100,HORTA-GUINARDÓ,el Baix Guinardó,TRAVESSERA,GRACIA,2,314,,,,,,,6,5,2.168331862,41.40779874
07-2014-0101,HORTA-GUINARDÓ,el Baix Guinardó,TRAVESSERA,GRACIA,2,314,,,,,,,1,1,2.168331862,41.40779874
10-2014-0302,SANT MARTI,el Camp de l'Arpa del Clot,CARRER,INDUSTRIA,2,278,,,,,,,2,4,2.180253612,41.4139827
05-2014-0170,SARRIA-SANT GERVASI,Sant Gervasi - Galvany,PLAÇA,ADRIA,1,5,,,,,,,1,1,2.138878234,41.401234
06-2014-0282,GRACIA,la Vila de Gràcia,CARRER,VENUS,1,13,,,,,,,BJ,,2.162678872,41.39942309
01-2014-0224,CIUTAT VELLA,Sant Pere Santa Caterina i la Ribera,CARRER,SANT PERE MES ALT,1,21,,,,,,,PR,1,2.176150604,41.38803237
02-2014-2325,L'EIXAMPLE,la Sagrada Família,CARRER,CONSELL DE CENT,2,530,,534,,,,2,1,B,2.181514064,41.40281703
10-2014-0865,SANT MARTI,la Verneda i la Pau,CARRER,CAMP ARRIASSA,1,61,,,,,,,3,1,2.204724936,41.42308174
02-2014-0289,L'EIXAMPLE,la Sagrada Família,CARRER,MALLORCA,1,493,,,,,,,6,1,2.180523381,41.40745852
06-2014-0505,GRACIA,la Vila de Gràcia,CARRER,PERE SERAFI,1,15,,,,,,,1,1,2.155657574,41.40084613
02-2014-2011,L'EIXAMPLE,la Sagrada Família,CARRER,MALLORCA,2,374,,,,,,,AT,A,2.172773957,41.40137815
06-2014-0507,GRACIA,la Vila de Gràcia,CARRER,LLIBERTAT,1,5,,,,,,,1,4,2.160718557,41.39938256
02-2014-2012,L'EIXAMPLE,el Fort Pienc,CARRER,CONSELL DE CENT,2,470,,,,,,,6,1,2.176908375,41.39936678
02-2014-2013,L'EIXAMPLE,l'Antiga Esquerra de l'Eixample,CARRER,CASANOVA,2,48,,,,,,,3,2,2.160150857,41.38449952
03-2014-0578,SANTS-MONTJUÏC,el Poble Sec,CARRER,SALVA,2,2,,,,,,,3,1,2.166672136,41.37464017
01-2014-0419,CIUTAT VELLA,Sant Pere Santa Caterina i la Ribera,CARRER,SOMBRERERS,1,3,,,,,,,2,,2.181582442,41.38369164
04-2014-0270,LES CORTS,les Corts,CARRER,GALILEU,2,316,,,,,,,EN,1,2.131537079,41.38554987
04-2014-0271,LES CORTS,les Corts,CARRER,GALILEU,2,316,,,,,,,1,5,2.131537079,41.38554987
04-2014-0273,LES CORTS,les Corts,CARRER,GALILEU,2,316,,,,,,,2,1,2.131537079,41.38554987
10-2014-0382,SANT MARTI,el Poblenou,CARRER,TAULAT,1,1,,,,,,,1,3,2.200914524,41.39494957
02-2014-0506,L'EIXAMPLE,la Dreta de l'Eixample,CARRER,PAU CLARIS,1,87,,,,,,,PR,1,2.170506139,41.39002304
02-2014-0684,L'EIXAMPLE,l'Antiga Esquerra de l'Eixample,CARRER,CONSELL DE CENT,1,233,,,,,,,2,1,2.158603811,41.38588615
05-2014-0515,SARRIA-SANT GERVASI,les Tres Torres,VIA,AUGUSTA,1,293,,,,,,,BJ,1,2.128246344,41.39754134
02-2014-1346,L'EIXAMPLE,la Dreta de l'Eixample,CARRER,CASP,1,39,,,,,,,3,2,2.173737189,41.39177645
03-2014-0751,SANTS-MONTJUÏC,Sants,CARRER,IBERIA,1,1,,,,,,,1,4,2.137163888,41.3737962
03-2014-0752,SANTS-MONTJUÏC,Sants,CARRER,IBERIA,1,1,,,,,,,2,2,2.137163888,41.3737962
07-2014-0350,HORTA-GUINARDÓ,Can Baró,CARRER,BISMARCK,2,10,,,,,,,EN,2,2.16191082,41.41514594
02-2014-2442,L'EIXAMPLE,la Nova Esquerra de l'Eixample,CARRER,VILAMARI,2,106,,,,,,,PR,6,2.147841797,41.38014812
10-2014-0480,SANT MARTI,el Poblenou,CARRER,PUJADES,1,271,,,,,,,2,1,2.205334276,41.40534809
06-2014-0420,GRACIA,la Vila de Gràcia,CARRER,BRUNIQUER,1,51,,,,,,,2,2,2.161884851,41.40547429
04-2014-0224,LES CORTS,les Corts,CARRER,DEU I MATA,2,54,,,,,,,1,2,2.135471878,41.38817848
05-2014-0109,SARRIA-SANT GERVASI,el Putxet i el Farró,CARRER,FRANCOLI,1,29,,,,,,,AT,2,2.147122236,41.40407075
01-2014-0225,CIUTAT VELLA,Sant Pere Santa Caterina i la Ribera,CARRER,SANT PERE MES ALT,1,21,,,,,,,PR,2,2.176150604,41.38803237
01-2014-0226,CIUTAT VELLA,Sant Pere Santa Caterina i la Ribera,CARRER,SANT PERE MES ALT,1,21,,,,,,,1,1,2.176150604,41.38803237
01-2014-0227,CIUTAT VELLA,Sant Pere Santa Caterina i la Ribera,CARRER,SANT PERE MES ALT,1,21,,,,,,,1,2,2.176150604,41.38803237
01-2014-0228,CIUTAT VELLA,Sant Pere Santa Caterina i la Ribera,CARRER,SANT PERE MES ALT,1,21,,,,,,,2,1,2.176150604,41.38803237
01-2014-0229,CIUTAT VELLA,Sant Pere Santa Caterina i la Ribera,CARRER,SANT PERE MES ALT,1,21,,,,,,,2,2,2.176150604,41.38803237
01-2014-0230,CIUTAT VELLA,Sant Pere Santa Caterina i la Ribera,CARRER,SANT PERE MES ALT,1,21,,,,,,,3,1,2.176150604,41.38803237
01-2014-0231,CIUTAT VELLA,Sant Pere Santa Caterina i la Ribera,CARRER,SANT PERE MES ALT,1,21,,,,,,,3,2,2.176150604,41.38803237
01-2014-0232,CIUTAT VELLA,Sant Pere Santa Caterina i la Ribera,CARRER,SANT PERE MES ALT,1,21,,,,,,,4,1,2.176150604,41.38803237
03-2014-0556,SANTS-MONTJUÏC,Sants,CARRER,SANTS,1,137,,,,,,,4,1,2.133497316,41.37535693
03-2014-0557,SANTS-MONTJUÏC,Sants,CARRER,SANTS,1,137,,,,,,,5,1,2.133497316,41.37535693
03-2014-0558,SANTS-MONTJUÏC,Sants,CARRER,SANTS,1,137,,,,,,,1,2,2.133497316,41.37535693
03-2014-0559,SANTS-MONTJUÏC,Sants,CARRER,SANTS,1,137,,,,,,,2,2,2.133497316,41.37535693
03-2014-0560,SANTS-MONTJUÏC,Sants,CARRER,SANTS,1,137,,,,,,,3,2,2.133497316,41.37535693
06-2014-0100,GRACIA,el Camp d'en Grassot i Gràcia Nova,CARRER,INDUSTRIA,1,5,,,,,,,2,1,2.164419174,41.40214544
03-2014-0208,SANTS-MONTJUÏC,el Poble Sec,CARRER,NOU DE LA RAMBLA,2,156,,,,,,,1,4,2.167038456,41.37221121
10-2014-0209,SANT MARTI,el Camp de l'Arpa del Clot,CARRER,COLL I VEHI,2,108,,,,,,,3,,2.183948802,41.41541521
02-2014-1687,L'EIXAMPLE,la Sagrada Família,CARRER,PADILLA,1,205,,,,,,,1,3,2.180255702,41.40320883
02-2014-1691,L'EIXAMPLE,la Dreta de l'Eixample,CARRER,MALLORCA,1,255,,,,,,,2,4,2.161766555,41.39337544
04-2014-0274,LES CORTS,les Corts,CARRER,GALILEU,2,316,,,,,,,1,4,2.131537079,41.38554987
02-2014-0693,L'EIXAMPLE,l'Antiga Esquerra de l'Eixample,CARRER,BALMES,1,83,,,,,,,2,1,2.16022274,41.39099429
02-2014-0494,L'EIXAMPLE,la Dreta de l'Eixample,CARRER,VALENCIA,2,308,,,,,,,PR,1,2.166205553,41.39473432
03-2014-0549,SANTS-MONTJUÏC,Sants,PASSATGE,BARO DE GRIÑO,2,6,,,,,,,2,3,2.137840471,41.37341429
06-2014-0227,GRACIA,la Vila de Gràcia,CARRER,RABASSA,1,33,,,,,,,1,1,2.157821607,41.40776719
02-2014-0746,L'EIXAMPLE,la Sagrada Família,AVINGUDA,GAUDI,1,43,,,,,,,1,2,2.174232208,41.40731624
07-2014-0356,HORTA-GUINARDÓ,Can Baró,CARRER,TENERIFE,2,8,,,,,,,6,1,2.165484305,41.41586203
06-2014-0733,GRACIA,el Coll,CARRER,MORA LA NOVA,2,16,,,,,,,1,,2.150234511,41.41920578
02-2014-0632,L'EIXAMPLE,la Dreta de l'Eixample,PASSEIG,GRACIA,1,3,,,,,,,6,6,2.169270627,41.38821806
03-2014-0293,SANTS-MONTJUÏC,el Poble Sec,CARRER,FONT HONRADA,2,16,,,,,,,EN,,2.1558161,41.37395159
01-2014-0233,CIUTAT VELLA,Sant Pere Santa Caterina i la Ribera,CARRER,SANT PERE MES ALT,1,21,,,,,,,4,2,2.176150604,41.38803237
06-2014-0292,GRACIA,el Camp d'en Grassot i Gràcia Nova,CARRER,SARDENYA,1,529,,531,,,,D,11,1,2.162992393,41.41132259
02-2014-0933,L'EIXAMPLE,l'Antiga Esquerra de l'Eixample,CARRER,ARIBAU,1,29,,,,,,,EN,1,2.160885657,41.38707984
02-2014-0936,L'EIXAMPLE,Sant Antoni,PLAÇA,UNIVERSITAT,1,1,,,,,,,5,2,2.163304718,41.38524519
02-2014-0937,L'EIXAMPLE,Sant Antoni,PLAÇA,UNIVERSITAT,1,1,,,,,,,5,1B,2.163304718,41.38524519
02-2014-0938,L'EIXAMPLE,Sant Antoni,PLAÇA,UNIVERSITAT,1,1,,,,,,,4,1A,2.163304718,41.38524519
02-2014-0939,L'EIXAMPLE,Sant Antoni,PLAÇA,UNIVERSITAT,1,1,,,,,,,5,1A,2.163304718,41.38524519
02-2014-0940,L'EIXAMPLE,Sant Antoni,PLAÇA,UNIVERSITAT,1,1,,,,,,,4,1B,2.163304718,41.38524519
02-2014-1113,L'EIXAMPLE,l'Antiga Esquerra de l'Eixample,CARRER,VILLARROEL,2,172,,,,,,E,AT,2,2.150352793,41.39018821
02-2014-1115,L'EIXAMPLE,la Nova Esquerra de l'Eixample,CARRER,ROSSELLO,1,27,,,,,,,AT,3,2.144014863,41.38339865
02-2014-1116,L'EIXAMPLE,Sant Antoni,CARRER,COMTE D'URGELL,1,29,,,,,,,2,3,2.160420359,41.38054086
02-2014-0305,L'EIXAMPLE,la Sagrada Família,CARRER,ROSSELLO,1,429,,,,,,,AT,2,2.172830482,41.40510249
02-2014-0720,L'EIXAMPLE,Sant Antoni,CARRER,COMTE BORRELL,2,38,,,,,,,1,2,2.163044466,41.37718645
02-2014-0721,L'EIXAMPLE,Sant Antoni,CARRER,COMTE BORRELL,2,38,,,,,,,1,1,2.163044466,41.37718645
02-2014-0722,L'EIXAMPLE,Sant Antoni,CARRER,COMTE BORRELL,2,38,,,,,,,EN,1,2.163044466,41.37718645
01-2014-0418,CIUTAT VELLA,Sant Pere Santa Caterina i la Ribera,CARRER,SOMBRERERS,1,3,,,,,,,1,,2.181582442,41.38369164
06-2014-0366,GRACIA,la Vila de Gràcia,CARRER,MARTINEZ DE LA ROSA,2,48,,,,,,,4,2,2.158649971,41.40026024
01-2014-0293,CIUTAT VELLA,el Barri Gòtic,CARRER,SERRA,2,8,,,,,,,1,,2.178115446,41.38000168
02-2014-0302,L'EIXAMPLE,la Sagrada Família,CARRER,PADILLA,2,212,,214,,,,,AT,3,2.179431977,41.40411273
03-2014-0186,SANTS-MONTJUÏC,Sants,CARRER,RIERA DE TENA,2,38,,40,,,,,EN,3,2.133603113,41.37177743
06-2014-0337,GRACIA,el Camp d'en Grassot i Gràcia Nova,CARRER,PARE LAINEZ,1,55,,,,,,,PR,1,2.166831738,41.40796507
02-2014-1106,L'EIXAMPLE,la Dreta de l'Eixample,GRAN VIA,CORTS CATALANES,2,618,,,,,,,3,B,2.166564572,41.38780858
03-2014-0747,SANTS-MONTJUÏC,Sants,CARRER,IBERIA,1,1,,,,,,,1,2,2.137163888,41.3737962
03-2014-0748,SANTS-MONTJUÏC,Sants,CARRER,IBERIA,1,1,,,,,,,1,1,2.137163888,41.3737962
06-2014-0307,GRACIA,el Camp d'en Grassot i Gràcia Nova,CARRER,MARTI,2,108,,,,,,,4,3,2.159767756,41.40916333
06-2014-0355,GRACIA,la Vila de Gràcia,CARRER,PROGRES,1,25,,,,,,,4,1,2.160000226,41.40022458
03-2014-0362,SANTS-MONTJUÏC,el Poble Sec,CARRER,MURILLO,1,13,,,,,,,3,2,2.161870293,41.37301507
10-2014-0156,SANT MARTI,la Vila Olímpica del Poblenou,PASSATGE,GENERAL BASSOLS,2,24,,,,,,,1,,2.198337058,41.39395502
10-2014-0227,SANT MARTI,el Poblenou,CARRER,PERELLO,2,42,,,,,,,1,2,2.206548494,41.39882124
04-2014-0125,LES CORTS,les Corts,AVINGUDA,JOSEP TARRADELLAS,1,147,,,,,,,3,1,2.143489878,41.39109449
03-2014-0593,SANTS-MONTJUÏC,la Font de la Guatlla,CARRER,MEXIC,2,24,,,,,,,2,2,2.148705262,41.37248223
10-2014-0333,SANT MARTI,el Camp de l'Arpa del Clot,CARRER,INDUSTRIA,1,227,,233,,,,E,2,2,2.177891167,41.41238034
03-2014-0594,SANTS-MONTJUÏC,la Font de la Guatlla,CARRER,MEXIC,2,24,,,,,,,2,3,2.148705262,41.37248223
06-2014-0538,GRACIA,la Vila de Gràcia,CARRER,MOZART,2,20,,22,,,,,1,2,2.158153994,41.39948775
07-2014-0333,HORTA-GUINARDÓ,el Carmel,CARRER,GRAN VISTA,1,127,,,,,,,2,2,2.157820599,41.41887424
07-2014-0334,HORTA-GUINARDÓ,el Carmel,CARRER,GRAN VISTA,1,127,,,,,,,1,1,2.157820599,41.41887424
07-2014-0335,HORTA-GUINARDÓ,el Carmel,CARRER,GRAN VISTA,1,127,,,,,,,1,2,2.157820599,41.41887424
07-2014-0336,HORTA-GUINARDÓ,el Carmel,CARRER,GRAN VISTA,1,127,,,,,,,2,1,2.157820599,41.41887424
03-2014-0733,SANTS-MONTJUÏC,Sants,CARRER,SANTS,1,215,,,,,,,2,3,2.13210878,41.37538273
02-2014-0301,L'EIXAMPLE,Sant Antoni,CARRER,TAMARIT,1,93,,,,,,,AT,,2.156658845,41.37554665
02-2014-0619,L'EIXAMPLE,la Dreta de l'Eixample,CARRER,ROGER DE LLURIA,2,80,,,,,,,PR,2,2.16673605,41.39486829
03-2014-0296,SANTS-MONTJUÏC,Hostafrancs,CARRER,CREU COBERTA,1,87,,,,,,,3,2,2.144532614,41.37512531
03-2014-0297,SANTS-MONTJUÏC,Hostafrancs,CARRER,CREU COBERTA,1,87,,,,,,,EN,,2.144532614,41.37512531
02-2014-0803,L'EIXAMPLE,el Fort Pienc,CARRER,AUSIAS MARC,1,157,,159,,,,D,1,1,2.18412206,41.39784974
02-2014-0806,L'EIXAMPLE,el Fort Pienc,GRAN VIA,CORTS CATALANES,2,790,,,,,,,2,,2.182325687,41.39964259
02-2014-0809,L'EIXAMPLE,la Dreta de l'Eixample,CARRER,ROSSELLO,1,277,,,,,,,PR,,2.161389375,41.39651672
03-2014-0303,SANTS-MONTJUÏC,el Poble Sec,CARRER,PIQUER,1,31,,,,,,,4,1,2.169410901,41.37308793
06-2014-0376,GRACIA,el Camp d'en Grassot i Gràcia Nova,CARRER,PI I MARGALL,1,71,,,,,,,3,1,2.163955153,41.40979101
03-2014-0742,SANTS-MONTJUÏC,Sants,CARRER,JOAN GUELL,2,24,,,,,,,1,1,2.134221562,41.37717284
05-2014-0477,SARRIA-SANT GERVASI,Sant Gervasi - la Bonanova,CARRER,TEODORA LAMADRID,1,43,,,,,,,1,2,2.135664193,41.40735086
05-2014-0082,SARRIA-SANT GERVASI,el Putxet i el Farró,CARRER,SARAGOSSA,1,79,,,,,,,AT,2,2.147738252,41.40294921
03-2014-0199,SANTS-MONTJUÏC,Hostafrancs,CARRER,BEJAR,1,15,,,,,,,1,3,2.14616596,41.37590345
03-2014-0200,SANTS-MONTJUÏC,el Poble Sec,AVINGUDA,PARAL.LEL,1,21,,,,,,,1,2,2.17420485,41.37451487
03-2014-0213,SANTS-MONTJUÏC,Sants,CARRER,PUIGGARI,1,9,,,,,,A,AT,4,2.138107994,41.38007563
03-2014-0215,SANTS-MONTJUÏC,el Poble Sec,CARRER,RADAS,2,20,,,,,,I,1,3,2.160635143,41.37302212
02-2014-0581,L'EIXAMPLE,la Sagrada Família,CARRER,MARINA,2,334,,,,,,,SA,4,2.171776839,41.40666954
02-2014-1107,L'EIXAMPLE,la Sagrada Família,CARRER,ROSSELLO,2,478,,,,,,,1,2,2.177563665,41.408368
02-2014-1108,L'EIXAMPLE,la Sagrada Família,CARRER,ROSSELLO,2,478,,,,,,,1,3,2.177563665,41.408368
02-2014-1109,L'EIXAMPLE,la Sagrada Família,CARRER,ROSSELLO,2,478,,,,,,,2,4,2.177563665,41.408368
10-2014-0347,SANT MARTI,Diagonal Mar i el Front Marítim del Poblenou,PASSEIG,GARCIA FARIA,1,77,,,,,,,11,4,2.215323118,41.40496996
10-2014-0348,SANT MARTI,Diagonal Mar i el Front Marítim del Poblenou,CARRER,JOSEP PLA,1,27,,29,,,,,11,2,2.215777856,41.40863864
02-2014-1087,L'EIXAMPLE,la Dreta de l'Eixample,CARRER,BAILEN,1,81,,83,,,,,3,3,2.171386513,41.39619646
02-2014-1089,L'EIXAMPLE,la Dreta de l'Eixample,CARRER,BAILEN,1,81,,83,,,,,4,1,2.171386513,41.39619646
02-2014-1090,L'EIXAMPLE,la Dreta de l'Eixample,CARRER,BAILEN,1,81,,83,,,,,4,2,2.171386513,41.39619646
02-2014-1091,L'EIXAMPLE,la Dreta de l'Eixample,CARRER,BAILEN,1,81,,83,,,,,4,3,2.171386513,41.39619646
02-2014-1093,L'EIXAMPLE,la Dreta de l'Eixample,CARRER,BAILEN,1,81,,83,,,,,5,1,2.171386513,41.39619646
02-2014-1094,L'EIXAMPLE,la Dreta de l'Eixample,CARRER,BAILEN,1,81,,83,,,,,5,3,2.171386513,41.39619646
02-2014-1096,L'EIXAMPLE,la Dreta de l'Eixample,CARRER,BAILEN,1,81,,83,,,,,5,4,2.171386513,41.39619646
02-2014-1715,L'EIXAMPLE,la Dreta de l'Eixample,CARRER,ROSSELLO,2,276,,,,,,,PR,1,2.164969448,41.3989306
10-2014-0123,SANT MARTI,el Camp de l'Arpa del Clot,CARRER,CONCA,2,4,,,,,,,4,2,2.180833579,41.41323865
04-2014-0058,LES CORTS,la Maternitat i Sant Ramon,CARRER,FELIPE DE PAZ,1,17,,,,,,,2,3,2.125433051,41.37892474
03-2014-0669,SANTS-MONTJUÏC,Sants,CARRER,MIQUEL ANGEL,1,79,,,,,,,1,2,2.131525814,41.37727037
03-2014-0670,SANTS-MONTJUÏC,Sants,CARRER,MIQUEL ANGEL,1,79,,,,,,,2,2,2.131525814,41.37727037
03-2014-0671,SANTS-MONTJUÏC,Sants,CARRER,MIQUEL ANGEL,1,79,,,,,,,2,1,2.131525814,41.37727037
03-2014-0102,SANTS-MONTJUÏC,el Poble Sec,CARRER,ANNIBAL,1,5,,7,,,,,4,2,2.161963816,41.3717433
06-2014-0352,GRACIA,la Vila de Gràcia,CARRER,MOZART,2,18,,,,,,,2,1,2.158239883,41.39941287
06-2014-0093,GRACIA,la Vila de Gràcia,CARRER,ESCORIAL,1,11,,13,,,,,5,1,2.162125563,41.40627339
02-2014-0462,L'EIXAMPLE,la Sagrada Família,CARRER,SARDENYA,2,332,,,,,,,1,2,2.172566734,41.40410811
03-2014-0341,SANTS-MONTJUÏC,el Poble Sec,CARRER,HORTES,1,5,,,,,,,3,3,2.167343129,41.37306061
03-2014-0497,SANTS-MONTJUÏC,Sants - Badal,CARRER,SANTS,1,277,,,,,,,4,2,2.129602528,41.37540636
10-2014-0717,SANT MARTI,el Besòs i el Maresme,CARRER,MARESME,2,78,,,,,,,2,2,2.213805066,41.41401889
10-2014-0718,SANT MARTI,el Besòs i el Maresme,CARRER,CONSTANTINOBLE,2,6,,,,,,,3,3,2.219092032,41.41455716
02-2014-0759,L'EIXAMPLE,l'Antiga Esquerra de l'Eixample,CARRER,PROVENÇA,1,205,,,,,,,1,1,2.157895236,41.39215473
02-2014-0761,L'EIXAMPLE,l'Antiga Esquerra de l'Eixample,CARRER,PROVENÇA,1,205,,,,,,,EN,1,2.157895236,41.39215473
02-2014-0762,L'EIXAMPLE,l'Antiga Esquerra de l'Eixample,CARRER,PROVENÇA,1,205,,,,,,,1,2,2.157895236,41.39215473
07-2014-0115,HORTA-GUINARDÓ,el Baix Guinardó,TRAVESSERA,GRACIA,2,314,,,,,,,4,4,2.168331862,41.40779874
07-2014-0116,HORTA-GUINARDÓ,el Baix Guinardó,TRAVESSERA,GRACIA,2,314,,,,,,,2,4,2.168331862,41.40779874
07-2014-0117,HORTA-GUINARDÓ,el Baix Guinardó,TRAVESSERA,GRACIA,2,314,,,,,,,5,2,2.168331862,41.40779874
07-2014-0141,HORTA-GUINARDÓ,el Guinardó,PASSATGE,GARCIA CAMBRA,1,7,,,,,,,,,2.176143733,41.41560652
03-2014-0666,SANTS-MONTJUÏC,Sants - Badal,CARRER,VIOLANT HONGRIA RNA ARAGO,1,53,,,,,,,1,3,2.128850408,41.37826619
01-2014-0202,CIUTAT VELLA,el Barri Gòtic,CARRER,FERRAN,2,2,,,,,,,3,1,2.174306433,41.38035824
02-2014-0747,L'EIXAMPLE,la Dreta de l'Eixample,CARRER,VALENCIA,2,352,,,,,,,3,2,2.169616842,41.39730285
10-2014-0303,SANT MARTI,el Camp de l'Arpa del Clot,CARRER,CORSEGA,2,668,,,,,,,3,4,2.179526397,41.41158788
06-2014-0322,GRACIA,la Vila de Gràcia,CARRER,MARE DEU DELS DESEMPARATS,1,23,,,,,,,1,1,2.158560941,41.40224497
06-2014-0323,GRACIA,la Vila de Gràcia,CARRER,MARE DEU DELS DESEMPARATS,1,23,,,,,,,1,2,2.158560941,41.40224497
06-2014-0324,GRACIA,la Vila de Gràcia,CARRER,MARE DEU DELS DESEMPARATS,1,23,,,,,,,2,1,2.158560941,41.40224497
06-2014-0325,GRACIA,la Vila de Gràcia,CARRER,MARE DEU DELS DESEMPARATS,1,23,,,,,,,2,2,2.158560941,41.40224497
06-2014-0326,GRACIA,la Vila de Gràcia,CARRER,MARE DEU DELS DESEMPARATS,1,23,,,,,,,3,1,2.158560941,41.40224497
06-2014-0327,GRACIA,la Vila de Gràcia,CARRER,MARE DEU DELS DESEMPARATS,1,23,,,,,,,3,2,2.158560941,41.40224497
02-2014-1122,L'EIXAMPLE,l'Antiga Esquerra de l'Eixample,CARRER,ROSSELLO,2,134,,,,,,,3,3,2.153387104,41.39019292
03-2014-0360,SANTS-MONTJUÏC,el Poble Sec,CARRER,TAPIOLES,2,28,,,,,,,4,1,2.164176756,41.37329723
02-2014-1274,L'EIXAMPLE,el Fort Pienc,CARRER,NAPOLS,1,105,,107,,,,I,6,1,2.179761755,41.39497274
10-2014-0442,SANT MARTI,el Parc i la Llacuna del Poblenou,CARRER,PERE IV,1,83,,,,,,,4,3,2.193298171,41.39758494
02-2014-0537,L'EIXAMPLE,el Fort Pienc,AVINGUDA,DIAGONAL,1,225,,,,,,,6,3,2.183358726,41.40226227
02-2014-0539,L'EIXAMPLE,el Fort Pienc,AVINGUDA,DIAGONAL,1,225,,,,,,,7,2,2.183358726,41.40226227
02-2014-0541,L'EIXAMPLE,l'Antiga Esquerra de l'Eixample,PASSATGE,LLUIS PELLICER,1,5,,,,,,,3,,2.149272948,41.39298654
02-2014-0542,L'EIXAMPLE,l'Antiga Esquerra de l'Eixample,PASSATGE,LLUIS PELLICER,1,5,,,,,,,1,,2.149272948,41.39298654
06-2014-0741,GRACIA,la Vila de Gràcia,CARRER,SENECA,1,7,,,,,,,5,3,2.156894431,41.39721954
10-2014-0942,SANT MARTI,Sant Martí de Provençals,CARRER,ANDRADE,2,88,,,,,,,3,2,2.197933659,41.41344151
03-2014-0853,SANTS-MONTJUÏC,Sants,RIERA,ESCUDER,1,13,,,,,,,1,3,2.132687637,41.37434911
06-2014-0636,GRACIA,el Coll,CARRER,BEAT ALMATO,2,76,,,,,,,EN,3,2.149053798,41.41896134
03-2014-0206,SANTS-MONTJUÏC,el Poble Sec,CARRER,ROSER,2,18,,,,,,,1,2,2.166844352,41.37377005
02-2014-0582,L'EIXAMPLE,la Dreta de l'Eixample,RONDA,SANT PERE,1,11,,,,,,,2,1,2.171431244,41.38862665
03-2014-0229,SANTS-MONTJUÏC,la Bordeta,PLAÇA,FENIX,1,7,,,,,,,1,,2.134451897,41.37037421
03-2014-0231,SANTS-MONTJUÏC,el Poble Sec,AVINGUDA,PARAL.LEL,1,105,,,,,,,5,3,2.162633388,41.37480049
02-2014-1212,L'EIXAMPLE,la Nova Esquerra de l'Eixample,CARRER,ROCAFORT,1,135,,,,,,,PR,C,2.150953349,41.38093
02-2014-0984,L'EIXAMPLE,la Sagrada Família,CARRER,CASTILLEJOS,1,243,,,,,,,6,1,2.180256242,41.40488302
02-2014-1042,L'EIXAMPLE,la Dreta de l'Eixample,PASSATGE,PERMANYER,1,1,,,,,,,,,2.168225576,41.39209143
05-2014-0226,SARRIA-SANT GERVASI,Sant Gervasi - Galvany,CARRER,CASANOVA,1,211,,,,,,,5,1,2.147067427,41.39410303
02-2014-1263,L'EIXAMPLE,la Sagrada Família,CARRER,ARAGO,1,435,,,,,,,EN,1,2.177525929,41.40181642
02-2014-1266,L'EIXAMPLE,la Sagrada Família,CARRER,ARAGO,1,435,,,,,,,2,3,2.177525929,41.40181642
10-2014-0381,SANT MARTI,el Poblenou,CARRER,TANGER,2,148,,156,,,,,1,3,2.195530143,41.40440687
02-2014-0793,L'EIXAMPLE,l'Antiga Esquerra de l'Eixample,CARRER,PROVENÇA,1,205,,,,,,,2,1,2.157895236,41.39215473
02-2014-0794,L'EIXAMPLE,l'Antiga Esquerra de l'Eixample,CARRER,PROVENÇA,1,205,,,,,,,2,2,2.157895236,41.39215473
02-2014-0797,L'EIXAMPLE,l'Antiga Esquerra de l'Eixample,CARRER,PROVENÇA,1,205,,,,,,,AT,,2.157895236,41.39215473
02-2014-1503,L'EIXAMPLE,Sant Antoni,CARRER,VILADOMAT,2,58,,,,,,,5,1,2.160259,41.37758956
02-2014-1509,L'EIXAMPLE,Sant Antoni,CARRER,VILADOMAT,2,58,,,,,,,5,2,2.160259,41.37758956
03-2014-0448,SANTS-MONTJUÏC,el Poble Sec,CARRER,POETA CABANYES,2,36,,,,,,,4,4,2.165012026,41.37337703
02-2014-0390,L'EIXAMPLE,la Dreta de l'Eixample,CARRER,ROGER DE LLURIA,2,6,,,,,,,PR,2,2.17309105,41.39006522
10-2014-0208,SANT MARTI,el Parc i la Llacuna del Poblenou,CARRER,NAPOLS,1,31,,,,,,,1,4,2.183941536,41.39180259
02-2014-0409,L'EIXAMPLE,la Dreta de l'Eixample,CARRER,CONSELL DE CENT,2,376,,,,,,,4,2,2.171274506,41.39513746
07-2014-0206,HORTA-GUINARDÓ,el Baix Guinardó,RONDA,GUINARDO,1,55,,,,,,,7,1,2.168291127,41.41286958
10-2014-0694,SANT MARTI,el Besòs i el Maresme,PLAÇA,GERMANS SERRA,2,6,,,,,,D,9,3,2.213036497,41.41661257
02-2014-1296,L'EIXAMPLE,la Dreta de l'Eixample,PASSEIG,GRACIA,2,16,,,,,,,3,2,2.168934533,41.38933184
02-2014-1302,L'EIXAMPLE,l'Antiga Esquerra de l'Eixample,CARRER,CASANOVA,1,165,,,,,,,PR,1,2.150243585,41.39170762
02-2014-1308,L'EIXAMPLE,la Sagrada Família,CARRER,ROSSELLO,2,478,,,,,,,6,2,2.177563665,41.408368
03-2014-0343,SANTS-MONTJUÏC,el Poble Sec,CARRER,ELKANO,2,82,,,,,,,EN,5,2.159868112,41.37417201
02-2014-1104,L'EIXAMPLE,la Sagrada Família,CARRER,ROSSELLO,2,404,B,,,,,,PR,,2.173660738,41.40545998
09-2014-0268,SANT ANDREU,Navas,AVINGUDA,MERIDIANA,1,219,,,,,,,6,3,2.18660287,41.41639085
02-2014-0351,L'EIXAMPLE,la Sagrada Família,PASSATGE,CENTELLES,2,22,,,,,,,AT,,2.180031258,41.40788952
01-2014-0266,CIUTAT VELLA,el Barri Gòtic,CARRER,PORTAFERRISSA,1,27,,,,,,,2,,2.173982022,41.38404053
01-2014-0267,CIUTAT VELLA,el Barri Gòtic,CARRER,PETRITXOL,1,17,,,,,,,PR,1,2.172506384,41.38317636
01-2014-0268,CIUTAT VELLA,el Barri Gòtic,CARRER,PETRITXOL,1,17,,,,,,,PR,2,2.172506384,41.38317636
01-2014-0269,CIUTAT VELLA,el Barri Gòtic,CARRER,PETRITXOL,1,17,,,,,,,PR,3,2.172506384,41.38317636
01-2014-0270,CIUTAT VELLA,el Barri Gòtic,CARRER,PETRITXOL,1,17,,,,,,,1,1,2.172506384,41.38317636
02-2014-1216,L'EIXAMPLE,la Dreta de l'Eixample,CARRER,BALMES,2,104,,,,,,,3,2,2.158923738,41.39225211
02-2014-1217,L'EIXAMPLE,la Dreta de l'Eixample,CARRER,BALMES,2,104,,,,,,,2,1,2.158923738,41.39225211
02-2014-2208,L'EIXAMPLE,Sant Antoni,CARRER,COMTE D'URGELL,2,18,,,,,,,3,1,2.161848781,41.37986976
02-2014-2209,L'EIXAMPLE,Sant Antoni,CARRER,COMTE D'URGELL,2,18,,,,,,,3,2,2.161848781,41.37986976
03-2014-0740,SANTS-MONTJUÏC,Sants,CARRER,NOGUERA PALLARESA,1,13,,,,,,,BJ,1,2.136645521,41.37156778
02-2014-0586,L'EIXAMPLE,la Dreta de l'Eixample,RONDA,UNIVERSITAT,1,23,,,,,,,1,1B,2.166780443,41.38688261
10-2014-0246,SANT MARTI,Provençals del Poblenou,CARRER,BAC DE RODA,2,100,,108,,,,1,8,D,2.203682695,41.40797378
06-2014-0288,GRACIA,la Vila de Gràcia,CARRER,BRUNIQUER,1,65,,,,,,,2,,2.162303607,41.40573161
06-2014-0289,GRACIA,la Vila de Gràcia,CARRER,BRUNIQUER,1,65,,,,,,,1,,2.162303607,41.40573161
06-2014-0290,GRACIA,la Vila de Gràcia,CARRER,BRUNIQUER,1,65,,,,,,,4,,2.162303607,41.40573161
02-2014-1028,L'EIXAMPLE,la Dreta de l'Eixample,CARRER,MALLORCA,1,301,,,,,,B,1,2,2.166506243,41.39695025
02-2014-1029,L'EIXAMPLE,Sant Antoni,CARRER,SEPULVEDA,2,66,,,,,,,SA,2,2.155797578,41.37801967
02-2014-1030,L'EIXAMPLE,la Dreta de l'Eixample,CARRER,ARAGO,2,282,,,,,,,2,2,2.165636197,41.39253674
02-2014-1031,L'EIXAMPLE,la Dreta de l'Eixample,CARRER,ARAGO,2,282,,,,,,,2,1,2.165636197,41.39253674
02-2014-1326,L'EIXAMPLE,l'Antiga Esquerra de l'Eixample,CARRER,MALLORCA,1,191,,,,,,,3,1,2.156846658,41.38967342
02-2014-0477,L'EIXAMPLE,l'Antiga Esquerra de l'Eixample,CARRER,ROSSELLO,2,118,,,,,,,4,2,2.15138026,41.38869159
02-2014-0847,L'EIXAMPLE,l'Antiga Esquerra de l'Eixample,CARRER,DIPUTACIO,1,177,,,,,,,EN,1,2.159819031,41.38509752
02-2014-0848,L'EIXAMPLE,l'Antiga Esquerra de l'Eixample,CARRER,DIPUTACIO,2,172,,,,,,,EN,1,2.158968746,41.38418274
02-2014-0900,L'EIXAMPLE,Sant Antoni,GRAN VIA,CORTS CATALANES,2,588,,,,,,,PR,1,2.160722394,41.38341845
02-2014-0955,L'EIXAMPLE,Sant Antoni,CARRER,ROCAFORT,2,66,,,,,,,2,2,2.154680881,41.37839061
02-2014-0956,L'EIXAMPLE,Sant Antoni,CARRER,ROCAFORT,2,66,,,,,,,PR,2,2.154680881,41.37839061
02-2014-0957,L'EIXAMPLE,Sant Antoni,CARRER,ROCAFORT,2,66,,,,,,,PR,3,2.154680881,41.37839061
06-2014-0329,GRACIA,la Vila de Gràcia,CARRER,RAMON Y CAJAL,1,41,,,,,,,1,1,2.159178225,41.40298241
02-2014-1144,L'EIXAMPLE,la Dreta de l'Eixample,RAMBLA,CATALUNYA,2,52,,,,,,,6,4,2.164168587,41.39075107
02-2014-1279,L'EIXAMPLE,la Nova Esquerra de l'Eixample,CARRER,DIPUTACIO,2,120,,,,,,,3,2,2.155918446,41.3818847
05-2014-0229,SARRIA-SANT GERVASI,el Putxet i el Farró,CARRER,ESCIPIO,1,61,,,,,,,EN,1,2.144196515,41.40596461
02-2014-1281,L'EIXAMPLE,l'Antiga Esquerra de l'Eixample,CARRER,CORSEGA,1,257,,,,,,B,2,1,2.154626067,41.39311473
02-2014-1282,L'EIXAMPLE,l'Antiga Esquerra de l'Eixample,CARRER,CORSEGA,1,257,,,,,,B,1,2,2.154626067,41.39311473
02-2014-1284,L'EIXAMPLE,l'Antiga Esquerra de l'Eixample,CARRER,CORSEGA,1,257,,,,,,A,1,2,2.154626067,41.39311473
02-2014-1288,L'EIXAMPLE,l'Antiga Esquerra de l'Eixample,CARRER,CORSEGA,1,257,,,,,,,4,1,2.154626067,41.39311473
10-2014-0378,SANT MARTI,el Camp de l'Arpa del Clot,CARRER,CONCA,1,1,B,,,,,,2,1,2.180726769,41.41304123
02-2014-1298,L'EIXAMPLE,el Fort Pienc,CARRER,CASP,1,75,,,,,,,6,1,2.178068479,41.39503013
06-2014-0364,GRACIA,la Vila de Gràcia,CARRER,MILA I FONTANALS,2,82,,,,,,,3,1,2.16068425,41.40274058
06-2014-0425,GRACIA,Vallcarca i els Penitents,AVINGUDA,REPUBLICA ARGENTINA,2,52,,,,,,,1,2,2.146818835,41.40919237
06-2014-0302,GRACIA,la Vila de Gràcia,CARRER,RIERA DE SANT MIQUEL,1,47,,,,,,,PR,1,2.155647576,41.3983025
02-2014-0975,L'EIXAMPLE,la Dreta de l'Eixample,CARRER,GIRONA,1,39,,,,,,,3,2,2.173739711,41.39270799
10-2014-0349,SANT MARTI,el Besòs i el Maresme,CARRER,FERRER BASSA,2,30,,,,,,,2,1,2.21653567,41.41664892
07-2014-0229,HORTA-GUINARDÓ,el Carmel,CARRER,RAMON ROCAFULL,1,75,,,,,,,AT,4,2.15456824,41.42241452
01-2014-0062,CIUTAT VELLA,el Raval,CARRER,JUNTA DE COMERÇ,1,23,,,,,,,PR,1,2.171889963,41.37944639
01-2014-0067,CIUTAT VELLA,el Raval,CARRER,JUNTA DE COMERÇ,1,23,,,,,,,3,2,2.171889963,41.37944639
02-2014-0303,L'EIXAMPLE,la Dreta de l'Eixample,CARRER,VALENCIA,2,308,,,,,,,PR,2,2.166205553,41.39473432
02-2014-1033,L'EIXAMPLE,la Dreta de l'Eixample,CARRER,BAILEN,1,125,,,,,,,4,2,2.168940433,41.39804172
02-2014-1034,L'EIXAMPLE,la Dreta de l'Eixample,CARRER,BAILEN,1,125,,,,,,,3,2,2.168940433,41.39804172
02-2014-1035,L'EIXAMPLE,la Dreta de l'Eixample,CARRER,BAILEN,1,125,,,,,,,2,1,2.168940433,41.39804172
02-2014-1036,L'EIXAMPLE,la Dreta de l'Eixample,CARRER,BAILEN,1,125,,,,,,,2,2,2.168940433,41.39804172
02-2014-1037,L'EIXAMPLE,la Dreta de l'Eixample,CARRER,BAILEN,1,125,,,,,,,1,1,2.168940433,41.39804172
02-2014-1038,L'EIXAMPLE,la Dreta de l'Eixample,CARRER,BAILEN,1,125,,,,,,,1,2,2.168940433,41.39804172
02-2014-1039,L'EIXAMPLE,la Dreta de l'Eixample,CARRER,BAILEN,1,125,,,,,,,PR,2,2.168940433,41.39804172
08-2014-0092,NOU BARRIS,Canyelles,CARRER,FEDERICO GARCIA LORCA,2,26,,,,,,,2,2,2.165836597,41.44379054
05-2014-0523,SARRIA-SANT GERVASI,Sarrià,CARRER,ENRIC GIMENEZ,1,21,,23,,,,,4,1,2.11873261,41.39604634
07-2014-0063,HORTA-GUINARDÓ,el Guinardó,CARRER,ART,2,30,,,,,,,1,1,2.177706143,41.420919
06-2014-0354,GRACIA,el Camp d'en Grassot i Gràcia Nova,CARRER,CORSEGA,1,491,,,,,,,3,3,2.168784304,41.40377917
06-2014-0388,GRACIA,la Vila de Gràcia,CARRER,SANTA CLOTILDE,2,6,,,,,,,BJ,1,2.153508119,41.40635974
06-2014-0393,GRACIA,la Vila de Gràcia,CARRER,GRAN DE GRACIA,2,160,,,,,,,AT,,2.152972651,41.40222592
08-2014-0103,NOU BARRIS,Vilapicina i la Torre Llobeta,CARRER,PARDO,2,66,,,,,,,2,,2.182644676,41.42987932
03-2014-0119,SANTS-MONTJUÏC,la Font de la Guatlla,CARRER,SANT FRUCTUOS,2,90,,,,,,,2,3,2.142547921,41.36892808
02-2014-0708,L'EIXAMPLE,la Nova Esquerra de l'Eixample,CARRER,VALENCIA,1,47,,,,,,,5,1,2.148867177,41.38195602
02-2014-1147,L'EIXAMPLE,la Dreta de l'Eixample,RAMBLA,CATALUNYA,2,52,,,,,,,6,2,2.164168587,41.39075107
02-2014-1151,L'EIXAMPLE,la Dreta de l'Eixample,RAMBLA,CATALUNYA,2,52,,,,,,,AT,1,2.164168587,41.39075107
07-2014-0219,HORTA-GUINARDÓ,el Guinardó,CARRER,GENOVA,1,29,,,,,,,SO,2,2.169071747,41.41780432
03-2014-0116,SANTS-MONTJUÏC,el Poble Sec,CARRER,ELKANO,1,17,,,,,,,3,1,2.164376706,41.37270657
03-2014-0105,SANTS-MONTJUÏC,la Font de la Guatlla,CARRER,SANT FRUCTUOS,2,10,,,,,,2,1,A,2.148048567,41.3724921
10-2014-0158,SANT MARTI,la Vila Olímpica del Poblenou,PASSATGE,GENERAL BASSOLS,2,26,,,,,,,3,,2.198280236,41.3939885
02-2014-0459,L'EIXAMPLE,la Sagrada Família,PLAÇA,SAGRADA FAMILIA,1,17,,,,,,,3,1,2.174174226,41.40241657
03-2014-0209,SANTS-MONTJUÏC,Sants,CARRER,DAOIZ I VELARDE,1,5,,,,,,,EN,,2.133579387,41.3743269
02-2014-0467,L'EIXAMPLE,la Dreta de l'Eixample,PASSEIG,GRACIA,2,44,,,,,,,9,D,2.165977919,41.39172116
10-2014-0195,SANT MARTI,la Vila Olímpica del Poblenou,CARRER,MARINA,1,29,,,,,,,EN,,2.195165415,41.38814025
02-2014-0520,L'EIXAMPLE,la Dreta de l'Eixample,CARRER,DIPUTACIO,2,268,,,,,,,4,3,2.168446445,41.39131697
03-2014-0383,SANTS-MONTJUÏC,el Poble Sec,CARRER,CONCORDIA,2,28,,,,,,,3,1,2.160246452,41.37360318
02-2014-1307,L'EIXAMPLE,la Dreta de l'Eixample,CARRER,ROGER DE LLURIA,2,6,,,,,,,2,4,2.17309105,41.39006522
10-2014-0380,SANT MARTI,el Poblenou,CARRER,LOPE DE VEGA,1,97,,,,,,,1,1,2.203271008,41.40451629
02-2014-1315,L'EIXAMPLE,la Dreta de l'Eixample,CARRER,CORSEGA,2,402,,,,,,,4,3,2.164471083,41.40026445
02-2014-1318,L'EIXAMPLE,la Dreta de l'Eixample,CARRER,CORSEGA,2,402,,,,,,,1,1,2.164471083,41.40026445
02-2014-1321,L'EIXAMPLE,la Dreta de l'Eixample,CARRER,CORSEGA,2,402,,,,,,,1,2,2.164471083,41.40026445
03-2014-0386,SANTS-MONTJUÏC,Hostafrancs,CARRER,CREU COBERTA,1,87,,,,,,,3,A,2.144532614,41.37512531
03-2014-0388,SANTS-MONTJUÏC,Hostafrancs,CARRER,CREU COBERTA,1,87,,,,,,,2,B,2.144532614,41.37512531
03-2014-0390,SANTS-MONTJUÏC,Hostafrancs,CARRER,CREU COBERTA,1,87,,,,,,,2,A,2.144532614,41.37512531
04-2014-0220,LES CORTS,la Maternitat i Sant Ramon,TRAVESSERA,CORTS,2,124,,,,,,,1,3,2.125863633,41.38069394
02-2014-0495,L'EIXAMPLE,la Sagrada Família,CARRER,PROVENÇA,2,474,,,,,,B,SA,2,2.176004226,41.40549334
06-2014-0154,GRACIA,la Vila de Gràcia,CARRER,PERLA,1,31,,,,,,,BJ,1,2.157883063,41.40394
10-2014-0263,SANT MARTI,el Poblenou,CARRER,BILBAO,2,98,,,,,,,4,3,2.200274831,41.40538398
10-2014-0716,SANT MARTI,el Besòs i el Maresme,CARRER,MESSINA,1,1,,,,,,,3,1,2.215648144,41.41672671
02-2014-0345,L'EIXAMPLE,Sant Antoni,AVINGUDA,PARAL.LEL,2,188,,190,,,,,EN,1,2.153204951,41.37519979
02-2014-0425,L'EIXAMPLE,l'Antiga Esquerra de l'Eixample,CARRER,MUNTANER,2,40,,,,,,,AT,4,2.160441002,41.38598749
02-2014-0643,L'EIXAMPLE,la Sagrada Família,CARRER,SICILIA,2,332,,,,,,,1,1,2.171425814,41.40326431
02-2014-0649,L'EIXAMPLE,l'Antiga Esquerra de l'Eixample,CARRER,ARIBAU,2,82,,,,,,,2,1,2.158032657,41.38951496
02-2014-0651,L'EIXAMPLE,l'Antiga Esquerra de l'Eixample,CARRER,ARIBAU,2,82,,,,,,,3,2,2.158032657,41.38951496
02-2014-0654,L'EIXAMPLE,l'Antiga Esquerra de l'Eixample,CARRER,ARIBAU,2,82,,,,,,,4,1,2.158032657,41.38951496
10-2014-0265,SANT MARTI,el Parc i la Llacuna del Poblenou,CARRER,PERE IV,1,121,,,,,,,2,2,2.195718881,41.40055039
02-2014-1188,L'EIXAMPLE,la Sagrada Família,PASSATGE,VILARET,1,23,,,,,,,4,1,2.179758288,41.40629652
02-2014-1190,L'EIXAMPLE,la Sagrada Família,PASSATGE,VILARET,1,23,,,,,,,AT,,2.179758288,41.40629652
07-2014-0249,HORTA-GUINARDÓ,Can Baró,CARRER,VALLSECA,2,26,,,,,,,1,1,2.162824672,41.41510948
08-2014-0144,NOU BARRIS,Verdun,CARRER,JOAQUIM VALLS,1,119,,,,,,,2,2,2.177682652,41.44486663
10-2014-0150,SANT MARTI,el Parc i la Llacuna del Poblenou,CARRER,JOAN D'AUSTRIA,1,105,,,,,,,8,3,2.187716432,41.39580899
07-2014-0055,HORTA-GUINARDÓ,el Guinardó,CARRER,SANT QUINTI,2,52,,68,,,,B,EN,1,2.177299696,41.41420005
02-2014-1231,L'EIXAMPLE,l'Antiga Esquerra de l'Eixample,CARRER,PARIS,2,172,,,,,,E,PR,1,2.152288741,41.39277853
02-2014-1232,L'EIXAMPLE,la Dreta de l'Eixample,CARRER,BRUC,1,63,,,,,,,2,2,2.170202855,41.39367246
07-2014-0151,HORTA-GUINARDÓ,el Baix Guinardó,CARRER,CARTAGENA,1,339,,,,,,,3,2,2.172781675,41.41221652
07-2014-0153,HORTA-GUINARDÓ,el Baix Guinardó,CARRER,CARTAGENA,1,339,,,,,,,AT,1,2.172781675,41.41221652
06-2014-0358,GRACIA,la Vila de Gràcia,CARRER,GRAN DE GRACIA,1,153,,,,,,,3,1,2.152452719,41.40255436
06-2014-0359,GRACIA,la Vila de Gràcia,CARRER,GRAN DE GRACIA,1,153,,,,,,,1,1,2.152452719,41.40255436
06-2014-0360,GRACIA,la Vila de Gràcia,CARRER,GRAN DE GRACIA,1,153,,,,,,,3,2,2.152452719,41.40255436
02-2014-1377,L'EIXAMPLE,la Sagrada Família,CARRER,SARDENYA,2,334,,,,,,,PR,1,2.172503658,41.40415563
03-2014-0575,SANTS-MONTJUÏC,Sants,CARRER,GAIARRE,2,52,,54,,,,,1,3,2.140311581,41.37332905
09-2014-0195,SANT ANDREU,Sant Andreu,CARRER,GRAN DE SANT ANDREU,2,442,,,,,,,4,3,2.188470404,41.4410472
09-2014-0066,SANT ANDREU,Navas,CARRER,MALLORCA,1,651,,,,,,,3,1,2.189350187,41.41408293
03-2014-0249,SANTS-MONTJUÏC,la Font de la Guatlla,GRAN VIA,CORTS CATALANES,2,286,,288,,,,,1,6,2.145379589,41.37188077
04-2014-0292,LES CORTS,les Corts,TRAVESSERA,CORTS,2,262,,,,,,B,2,1,2.13441642,41.38628309
04-2014-0293,LES CORTS,les Corts,CARRER,MARQUES DE SENTMENAT,2,44,,,,,,I,6,A,2.136921848,41.38485733
05-2014-0494,SARRIA-SANT GERVASI,Sarrià,CARRER,JORDA,1,11,,,,,,,2,,2.121319577,41.39696499
03-2014-0400,SANTS-MONTJUÏC,el Poble Sec,CARRER,HORTES,1,1,,,,,,,BJ,4,2.167652287,41.37295008
03-2014-0402,SANTS-MONTJUÏC,la Bordeta,CARRER,ALPENS,2,6,,,,,,,3,,2.140636425,41.37199393
03-2014-0405,SANTS-MONTJUÏC,la Bordeta,CARRER,ALPENS,2,6,,,,,,,2,,2.140636425,41.37199393
03-2014-0408,SANTS-MONTJUÏC,la Bordeta,CARRER,GAVA,2,32,,,,,,,2,1,2.140893586,41.37186135
03-2014-0420,SANTS-MONTJUÏC,la Bordeta,CARRER,GAVA,2,32,,,,,,,1,2,2.140893586,41.37186135
03-2014-0421,SANTS-MONTJUÏC,la Bordeta,CARRER,GAVA,2,32,,,,,,,1,3,2.140893586,41.37186135
03-2014-0422,SANTS-MONTJUÏC,el Poble Sec,CARRER,HORTES,1,3,,,,,,,3,2,2.167443483,41.37302472
03-2014-0423,SANTS-MONTJUÏC,Hostafrancs,CARRER,HOSTAFRANCS DE SIO,2,10,,,,,,,BJ,2,2.144235157,41.37389971
03-2014-0426,SANTS-MONTJUÏC,la Bordeta,CARRER,ALPENS,2,6,,,,,,,BJ,,2.140636425,41.37199393
03-2014-0430,SANTS-MONTJUÏC,el Poble Sec,CARRER,POETA CABANYES,1,17,,,,,,,PR,1,2.165785056,41.37429643
03-2014-0433,SANTS-MONTJUÏC,Sants,CARRER,VALLADOLID,1,21,,,,,,,1,3,2.136280347,41.37781574
03-2014-0435,SANTS-MONTJUÏC,Sants,CARRER,VALLADOLID,1,21,,,,,,,BJ,3,2.136280347,41.37781574
02-2014-1223,L'EIXAMPLE,la Dreta de l'Eixample,RAMBLA,CATALUNYA,2,118,,,,,,,AT,2,2.158400363,41.39495549
02-2014-1226,L'EIXAMPLE,la Dreta de l'Eixample,RAMBLA,CATALUNYA,2,118,,,,,,,4,2,2.158400363,41.39495549
03-2014-0106,SANTS-MONTJUÏC,el Poble Sec,AVINGUDA,PARAL.LEL,1,21,,,,,,,EN,4,2.17420485,41.37451487
03-2014-0278,SANTS-MONTJUÏC,Hostafrancs,CARRER,MOIANES,1,73,,75,,,,,2,8,2.142445677,41.37439539
03-2014-0279,SANTS-MONTJUÏC,Hostafrancs,CARRER,MOIANES,1,73,,75,,,,,2,9,2.142445677,41.37439539
03-2014-0280,SANTS-MONTJUÏC,Hostafrancs,CARRER,MOIANES,1,73,,75,,,,,,,2.142445677,41.37439539
03-2014-0281,SANTS-MONTJUÏC,Hostafrancs,CARRER,MOIANES,1,73,,75,,,,,3,1,2.142445677,41.37439539
03-2014-0282,SANTS-MONTJUÏC,Hostafrancs,CARRER,MOIANES,1,73,,75,,,,,3,2,2.142445677,41.37439539
03-2014-0284,SANTS-MONTJUÏC,Hostafrancs,CARRER,MOIANES,1,73,,75,,,,,3,3,2.142445677,41.37439539
03-2014-0285,SANTS-MONTJUÏC,Hostafrancs,CARRER,MOIANES,1,73,,75,,,,,3,4,2.142445677,41.37439539
03-2014-0286,SANTS-MONTJUÏC,Hostafrancs,CARRER,MOIANES,1,73,,75,,,,,3,5,2.142445677,41.37439539
03-2014-0287,SANTS-MONTJUÏC,Hostafrancs,CARRER,MOIANES,1,73,,75,,,,,3,6,2.142445677,41.37439539
02-2014-1622,L'EIXAMPLE,l'Antiga Esquerra de l'Eixample,CARRER,ARAGO,2,156,,,,,,,3,2,2.156689401,41.38586799
02-2014-0337,L'EIXAMPLE,la Dreta de l'Eixample,CARRER,ROSSELLO,2,210,,,,,,,1,3,2.158032517,41.39368324
02-2014-1013,L'EIXAMPLE,l'Antiga Esquerra de l'Eixample,CARRER,CONSELL DE CENT,1,217,,,,,,,2,3,2.157677105,41.38519217
02-2014-1014,L'EIXAMPLE,l'Antiga Esquerra de l'Eixample,CARRER,CASANOVA,2,72,,,,,,,3,1,2.158827209,41.38549883
02-2014-1386,L'EIXAMPLE,la Sagrada Família,CARRER,SARDENYA,2,334,,,,,,,PR,2,2.172503658,41.40415563
02-2014-1396,L'EIXAMPLE,la Sagrada Família,CARRER,SARDENYA,2,334,,,,,,,4,1,2.172503658,41.40415563
02-2014-1400,L'EIXAMPLE,la Sagrada Família,CARRER,SARDENYA,2,334,,,,,,,1,,2.172503658,41.40415563
06-2014-0381,GRACIA,el Camp d'en Grassot i Gràcia Nova,TRAVESSERA,GRACIA,1,341,,,,,,,1,2,2.167301148,41.40741018
02-2014-1407,L'EIXAMPLE,la Sagrada Família,CARRER,SARDENYA,2,334,,,,,,,2,,2.172503658,41.40415563
02-2014-1414,L'EIXAMPLE,la Sagrada Família,CARRER,SARDENYA,2,334,,,,,,,3,1,2.172503658,41.40415563
02-2014-1419,L'EIXAMPLE,Sant Antoni,CARRER,FLORIDABLANCA,1,89,,,,,,,PR,2,2.159525437,41.37943443
02-2014-1422,L'EIXAMPLE,la Sagrada Família,CARRER,SARDENYA,2,334,,,,,,,3,2,2.172503658,41.40415563
02-2014-1431,L'EIXAMPLE,la Sagrada Família,CARRER,SARDENYA,2,334,,,,,,,4,2,2.172503658,41.40415563
02-2014-0440,L'EIXAMPLE,la Dreta de l'Eixample,RONDA,SANT PERE,1,47,,,,,,,1,1,2.178701721,41.39134681
06-2014-0146,GRACIA,la Vila de Gràcia,CARRER,LUIS ANTUNEZ,2,14,,,,,,,PR,,2.155100529,41.39833026
03-2014-0437,SANTS-MONTJUÏC,Sants,CARRER,VALLADOLID,1,21,,,,,,,AT,,2.136280347,41.37781574
03-2014-0486,SANTS-MONTJUÏC,el Poble Sec,CARRER,TAPIOLES,1,45,,,,,,,BJ,1,2.163970809,41.37260664
03-2014-0222,SANTS-MONTJUÏC,el Poble Sec,AVINGUDA,PARAL.LEL,1,75,,,,,,,1,,2.168048133,41.37478631
03-2014-0223,SANTS-MONTJUÏC,el Poble Sec,AVINGUDA,PARAL.LEL,1,75,,,,,,,EN,,2.168048133,41.37478631
03-2014-0224,SANTS-MONTJUÏC,el Poble Sec,AVINGUDA,PARAL.LEL,1,75,,,,,,,AT,,2.168048133,41.37478631
02-2014-1463,L'EIXAMPLE,l'Antiga Esquerra de l'Eixample,CARRER,PARIS,2,174,B,,,,,,5,2,2.152459105,41.392905
02-2014-1473,L'EIXAMPLE,l'Antiga Esquerra de l'Eixample,CARRER,PARIS,2,174,B,,,,,,5,1,2.152459105,41.392905
02-2014-0736,L'EIXAMPLE,la Sagrada Família,CARRER,LEPANT,1,349,,,,,,,3,2,2.17125369,41.40838462
05-2014-0199,SARRIA-SANT GERVASI,Sant Gervasi - Galvany,CARRER,BALMES,1,183,,,,,,,6,2,2.152967791,41.39654093
03-2014-0137,SANTS-MONTJUÏC,Sants,CARRER,VALLADOLID,1,21,,,,,,,BJ,2,2.136280347,41.37781574
03-2014-0138,SANTS-MONTJUÏC,Sants,CARRER,VALLADOLID,1,21,,,,,,,1,2,2.136280347,41.37781574
03-2014-0139,SANTS-MONTJUÏC,Sants,CARRER,VALLADOLID,1,21,,,,,,,2,2,2.136280347,41.37781574
06-2014-0208,GRACIA,el Camp d'en Grassot i Gràcia Nova,CARRER,GRASSOT,1,93,,,,,,,3,1,2.16519624,41.4051986
02-2014-1438,L'EIXAMPLE,la Sagrada Família,CARRER,SARDENYA,2,334,,,,,,,AT,,2.172503658,41.40415563
02-2014-1443,L'EIXAMPLE,la Nova Esquerra de l'Eixample,CARRER,ROSSELLO,1,47,,49,,,,,AT,2,2.145219401,41.3843003
02-2014-1449,L'EIXAMPLE,la Nova Esquerra de l'Eixample,CARRER,ROSSELLO,1,47,,49,,,,,AT,1,2.145219401,41.3843003
10-2014-0408,SANT MARTI,la Vila Olímpica del Poblenou,CARRER,ARQUITECTE SERT,1,7,,9,,,,,5,2,2.198487705,41.39117982
02-2014-1465,L'EIXAMPLE,la Sagrada Família,CARRER,CASTILLEJOS,1,323,,,,,,,3,4,2.175035895,41.4088651
02-2014-1472,L'EIXAMPLE,l'Antiga Esquerra de l'Eixample,CARRER,ARIBAU,1,63,,,,,,,1,1,2.158792694,41.38866098
02-2014-1474,L'EIXAMPLE,la Sagrada Família,CARRER,CASTILLEJOS,1,323,,,,,,,3,2,2.175035895,41.4088651
02-2014-1480,L'EIXAMPLE,el Fort Pienc,CARRER,NAPOLS,2,168,,,,,,A,1,1,2.175994619,41.39810205
02-2014-1481,L'EIXAMPLE,l'Antiga Esquerra de l'Eixample,CARRER,ARIBAU,1,63,,,,,,,1,2,2.158792694,41.38866098
02-2014-1487,L'EIXAMPLE,l'Antiga Esquerra de l'Eixample,CARRER,ARIBAU,1,63,,,,,,,1,4,2.158792694,41.38866098
06-2014-0390,GRACIA,Vallcarca i els Penitents,CARRER,VECIANA,2,38,,,,,,,,,2.143311009,41.42005567
06-2014-0391,GRACIA,Vallcarca i els Penitents,CARRER,VECIANA,2,34,,,,,,,,,2.143138967,41.4200538
07-2014-0215,HORTA-GUINARDÓ,el Carmel,CARRER,CALDERON DE LA BARCA,1,123,,,,,,,2,,2.157325424,41.41926006
02-2014-2199,L'EIXAMPLE,la Nova Esquerra de l'Eixample,CARRER,VALENCIA,2,92,,,,,,,1,1,2.150061659,41.38257965
02-2014-2200,L'EIXAMPLE,la Nova Esquerra de l'Eixample,CARRER,VALENCIA,2,92,,,,,,,PR,1,2.150061659,41.38257965
02-2014-2203,L'EIXAMPLE,Sant Antoni,CARRER,COMTE D'URGELL,2,18,,,,,,,1,1,2.161848781,41.37986976
02-2014-2205,L'EIXAMPLE,Sant Antoni,CARRER,COMTE D'URGELL,2,18,,,,,,,1,2,2.161848781,41.37986976
02-2014-1262,L'EIXAMPLE,la Sagrada Família,PASSATGE,GAIOLA,1,11,,,,,,,2,2,2.17309077,41.40101057
02-2014-1267,L'EIXAMPLE,la Sagrada Família,CARRER,MALLORCA,2,448,,,,,,,PR,2,2.177538702,41.40494372
06-2014-0404,GRACIA,la Vila de Gràcia,CARRER,VERDI,1,111,,,,,,,BJ,A,2.154502132,41.40604726
06-2014-0416,GRACIA,la Vila de Gràcia,CARRER,JOAN BLANQUES,2,12,,,,,,,1,1,2.161136517,41.4045922
10-2014-0819,SANT MARTI,Sant Martí de Provençals,CARRER,HUELVA,1,51,,,,,,,3,2,2.195463924,41.41697852
04-2014-0064,LES CORTS,les Corts,CARRER,TAQUIGRAF MARTI,2,20,,,,,,,3,1,2.12984295,41.3850479
02-2014-1016,L'EIXAMPLE,la Dreta de l'Eixample,PASSEIG,GRACIA,1,51,,,,,,,1,1B,2.164177971,41.39233147
02-2014-1239,L'EIXAMPLE,l'Antiga Esquerra de l'Eixample,CARRER,CORSEGA,1,211,,,,,,,2,1,2.152014644,41.39114476
02-2014-1241,L'EIXAMPLE,l'Antiga Esquerra de l'Eixample,CARRER,CORSEGA,1,211,,,,,,,6,1,2.152014644,41.39114476
02-2014-1244,L'EIXAMPLE,l'Antiga Esquerra de l'Eixample,CARRER,CORSEGA,1,211,,,,,,,PR,2,2.152014644,41.39114476
02-2014-1250,L'EIXAMPLE,el Fort Pienc,CARRER,MARINA,1,189,,,,,,,5,4,2.179447062,41.40015109
02-2014-1252,L'EIXAMPLE,el Fort Pienc,CARRER,MARINA,1,189,,,,,,,1,4,2.179447062,41.40015109
02-2014-1254,L'EIXAMPLE,el Fort Pienc,CARRER,MARINA,1,189,,,,,,,3,2,2.179447062,41.40015109
02-2014-1280,L'EIXAMPLE,la Dreta de l'Eixample,RAMBLA,CATALUNYA,1,85,,,,,,,3,2,2.161359567,41.39240245
02-2014-1299,L'EIXAMPLE,l'Antiga Esquerra de l'Eixample,CARRER,VILLARROEL,2,76,,,,,,,2,,2.158209633,41.38425071
02-2014-1300,L'EIXAMPLE,l'Antiga Esquerra de l'Eixample,CARRER,VILLARROEL,2,76,,,,,,,AT,1,2.158209633,41.38425071
06-2014-0592,GRACIA,el Camp d'en Grassot i Gràcia Nova,PASSATGE,NOGUES,2,60,,,,,,,2,,2.165273914,41.40896516
06-2014-0593,GRACIA,el Camp d'en Grassot i Gràcia Nova,PASSATGE,NOGUES,2,60,,,,,,,1,,2.165273914,41.40896516
02-2014-1655,L'EIXAMPLE,la Nova Esquerra de l'Eixample,CARRER,ENTENÇA,2,84,,,,,,,7,4,2.150910063,41.37953474
03-2014-0140,SANTS-MONTJUÏC,Sants,CARRER,GUADIANA,2,32,,38,,,,D,3,1,2.139520223,41.37341655
06-2014-0210,GRACIA,el Camp d'en Grassot i Gràcia Nova,TRAVESSERA,GRACIA,1,333,,,,,,,1,2,2.166709052,41.40704213
06-2014-0211,GRACIA,el Camp d'en Grassot i Gràcia Nova,TRAVESSERA,GRACIA,1,333,,,,,,,PR,2,2.166709052,41.40704213
02-2014-0833,L'EIXAMPLE,la Dreta de l'Eixample,GRAN VIA,CORTS CATALANES,1,637,,,,,,,4,,2.171191519,41.39194768
02-2014-0835,L'EIXAMPLE,la Dreta de l'Eixample,PASSEIG,GRACIA,2,58,,,,,,,2,1,2.164793521,41.39267241
02-2014-0836,L'EIXAMPLE,la Dreta de l'Eixample,PASSEIG,GRACIA,2,58,,,,,,,2,2,2.164793521,41.39267241
02-2014-0839,L'EIXAMPLE,la Dreta de l'Eixample,CARRER,PELAI,1,9,,,,H1,,,3,2,2.166531211,41.38585717
03-2014-0305,SANTS-MONTJUÏC,el Poble Sec,CARRER,JAUME FABRA,2,12,,,,,,,EN,2,2.159683801,41.37441553
06-2014-0283,GRACIA,la Salut,CARRER,LARRARD,2,42,,,,,,,2,2,2.154021635,41.41238777
02-2014-0876,L'EIXAMPLE,la Dreta de l'Eixample,CARRER,ROGER DE FLOR,2,136,,,,,,,1,1,2.176102917,41.3963174
02-2014-1120,L'EIXAMPLE,la Dreta de l'Eixample,PASSEIG,GRACIA,2,42,,,,,,,5,2,2.166465529,41.39132267
10-2014-0351,SANT MARTI,el Camp de l'Arpa del Clot,CARRER,INDUSTRIA,2,222,,,,,,,5,2,2.177600632,41.41184614
02-2014-1124,L'EIXAMPLE,la Dreta de l'Eixample,RAMBLA,CATALUNYA,1,95,,,,,,,5,1,2.160528508,41.39301053
02-2014-1602,L'EIXAMPLE,Sant Antoni,CARRER,FLORIDABLANCA,1,49,,,,,,,PR,2,2.157223848,41.37766844
07-2014-0259,HORTA-GUINARDÓ,el Guinardó,CARRER,TELEGRAF,2,58,,,,,,,AT,,2.172590081,41.41752451
04-2014-0175,LES CORTS,les Corts,CARRER,GUITARD,2,70,,,,,,,1,2,2.136832442,41.38377344
02-2014-0248,L'EIXAMPLE,la Sagrada Família,CARRER,MALLORCA,2,468,,,,,,,5,1,2.178656165,41.4057806
06-2014-0079,GRACIA,Vallcarca i els Penitents,BAIXADA,GLORIA,2,6,,8,,,,A,2,3,2.147789971,41.41040082
02-2014-1127,L'EIXAMPLE,la Dreta de l'Eixample,GRAN VIA,CORTS CATALANES,2,682,,,,,,,SA,2,2.173056644,41.39268474
02-2014-1128,L'EIXAMPLE,la Dreta de l'Eixample,CARRER,ARAGO,1,321,,,,,,,5,3,2.169930975,41.39617077
02-2014-1134,L'EIXAMPLE,la Dreta de l'Eixample,RONDA,SANT PERE,2,26,,,,,,,5,2,2.174241047,41.38935499
02-2014-1136,L'EIXAMPLE,la Dreta de l'Eixample,RONDA,SANT PERE,2,26,,,,,,,3,2,2.174241047,41.38935499
02-2014-1137,L'EIXAMPLE,la Dreta de l'Eixample,RONDA,SANT PERE,2,26,,,,,,,6,2,2.174241047,41.38935499
02-2014-1138,L'EIXAMPLE,la Dreta de l'Eixample,RONDA,SANT PERE,2,26,,,,,,,4,2,2.174241047,41.38935499
07-2014-0262,HORTA-GUINARDÓ,el Guinardó,AVINGUDA,MARE DEU DE MONTSERRAT,1,137,,,,,,,1,4,2.170104186,41.4165445
01-2018-0196,CIUTAT VELLA,el Barri Gòtic,CARRER,PETRITXOL,1,17,,,,,,,2,4,2.172506384,41.38317636
05-2014-0396,SARRIA-SANT GERVASI,Sant Gervasi - la Bonanova,CARRER,CAMP,1,77,,,,,,,2,B,2.135123165,41.40433372
05-2014-0397,SARRIA-SANT GERVASI,Sant Gervasi - la Bonanova,CARRER,CAMP,1,77,,,,,,,2,A,2.135123165,41.40433372
03-2014-0292,SANTS-MONTJUÏC,Hostafrancs,CARRER,CREU COBERTA,1,87,,,,,,,AT,A,2.144532614,41.37512531
02-2014-1527,L'EIXAMPLE,la Dreta de l'Eixample,CARRER,BRUC,2,136,,138,,,,,4,1,2.166055152,41.39708361
03-2014-0450,SANTS-MONTJUÏC,el Poble Sec,CARRER,TAPIOLES,1,55,,,,,,,4,1,2.163845959,41.37226102
02-2014-1547,L'EIXAMPLE,la Sagrada Família,CARRER,SARDENYA,1,263,,,,,,,EN,2,2.175676474,41.40148088
02-2014-1572,L'EIXAMPLE,la Nova Esquerra de l'Eixample,CARRER,CONSELL DE CENT,2,130,,136,,,,D,7,C,2.15336991,41.38167159
06-2014-0403,GRACIA,la Vila de Gràcia,PLAÇA,VILA DE GRACIA,1,19,,,,,,,4,2,2.157480386,41.39996823
02-2014-1615,L'EIXAMPLE,Sant Antoni,CARRER,PARLAMENT,1,53,,,,,,,3,2,2.163812673,41.37752768
10-2014-0469,SANT MARTI,el Poblenou,CARRER,PUJADES,1,219,,,,,,,4,2,2.203161192,41.40369578
05-2014-0247,SARRIA-SANT GERVASI,Sant Gervasi - Galvany,TRAVESSERA,GRACIA,2,92,,,,,,,1,,2.153100335,41.3982454
10-2014-0473,SANT MARTI,el Camp de l'Arpa del Clot,CARRER,SANT ANTONI MARIA CLARET,2,268,,,,,,,5,1,2.176479157,41.41266223
07-2014-0176,HORTA-GUINARDÓ,la Teixonera,CARRER,FASTENRATH,2,108,,,,,,,BJ,3,2.148144765,41.42289325
02-2014-2206,L'EIXAMPLE,Sant Antoni,CARRER,COMTE D'URGELL,2,18,,,,,,,2,1,2.161848781,41.37986976
02-2014-2207,L'EIXAMPLE,Sant Antoni,CARRER,COMTE D'URGELL,2,18,,,,,,,2,2,2.161848781,41.37986976
09-2014-0208,SANT ANDREU,la Trinitat Vella,CARRETERA,RIBES,2,74,,,,,,,1,1,2.189790944,41.44917732
02-2014-2038,L'EIXAMPLE,la Dreta de l'Eixample,RAMBLA,CATALUNYA,2,52,,,,,,,4,2,2.164168587,41.39075107
02-2014-2040,L'EIXAMPLE,la Dreta de l'Eixample,RAMBLA,CATALUNYA,2,52,,,,,,,4,1,2.164168587,41.39075107
02-2014-2042,L'EIXAMPLE,la Dreta de l'Eixample,RAMBLA,CATALUNYA,2,52,,,,,,,2,2,2.164168587,41.39075107
02-2014-2043,L'EIXAMPLE,la Dreta de l'Eixample,RAMBLA,CATALUNYA,2,52,,,,,,,AT,3,2.164168587,41.39075107
02-2014-2044,L'EIXAMPLE,l'Antiga Esquerra de l'Eixample,CARRER,VILLARROEL,1,213,,,,,,,11,3,2.150012289,41.39016589
02-2014-2045,L'EIXAMPLE,Sant Antoni,CARRER,VILADOMAT,1,89,,,,,,,EN,3,2.157999215,41.37902138
01-2014-0367,CIUTAT VELLA,la Barceloneta,CARRER,SAFAREIGS,1,15,,,,,,,BJ,,2.189134835,41.38115457
02-2014-0255,L'EIXAMPLE,l'Antiga Esquerra de l'Eixample,CARRER,VALENCIA,1,163,,,,,,,1,2,2.157037233,41.38813346
03-2014-0235,SANTS-MONTJUÏC,el Poble Sec,CARRER,TAPIOLES,1,63,,,,,,,3,1,2.163732526,41.37194188
03-2014-0760,SANTS-MONTJUÏC,Sants,CARRER,SANTS,2,138,,,,,,,3,1,2.134060356,41.37554217
02-2014-1301,L'EIXAMPLE,l'Antiga Esquerra de l'Eixample,CARRER,VILLARROEL,2,76,,,,,,,PR,,2.158209633,41.38425071
02-2014-1304,L'EIXAMPLE,l'Antiga Esquerra de l'Eixample,CARRER,VILLARROEL,2,76,,,,,,,AT,2,2.158209633,41.38425071
02-2014-1305,L'EIXAMPLE,l'Antiga Esquerra de l'Eixample,CARRER,VILLARROEL,2,76,,,,,,,1,,2.158209633,41.38425071
02-2014-1306,L'EIXAMPLE,l'Antiga Esquerra de l'Eixample,CARRER,VILLARROEL,2,76,,,,,,,3,,2.158209633,41.38425071
03-2014-0385,SANTS-MONTJUÏC,el Poble Sec,CARRER,ELKANO,2,22,,,,,,,3,1,2.164569148,41.37276415
02-2014-1689,L'EIXAMPLE,la Nova Esquerra de l'Eixample,CARRER,COMTE D'URGELL,1,131,,,,,,,EN,1,2.153226273,41.38596399
02-2014-1693,L'EIXAMPLE,la Nova Esquerra de l'Eixample,CARRER,COMTE D'URGELL,1,131,,,,,,,EN,2,2.153226273,41.38596399
02-2014-1699,L'EIXAMPLE,la Nova Esquerra de l'Eixample,CARRER,COMTE D'URGELL,1,131,,,,,,,PR,1,2.153226273,41.38596399
02-2014-1702,L'EIXAMPLE,la Nova Esquerra de l'Eixample,CARRER,COMTE D'URGELL,1,131,,,,,,,PR,2,2.153226273,41.38596399
02-2014-1705,L'EIXAMPLE,la Nova Esquerra de l'Eixample,CARRER,COMTE D'URGELL,1,131,,,,,,,2,1,2.153226273,41.38596399
02-2014-1706,L'EIXAMPLE,la Nova Esquerra de l'Eixample,CARRER,COMTE D'URGELL,1,131,,,,,,,2,2,2.153226273,41.38596399
02-2014-1711,L'EIXAMPLE,la Nova Esquerra de l'Eixample,CARRER,COMTE D'URGELL,1,131,,,,,,,2,3,2.153226273,41.38596399
04-2014-0104,LES CORTS,les Corts,CARRER,GALILEU,2,316,,,,,,,2,6,2.131537079,41.38554987
02-2014-0879,L'EIXAMPLE,la Dreta de l'Eixample,CARRER,ROGER DE FLOR,2,136,,,,,,,1,2,2.176102917,41.3963174
02-2014-0881,L'EIXAMPLE,la Dreta de l'Eixample,CARRER,ROGER DE FLOR,2,136,,,,,,,2,2,2.176102917,41.3963174
02-2014-0883,L'EIXAMPLE,la Dreta de l'Eixample,CARRER,ROGER DE FLOR,2,136,,,,,,,3,1,2.176102917,41.3963174
02-2014-0885,L'EIXAMPLE,la Dreta de l'Eixample,CARRER,ROGER DE FLOR,2,136,,,,,,,3,2,2.176102917,41.3963174
02-2014-0886,L'EIXAMPLE,la Dreta de l'Eixample,CARRER,ROGER DE FLOR,2,136,,,,,,,4,1,2.176102917,41.3963174
02-2014-0888,L'EIXAMPLE,la Dreta de l'Eixample,CARRER,ROGER DE FLOR,2,136,,,,,,,4,2,2.176102917,41.3963174
02-2014-0889,L'EIXAMPLE,la Dreta de l'Eixample,CARRER,ROGER DE FLOR,2,136,,,,,,,AT,2,2.176102917,41.3963174
02-2014-0890,L'EIXAMPLE,la Dreta de l'Eixample,CARRER,ROGER DE FLOR,2,136,,,,,,,2,1,2.176102917,41.3963174
02-2014-1133,L'EIXAMPLE,la Sagrada Família,CARRER,MARINA,2,252,,,,,,,2,2,2.176377604,41.40315253
02-2014-1154,L'EIXAMPLE,la Dreta de l'Eixample,RAMBLA,CATALUNYA,2,52,,,,,,,AT,2,2.164168587,41.39075107
02-2014-1359,L'EIXAMPLE,Sant Antoni,CARRER,FLORIDABLANCA,2,126,,,,,,,EN,1,2.161485498,41.38059778
02-2014-1459,L'EIXAMPLE,Sant Antoni,CARRER,CASANOVA,1,11,,,,,,,EN,,2.162622595,41.38235634
02-2014-1466,L'EIXAMPLE,Sant Antoni,CARRER,COMTE BORRELL,1,49,,,,,,,2,2,2.162534427,41.37729659
06-2014-0392,GRACIA,la Vila de Gràcia,CARRER,MONTSENY,1,3,,,,,,,4,,2.153913567,41.40155582
06-2014-0394,GRACIA,la Vila de Gràcia,CARRER,VERDI,1,111,,,,,,,1,2,2.154502132,41.40604726
02-2014-0704,L'EIXAMPLE,l'Antiga Esquerra de l'Eixample,CARRER,PROVENÇA,2,154,,,,,,,4,4,2.15242135,41.38777803
02-2014-0804,L'EIXAMPLE,la Sagrada Família,CARRER,MALLORCA,2,502,,,,,,,1,1,2.180410455,41.40709547
02-2014-0830,L'EIXAMPLE,la Dreta de l'Eixample,PASSEIG,GRACIA,1,45,,,,,,,5,2,2.164884254,41.39175329
02-2014-0832,L'EIXAMPLE,la Dreta de l'Eixample,PASSEIG,GRACIA,1,45,,,,,,,2,2,2.164884254,41.39175329
07-2014-0198,HORTA-GUINARDÓ,Sant Genís dels Agudells,CARRER,SALDES,1,33,,,,,,,,,2.135311421,41.42850383
07-2014-0177,HORTA-GUINARDÓ,la Teixonera,CARRER,SANTA ALBINA,1,27,,,,,,,2,2,2.149562873,41.42319394
07-2014-0178,HORTA-GUINARDÓ,la Teixonera,CARRER,SANTA ROSALIA,1,107,,,,,,,EN,1,2.14917774,41.42364186
07-2014-0179,HORTA-GUINARDÓ,la Teixonera,CARRER,FASTENRATH,2,108,,,,,,,BJ,2,2.148144765,41.42289325
05-2014-0249,SARRIA-SANT GERVASI,les Tres Torres,CARRER,MILANESAT,1,33,,,,,,,2,2,2.131296721,41.39880574
10-2014-0481,SANT MARTI,el Parc i la Llacuna del Poblenou,CARRER,BUENAVENTURA MUÑOZ,2,26,,,,,,,BJ,,2.185154077,41.39174364
02-2014-2046,L'EIXAMPLE,Sant Antoni,CARRER,VILADOMAT,1,89,,,,,,,EN,4,2.157999215,41.37902138
02-2014-2048,L'EIXAMPLE,la Sagrada Família,CARRER,VALENCIA,1,415,,,,,,,2,3,2.175075905,41.40167644
02-2014-2052,L'EIXAMPLE,la Dreta de l'Eixample,CARRER,ALI BEI,2,12,,,,,,,PR,1,2.178681189,41.39181102
02-2014-2054,L'EIXAMPLE,la Nova Esquerra de l'Eixample,CARRER,DIPUTACIO,1,113,,115,,,,E,1,1,2.15634575,41.38248592
02-2014-2055,L'EIXAMPLE,el Fort Pienc,CARRER,CONSELL DE CENT,1,479,,,,,,,EN,2,2.176864579,41.39961145
02-2014-2056,L'EIXAMPLE,la Dreta de l'Eixample,CARRER,ROGER DE LLURIA,2,8,,10,,,,,1,1,2.172955198,41.39016698
02-2014-2057,L'EIXAMPLE,la Dreta de l'Eixample,AVINGUDA,DIAGONAL,1,311,,,,,,A,7,1,2.172818714,41.39961758
02-2014-2058,L'EIXAMPLE,l'Antiga Esquerra de l'Eixample,CARRER,DIPUTACIO,2,214,,,,,,,5,1,2.161440032,41.38604052
01-2018-0263,CIUTAT VELLA,Sant Pere Santa Caterina i la Ribera,CARRER,ARGENTERIA,1,21,,,,,,,5,,2.179601654,41.38384837
02-2014-0480,L'EIXAMPLE,la Dreta de l'Eixample,CARRER,ROGER DE LLURIA,2,80,,,,,,,4,1,2.16673605,41.39486829
02-2014-1714,L'EIXAMPLE,la Nova Esquerra de l'Eixample,CARRER,COMTE D'URGELL,1,131,,,,,,,2,4,2.153226273,41.38596399
02-2014-1719,L'EIXAMPLE,la Nova Esquerra de l'Eixample,CARRER,COMTE D'URGELL,1,131,,,,,,,4,3,2.153226273,41.38596399
02-2014-1723,L'EIXAMPLE,la Nova Esquerra de l'Eixample,CARRER,COMTE D'URGELL,1,131,,,,,,,4,4,2.153226273,41.38596399
02-2014-1725,L'EIXAMPLE,la Nova Esquerra de l'Eixample,CARRER,COMTE D'URGELL,1,131,,,,,,,5,2,2.153226273,41.38596399
02-2014-1728,L'EIXAMPLE,la Nova Esquerra de l'Eixample,CARRER,COMTE D'URGELL,1,131,,,,,,,6,4,2.153226273,41.38596399
02-2014-1732,L'EIXAMPLE,la Nova Esquerra de l'Eixample,CARRER,COMTE D'URGELL,1,131,,,,,,,7,1,2.153226273,41.38596399
02-2014-1734,L'EIXAMPLE,la Nova Esquerra de l'Eixample,CARRER,COMTE D'URGELL,1,131,,,,,,,7,4,2.153226273,41.38596399
02-2014-1736,L'EIXAMPLE,la Nova Esquerra de l'Eixample,CARRER,COMTE D'URGELL,1,131,,,,,,,7,3,2.153226273,41.38596399
02-2014-1741,L'EIXAMPLE,la Nova Esquerra de l'Eixample,CARRER,COMTE D'URGELL,1,131,,,,,,,3,4,2.153226273,41.38596399
10-2014-0806,SANT MARTI,el Besòs i el Maresme,CARRER,MURET,2,8,,,,,,,5,2,2.211749476,41.4191711
05-2014-0492,SARRIA-SANT GERVASI,Sant Gervasi - la Bonanova,CARRER,PUJOL,2,8,,,,,,,1,4,2.136862794,41.40463495
02-2014-1213,L'EIXAMPLE,la Dreta de l'Eixample,CARRER,BALMES,1,9,,,,,,,PR,2,2.165864503,41.38672895
02-2014-1500,L'EIXAMPLE,la Dreta de l'Eixample,RAMBLA,CATALUNYA,1,37,,,,,,,AT,2,2.164965316,41.38977084
02-2014-1505,L'EIXAMPLE,la Dreta de l'Eixample,CARRER,DIPUTACIO,2,320,,,,,,,6,C,2.172604868,41.39443655
05-2014-0089,SARRIA-SANT GERVASI,Sant Gervasi - Galvany,CARRER,ARIBAU,2,226,,,,,,I,EN,1,2.150536157,41.39517058
06-2014-0141,GRACIA,el Camp d'en Grassot i Gràcia Nova,TRAVESSERA,GRACIA,2,288,,,,,,,EN,1,2.167052943,41.40699958
02-2014-0904,L'EIXAMPLE,l'Antiga Esquerra de l'Eixample,CARRER,PROVENÇA,1,183,,,,,,,2,1,2.156476297,41.39108646
02-2014-0910,L'EIXAMPLE,l'Antiga Esquerra de l'Eixample,CARRER,PARIS,1,127,,,,,,,2,2,2.14882165,41.39044852
06-2014-0395,GRACIA,la Vila de Gràcia,CARRER,VERDI,1,111,,,,,,,1,1,2.154502132,41.40604726
06-2014-0405,GRACIA,la Vila de Gràcia,CARRER,LLIBERTAT,1,41,,,,,,,EN,2,2.162182145,41.4004456
06-2014-0419,GRACIA,la Vila de Gràcia,CARRER,TORRENT DE LES FLORS,2,52,,,,,,,1,2,2.160455442,41.4060258
06-2014-0421,GRACIA,el Camp d'en Grassot i Gràcia Nova,CARRER,GRASSOT,2,34,,,,,,,BJ,1,2.167619108,41.40353322
06-2014-0424,GRACIA,la Salut,CARRER,MARE DE DEU DEL COLL,2,56,,58,,,,,2,2,2.148442265,41.41020662
03-2014-0667,SANTS-MONTJUÏC,Sants,CARRER,MIQUEL ANGEL,1,79,,,,,,,BJ,2,2.131525814,41.37727037
03-2014-0668,SANTS-MONTJUÏC,Sants,CARRER,MIQUEL ANGEL,1,79,,,,,,,1,1,2.131525814,41.37727037
03-2014-0683,SANTS-MONTJUÏC,la Bordeta,RAMBLA,BADAL,2,24,,26,,,,,EN,3A,2.134652708,41.366673
01-2018-0198,CIUTAT VELLA,el Barri Gòtic,CARRER,PETRITXOL,1,17,,,,,,,3,3,2.172506384,41.38317636
10-2014-0729,SANT MARTI,la Vila Olímpica del Poblenou,CARRER,SALVADOR ESPRIU,1,79,,,,,,,4,2,2.199917229,41.39133785
02-2014-0383,L'EIXAMPLE,el Fort Pienc,CARRER,MARINA,2,212,,,,,,,8,2,2.179256852,41.40104486
02-2014-0384,L'EIXAMPLE,el Fort Pienc,CARRER,MARINA,2,212,,,,,,,PR,2,2.179256852,41.40104486
02-2014-0385,L'EIXAMPLE,el Fort Pienc,CARRER,MARINA,2,212,,,,,,,PR,1,2.179256852,41.40104486
02-2014-0386,L'EIXAMPLE,el Fort Pienc,CARRER,MARINA,2,212,,,,,,,PR,3,2.179256852,41.40104486
02-2014-0387,L'EIXAMPLE,el Fort Pienc,CARRER,MARINA,2,212,,,,,,,4,2,2.179256852,41.40104486
09-2014-0154,SANT ANDREU,Navas,CARRER,MURCIA,1,51,,,,,,A,6,1,2.190814834,41.41689271
02-2014-2059,L'EIXAMPLE,la Sagrada Família,CARRER,CORSEGA,2,568,,,,,,,5,2,2.173858145,41.40733347
02-2014-2060,L'EIXAMPLE,la Sagrada Família,PASSATGE,UTSET,2,8,,,,,,B,2,,2.177642053,41.40448197
10-2014-0661,SANT MARTI,el Poblenou,CARRER,PALLARS,2,232,,236,,,,,1,1,2.200235691,41.40285068
10-2014-0662,SANT MARTI,la Vila Olímpica del Poblenou,AVINGUDA,ICARIA,2,188,,,,,,,2,,2.19976323,41.39331163
10-2014-0663,SANT MARTI,el Poblenou,CARRER,PALLARS,2,232,,236,,,,,1,3,2.200235691,41.40285068
10-2014-0664,SANT MARTI,el Poblenou,CARRER,RAMON TURRO,1,209,,,,,,,1,1,2.203766016,41.40071203
10-2014-0669,SANT MARTI,el Parc i la Llacuna del Poblenou,CARRER,SARDENYA,1,65,,,,,,,EN,2,2.18739261,41.39262014
10-2014-0672,SANT MARTI,el Camp de l'Arpa del Clot,CARRER,INDUSTRIA,2,266,,,,,,,PR,1,2.179224826,41.41316049
10-2014-0673,SANT MARTI,el Poblenou,CARRER,PALLARS,1,307,,311,,,,,2,D,2.20334104,41.40550578
10-2014-0674,SANT MARTI,el Camp de l'Arpa del Clot,CARRER,PROVENÇA,1,571,,,,,,,BJ,,2.181682993,41.40989331
10-2014-0676,SANT MARTI,Diagonal Mar i el Front Marítim del Poblenou,AVINGUDA,DIAGONAL,2,54,,,,,,,3,2,2.211040606,41.40986485
10-2014-0230,SANT MARTI,Diagonal Mar i el Front Marítim del Poblenou,PASSATGE,MARIA LLIMONA,1,9,,,,,,,,,2.20833797,41.40493671
07-2014-0096,HORTA-GUINARDÓ,el Carmel,CARRER,CALDERON DE LA BARCA,1,123,,,,,,,AT,,2.157325424,41.41926006
02-2014-0872,L'EIXAMPLE,l'Antiga Esquerra de l'Eixample,CARRER,ARIBAU,1,123,,,,,,,1,1,2.155391662,41.3912347
05-2014-0291,SARRIA-SANT GERVASI,les Tres Torres,RONDA,GENERAL MITRE,1,7,,,,,,,8,3,2.131022749,41.39320471
05-2014-0292,SARRIA-SANT GERVASI,les Tres Torres,RONDA,GENERAL MITRE,1,7,,,,,,,2,2,2.131022749,41.39320471
02-2014-0597,L'EIXAMPLE,l'Antiga Esquerra de l'Eixample,CARRER,CASANOVA,2,76,,,,,,,3,3,2.158288997,41.38590346
10-2014-0774,SANT MARTI,Sant Martí de Provençals,CARRER,PROVENÇALS,2,260,,,,,,,2,1,2.196494992,41.41675649
02-2014-1001,L'EIXAMPLE,l'Antiga Esquerra de l'Eixample,CARRER,ARAGO,2,222,,,,,,,3,2,2.160204771,41.38844615
06-2014-0335,GRACIA,la Vila de Gràcia,CARRER,MINERVA,1,11,,,,,,,2,1,2.156311952,41.3965468
02-2014-1049,L'EIXAMPLE,la Dreta de l'Eixample,CARRER,CONSELL DE CENT,1,343,,,,,,,2,2,2.16500413,41.39070739
02-2014-1050,L'EIXAMPLE,la Dreta de l'Eixample,CARRER,CONSELL DE CENT,1,343,,,,,,,3,1,2.16500413,41.39070739
05-2014-0460,SARRIA-SANT GERVASI,les Tres Torres,CARRER,GOSOL,1,5,,,,,,,BJ,2,2.128551395,41.39598236
04-2014-0333,LES CORTS,les Corts,CARRER,NICARAGUA,1,153,,157,,,,,3,C,2.13628517,41.38719772
05-2014-0053,SARRIA-SANT GERVASI,Sant Gervasi - Galvany,CARRER,ARIBAU,2,304,,,,,,,AT,1,2.146307254,41.39885686
10-2014-0282,SANT MARTI,el Camp de l'Arpa del Clot,CARRER,CORSEGA,1,657,B,,,,,,2,3,2.178073358,41.41073838
10-2014-0582,SANT MARTI,la Vila Olímpica del Poblenou,CARRER,SALVADOR ESPRIU,1,41,,,,,,1,2,2,2.197251767,41.38935154
04-2014-0202,LES CORTS,la Maternitat i Sant Ramon,AVINGUDA,MADRID,1,23,,25,,,,,5,2,2.12426407,41.37678646
03-2014-0721,SANTS-MONTJUÏC,la Marina de Port,CARRER,FISICA,1,13,,,,,,,9,2,2.136706085,41.36509449
10-2014-0290,SANT MARTI,el Poblenou,CARRER,LOPE DE VEGA,2,10,,12,,,,D,4,6,2.207478485,41.40164592
02-2014-0700,L'EIXAMPLE,la Dreta de l'Eixample,RAMBLA,CATALUNYA,2,8,,,,,,,5,10,2.168016451,41.38793678
09-2014-0194,SANT ANDREU,Sant Andreu,CARRER,JOSEP SOLDEVILA,1,47,,,,,,,3,1,2.193895852,41.43346617
05-2014-0506,SARRIA-SANT GERVASI,Sant Gervasi - la Bonanova,CARRER,MUNTANER,1,535,,,,,,,1,4,2.135974328,41.40440699
06-2014-0228,GRACIA,la Vila de Gràcia,CARRER,MARTINEZ DE LA ROSA,2,46,,,,,,,3,1,2.158740995,41.40017963
06-2014-0296,GRACIA,la Vila de Gràcia,CARRER,LLUIS VIVES,2,4,,,,,,,1,2,2.162511273,41.40026641
10-2014-0094,SANT MARTI,el Clot,CARRER,EDISON,2,4,,6,,,,,4,3,2.192116402,41.409329
03-2014-0792,SANTS-MONTJUÏC,Sants,CARRER,TINENT FLOMESTA,1,37,,,,,,,2,2,2.132178772,41.3733504
03-2014-0794,SANTS-MONTJUÏC,Sants,CARRER,TINENT FLOMESTA,1,37,,,,,,,AT,2,2.132178772,41.3733504
03-2014-0120,SANTS-MONTJUÏC,Sants,CARRER,SANT MEDIR,1,9,,,,,,,PR,4,2.133224165,41.37419849
06-2014-0109,GRACIA,la Vila de Gràcia,CARRER,FERRER DE BLANES,1,9,,,,,,,BJ,,2.158870318,41.3986615
02-2014-0630,L'EIXAMPLE,la Dreta de l'Eixample,GRAN VIA,CORTS CATALANES,1,657,,,,,,,1,2B,2.173321232,41.39354866
02-2014-0841,L'EIXAMPLE,el Fort Pienc,CARRER,PADILLA,2,154,,,,,,,AT,1,2.1840325,41.40068131
03-2014-0310,SANTS-MONTJUÏC,el Poble Sec,PLAÇA,SORTIDOR,2,14,,,,,,,PR,2,2.162656327,41.37221272
02-2014-0882,L'EIXAMPLE,la Dreta de l'Eixample,PASSEIG,GRACIA,2,16,,,,,,,2,5,2.168934533,41.38933184
02-2014-0887,L'EIXAMPLE,la Dreta de l'Eixample,CARRER,DIPUTACIO,1,239,,,,,,B,1,5,2.164659251,41.3887352
05-2014-0547,SARRIA-SANT GERVASI,les Tres Torres,VIA,AUGUSTA,2,290,,,,,,,5,2,2.12939417,41.3979304
02-2014-2210,L'EIXAMPLE,Sant Antoni,CARRER,COMTE D'URGELL,2,18,,,,,,,4,1,2.161848781,41.37986976
02-2014-2211,L'EIXAMPLE,Sant Antoni,CARRER,COMTE D'URGELL,2,18,,,,,,,4,2,2.161848781,41.37986976
06-2014-0633,GRACIA,el Coll,CARRER,FONT DEL REMEI,1,29,,,,,,,1,1,2.15027307,41.41885761
09-2014-0192,SANT ANDREU,Sant Andreu,RAMBLA,FABRA I PUIG,1,43,,,,,,,5,1,2.186490453,41.43001996
10-2014-0876,SANT MARTI,Provençals del Poblenou,PASSATGE,TAULAT,2,14,,,,,,,,,2.208463021,41.41338366
04-2014-0339,LES CORTS,la Maternitat i Sant Ramon,RIERA,BLANCA,1,13,,,,,,,4,4,2.121886992,41.37682212
10-2014-0365,SANT MARTI,el Poblenou,CARRER,RAMON TURRO,2,260,,,,,,,1,2,2.206730442,41.40261961
03-2014-0381,SANTS-MONTJUÏC,el Poble Sec,CARRER,RADAS,1,61,,,,,,,1,2,2.160546401,41.37237962
03-2014-0382,SANTS-MONTJUÏC,el Poble Sec,CARRER,RADAS,1,61,,,,,,,EN,,2.160546401,41.37237962
06-2014-0176,GRACIA,la Vila de Gràcia,CARRER,LUIS ANTUNEZ,1,13,,15,,,,B,2,1,2.154851152,41.39807588
02-2014-1542,L'EIXAMPLE,l'Antiga Esquerra de l'Eixample,CARRER,ENRIC GRANADOS,1,23,,,,,,,PR,1,2.161338327,41.38844041
02-2014-1546,L'EIXAMPLE,Sant Antoni,AVINGUDA,PARAL.LEL,2,146,,,,,,,EN,1,2.159193985,41.37518791
02-2014-1550,L'EIXAMPLE,la Dreta de l'Eixample,CARRER,BRUC,1,17,,,,,,A,3,6,2.174151109,41.39069358
02-2014-0210,L'EIXAMPLE,la Dreta de l'Eixample,CARRER,FONTANELLA,1,15,,,,,,B,1,1,2.172275761,41.38808601
02-2014-0212,L'EIXAMPLE,la Dreta de l'Eixample,CARRER,FONTANELLA,1,15,,,,,,B,2,1,2.172275761,41.38808601
02-2014-0215,L'EIXAMPLE,la Dreta de l'Eixample,CARRER,FONTANELLA,1,15,,,,,,A,1,1,2.172275761,41.38808601
02-2014-0216,L'EIXAMPLE,la Dreta de l'Eixample,CARRER,FONTANELLA,1,15,,,,,,A,2,1,2.172275761,41.38808601
02-2014-0377,L'EIXAMPLE,l'Antiga Esquerra de l'Eixample,CARRER,PROVENÇA,2,244,,246,,,,A,2,3,2.158067266,41.39200719
03-2014-0273,SANTS-MONTJUÏC,la Font de la Guatlla,CARRER,MEXIC,2,8,,,,,,1,3,A,2.148033738,41.37298984
06-2014-0177,GRACIA,la Vila de Gràcia,TRAVESSERA,GRACIA,2,196,,,,,,,5,2,2.160277064,41.40277967
10-2014-0373,SANT MARTI,el Clot,CARRER,MONTURIOL,1,17,,,,,,,3,3,2.192791284,41.40974197
10-2014-0384,SANT MARTI,la Vila Olímpica del Poblenou,CARRER,SALVADOR ESPRIU,1,51,,,,,,,6,1,2.198558921,41.3903278
10-2014-0403,SANT MARTI,el Parc i la Llacuna del Poblenou,CARRER,PERE IV,1,83,,,,,,,PR,4,2.193298171,41.39758494
10-2014-0407,SANT MARTI,el Camp de l'Arpa del Clot,CARRER,INDUSTRIA,1,207,,,,,,,2,2,2.176977407,41.41163491
10-2014-0412,SANT MARTI,el Camp de l'Arpa del Clot,CARRER,INDUSTRIA,1,207,,,,,,,3,1,2.176977407,41.41163491
10-2014-0455,SANT MARTI,el Clot,GRAN VIA,CORTS CATALANES,1,851,,,,,,A,EN,4,2.190343555,41.40630967
10-2014-0463,SANT MARTI,el Parc i la Llacuna del Poblenou,CARRER,PERE IV,2,44,,46,,,,,2,3,2.19180215,41.39537764
10-2014-0466,SANT MARTI,el Parc i la Llacuna del Poblenou,CARRER,PERE IV,2,44,,46,,,,,2,4,2.19180215,41.39537764
10-2014-0472,SANT MARTI,el Poblenou,CARRER,PERE IV,2,124,,126,,,,,2,4,2.195913131,41.40040125
10-2014-0324,SANT MARTI,el Poblenou,CARRER,LABERINT,1,1,,3,,,,,3,1,2.206640676,41.39921092
10-2014-0330,SANT MARTI,el Clot,CARRER,INDEPENDENCIA,1,251,,,,,,,2,1,2.185167985,41.40629422
04-2014-0216,LES CORTS,les Corts,CARRER,TAQUIGRAF SERRA,1,1,,,,,,,2,5,2.138519944,41.38582011
06-2014-0162,GRACIA,la Vila de Gràcia,CARRER,CORSEGA,1,367,,,,,,,1,1,2.162240976,41.39886972
06-2014-0163,GRACIA,la Vila de Gràcia,CARRER,CORSEGA,1,367,,,,,,,2,1,2.162240976,41.39886972
02-2014-1084,L'EIXAMPLE,la Dreta de l'Eixample,CARRER,BAILEN,1,81,,83,,,,,2,4,2.171386513,41.39619646
03-2014-0101,SANTS-MONTJUÏC,el Poble Sec,CARRER,CONCORDIA,2,20,,,,,,,BJ,2,2.160469734,41.37384766
02-2014-1189,L'EIXAMPLE,la Sagrada Família,PASSATGE,VILARET,1,23,,,,,,,1,1,2.179758288,41.40629652
02-2014-1191,L'EIXAMPLE,la Sagrada Família,PASSATGE,VILARET,1,23,,,,,,,3,1,2.179758288,41.40629652
10-2014-0367,SANT MARTI,Diagonal Mar i el Front Marítim del Poblenou,CARRER,BAC DE RODA,1,5,,,,,,,5,A,2.210608442,41.40229448
02-2014-0288,L'EIXAMPLE,la Sagrada Família,PASSATGE,MAIOL,1,25,,,,,,,1,1,2.174001974,41.4021137
02-2014-0493,L'EIXAMPLE,l'Antiga Esquerra de l'Eixample,PASSATGE,LLUIS PELLICER,1,5,,7,,,,,2,,2.149272948,41.39298654
02-2014-0871,L'EIXAMPLE,la Nova Esquerra de l'Eixample,CARRER,ARAGO,1,19,,,,,,,2,1,2.146763525,41.37868747
02-2014-1200,L'EIXAMPLE,l'Antiga Esquerra de l'Eixample,CARRER,VILLARROEL,2,214,,,,,,,SA,1,2.147961495,41.39199087
10-2014-0917,SANT MARTI,el Besòs i el Maresme,PLAÇA,GERMANS SERRA,1,3,,,,,,,3,4,2.212668493,41.41695776
10-2014-0131,SANT MARTI,el Poblenou,PASSEIG,CALVELL,1,27,,29,,,,,BJ,1,2.206687975,41.39803555
06-2014-0121,GRACIA,la Vila de Gràcia,CARRER,OR,1,3,,5,,,,,1,3,2.155738687,41.40379238
06-2014-0259,GRACIA,la Vila de Gràcia,CARRER,GRACIA,1,1,,,,,,,1,2,2.157742102,41.39819728
02-2014-1222,L'EIXAMPLE,la Nova Esquerra de l'Eixample,CARRER,VILAMARI,2,126,,128,,,,,PR,6,2.146784435,41.38094607
06-2014-0481,GRACIA,el Coll,CARRER,FONT DEL REMEI,1,27,,,,,,,1,1,2.15021008,41.41876214
04-2014-0196,LES CORTS,les Corts,CARRER,AVIACIO,2,16,,,,,,,1,1,2.135288018,41.38764506
02-2014-0796,L'EIXAMPLE,la Dreta de l'Eixample,CARRER,GIRONA,1,167,,169,,,,,3,2,2.164867006,41.3994095
04-2014-0392,LES CORTS,la Maternitat i Sant Ramon,TRAVESSERA,CORTS,2,118,,,,,,,1,1,2.125778387,41.37990993
06-2014-0134,GRACIA,la Salut,CARRER,MARE DE DEU DEL COLL,2,14,,16,,,,,BJ,I,2.150033108,41.40861559
02-2014-1479,L'EIXAMPLE,l'Antiga Esquerra de l'Eixample,CARRER,CONSELL DE CENT,2,200,,,,,,,PR,2,2.156784473,41.3842461
02-2014-1497,L'EIXAMPLE,la Sagrada Família,CARRER,NAPOLS,2,266,,,,,,,2,2,2.170478547,41.40227668
02-2014-1510,L'EIXAMPLE,la Dreta de l'Eixample,CARRER,CONSELL DE CENT,1,321,,,,,,,4,1,2.163410705,41.38951119
02-2014-1516,L'EIXAMPLE,la Sagrada Família,CARRER,ARAGO,2,528,,,,,,,6,2,2.183035932,41.40553554
02-2014-1529,L'EIXAMPLE,la Sagrada Família,CARRER,VALENCIA,1,381,,,,,,,BJ,1,2.173667079,41.4006195
06-2014-0397,GRACIA,la Vila de Gràcia,CARRER,GRAN DE GRACIA,2,70,,,,,,,3,1,2.155696081,41.39978433
03-2014-0306,SANTS-MONTJUÏC,Sants,CARRER,MASNOU,1,19,,,,,,,PR,,2.140046307,41.37604357
02-2014-1102,L'EIXAMPLE,el Fort Pienc,CARRER,CASP,1,141,B,,,,,,6,4,2.181549824,41.39765018
02-2014-1489,L'EIXAMPLE,la Sagrada Família,CARRER,MARINA,1,249,,,,,,,6,1,2.175884756,41.40324932
02-2014-1498,L'EIXAMPLE,la Sagrada Família,CARRER,MARINA,1,249,,,,,,,AT,1,2.175884756,41.40324932
01-2014-0370,CIUTAT VELLA,el Raval,CARRER,JUNTA DE COMERÇ,1,23,,,,,,,3,1A,2.171889963,41.37944639
04-2014-0186,LES CORTS,les Corts,CARRER,SOLA,1,23,,,,,,,BJ,A,2.133091194,41.38742922
10-2014-0336,SANT MARTI,Diagonal Mar i el Front Marítim del Poblenou,PASSEIG,TAULAT,1,233,,,,,,F,4,1,2.210431706,41.40344702
02-2014-0672,L'EIXAMPLE,la Nova Esquerra de l'Eixample,CARRER,DIPUTACIO,2,8,,10,,,,,EN,3,2.149896356,41.377357
02-2014-0674,L'EIXAMPLE,la Dreta de l'Eixample,AVINGUDA,DIAGONAL,1,325,,,,,,,SA,,2.170643229,41.39906765
03-2014-0274,SANTS-MONTJUÏC,Hostafrancs,CARRER,MOIANES,1,73,,75,,,,,2,4,2.142445677,41.37439539
03-2014-0275,SANTS-MONTJUÏC,Hostafrancs,CARRER,MOIANES,1,73,,75,,,,,2,5,2.142445677,41.37439539
03-2014-0276,SANTS-MONTJUÏC,Hostafrancs,CARRER,MOIANES,1,73,,75,,,,,2,6,2.142445677,41.37439539
03-2014-0277,SANTS-MONTJUÏC,Hostafrancs,CARRER,MOIANES,1,73,,75,,,,,2,7,2.142445677,41.37439539
02-2014-0752,L'EIXAMPLE,l'Antiga Esquerra de l'Eixample,CARRER,PROVENÇA,1,205,,,,,,,4,1,2.157895236,41.39215473
02-2014-0754,L'EIXAMPLE,l'Antiga Esquerra de l'Eixample,CARRER,PROVENÇA,1,205,,,,,,,3,1,2.157895236,41.39215473
02-2014-0756,L'EIXAMPLE,l'Antiga Esquerra de l'Eixample,CARRER,PROVENÇA,1,205,,,,,,,EN,2,2.157895236,41.39215473
02-2014-0758,L'EIXAMPLE,l'Antiga Esquerra de l'Eixample,CARRER,PROVENÇA,1,205,,,,,,,3,2,2.157895236,41.39215473
02-2014-0875,L'EIXAMPLE,la Sagrada Família,CARRER,ENAMORATS,1,93,,,,,,,1,3,2.182859956,41.40612086
01-2014-0236,CIUTAT VELLA,el Barri Gòtic,CARRER,SERRA,2,8,,,,,,,BJ,,2.178115446,41.38000168
06-2014-0342,GRACIA,la Vila de Gràcia,CARRER,IGUALADA,1,33,,,,,,,2,2,2.163409518,41.40203677
06-2014-0094,GRACIA,el Camp d'en Grassot i Gràcia Nova,CARRER,CORSEGA,2,474,,,,,,,2,1,2.168976515,41.40364734
02-2014-1619,L'EIXAMPLE,l'Antiga Esquerra de l'Eixample,CARRER,DIPUTACIO,1,135,,,,,,,PR,1,2.157529238,41.38337554
04-2014-0197,LES CORTS,les Corts,CARRER,AVIACIO,2,16,,,,,,,3,1,2.135288018,41.38764506
04-2014-0198,LES CORTS,les Corts,CARRER,AVIACIO,2,16,,,,,,,1,2,2.135288018,41.38764506
04-2014-0199,LES CORTS,les Corts,CARRER,AVIACIO,2,16,,,,,,,2,1,2.135288018,41.38764506
06-2014-0496,GRACIA,el Coll,PASSEIG,MARE DE DEU DEL COLL,2,118,,,,,,5,BJ,D,2.148567672,41.41902141
10-2014-0120,SANT MARTI,el Camp de l'Arpa del Clot,CARRER,VALENCIA,1,549,,,,,,,3,2,2.182444279,41.4071965
02-2014-0499,L'EIXAMPLE,la Sagrada Família,CARRER,MARINA,2,240,,,,,,,1,5,2.177152845,41.40256275
07-2014-0302,HORTA-GUINARDÓ,el Guinardó,PASSATGE,LLIVIA,1,49,,51,,,,,4,,2.176989125,41.42004501
02-2014-0454,L'EIXAMPLE,la Dreta de l'Eixample,CARRER,MALLORCA,2,360,,,,,,,3,1,2.171871874,41.40070958
01-2014-0165,CIUTAT VELLA,Sant Pere Santa Caterina i la Ribera,PASSEIG,ISABEL II,2,2,,,,,,,EN,2,2.182552915,41.38135851
10-2014-0220,SANT MARTI,el Clot,CARRER,SOLER I ROVIROSA,2,14,,,,,,,2,2,2.189887003,41.40973777
02-2014-1085,L'EIXAMPLE,la Dreta de l'Eixample,CARRER,BAILEN,1,81,,83,,,,,3,1,2.171386513,41.39619646
02-2014-1086,L'EIXAMPLE,la Dreta de l'Eixample,CARRER,BAILEN,1,81,,83,,,,,3,2,2.171386513,41.39619646
04-2015-0138,LES CORTS,les Corts,PASSATGE,PLANELL,1,9,,,,,,A,BJ,,2.139921407,41.38497527
01-2015-0110,CIUTAT VELLA,Sant Pere Santa Caterina i la Ribera,CARRER,BOU DE SANT PERE,1,15,,,,,,,2,2,2.176505756,41.3880804
01-2016-0420,CIUTAT VELLA,el Raval,CARRER,JOAQUIN COSTA,1,53,,,,,,,1,,2.16471257,41.38347516
01-2016-0483,CIUTAT VELLA,la Barceloneta,CARRER,PROCLAMACIO,2,12,,,,,,,3,,2.191197765,41.37993801
01-2016-0484,CIUTAT VELLA,la Barceloneta,CARRER,PROCLAMACIO,2,12,,,,,,,4,,2.191197765,41.37993801
01-2016-0478,CIUTAT VELLA,el Barri Gòtic,CARRER,PETRITXOL,1,17,,,,,,,1,2,2.172506384,41.38317636
01-2016-0319,CIUTAT VELLA,la Barceloneta,CARRER,PROCLAMACIO,2,12,,,,,,,2,,2.191197765,41.37993801
01-2017-0218,CIUTAT VELLA,el Barri Gòtic,CARRER,PETRITXOL,1,17,,,,,,,2,2,2.172506384,41.38317636
01-2017-0009,CIUTAT VELLA,el Barri Gòtic,CARRER,PETRITXOL,1,17,,,,,,,1,3,2.172506384,41.38317636
02-2016-1301,L'EIXAMPLE,la Nova Esquerra de l'Eixample,CARRER,CONSELL DE CENT,1,71,,,,,,,2,2,2.149528337,41.37905906
01-2017-0302,CIUTAT VELLA,el Barri Gòtic,CARRER,RAMBLA,2,102,,104,,,,,PR,1,2.17238015,41.38245092
01-2017-0303,CIUTAT VELLA,el Barri Gòtic,CARRER,RAMBLA,2,102,,104,,,,,PR,2,2.17238015,41.38245092
01-2017-0304,CIUTAT VELLA,el Barri Gòtic,CARRER,RAMBLA,2,102,,104,,,,,1,1,2.17238015,41.38245092
01-2017-0305,CIUTAT VELLA,el Barri Gòtic,CARRER,RAMBLA,2,102,,104,,,,,1,2,2.17238015,41.38245092
01-2017-0306,CIUTAT VELLA,el Barri Gòtic,CARRER,RAMBLA,2,102,,104,,,,,2,1,2.17238015,41.38245092
01-2017-0307,CIUTAT VELLA,el Barri Gòtic,CARRER,RAMBLA,2,102,,104,,,,,3,2,2.17238015,41.38245092
01-2017-0499,CIUTAT VELLA,el Barri Gòtic,CARRER,RAMBLA,2,102,,,,,,,PR,3,2.17238015,41.38245092
01-2017-0032,CIUTAT VELLA,el Raval,CARRER,RAMBLA,1,89,,,,,,,1,2,2.172335743,41.38192755
01-2017-0033,CIUTAT VELLA,el Raval,CARRER,RAMBLA,1,89,,,,,,,2,1,2.172335743,41.38192755
01-2017-0034,CIUTAT VELLA,el Raval,CARRER,RAMBLA,1,89,,,,,,,2,2,2.172335743,41.38192755
01-2017-0217,CIUTAT VELLA,el Barri Gòtic,CARRER,PETRITXOL,1,17,,,,,,,2,1,2.172506384,41.38317636
01-2017-0201,CIUTAT VELLA,el Barri Gòtic,CARRER,SANT SEVER,2,4,,,,,,,3,2,2.175257916,41.38297021
01-2018-0112,CIUTAT VELLA,el Barri Gòtic,CARRER,RAMBLA,2,102,,,,,,,1,3,2.17238015,41.38245092
01-2018-0113,CIUTAT VELLA,el Barri Gòtic,CARRER,RAMBLA,2,102,,,,,,,1,4,2.17238015,41.38245092
01-2017-0520,CIUTAT VELLA,el Barri Gòtic,CARRER,PETRITXOL,1,17,,,,,,,2,3,2.172506384,41.38317636
01-2017-0011,CIUTAT VELLA,el Barri Gòtic,CARRER,SANT SEVER,2,4,,,,,,,3,1,2.175257916,41.38297021
01-2017-0012,CIUTAT VELLA,el Barri Gòtic,CARRER,SANT SEVER,2,4,,,,,,,1,1,2.175257916,41.38297021
01-2017-0013,CIUTAT VELLA,el Barri Gòtic,CARRER,SANT SEVER,2,4,,,,,,,2,2,2.175257916,41.38297021
01-2017-0014,CIUTAT VELLA,el Barri Gòtic,CARRER,SANT SEVER,2,4,,,,,,,1,2,2.175257916,41.38297021
01-2017-0027,CIUTAT VELLA,el Barri Gòtic,CARRER,RAMBLA,2,102,,104,,,,,2,2,2.17238015,41.38245092
01-2017-0028,CIUTAT VELLA,el Raval,CARRER,RAMBLA,1,89,,,,,,,1,1,2.172335743,41.38192755
01-2017-0031,CIUTAT VELLA,el Raval,CARRER,RAMBLA,1,89,,,,,,,PR,2,2.172335743,41.38192755
01-2018-0011,CIUTAT VELLA,el Barri Gòtic,CARRER,RAMBLA,2,102,,104,,,,,PR,4,2.17238015,41.38245092
01-2018-0251,CIUTAT VELLA,el Barri Gòtic,CARRER,PORTAFERRISSA,1,27,,,,,,,1,,2.173982022,41.38404053
01-2018-0010,CIUTAT VELLA,el Barri Gòtic,CARRER,RAMBLA,2,102,,104,,,,,3,1,2.17238015,41.38245092
01-2017-0193,CIUTAT VELLA,el Barri Gòtic,CARRER,SANT SEVER,2,4,,,,,,,2,1,2.175257916,41.38297021
01-2017-0556,CIUTAT VELLA,el Raval,CARRER,JOAQUIN COSTA,1,53,,,,,,,2,,2.16471257,41.38347516
01-2018-0072,CIUTAT VELLA,el Barri Gòtic,CARRER,REGOMIR,1,25,,27,,,,,1,,2.179649282,41.38121412
01-2018-0071,CIUTAT VELLA,el Barri Gòtic,CARRER,REGOMIR,1,25,,27,,,,,2,1,2.179649282,41.38121412
01-2018-0351,CIUTAT VELLA,Sant Pere Santa Caterina i la Ribera,CARRER,ARGENTERIA,1,21,,,,,,,4,,2.179871174,41.38410981
01-2018-0421,CIUTAT VELLA,Sant Pere Santa Caterina i la Ribera,CARRER,ESPARTERIA,1,1,,,,,,,2,1,2.18281235,41.38384899
01-2018-0372,CIUTAT VELLA,el Raval,CARRER,CARME,1,61,,,,,,,2,,2.168086177,41.38096363
01-2018-0446,CIUTAT VELLA,el Raval,CARRER,MONTSERRAT,1,1,,,,,,,1,,2.174645001,41.37746749
01-2018-0439,CIUTAT VELLA,el Barri Gòtic,CARRER,REGOMIR,1,25,,,,,,,4,,2.179649282,41.38121412
01-2018-0440,CIUTAT VELLA,el Barri Gòtic,CARRER,REGOMIR,1,25,,,,,,,3,,2.179649282,41.38121412
01-2018-0264,CIUTAT VELLA,Sant Pere Santa Caterina i la Ribera,CARRER,ARGENTERIA,1,21,,,,,,,3,,2.179601654,41.38384837
01-2018-0265,CIUTAT VELLA,Sant Pere Santa Caterina i la Ribera,CARRER,ARGENTERIA,1,21,,,,,,,2,,2.179601654,41.38384837
01-2018-0266,CIUTAT VELLA,Sant Pere Santa Caterina i la Ribera,CARRER,ARGENTERIA,1,21,,,,,,,1,,2.179601654,41.38384837
01-2018-0267,CIUTAT VELLA,Sant Pere Santa Caterina i la Ribera,CARRER,ARGENTERIA,1,21,,,,,,,PR,,2.179601654,41.38384837
03-2012-0268,SANTS-MONTJUÏC,el Poble Sec,CARRER,MURILLO,2,6,,,,,,,1,1,2.162262603,41.3730397
01-2018-0250,CIUTAT VELLA,el Barri Gòtic,CARRER,PORTAFERRISSA,1,27,,,,,,,5,,2.173982022,41.38404053
01-2018-0429,CIUTAT VELLA,el Raval,CARRER,MONTSERRAT,1,1,,,,,,,PR,,2.174645001,41.37746749
01-2018-0340,CIUTAT VELLA,el Barri Gòtic,CARRER,ESCUDELLERS,2,18,,,,,,,4,1,2.176551844,41.3797456
