N_EXPEDIENT,CODI_DISTRICTE,NOM_DISTRICTE,CODI_BARRI,NOM_BARRI,TIPUS_CARRER,CARRER,TIPUS_NUM,NUM1,LLETRA1,NUM2,LLETRA2,BLOC,PORTAL,ESCALA,PIS,PORTA
01-2011-0192,01,CIUTAT VELLA,04,Sant Pere, Santa Caterina i la Ribera,Carrer,MERCADERS,1,5,,,,,,,05,
01-2011-0193,01,CIUTAT VELLA,01,el Raval,Carrer,NOU DE LA RAMBLA,1,15,,,,,,,01,1
01-2011-0196,01,CIUTAT VELLA,01,el Raval,Carrer,NOU DE LA RAMBLA,1,15,,,,,,,02,2
01-2011-0255,01,CIUTAT VELLA,03,la Barceloneta,Carrer,SANT MIQUEL,1,61,,,,,,,1,
01-2012-0185,01,CIUTAT VELLA,02,el Barri Gòtic,Carrer,FERRAN,1,7,,,,,,,01,1
01-2012-0193,01,CIUTAT VELLA,02,el Barri Gòtic,Carrer,FERRAN,1,7,,,,,,,03,3
01-2012-0209,01,CIUTAT VELLA,02,el Barri Gòtic,Carrer,COMTAL,1,33,,,,,,,EN,2
01-2012-0317,01,CIUTAT VELLA,02,el Barri Gòtic,Passeig,COLOM,2,2,,,,,,,04,B
01-2012-0629,01,CIUTAT VELLA,04,Sant Pere, Santa Caterina i la Ribera,Carrer,CARDERS,1,23,,,,,,,01,2
01-2012-0637,01,CIUTAT VELLA,04,Sant Pere, Santa Caterina i la Ribera,Carrer,MERCADERS,1,5,,,,,,,EN,
01-2012-0673,01,CIUTAT VELLA,02,el Barri Gòtic,Passatge,DORMITORI DE SANT FRANCESC,2,2,,,,,,,04,1
01-2013-0011,01,CIUTAT VELLA,02,el Barri Gòtic,Carrer,VIDRE,1,7,,,,,,,3,4
01-2013-0029,01,CIUTAT VELLA,01,el Raval,Carrer,CARRETES,1,1,,,,,,,02,1
01-2013-0071,01,CIUTAT VELLA,02,el Barri Gòtic,Carrer,DAGUERIA,1,3,,,,,,,EN,
01-2013-0073,01,CIUTAT VELLA,02,el Barri Gòtic,Carrer,DAGUERIA,1,3,,,,,,,02,
01-2013-0105,01,CIUTAT VELLA,02,el Barri Gòtic,Carrer,VIDRE,1,7,,,,,,,PR,1
01-2013-0106,01,CIUTAT VELLA,02,el Barri Gòtic,Plaça,REIAL,1,3,,,,,,,2,1
01-2013-0117,01,CIUTAT VELLA,02,el Barri Gòtic,Carrer,NOU DE SANT FRANCESC,1,7,,,,,,,03,2
01-2013-0147,01,CIUTAT VELLA,01,el Raval,Carrer,JOAQUIN COSTA,2,28,,,,,,,EN,1
01-2013-0153,01,CIUTAT VELLA,01,el Raval,Carrer,JOAQUIN COSTA,2,28,,,,,,,4,1
01-2013-0215,01,CIUTAT VELLA,04,Sant Pere, Santa Caterina i la Ribera,Carrer,CORDERS,1,1,,,,,,,4,
01-2013-0218,01,CIUTAT VELLA,04,Sant Pere, Santa Caterina i la Ribera,Carrer,CORDERS,1,1,,,,,,,1,
01-2013-0244,01,CIUTAT VELLA,04,Sant Pere, Santa Caterina i la Ribera,Carrer,ARGENTERIA,2,6,,,,,,,EN,4
01-2013-0253,01,CIUTAT VELLA,04,Sant Pere, Santa Caterina i la Ribera,Carrer,ARGENTERIA,2,6,,,,,,,02,3
01-2013-0269,01,CIUTAT VELLA,01,el Raval,Carrer,TALLERS,2,28,,,,,,,03,2
01-2013-0288,01,CIUTAT VELLA,02,el Barri Gòtic,Plaça,JOAQUIM XIRAU I PALAU,1,1,,,,,,,4,
01-2013-0303,01,CIUTAT VELLA,04,Sant Pere, Santa Caterina i la Ribera,Carrer,SANT ANTONI DELS SOMBRERERS,2,4,,,,,,,01,1
01-2013-0394,01,CIUTAT VELLA,03,la Barceloneta,Carrer,MEER,2,34,,,,,,,02,
01-2013-0425,01,CIUTAT VELLA,01,el Raval,Carrer,CARME,2,10,,,,,,,PR,3
01-2013-0443,01,CIUTAT VELLA,02,el Barri Gòtic,Carrer,ESCUDELLERS,2,18,,,,,,,2,
01-2013-0593,01,CIUTAT VELLA,02,el Barri Gòtic,Carrer,RIPOLL,1,27,,,,,,,2,
01-2013-0625,01,CIUTAT VELLA,01,el Raval,Carrer,UNIO,1,21,,,,,,,04,2
01-2013-0633,01,CIUTAT VELLA,04,Sant Pere, Santa Caterina i la Ribera,Carrer,VOLTA D'EN DUSAI,2,4,,,,,,,02,1
01-2013-0709,01,CIUTAT VELLA,02,el Barri Gòtic,Passeig,COLOM,1,3,,,,,,,PR,4
01-2013-0778,01,CIUTAT VELLA,04,Sant Pere, Santa Caterina i la Ribera,Carrer,CARDERS,2,34,,,,,,,02,
01-2013-0808,01,CIUTAT VELLA,04,Sant Pere, Santa Caterina i la Ribera,Carrer,SANT PERE MITJA,2,62,,,,,,,1,B
01-2013-0818,01,CIUTAT VELLA,02,el Barri Gòtic,Carrer,BELLAFILA,1,5,,,,,,,01,1
01-2013-0828,01,CIUTAT VELLA,04,Sant Pere, Santa Caterina i la Ribera,Carrer,ESPARTERIA,1,1,,,,,,,AT,1
01-2013-0838,01,CIUTAT VELLA,01,el Raval,Carrer,NOU DE LA RAMBLA,2,20,,,,,,,02,1
01-2013-0955,01,CIUTAT VELLA,02,el Barri Gòtic,Passatge,BACARDI,1,1,,,,,,,2,3
01-2013-0966,01,CIUTAT VELLA,02,el Barri Gòtic,Carrer,POM D'OR,2,2,,,,,,,02,2
01-2013-0975,01,CIUTAT VELLA,04,Sant Pere, Santa Caterina i la Ribera,Carrer,PESCATERIA,1,1,,,,,,,03,1
01-2013-0980,01,CIUTAT VELLA,04,Sant Pere, Santa Caterina i la Ribera,Carrer,PESCATERIA,1,1,,,,,,,04,1
01-2013-1005,01,CIUTAT VELLA,02,el Barri Gòtic,Carrer,BEAT SIMO,1,3,,,,,,,3,
01-2013-1026,01,CIUTAT VELLA,01,el Raval,Carrer,MONTSERRAT,1,1,,,,,,,03,
01-2014-0062,01,CIUTAT VELLA,01,el Raval,Carrer,JUNTA DE COMERÇ,1,23,,,,,,,PR,1
01-2014-0104,01,CIUTAT VELLA,01,el Raval,Carrer,TIGRE,2,10,,,,,,,1,2
01-2014-0153,01,CIUTAT VELLA,03,la Barceloneta,Carrer,SAFAREIGS,1,15,,,,,,,02,
01-2014-0232,01,CIUTAT VELLA,04,Sant Pere, Santa Caterina i la Ribera,Carrer,SANT PERE MES ALT,1,21,,,,,,,04,1
01-2014-0266,01,CIUTAT VELLA,02,el Barri Gòtic,Carrer,PORTAFERRISSA,1,27,,,,,,,2,
01-2014-0419,01,CIUTAT VELLA,04,Sant Pere, Santa Caterina i la Ribera,Carrer,SOMBRERERS,1,3,,,,,,,02,
01-2014-0520,01,CIUTAT VELLA,04,Sant Pere, Santa Caterina i la Ribera,Carrer,COMERCIAL,1,15,,,,,,,3,1
01-2017-0028,01,CIUTAT VELLA,01,el Raval,Carrer,RAMBLA,1,89,,,,,,,1,1
01-2017-0193,01,CIUTAT VELLA,02,el Barri Gòtic,Carrer,SANT SEVER,2,4,,,,,,,2,1
01-2017-0303,01,CIUTAT VELLA,02,el Barri Gòtic,Carrer,RAMBLA,2,102,,104,,,,,PR,2
01-2017-0304,01,CIUTAT VELLA,02,el Barri Gòtic,Carrer,RAMBLA,2,102,,104,,,,,1,1
01-2017-0520,01,CIUTAT VELLA,02,el Barri Gòtic,Carrer,PETRITXOL,1,17,,,,,,,2,3
01-2018-0010,01,CIUTAT VELLA,02,el Barri Gòtic,Carrer,RAMBLA,2,102,,104,,,,,3,1
01-2018-0264,01,CIUTAT VELLA,04,Sant Pere, Santa Caterina i la Ribera,Carrer,ARGENTERIA,1,21,,,,,,,3,
01-2019-0123,01,CIUTAT VELLA,01,el Raval,Carrer,CARME,1,11,,,,,,,PR,1
01-2019-0419,01,CIUTAT VELLA,01,el Raval,Rambla,RAVAL,2,26,,,,,,,4,
01-2022-0089,01,CIUTAT VELLA,03,la Barceloneta,Carrer,SALAMANCA,1,39,,,,,,,PR,2
01-2022-0119,01,CIUTAT VELLA,03,la Barceloneta,Carrer,PONTEVEDRA,1,33,,,,,,,BJ,2
01-2022-0363,01,CIUTAT VELLA,01,el Raval,Carrer,EST,1,19,,,,,,,PR,2
01-2022-0515,01,CIUTAT VELLA,02,el Barri Gòtic,Carrer,RAMBLA,2,102,,,,,,,3,3
01-2023-0020,01,CIUTAT VELLA,02,el Barri Gòtic,Carrer,RAMBLA,2,102,,,,,,,2,3
01-2023-0021,01,CIUTAT VELLA,02,el Barri Gòtic,Carrer,RAMBLA,2,102,,,,,,,2,4
01-2023-0174,01,CIUTAT VELLA,01,el Raval,Carrer,SANT PAU,1,47,,,,,,,5,2
01-2023-0544,01,CIUTAT VELLA,04,Sant Pere, Santa Caterina i la Ribera,Carrer,SANT PERE MITJA,2,4,,,,,,,1,1
01-2024-0021,01,CIUTAT VELLA,01,el Raval,Carrer,PEU DE LA CREU,2,28,B,,B,,,,2,1
01-2024-0025,01,CIUTAT VELLA,01,el Raval,Carrer,PEU DE LA CREU,2,28,B,,B,,,,4,1
01-2024-0026,01,CIUTAT VELLA,01,el Raval,Carrer,PEU DE LA CREU,2,28,B,,B,,,,4,2
01-2024-0045,01,CIUTAT VELLA,02,el Barri Gòtic,Carrer,ROCA,2,10,,,,,,,3,
01-2024-0058,01,CIUTAT VELLA,04,Sant Pere, Santa Caterina i la Ribera,Carrer,PORTADORES,2,2,,,,,,,1,
01-2024-0106,01,CIUTAT VELLA,01,el Raval,Carrer,NOU DE LA RAMBLA,2,10,,,,,,,EN,2A
01-2024-0109,01,CIUTAT VELLA,01,el Raval,Carrer,NOU DE LA RAMBLA,2,10,,,,,,,2,2
01-2024-0114,01,CIUTAT VELLA,03,la Barceloneta,Carrer,PAREDES,1,3,,,,,,,BJ,
01-2024-0166,01,CIUTAT VELLA,03,la Barceloneta,Carrer,ALMIRALL BARCELO,1,3,,,,,,,3,2
01-2024-0171,01,CIUTAT VELLA,03,la Barceloneta,Carrer,ALMIRALL BARCELO,1,3,,,,,,,2,1
01-2024-0172,01,CIUTAT VELLA,03,la Barceloneta,Carrer,ALMIRALL BARCELO,1,3,,,,,,,2,2
01-2024-0254,01,CIUTAT VELLA,03,la Barceloneta,Carrer,MAR,1,107,,,,,,,1,1
02-2008-0568,02,L'EIXAMPLE,08,l'Antiga Esquerra de l'Eixample,Carrer,CONSELL DE CENT,1,283,,,,,,,02,1
02-2008-0572,02,L'EIXAMPLE,08,l'Antiga Esquerra de l'Eixample,Carrer,CONSELL DE CENT,1,283,,,,,,,04,1
02-2008-0591,02,L'EIXAMPLE,08,l'Antiga Esquerra de l'Eixample,Carrer,BALMES,1,87,,,,,,,05,2
02-2008-0681,02,L'EIXAMPLE,08,l'Antiga Esquerra de l'Eixample,Carrer,VALENCIA,1,101,,,,,,,AT,1
02-2008-0713,02,L'EIXAMPLE,07,la Dreta de l'Eixample,Carrer,PELAI,1,11,,,,,,,1,C
02-2008-0716,02,L'EIXAMPLE,08,l'Antiga Esquerra de l'Eixample,Carrer,ARIBAU,2,112,,,,,,,AT,3
02-2008-0718,02,L'EIXAMPLE,07,la Dreta de l'Eixample,Gran Via,CORTS CATALANES,2,662,,,,,,,4,1A
02-2008-0761,02,L'EIXAMPLE,05,el Fort Pienc,Carrer,ARAGO,1,397,,,,,,,4,2
02-2008-0832,02,L'EIXAMPLE,08,l'Antiga Esquerra de l'Eixample,Carrer,PROVENÇA,1,153,,,,,,,03,2
02-2008-0834,02,L'EIXAMPLE,07,la Dreta de l'Eixample,Ronda,SANT PERE,2,28,,30,,,,,4,A
02-2008-0919,02,L'EIXAMPLE,07,la Dreta de l'Eixample,Carrer,GIRONA,1,97,,,,,,,02,4
02-2008-0922,02,L'EIXAMPLE,07,la Dreta de l'Eixample,Carrer,GIRONA,1,97,,,,,,,03,4
02-2008-0952,02,L'EIXAMPLE,08,l'Antiga Esquerra de l'Eixample,Carrer,MUNTANER,1,53,,,,,,,05,2
02-2008-0968,02,L'EIXAMPLE,07,la Dreta de l'Eixample,Ronda,SANT PERE,1,3,,,,,,,04,1
02-2008-0994,02,L'EIXAMPLE,08,l'Antiga Esquerra de l'Eixample,Carrer,CONSELL DE CENT,1,221,,,,,,D,PR,1
02-2008-0996,02,L'EIXAMPLE,08,l'Antiga Esquerra de l'Eixample,Carrer,CONSELL DE CENT,1,221,,,,,,E,02,2
02-2008-1041,02,L'EIXAMPLE,06,la Sagrada Família,Carrer,MARINA,2,306,,,,,,C,03,2
02-2008-1044,02,L'EIXAMPLE,06,la Sagrada Família,Carrer,MARINA,2,306,,,,,,C,04,1
02-2008-1095,02,L'EIXAMPLE,10,Sant Antoni,Gran Via,CORTS CATALANES,2,442,,,,,,,3,2
02-2008-1137,02,L'EIXAMPLE,07,la Dreta de l'Eixample,Carrer,CASP,1,63,,,,,,,2,1
02-2008-1142,02,L'EIXAMPLE,05,el Fort Pienc,Carrer,CASP,2,190,,,,,,,06,1
02-2008-1174,02,L'EIXAMPLE,07,la Dreta de l'Eixample,Ronda,SANT PERE,1,3,,,,,,,03,5
02-2008-1183,02,L'EIXAMPLE,08,l'Antiga Esquerra de l'Eixample,Carrer,VALENCIA,2,194,,,,,,A,01,1
02-2008-1184,02,L'EIXAMPLE,08,l'Antiga Esquerra de l'Eixample,Carrer,VALENCIA,2,194,,,,,,,01,2
02-2008-1185,02,L'EIXAMPLE,08,l'Antiga Esquerra de l'Eixample,Carrer,VALENCIA,2,194,,,,,,,02,1
02-2008-1186,02,L'EIXAMPLE,05,el Fort Pienc,Avinguda,DIAGONAL,1,243,,,,,,,BJ,1
02-2008-1188,02,L'EIXAMPLE,08,l'Antiga Esquerra de l'Eixample,Carrer,VALENCIA,2,194,,,,,,,03,1
02-2008-1191,02,L'EIXAMPLE,08,l'Antiga Esquerra de l'Eixample,Carrer,VALENCIA,2,194,,,,,,,04,1
02-2008-1223,02,L'EIXAMPLE,07,la Dreta de l'Eixample,Carrer,DIPUTACIO,1,317,,,,,,,01,1
02-2008-1232,02,L'EIXAMPLE,08,l'Antiga Esquerra de l'Eixample,Carrer,DIPUTACIO,1,197,,,,,,,05,2
02-2009-0006,02,L'EIXAMPLE,09,la Nova Esquerra de l'Eixample,Carrer,ENTENÇA,2,98,,,,,,,01,2
02-2009-0008,02,L'EIXAMPLE,09,la Nova Esquerra de l'Eixample,Carrer,ENTENÇA,2,98,,,,,,,02,1
02-2009-0012,02,L'EIXAMPLE,09,la Nova Esquerra de l'Eixample,Carrer,ENTENÇA,2,98,,,,,,,04,2
02-2009-0014,02,L'EIXAMPLE,09,la Nova Esquerra de l'Eixample,Carrer,ENTENÇA,2,98,,,,,,,05,1
02-2009-0015,02,L'EIXAMPLE,09,la Nova Esquerra de l'Eixample,Carrer,ENTENÇA,2,98,,,,,,,05,2
02-2009-0031,02,L'EIXAMPLE,08,l'Antiga Esquerra de l'Eixample,Plaça,DOCTOR LETAMENDI,2,26,,,,,,,02,1
02-2009-0076,02,L'EIXAMPLE,08,l'Antiga Esquerra de l'Eixample,Carrer,ARIBAU,1,11,,,,,,A,PR,2
02-2009-0160,02,L'EIXAMPLE,07,la Dreta de l'Eixample,Carrer,ARAGO,1,373,,,,,,,02,1
02-2009-0164,02,L'EIXAMPLE,07,la Dreta de l'Eixample,Carrer,ARAGO,1,373,,,,,,,04,2
02-2009-0165,02,L'EIXAMPLE,07,la Dreta de l'Eixample,Carrer,ARAGO,1,373,,,,,,,05,1
02-2009-0262,02,L'EIXAMPLE,07,la Dreta de l'Eixample,Carrer,BAILEN,1,23,,,,,,,PR,2
02-2009-0289,02,L'EIXAMPLE,05,el Fort Pienc,Avinguda,DIAGONAL,1,245,,,,,,,02,1
02-2009-0290,02,L'EIXAMPLE,05,el Fort Pienc,Avinguda,DIAGONAL,1,245,,,,,,,02,2
02-2009-0311,02,L'EIXAMPLE,07,la Dreta de l'Eixample,Carrer,PELAI,1,11,,,,,,,2,5
02-2009-0390,02,L'EIXAMPLE,06,la Sagrada Família,Avinguda,GAUDI,2,66,,,,,,,01,1
02-2009-0411,02,L'EIXAMPLE,06,la Sagrada Família,Carrer,MARINA,1,229,,,,,,,03,3
02-2009-0612,02,L'EIXAMPLE,07,la Dreta de l'Eixample,Passeig,GRACIA,1,15,,,,,,,3,1B
02-2009-0647,02,L'EIXAMPLE,05,el Fort Pienc,Plaça,TETUAN,2,36,,,,,,,17,2
02-2009-0655,02,L'EIXAMPLE,07,la Dreta de l'Eixample,Passeig,GRACIA,1,83,,,,,,,04,3
02-2009-0659,02,L'EIXAMPLE,07,la Dreta de l'Eixample,Passeig,GRACIA,1,83,,,,,,,05,5
02-2009-0744,02,L'EIXAMPLE,08,l'Antiga Esquerra de l'Eixample,Carrer,VILLARROEL,1,163,,,,,,,02,1
02-2009-0749,02,L'EIXAMPLE,08,l'Antiga Esquerra de l'Eixample,Carrer,VILLARROEL,1,163,,,,,,,04,2
02-2009-0856,02,L'EIXAMPLE,07,la Dreta de l'Eixample,Carrer,PELAI,1,5,,,,,,,03,1A
02-2009-0857,02,L'EIXAMPLE,08,l'Antiga Esquerra de l'Eixample,Gran Via,CORTS CATALANES,1,569,,,,,,A,2,1
02-2009-0872,02,L'EIXAMPLE,08,l'Antiga Esquerra de l'Eixample,Carrer,ARAGO,2,178,,,,,,,02,1
02-2009-0911,02,L'EIXAMPLE,06,la Sagrada Família,Carrer,MARINA,1,299,,,,,,D,SA,2
02-2009-0932,02,L'EIXAMPLE,07,la Dreta de l'Eixample,Passeig,GRACIA,1,83,,,,,,,PR,4
02-2009-0963,02,L'EIXAMPLE,07,la Dreta de l'Eixample,Carrer,CASP,2,74,,,,,,,01,1
02-2009-0981,02,L'EIXAMPLE,07,la Dreta de l'Eixample,Carrer,CASP,2,74,,,,,,,04,1
02-2009-0984,02,L'EIXAMPLE,07,la Dreta de l'Eixample,Carrer,CASP,2,74,,,,,,,04,4
02-2009-0988,02,L'EIXAMPLE,07,la Dreta de l'Eixample,Carrer,CASP,2,74,,,,,,,05,3
02-2009-1013,02,L'EIXAMPLE,07,la Dreta de l'Eixample,Carrer,DIPUTACIO,1,335,,,,,,,3,2
02-2009-1028,02,L'EIXAMPLE,08,l'Antiga Esquerra de l'Eixample,Carrer,ENRIC GRANADOS,2,38,,,,,,,05,1
02-2009-1039,02,L'EIXAMPLE,07,la Dreta de l'Eixample,Carrer,DIPUTACIO,2,266,,,,,,,PR,2A
02-2009-1097,02,L'EIXAMPLE,06,la Sagrada Família,Carrer,INDUSTRIA,1,165,,,,,,,02,3
02-2009-1112,02,L'EIXAMPLE,06,la Sagrada Família,Avinguda,GAUDI,2,14,,,,,,,PR,1
02-2009-1129,02,L'EIXAMPLE,06,la Sagrada Família,Avinguda,GAUDI,2,14,,,,,,,04,1
02-2009-1155,02,L'EIXAMPLE,06,la Sagrada Família,Carrer,INDUSTRIA,1,165,,,,,,,05,2
02-2009-1179,02,L'EIXAMPLE,08,l'Antiga Esquerra de l'Eixample,Carrer,VALENCIA,1,115,,,,,,,04,1
02-2009-1247,02,L'EIXAMPLE,07,la Dreta de l'Eixample,Passeig,GRACIA,1,83,,,,,,,PR,3
02-2009-1248,02,L'EIXAMPLE,07,la Dreta de l'Eixample,Passeig,GRACIA,1,83,,,,,,,01,2
02-2009-1249,02,L'EIXAMPLE,07,la Dreta de l'Eixample,Passeig,GRACIA,1,83,,,,,,,03,2
02-2009-1254,02,L'EIXAMPLE,07,la Dreta de l'Eixample,Passeig,GRACIA,1,83,,,,,,,AT,2
02-2009-1255,02,L'EIXAMPLE,07,la Dreta de l'Eixample,Passeig,GRACIA,1,83,,,,,,,AT,3
02-2010-0291,02,L'EIXAMPLE,09,la Nova Esquerra de l'Eixample,Carrer,TARRAGONA,2,114,,,,,,,16,2
02-2010-0317,02,L'EIXAMPLE,09,la Nova Esquerra de l'Eixample,Carrer,DIPUTACIO,1,123,,,,,,,1,2
02-2010-0333,02,L'EIXAMPLE,07,la Dreta de l'Eixample,Rambla,CATALUNYA,1,39,,,,,,,AT,
02-2010-0360,02,L'EIXAMPLE,10,Sant Antoni,Carrer,MARQUES DE CAMPO SAGRADO,1,9,,,,,,,4,1
02-2010-0423,02,L'EIXAMPLE,10,Sant Antoni,Carrer,TAMARIT,2,162,,,,,,,03,2
02-2010-0482,02,L'EIXAMPLE,09,la Nova Esquerra de l'Eixample,Carrer,VALENCIA,2,32,,,,,,,5,3
02-2010-0484,02,L'EIXAMPLE,09,la Nova Esquerra de l'Eixample,Carrer,VALENCIA,2,32,,,,,,,2,3
02-2010-0513,02,L'EIXAMPLE,07,la Dreta de l'Eixample,Carrer,CORSEGA,1,305,,,,,,,01,2
02-2010-0538,02,L'EIXAMPLE,05,el Fort Pienc,Carrer,MARINA,1,119,,,,,,,01,2
02-2010-0690,02,L'EIXAMPLE,08,l'Antiga Esquerra de l'Eixample,Carrer,VALENCIA,2,168,,170,,,,,05,3
02-2010-0712,02,L'EIXAMPLE,10,Sant Antoni,Carrer,SEPULVEDA,1,125,,,,,,,01,2A
02-2010-0882,02,L'EIXAMPLE,07,la Dreta de l'Eixample,Carrer,VALENCIA,1,347,,,,,,,01,4
02-2010-0889,02,L'EIXAMPLE,07,la Dreta de l'Eixample,Carrer,VALENCIA,1,347,,,,,,,PR,1
02-2010-0895,02,L'EIXAMPLE,05,el Fort Pienc,Carrer,SICILIA,1,159,,,,,,,03,4
02-2010-0932,02,L'EIXAMPLE,07,la Dreta de l'Eixample,Passeig,GRACIA,1,69,,,,,,,02,A
02-2010-0933,02,L'EIXAMPLE,07,la Dreta de l'Eixample,Passeig,GRACIA,1,69,,,,,,,05,C
02-2010-0936,02,L'EIXAMPLE,07,la Dreta de l'Eixample,Passeig,GRACIA,1,69,,,,,,,05,D
02-2010-0962,02,L'EIXAMPLE,07,la Dreta de l'Eixample,Carrer,ROGER DE LLURIA,1,47,,,,,,,4,
02-2010-1001,02,L'EIXAMPLE,06,la Sagrada Família,Carrer,SICILIA,1,255,,,,,,,01,1
02-2010-1003,02,L'EIXAMPLE,06,la Sagrada Família,Carrer,SICILIA,1,255,,,,,,,01,3
02-2010-1099,02,L'EIXAMPLE,08,l'Antiga Esquerra de l'Eixample,Carrer,COMTE D'URGELL,2,170,,,,,,,04,3
02-2010-1199,02,L'EIXAMPLE,06,la Sagrada Família,Carrer,LEPANT,1,273,,,,,,,01,2
02-2010-1201,02,L'EIXAMPLE,06,la Sagrada Família,Carrer,LEPANT,1,273,,,,,,,04,2
02-2010-1207,02,L'EIXAMPLE,06,la Sagrada Família,Carrer,VALENCIA,1,469,,,,,,,04,3
02-2010-1213,02,L'EIXAMPLE,06,la Sagrada Família,Carrer,VALENCIA,1,469,,,,,,,06,1
02-2010-1359,02,L'EIXAMPLE,07,la Dreta de l'Eixample,Ronda,SANT PERE,1,3,,,,,,,05,2
02-2010-1362,02,L'EIXAMPLE,07,la Dreta de l'Eixample,Ronda,SANT PERE,1,3,,,,,,,5,7
02-2010-1401,02,L'EIXAMPLE,05,el Fort Pienc,Carrer,AUSIAS MARC,1,59,,,,,,,04,1
02-2010-1410,02,L'EIXAMPLE,08,l'Antiga Esquerra de l'Eixample,Carrer,ARAGO,1,155,,,,,,,5,C
02-2010-1416,02,L'EIXAMPLE,07,la Dreta de l'Eixample,Ronda,UNIVERSITAT,2,16,,,,,,,3,4
02-2011-0040,02,L'EIXAMPLE,07,la Dreta de l'Eixample,Carrer,ARAGO,1,367,,,,,,,03,2
02-2011-0289,02,L'EIXAMPLE,10,Sant Antoni,Gran Via,CORTS CATALANES,2,454,,,,,,,2,1
02-2011-0302,02,L'EIXAMPLE,10,Sant Antoni,Gran Via,CORTS CATALANES,2,454,,,,,,,5,3
02-2011-0321,02,L'EIXAMPLE,07,la Dreta de l'Eixample,Passeig,GRACIA,1,83,,,,,,,02,4
02-2011-0327,02,L'EIXAMPLE,07,la Dreta de l'Eixample,Passeig,GRACIA,1,83,,,,,,,AT,4
02-2011-0384,02,L'EIXAMPLE,07,la Dreta de l'Eixample,Ronda,SANT PERE,1,3,,,,,,,01,5
02-2011-0508,02,L'EIXAMPLE,07,la Dreta de l'Eixample,Passeig,GRACIA,1,15,,,,,,,PR,1A
02-2011-0551,02,L'EIXAMPLE,07,la Dreta de l'Eixample,Carrer,GIRONA,2,110,,,,,,,03,2
02-2011-0553,02,L'EIXAMPLE,07,la Dreta de l'Eixample,Carrer,GIRONA,2,110,,,,,,,04,1
02-2011-0559,02,L'EIXAMPLE,07,la Dreta de l'Eixample,Carrer,GIRONA,2,110,,,,,,,05,3
02-2011-0630,02,L'EIXAMPLE,07,la Dreta de l'Eixample,Ronda,UNIVERSITAT,1,15,,,,,,,02,2
02-2011-0764,02,L'EIXAMPLE,10,Sant Antoni,Carrer,COMTE BORRELL,1,65,,,,,,,02,3
02-2011-0774,02,L'EIXAMPLE,10,Sant Antoni,Gran Via,CORTS CATALANES,2,448,,,,,,,02,2
02-2011-0895,02,L'EIXAMPLE,10,Sant Antoni,Carrer,COMTE BORRELL,1,73,,,,,,A,02,2
02-2011-0929,02,L'EIXAMPLE,07,la Dreta de l'Eixample,Carrer,MALLORCA,2,246,,,,,,,AT,
02-2011-0972,02,L'EIXAMPLE,09,la Nova Esquerra de l'Eixample,Carrer,VALENCIA,2,32,,34,,,,,2,2
02-2011-0985,02,L'EIXAMPLE,10,Sant Antoni,Carrer,VILLARROEL,2,28,,,,,,D,1,2
02-2011-0987,02,L'EIXAMPLE,09,la Nova Esquerra de l'Eixample,Carrer,ARAGO,1,95,,,,,,,04,1
02-2011-1023,02,L'EIXAMPLE,06,la Sagrada Família,Carrer,VALENCIA,1,463,,,,,,,6,1
02-2011-1183,02,L'EIXAMPLE,06,la Sagrada Família,Carrer,ROSSELLO,1,425,,,,,,,01,3
02-2011-1184,02,L'EIXAMPLE,09,la Nova Esquerra de l'Eixample,Avinguda,JOSEP TARRADELLAS,2,40,,,,,,,1,1
02-2011-1216,02,L'EIXAMPLE,08,l'Antiga Esquerra de l'Eixample,Carrer,PROVENÇA,2,232,,,,,,,PR,2
02-2011-1325,02,L'EIXAMPLE,07,la Dreta de l'Eixample,Carrer,MALLORCA,2,362,,,,,,,01,1
02-2011-1385,02,L'EIXAMPLE,09,la Nova Esquerra de l'Eixample,Carrer,DIPUTACIO,1,123,,125,,,,,PR,
02-2012-0184,02,L'EIXAMPLE,07,la Dreta de l'Eixample,Ronda,UNIVERSITAT,2,10,,,,,,,03,1
02-2012-0205,02,L'EIXAMPLE,08,l'Antiga Esquerra de l'Eixample,Avinguda,ROMA,2,138,,,,,,,6,B
02-2012-0291,02,L'EIXAMPLE,09,la Nova Esquerra de l'Eixample,Carrer,ENTENÇA,2,140,,,,,,,EN,
02-2012-0298,02,L'EIXAMPLE,09,la Nova Esquerra de l'Eixample,Carrer,ENTENÇA,2,140,,,,,,,1,3
02-2012-0303,02,L'EIXAMPLE,09,la Nova Esquerra de l'Eixample,Carrer,ENTENÇA,2,140,,,,,,,3,2
02-2012-0356,02,L'EIXAMPLE,07,la Dreta de l'Eixample,Ronda,UNIVERSITAT,1,13,,,,,,,PR,2
02-2012-0370,02,L'EIXAMPLE,07,la Dreta de l'Eixample,Carrer,ROSSELLO,1,309,,,,,,,02,1
02-2012-0394,02,L'EIXAMPLE,06,la Sagrada Família,Carrer,MALLORCA,1,423,,,,,,,01,2
02-2012-0423,02,L'EIXAMPLE,07,la Dreta de l'Eixample,Rambla,CATALUNYA,1,31,,,,,,,1,1B
02-2012-0434,02,L'EIXAMPLE,07,la Dreta de l'Eixample,Passeig,GRACIA,2,50,,,,,,,06,1A
02-2012-0473,02,L'EIXAMPLE,06,la Sagrada Família,Carrer,ROSSELLO,2,380,,382,,,,,05,4
02-2012-0477,02,L'EIXAMPLE,06,la Sagrada Família,Carrer,ROSSELLO,2,380,,382,,,,,02,4
02-2012-0487,02,L'EIXAMPLE,07,la Dreta de l'Eixample,Carrer,GIRONA,1,27,,,,,,,01,1B
02-2012-0488,02,L'EIXAMPLE,07,la Dreta de l'Eixample,Avinguda,DIAGONAL,1,317,,,,,,,3,2
02-2012-0493,02,L'EIXAMPLE,05,el Fort Pienc,Carrer,AUSIAS MARC,2,146,,,,,,,03,3
02-2012-0511,02,L'EIXAMPLE,06,la Sagrada Família,Carrer,ROSSELLO,2,380,,382,,,,,03,4
02-2012-0536,02,L'EIXAMPLE,10,Sant Antoni,Ronda,SANT PAU,1,1,,,,,,,01,2
02-2012-0537,02,L'EIXAMPLE,10,Sant Antoni,Ronda,SANT PAU,1,1,,,,,,,01,1
02-2012-0555,02,L'EIXAMPLE,06,la Sagrada Família,Carrer,PROVENÇA,2,474,,,,,,B,02,4
02-2012-0580,02,L'EIXAMPLE,07,la Dreta de l'Eixample,Carrer,CASP,1,19,,,,,,,06,2
02-2012-0582,02,L'EIXAMPLE,07,la Dreta de l'Eixample,Passeig,GRACIA,1,15,,,,,,,06,1B
02-2012-0617,02,L'EIXAMPLE,08,l'Antiga Esquerra de l'Eixample,Carrer,PROVENÇA,1,131,,133,,,,,03,1
02-2012-0631,02,L'EIXAMPLE,08,l'Antiga Esquerra de l'Eixample,Carrer,MUNTANER,2,32,,,,,,,EN,
02-2012-0646,02,L'EIXAMPLE,10,Sant Antoni,Avinguda,PARAL.LEL,2,120,,122,,,,,7,D
02-2012-0656,02,L'EIXAMPLE,08,l'Antiga Esquerra de l'Eixample,Carrer,CASANOVA,2,136,,138,,,,A,7,2
02-2012-0660,02,L'EIXAMPLE,06,la Sagrada Família,Carrer,SICILIA,2,322,,,,,,,02,2
02-2012-0663,02,L'EIXAMPLE,06,la Sagrada Família,Carrer,SICILIA,2,322,,,,,,,04,1
02-2012-0669,02,L'EIXAMPLE,07,la Dreta de l'Eixample,Carrer,ROSSELLO,2,244,,,,,,,04,1
02-2012-0686,02,L'EIXAMPLE,09,la Nova Esquerra de l'Eixample,Avinguda,JOSEP TARRADELLAS,2,54,,,,,,,07,1
02-2012-0687,02,L'EIXAMPLE,10,Sant Antoni,Carrer,SEPULVEDA,1,85,,,,,,,SA,
02-2012-0733,02,L'EIXAMPLE,08,l'Antiga Esquerra de l'Eixample,Carrer,CONSELL DE CENT,1,203,,,,,,,05,1
02-2012-0738,02,L'EIXAMPLE,07,la Dreta de l'Eixample,Carrer,NAPOLS,1,149,,,,,,,PR,4
02-2012-0767,02,L'EIXAMPLE,07,la Dreta de l'Eixample,Carrer,BRUC,1,55,,,,,,B,01,1
02-2012-0783,02,L'EIXAMPLE,10,Sant Antoni,Carrer,MANSO,2,58,,,,,,,02,1
02-2012-0794,02,L'EIXAMPLE,07,la Dreta de l'Eixample,Carrer,BAILEN,1,125,,,,,,,04,4
02-2012-0832,02,L'EIXAMPLE,07,la Dreta de l'Eixample,Carrer,BRUC,1,55,,,,,,B,02,1
02-2012-0837,02,L'EIXAMPLE,07,la Dreta de l'Eixample,Passeig,GRACIA,1,3,,,,,,,04,4
02-2012-0888,02,L'EIXAMPLE,07,la Dreta de l'Eixample,Passeig,GRACIA,1,83,,,,,,,02,5
02-2012-0935,02,L'EIXAMPLE,06,la Sagrada Família,Avinguda,DIAGONAL,2,318,,,,,,,01,1
02-2012-0946,02,L'EIXAMPLE,06,la Sagrada Família,Carrer,CASTILLEJOS,1,287,,,,,,,AT,2
02-2012-0960,02,L'EIXAMPLE,10,Sant Antoni,Carrer,SEPULVEDA,2,94,,,,,,,PR,4
02-2012-0999,02,L'EIXAMPLE,05,el Fort Pienc,Carrer,SICILIA,1,109,,,,,,,2,B
02-2012-1001,02,L'EIXAMPLE,05,el Fort Pienc,Carrer,SICILIA,1,109,,,,,,,3,A
02-2012-1022,02,L'EIXAMPLE,08,l'Antiga Esquerra de l'Eixample,Carrer,ARIBAU,2,92,,,,,,,4,1
02-2012-1079,02,L'EIXAMPLE,07,la Dreta de l'Eixample,Plaça,TETUAN,2,10,,,,,,,PR,3
02-2012-1091,02,L'EIXAMPLE,06,la Sagrada Família,Avinguda,GAUDI,2,8,,,,,,,04,2B
02-2012-1122,02,L'EIXAMPLE,07,la Dreta de l'Eixample,Carrer,VALENCIA,2,290,,,,,,,03,2
02-2012-1125,02,L'EIXAMPLE,07,la Dreta de l'Eixample,Carrer,VALENCIA,2,290,,,,,,,02,2
02-2012-1127,02,L'EIXAMPLE,07,la Dreta de l'Eixample,Carrer,VALENCIA,2,290,,,,,,,03,4
02-2012-1152,02,L'EIXAMPLE,07,la Dreta de l'Eixample,Carrer,VALENCIA,1,355,,,,,,,3,2
02-2012-1164,02,L'EIXAMPLE,08,l'Antiga Esquerra de l'Eixample,Carrer,MALLORCA,2,148,,,,,,,5,4
02-2012-1173,02,L'EIXAMPLE,07,la Dreta de l'Eixample,Carrer,BAILEN,1,169,,,,,,,05,2
02-2012-1180,02,L'EIXAMPLE,08,l'Antiga Esquerra de l'Eixample,Carrer,CONSELL DE CENT,1,207,,,,,,,03,4
02-2012-1186,02,L'EIXAMPLE,08,l'Antiga Esquerra de l'Eixample,Carrer,CONSELL DE CENT,1,207,,,,,,,05,2
02-2012-1188,02,L'EIXAMPLE,08,l'Antiga Esquerra de l'Eixample,Carrer,CONSELL DE CENT,1,207,,,,,,,05,4
02-2012-1197,02,L'EIXAMPLE,06,la Sagrada Família,Carrer,ROSSELLO,2,446,,,,,,,EN,2
02-2012-1213,02,L'EIXAMPLE,08,l'Antiga Esquerra de l'Eixample,Carrer,ARIBAU,2,176,B,,,,,,03,2
02-2012-1234,02,L'EIXAMPLE,07,la Dreta de l'Eixample,Carrer,PAU CLARIS,2,178,,,,,,,02,1B
02-2012-1239,02,L'EIXAMPLE,10,Sant Antoni,Carrer,TAMARIT,2,104,,,,,,E,EN,1
02-2012-1248,02,L'EIXAMPLE,06,la Sagrada Família,Carrer,ROSSELLO,1,437,,,,,,,PR,2
02-2012-1249,02,L'EIXAMPLE,08,l'Antiga Esquerra de l'Eixample,Carrer,PROVENÇA,1,131,,133,,,,,01,1
02-2012-1252,02,L'EIXAMPLE,07,la Dreta de l'Eixample,Rambla,CATALUNYA,2,8,,,,,,,05,4
02-2012-1271,02,L'EIXAMPLE,10,Sant Antoni,Gran Via,CORTS CATALANES,2,474,,,,,,,05,2
02-2012-1288,02,L'EIXAMPLE,09,la Nova Esquerra de l'Eixample,Carrer,COMTE BORRELL,2,238,,,,,,,AT,1
02-2012-1304,02,L'EIXAMPLE,07,la Dreta de l'Eixample,Carrer,GIRONA,2,80,,,,,,,2,1
02-2012-1309,02,L'EIXAMPLE,07,la Dreta de l'Eixample,Carrer,GIRONA,2,80,,,,,,,BJ,2
02-2012-1313,02,L'EIXAMPLE,10,Sant Antoni,Gran Via,CORTS CATALANES,2,444,,,,,,,03,2
02-2012-1319,02,L'EIXAMPLE,08,l'Antiga Esquerra de l'Eixample,Carrer,ARAGO,1,207,,,,,,,03,1
02-2012-1322,02,L'EIXAMPLE,08,l'Antiga Esquerra de l'Eixample,Carrer,MUNTANER,2,26,,,,,,,2,1
02-2012-1324,02,L'EIXAMPLE,06,la Sagrada Família,Carrer,CASTILLEJOS,2,332,,,,,,,02,4
02-2012-1333,02,L'EIXAMPLE,07,la Dreta de l'Eixample,Carrer,ROGER DE LLURIA,2,82,,,,,,,02,2A
02-2012-1342,02,L'EIXAMPLE,06,la Sagrada Família,Carrer,CORSEGA,1,535,,,,,,,03,3
02-2012-1343,02,L'EIXAMPLE,10,Sant Antoni,Avinguda,PARAL.LEL,2,204,,,,,,,3,B
02-2012-1360,02,L'EIXAMPLE,07,la Dreta de l'Eixample,Avinguda,DIAGONAL,2,354,,,,,,,01,2
02-2012-1361,02,L'EIXAMPLE,07,la Dreta de l'Eixample,Carrer,PAU CLARIS,2,76,,,,,,,AT,1
02-2012-1369,02,L'EIXAMPLE,10,Sant Antoni,Carrer,COMTE BORRELL,2,98,,,,,,,01,2
02-2012-1378,02,L'EIXAMPLE,07,la Dreta de l'Eixample,Carrer,ROGER DE LLURIA,2,40,,,,,,,03,1
02-2012-1387,02,L'EIXAMPLE,10,Sant Antoni,Carrer,COMTE D'URGELL,1,53,,,,,,,SA,1
02-2012-1420,02,L'EIXAMPLE,07,la Dreta de l'Eixample,Avinguda,DIAGONAL,1,377,,,,,,,06,2
02-2012-1443,02,L'EIXAMPLE,10,Sant Antoni,Carrer,COMTE BORRELL,2,106,,,,,,,PR,1
02-2012-1457,02,L'EIXAMPLE,05,el Fort Pienc,Gran Via,CORTS CATALANES,2,794,,,,,,,07,1
02-2012-1461,02,L'EIXAMPLE,07,la Dreta de l'Eixample,Avinguda,DIAGONAL,1,377,,,,,,,06,1
02-2012-1472,02,L'EIXAMPLE,10,Sant Antoni,Carrer,FLORIDABLANCA,2,128,,,,,,,01,
02-2012-1501,02,L'EIXAMPLE,10,Sant Antoni,Carrer,CASANOVA,1,9,,,,,,,2,1
02-2012-1527,02,L'EIXAMPLE,07,la Dreta de l'Eixample,Carrer,ARAGO,2,312,,,,,,,1,2
02-2012-1528,02,L'EIXAMPLE,07,la Dreta de l'Eixample,Carrer,ARAGO,2,312,,,,,,,2,1
02-2012-1585,02,L'EIXAMPLE,07,la Dreta de l'Eixample,Carrer,ARAGO,2,312,,,,,,,6,3
02-2012-1625,02,L'EIXAMPLE,09,la Nova Esquerra de l'Eixample,Carrer,COMTE D'URGELL,1,151,,,,,,2,06,2
02-2012-1637,02,L'EIXAMPLE,09,la Nova Esquerra de l'Eixample,Avinguda,SARRIA,1,33,,,,,,,PR,4
02-2012-1661,02,L'EIXAMPLE,06,la Sagrada Família,Carrer,MALLORCA,2,374,,,,,,,03,2
02-2012-1678,02,L'EIXAMPLE,06,la Sagrada Família,Carrer,PADILLA,2,300,,,,,,,EN,1
02-2012-1686,02,L'EIXAMPLE,05,el Fort Pienc,Plaça,TETUAN,2,36,,,,,,,17,1
02-2012-1688,02,L'EIXAMPLE,08,l'Antiga Esquerra de l'Eixample,Carrer,CONSELL DE CENT,1,207,,,,,,,BJ,1
02-2012-1697,02,L'EIXAMPLE,07,la Dreta de l'Eixample,Ronda,SANT PERE,2,22,,,,,,,06,3
02-2012-1722,02,L'EIXAMPLE,08,l'Antiga Esquerra de l'Eixample,Carrer,CASANOVA,2,96,,,,,,,6,1
02-2012-1727,02,L'EIXAMPLE,08,l'Antiga Esquerra de l'Eixample,Carrer,CASANOVA,2,96,,,,,,,4,2
02-2012-1742,02,L'EIXAMPLE,08,l'Antiga Esquerra de l'Eixample,Carrer,CASANOVA,2,96,,,,,,,BJ,
02-2012-1771,02,L'EIXAMPLE,07,la Dreta de l'Eixample,Carrer,CONSELL DE CENT,1,421,,,,,,,03,2
02-2012-1786,02,L'EIXAMPLE,08,l'Antiga Esquerra de l'Eixample,Carrer,BALMES,1,119,,,,,,,01,3
02-2012-1799,02,L'EIXAMPLE,07,la Dreta de l'Eixample,Carrer,VALENCIA,1,363,,,,,,,1,
02-2012-1809,02,L'EIXAMPLE,06,la Sagrada Família,Carrer,PROVENÇA,1,529,,,,,,,PR,2
02-2012-1857,02,L'EIXAMPLE,09,la Nova Esquerra de l'Eixample,Carrer,VILADOMAT,2,198,,,,,,,03,2
02-2012-1861,02,L'EIXAMPLE,08,l'Antiga Esquerra de l'Eixample,Carrer,ARIBAU,1,39,,,,,,,02,2B
02-2012-1899,02,L'EIXAMPLE,07,la Dreta de l'Eixample,Carrer,ROSSELLO,2,328,,,,,,,02,1
02-2012-1906,02,L'EIXAMPLE,09,la Nova Esquerra de l'Eixample,Carrer,COMTE BORRELL,1,251,,,,,,,02,1
02-2012-1921,02,L'EIXAMPLE,08,l'Antiga Esquerra de l'Eixample,Carrer,VILLARROEL,1,195,,,,,,,05,4
02-2012-1935,02,L'EIXAMPLE,06,la Sagrada Família,Carrer,MALLORCA,1,439,,,,,,,03,1
02-2012-1936,02,L'EIXAMPLE,07,la Dreta de l'Eixample,Carrer,GIRONA,1,15,,,,,,,AT,
02-2012-1956,02,L'EIXAMPLE,10,Sant Antoni,Carrer,ENTENÇA,1,33,,,,,,,PR,1
02-2012-1972,02,L'EIXAMPLE,07,la Dreta de l'Eixample,Carrer,AUSIAS MARC,1,5,,,,,,,AT,1
02-2012-1977,02,L'EIXAMPLE,07,la Dreta de l'Eixample,Rambla,CATALUNYA,2,8,,,,,,,02,2
02-2012-1984,02,L'EIXAMPLE,07,la Dreta de l'Eixample,Carrer,CONSELL DE CENT,1,343,,,,,,,4,2
02-2012-1987,02,L'EIXAMPLE,06,la Sagrada Família,Carrer,PROVENÇA,1,503,B,,,,,,02,
02-2012-1989,02,L'EIXAMPLE,08,l'Antiga Esquerra de l'Eixample,Carrer,CASANOVA,2,96,,,,,,,3,2
02-2012-1990,02,L'EIXAMPLE,06,la Sagrada Família,Carrer,PROVENÇA,1,503,B,,,,,,04,
02-2012-2001,02,L'EIXAMPLE,07,la Dreta de l'Eixample,Carrer,ROSSELLO,2,328,,,,,,,AT,2
02-2012-2008,02,L'EIXAMPLE,10,Sant Antoni,Carrer,SEPULVEDA,1,169,,,,,,,4,1
02-2012-2024,02,L'EIXAMPLE,08,l'Antiga Esquerra de l'Eixample,Carrer,ARIBAU,1,137,,,,,,,PR,1
02-2013-0001,02,L'EIXAMPLE,06,la Sagrada Família,Carrer,NAPOLS,2,272,,,,,,,PR,2
02-2013-0022,02,L'EIXAMPLE,09,la Nova Esquerra de l'Eixample,Carrer,ROCAFORT,1,105,,,,,,A,03,2
02-2013-0032,02,L'EIXAMPLE,10,Sant Antoni,Carrer,FLORIDABLANCA,1,119,,,,,,,SA,2
02-2013-0037,02,L'EIXAMPLE,10,Sant Antoni,Carrer,SEPULVEDA,1,181,,,,,,,03,2B
02-2013-0050,02,L'EIXAMPLE,10,Sant Antoni,Ronda,SANT PAU,1,1,,,,,,,EN,1
02-2013-0106,02,L'EIXAMPLE,07,la Dreta de l'Eixample,Carrer,ROGER DE FLOR,1,121,,,,,,,PR,2
02-2013-0149,02,L'EIXAMPLE,07,la Dreta de l'Eixample,Carrer,BALMES,2,28,,,,,,,01,1
02-2013-0157,02,L'EIXAMPLE,06,la Sagrada Família,Carrer,PROVENÇA,1,451,,,,,,,04,1
02-2013-0179,02,L'EIXAMPLE,07,la Dreta de l'Eixample,Rambla,CATALUNYA,1,99,,,,,,,03,2
02-2013-0199,02,L'EIXAMPLE,05,el Fort Pienc,Carrer,CONSELL DE CENT,1,477,,,,,,,02,1
02-2013-0203,02,L'EIXAMPLE,07,la Dreta de l'Eixample,Gran Via,CORTS CATALANES,2,620,,,,,,,03,1C
02-2013-0259,02,L'EIXAMPLE,07,la Dreta de l'Eixample,Carrer,PELAI,1,7,,,,,,,01,G
02-2013-0285,02,L'EIXAMPLE,07,la Dreta de l'Eixample,Carrer,VALENCIA,1,235,,,,,,,01,1
02-2013-0294,02,L'EIXAMPLE,08,l'Antiga Esquerra de l'Eixample,Carrer,ARAGO,1,207,,,,,,,05,1
02-2013-0328,02,L'EIXAMPLE,10,Sant Antoni,Carrer,COMTE BORRELL,1,41,,,,,,,PR,2
02-2013-0381,02,L'EIXAMPLE,10,Sant Antoni,Carrer,SEPULVEDA,1,45,,,,,,A,4,2
02-2013-0450,02,L'EIXAMPLE,07,la Dreta de l'Eixample,Carrer,DIPUTACIO,1,291,,,,,,,03,2
02-2013-0454,02,L'EIXAMPLE,06,la Sagrada Família,Avinguda,GAUDI,2,8,,,,,,,02,2
02-2013-0457,02,L'EIXAMPLE,06,la Sagrada Família,Avinguda,GAUDI,2,8,,,,,,,EN,2B
02-2013-0465,02,L'EIXAMPLE,06,la Sagrada Família,Carrer,VALENCIA,2,506,,,,,,,03,2
02-2013-0476,02,L'EIXAMPLE,07,la Dreta de l'Eixample,Carrer,DIPUTACIO,1,291,,,,,,,PR,2
02-2013-0480,02,L'EIXAMPLE,09,la Nova Esquerra de l'Eixample,Carrer,ROCAFORT,2,124,,,,,,,PR,4
02-2013-0499,02,L'EIXAMPLE,09,la Nova Esquerra de l'Eixample,Carrer,ARAGO,2,100,,,,,,,04,3
02-2013-0508,02,L'EIXAMPLE,06,la Sagrada Família,Carrer,VALENCIA,1,465,,,,,,,PR,3
02-2013-0572,02,L'EIXAMPLE,07,la Dreta de l'Eixample,Carrer,CORSEGA,2,394,,,,,,,AT,4
02-2013-0574,02,L'EIXAMPLE,06,la Sagrada Família,Carrer,MALLORCA,1,373,,,,,,,PR,2
02-2013-0582,02,L'EIXAMPLE,05,el Fort Pienc,Carrer,MARINA,2,212,,,,,,,05,2
02-2013-0600,02,L'EIXAMPLE,10,Sant Antoni,Carrer,ENTENÇA,1,33,,,,,,,01,2
02-2013-0629,02,L'EIXAMPLE,05,el Fort Pienc,Passeig,SANT JOAN,2,30,,,,,,,01,2
02-2013-0631,02,L'EIXAMPLE,07,la Dreta de l'Eixample,Passeig,GRACIA,2,44,,,,,,,06,G
02-2013-0661,02,L'EIXAMPLE,07,la Dreta de l'Eixample,Carrer,VALENCIA,2,284,,,,,,,01,2B
02-2013-0663,02,L'EIXAMPLE,07,la Dreta de l'Eixample,Carrer,VALENCIA,2,284,,,,,,,01,2A
02-2013-0667,02,L'EIXAMPLE,07,la Dreta de l'Eixample,Ronda,UNIVERSITAT,1,35,,,,,,,04,2
02-2013-0683,02,L'EIXAMPLE,10,Sant Antoni,Carrer,TAMARIT,1,187,,,,,,,PR,1
02-2013-0686,02,L'EIXAMPLE,10,Sant Antoni,Carrer,TAMARIT,1,187,,,,,,,01,2
02-2013-0690,02,L'EIXAMPLE,10,Sant Antoni,Carrer,TAMARIT,1,187,,,,,,,03,1
02-2013-0700,02,L'EIXAMPLE,05,el Fort Pienc,Gran Via,CORTS CATALANES,2,720,,,,,,,PR,2
02-2013-0711,02,L'EIXAMPLE,07,la Dreta de l'Eixample,Carrer,CONSELL DE CENT,2,430,,,,,,,05,3
02-2013-0721,02,L'EIXAMPLE,07,la Dreta de l'Eixample,Carrer,BALMES,2,64,,,,,,,04,2
02-2013-0722,02,L'EIXAMPLE,07,la Dreta de l'Eixample,Carrer,BALMES,2,64,,,,,,,PR,1
02-2013-0735,02,L'EIXAMPLE,08,l'Antiga Esquerra de l'Eixample,Passatge,VALERI SERRA,1,19,,,,,,,EN,1
02-2013-0747,02,L'EIXAMPLE,08,l'Antiga Esquerra de l'Eixample,Carrer,ARIBAU,2,56,,,,,,,05,1
02-2013-0749,02,L'EIXAMPLE,07,la Dreta de l'Eixample,Carrer,CONSELL DE CENT,2,442,,,,,,,EN,
02-2013-0804,02,L'EIXAMPLE,07,la Dreta de l'Eixample,Avinguda,DIAGONAL,1,307,,,,,,,PR,2
02-2013-0814,02,L'EIXAMPLE,07,la Dreta de l'Eixample,Carrer,VALENCIA,1,329,,,,,,,1,1
02-2013-0921,02,L'EIXAMPLE,05,el Fort Pienc,Carrer,MARINA,2,212,,,,,,,02,1
02-2013-0922,02,L'EIXAMPLE,05,el Fort Pienc,Carrer,ROGER DE FLOR,1,89,,,,,,,02,1
02-2013-0953,02,L'EIXAMPLE,08,l'Antiga Esquerra de l'Eixample,Carrer,ARAGO,1,207,,,,,,,01,2
02-2013-0969,02,L'EIXAMPLE,07,la Dreta de l'Eixample,Gran Via,CORTS CATALANES,1,667,,,,,,,03,2
02-2013-0983,02,L'EIXAMPLE,09,la Nova Esquerra de l'Eixample,Carrer,ENTENÇA,1,163,,,,,,,4,1
02-2013-0989,02,L'EIXAMPLE,09,la Nova Esquerra de l'Eixample,Carrer,CALABRIA,2,222,,,,,,,04,1
02-2013-1011,02,L'EIXAMPLE,06,la Sagrada Família,Carrer,SARDENYA,2,338,,,,,,,02,2
02-2013-1032,02,L'EIXAMPLE,07,la Dreta de l'Eixample,Ronda,SANT PERE,1,35,,,,,,,01,2
02-2013-1064,02,L'EIXAMPLE,08,l'Antiga Esquerra de l'Eixample,Carrer,ARIBAU,2,100,,,,,,,01,2
02-2013-1086,02,L'EIXAMPLE,10,Sant Antoni,Carrer,MUNTANER,1,7,,,,,,,03,1
02-2013-1100,02,L'EIXAMPLE,09,la Nova Esquerra de l'Eixample,Gran Via,CORTS CATALANES,1,439,,,,,,,06,4
02-2013-1102,02,L'EIXAMPLE,09,la Nova Esquerra de l'Eixample,Gran Via,CORTS CATALANES,1,439,,,,,,,05,2
02-2013-1104,02,L'EIXAMPLE,09,la Nova Esquerra de l'Eixample,Gran Via,CORTS CATALANES,1,439,,,,,,,07,2
02-2013-1109,02,L'EIXAMPLE,07,la Dreta de l'Eixample,Gran Via,CORTS CATALANES,2,634,,,,,,,4,3
02-2013-1127,02,L'EIXAMPLE,08,l'Antiga Esquerra de l'Eixample,Gran Via,CORTS CATALANES,1,555,,,,,,,01,
02-2013-1133,02,L'EIXAMPLE,08,l'Antiga Esquerra de l'Eixample,Carrer,COMTE D'URGELL,2,214,,,,,,,PR,
02-2013-1163,02,L'EIXAMPLE,06,la Sagrada Família,Carrer,CORSEGA,1,559,,,,,,,2,2
02-2013-1165,02,L'EIXAMPLE,08,l'Antiga Esquerra de l'Eixample,Carrer,PARIS,2,204,,,,,,,02,2
02-2013-1168,02,L'EIXAMPLE,09,la Nova Esquerra de l'Eixample,Carrer,ARAGO,1,39,,,,,,,PR,3
02-2013-1188,02,L'EIXAMPLE,06,la Sagrada Família,Carrer,CONSELL DE CENT,1,545,,,,,,,02,3
02-2013-1195,02,L'EIXAMPLE,06,la Sagrada Família,Carrer,CONSELL DE CENT,1,545,,,,,,,07,4
02-2013-1218,02,L'EIXAMPLE,05,el Fort Pienc,Carrer,SICILIA,2,264,,,,,,2,01,D
02-2013-1219,02,L'EIXAMPLE,05,el Fort Pienc,Carrer,SICILIA,2,264,,,,,,2,01,C
02-2013-1239,02,L'EIXAMPLE,06,la Sagrada Família,Carrer,CASTILLEJOS,1,323,,,,,,,05,2
02-2013-1263,02,L'EIXAMPLE,08,l'Antiga Esquerra de l'Eixample,Carrer,ARIBAU,1,105,,,,,,,PR,2
02-2013-1292,02,L'EIXAMPLE,10,Sant Antoni,Carrer,COMTE BORRELL,1,35,,,,,,,SA,1
02-2013-1295,02,L'EIXAMPLE,08,l'Antiga Esquerra de l'Eixample,Carrer,CASANOVA,2,160,,,,,,,AT,2
02-2013-1315,02,L'EIXAMPLE,07,la Dreta de l'Eixample,Rambla,CATALUNYA,2,22,,,,,,A,1,1
02-2013-1318,02,L'EIXAMPLE,06,la Sagrada Família,Carrer,DOS DE MAIG,1,327,,329,,,,,01,2
02-2013-1331,02,L'EIXAMPLE,05,el Fort Pienc,Passeig,SANT JOAN,2,6,,,,,,,04,2
02-2013-1344,02,L'EIXAMPLE,10,Sant Antoni,Carrer,TAMARIT,1,185,,,,,,,05,B
02-2013-1392,02,L'EIXAMPLE,07,la Dreta de l'Eixample,Carrer,BALMES,2,104,,,,,,,PR,3
02-2013-1408,02,L'EIXAMPLE,07,la Dreta de l'Eixample,Carrer,VALENCIA,2,334,,,,,,,04,3
02-2013-1416,02,L'EIXAMPLE,07,la Dreta de l'Eixample,Ronda,UNIVERSITAT,1,33,,,,,,,AT,1
02-2013-1424,02,L'EIXAMPLE,07,la Dreta de l'Eixample,Carrer,MALLORCA,1,341,,,,,,,02,2
02-2013-1493,02,L'EIXAMPLE,08,l'Antiga Esquerra de l'Eixample,Carrer,PROVENÇA,1,183,,,,,,,04,4
02-2013-1505,02,L'EIXAMPLE,07,la Dreta de l'Eixample,Carrer,VALENCIA,1,241,,,,,,,PR,1
02-2013-1517,02,L'EIXAMPLE,06,la Sagrada Família,Carrer,INDUSTRIA,1,189,,,,,,,04,1
02-2013-1539,02,L'EIXAMPLE,07,la Dreta de l'Eixample,Ronda,SANT PERE,2,44,,,,,,,PR,1A
02-2013-1553,02,L'EIXAMPLE,07,la Dreta de l'Eixample,Carrer,CONSELL DE CENT,2,436,,,,,,,03,1
02-2013-1587,02,L'EIXAMPLE,09,la Nova Esquerra de l'Eixample,Carrer,PROVENÇA,2,82,,,,,,,05,A
02-2013-1592,02,L'EIXAMPLE,06,la Sagrada Família,Carrer,SARDENYA,1,269,,,,,,,AT,1
02-2013-1606,02,L'EIXAMPLE,07,la Dreta de l'Eixample,Carrer,ROGER DE LLURIA,2,54,,,,,,,PR,1A
02-2013-1639,02,L'EIXAMPLE,09,la Nova Esquerra de l'Eixample,Carrer,ROSSELLO,2,20,,,,,,,01,1
02-2013-1641,02,L'EIXAMPLE,06,la Sagrada Família,Passatge,MAIOL,1,25,,27,,,,,02,1
02-2013-1646,02,L'EIXAMPLE,07,la Dreta de l'Eixample,Avinguda,DIAGONAL,2,434,,,,,,,BJ,
02-2013-1679,02,L'EIXAMPLE,09,la Nova Esquerra de l'Eixample,Carrer,ARAGO,1,39,,,,,,,4,3
02-2013-1707,02,L'EIXAMPLE,10,Sant Antoni,Carrer,CASANOVA,1,9,,,,,,,02,4
02-2013-1725,02,L'EIXAMPLE,09,la Nova Esquerra de l'Eixample,Carrer,ROCAFORT,2,102,,,,,,,EN,2
02-2013-1728,02,L'EIXAMPLE,09,la Nova Esquerra de l'Eixample,Carrer,ROCAFORT,2,102,,,,,,,EN,1
02-2013-1781,02,L'EIXAMPLE,08,l'Antiga Esquerra de l'Eixample,Carrer,CORSEGA,2,260,,,,,,,EN,
02-2013-1789,02,L'EIXAMPLE,08,l'Antiga Esquerra de l'Eixample,Gran Via,CORTS CATALANES,1,549,,,,,,,04,1
02-2013-1791,02,L'EIXAMPLE,09,la Nova Esquerra de l'Eixample,Carrer,COMTE BORRELL,2,132,,,,,,,04,1
02-2013-1806,02,L'EIXAMPLE,08,l'Antiga Esquerra de l'Eixample,Carrer,BALMES,1,83,,,,,,,PR,2
02-2013-1810,02,L'EIXAMPLE,06,la Sagrada Família,Carrer,CASTILLEJOS,1,251,,,,,,,PR,2
02-2013-1856,02,L'EIXAMPLE,05,el Fort Pienc,Avinguda,DIAGONAL,1,245,,,,,,,01,1
02-2013-1869,02,L'EIXAMPLE,07,la Dreta de l'Eixample,Carrer,ROGER DE LLURIA,2,20,,,,,,,02,2A
02-2013-1926,02,L'EIXAMPLE,06,la Sagrada Família,Carrer,INDUSTRIA,2,184,,,,,,,03,
02-2013-1952,02,L'EIXAMPLE,10,Sant Antoni,Carrer,VILLARROEL,2,50,,,,,,,EN,2
02-2013-1963,02,L'EIXAMPLE,07,la Dreta de l'Eixample,Carrer,MALLORCA,1,255,,,,,,,03,3
02-2013-1969,02,L'EIXAMPLE,05,el Fort Pienc,Carrer,DIPUTACIO,1,477,,,,,,,05,2
02-2013-1987,02,L'EIXAMPLE,08,l'Antiga Esquerra de l'Eixample,Carrer,CONSELL DE CENT,1,221,,,,,,D,05,1
02-2013-2006,02,L'EIXAMPLE,10,Sant Antoni,Carrer,CALABRIA,2,86,,,,,,,AT,3
02-2013-2009,02,L'EIXAMPLE,10,Sant Antoni,Carrer,FLORIDABLANCA,2,114,,,,,,,PR,2
02-2013-2029,02,L'EIXAMPLE,05,el Fort Pienc,Carrer,DIPUTACIO,2,470,,,,,,,PR,1
02-2013-2032,02,L'EIXAMPLE,05,el Fort Pienc,Carrer,DIPUTACIO,2,470,,,,,,,02,2
02-2013-2035,02,L'EIXAMPLE,05,el Fort Pienc,Carrer,DIPUTACIO,2,470,,,,,,,02,3
02-2013-2087,02,L'EIXAMPLE,06,la Sagrada Família,Carrer,ROSSELLO,2,408,,,,,,,04,2
02-2013-2094,02,L'EIXAMPLE,06,la Sagrada Família,Carrer,MARINA,2,334,,,,,,,SA,3
02-2013-2098,02,L'EIXAMPLE,07,la Dreta de l'Eixample,Gran Via,CORTS CATALANES,1,667,,,,,,,PR,2
02-2013-2105,02,L'EIXAMPLE,09,la Nova Esquerra de l'Eixample,Carrer,PROVENÇA,2,60,,,,,,,02,1
02-2013-2129,02,L'EIXAMPLE,05,el Fort Pienc,Carrer,SICILIA,1,159,,,,,,,01,4
02-2013-2138,02,L'EIXAMPLE,10,Sant Antoni,Carrer,CALABRIA,1,3,,,,,,,BJ,
02-2013-2173,02,L'EIXAMPLE,10,Sant Antoni,Ronda,SANT PAU,1,25,,,,,,,01,1
02-2013-2228,02,L'EIXAMPLE,07,la Dreta de l'Eixample,Carrer,NAPOLS,1,213,,,,,,,05,2
02-2013-2229,02,L'EIXAMPLE,05,el Fort Pienc,Gran Via,CORTS CATALANES,1,701,,,,,,,05,3
02-2013-2273,02,L'EIXAMPLE,05,el Fort Pienc,Carrer,MARINA,2,212,,,,,,,04,4
02-2013-2279,02,L'EIXAMPLE,08,l'Antiga Esquerra de l'Eixample,Carrer,ENRIC GRANADOS,1,99,,,,,,,05,4
02-2013-2292,02,L'EIXAMPLE,07,la Dreta de l'Eixample,Rambla,CATALUNYA,2,98,B,,,,,,04,2
02-2013-2298,02,L'EIXAMPLE,07,la Dreta de l'Eixample,Carrer,ROSSELLO,2,268,,,,,,,03,3
02-2013-2357,02,L'EIXAMPLE,08,l'Antiga Esquerra de l'Eixample,Carrer,ROSSELLO,1,183,,,,,,,2,1
02-2013-2372,02,L'EIXAMPLE,07,la Dreta de l'Eixample,Carrer,VALENCIA,2,282,,,,,,,04,1
02-2013-2451,02,L'EIXAMPLE,08,l'Antiga Esquerra de l'Eixample,Carrer,MUNTANER,2,70,,,,,,,03,1
02-2013-2467,02,L'EIXAMPLE,07,la Dreta de l'Eixample,Passeig,GRACIA,1,65,B,,,,,,PR,
02-2013-2472,02,L'EIXAMPLE,05,el Fort Pienc,Carrer,ALI BEI,1,37,,,,,,,1,1
02-2014-0013,02,L'EIXAMPLE,10,Sant Antoni,Carrer,CALABRIA,2,54,,,,,,,01,1
02-2014-0029,02,L'EIXAMPLE,06,la Sagrada Família,Carrer,LEPANT,1,257,,,,,,,BJ,4
02-2014-0035,02,L'EIXAMPLE,08,l'Antiga Esquerra de l'Eixample,Carrer,CASANOVA,1,87,,,,,,,1,B
02-2014-0038,02,L'EIXAMPLE,08,l'Antiga Esquerra de l'Eixample,Carrer,CASANOVA,1,87,,,,,,,02,B
02-2014-0039,02,L'EIXAMPLE,08,l'Antiga Esquerra de l'Eixample,Carrer,CASANOVA,1,87,,,,,,,03,A
02-2014-0099,02,L'EIXAMPLE,07,la Dreta de l'Eixample,Carrer,CASP,1,19,,,,,,,AT,
02-2014-0102,02,L'EIXAMPLE,07,la Dreta de l'Eixample,Passeig,GRACIA,1,101,,,,,,,SA,4
02-2014-0143,02,L'EIXAMPLE,07,la Dreta de l'Eixample,Carrer,PROVENÇA,1,371,,,,,,,02,1
02-2014-0164,02,L'EIXAMPLE,09,la Nova Esquerra de l'Eixample,Carrer,ROSSELLO,2,90,,,,,,B,01,3
02-2014-0180,02,L'EIXAMPLE,08,l'Antiga Esquerra de l'Eixample,Carrer,DIPUTACIO,1,201,,,,,,,05,4
02-2014-0202,02,L'EIXAMPLE,06,la Sagrada Família,Plaça,SAGRADA FAMILIA,2,10,,,,,,,BJ,1
02-2014-0226,02,L'EIXAMPLE,08,l'Antiga Esquerra de l'Eixample,Carrer,CORSEGA,2,252,,,,,,,AT,
02-2014-0228,02,L'EIXAMPLE,10,Sant Antoni,Carrer,CALABRIA,1,5,,,,,,,AT,
02-2014-0261,02,L'EIXAMPLE,10,Sant Antoni,Avinguda,PARAL.LEL,2,122,B,,,,,,AT,2
02-2014-0277,02,L'EIXAMPLE,08,l'Antiga Esquerra de l'Eixample,Carrer,VALENCIA,1,103,,,,,,,05,2
02-2014-0287,02,L'EIXAMPLE,07,la Dreta de l'Eixample,Passatge,DOMINGO,1,5,,,,,,,1,2
02-2014-0289,02,L'EIXAMPLE,06,la Sagrada Família,Carrer,MALLORCA,1,493,,,,,,,06,1
02-2014-0323,02,L'EIXAMPLE,07,la Dreta de l'Eixample,Gran Via,CORTS CATALANES,2,600,,,,,,,01,2
02-2014-0331,02,L'EIXAMPLE,06,la Sagrada Família,Avinguda,GAUDI,1,79,,,,,,,03,3
02-2014-0353,02,L'EIXAMPLE,07,la Dreta de l'Eixample,Carrer,BALMES,1,9,,,,,,,01,2
02-2014-0363,02,L'EIXAMPLE,08,l'Antiga Esquerra de l'Eixample,Carrer,ENRIC GRANADOS,1,115,,117,,,,,PR,2
02-2014-0381,02,L'EIXAMPLE,05,el Fort Pienc,Carrer,CONSELL DE CENT,2,474,B,,,,,,AT,A
02-2014-0392,02,L'EIXAMPLE,06,la Sagrada Família,Carrer,LEPANT,1,279,,,,,,,05,2
02-2014-0410,02,L'EIXAMPLE,05,el Fort Pienc,Avinguda,DIAGONAL,1,281,B,,,,,,05,3
02-2014-0421,02,L'EIXAMPLE,08,l'Antiga Esquerra de l'Eixample,Carrer,ROSSELLO,2,164,,,,,,,PR,2
02-2014-0439,02,L'EIXAMPLE,07,la Dreta de l'Eixample,Rambla,CATALUNYA,1,101,,,,,,,5,1
02-2014-0443,02,L'EIXAMPLE,09,la Nova Esquerra de l'Eixample,Carrer,ENTENÇA,1,113,,,,,,,1,3
02-2014-0444,02,L'EIXAMPLE,07,la Dreta de l'Eixample,Avinguda,DIAGONAL,1,317,,,,,,,04,4
02-2014-0451,02,L'EIXAMPLE,07,la Dreta de l'Eixample,Carrer,MALLORCA,2,360,,,,,,,2,1
02-2014-0480,02,L'EIXAMPLE,07,la Dreta de l'Eixample,Carrer,ROGER DE LLURIA,2,80,,,,,,,04,1
02-2014-0482,02,L'EIXAMPLE,09,la Nova Esquerra de l'Eixample,Carrer,VILADOMAT,1,261,,,,,,,BJ,1
02-2014-0491,02,L'EIXAMPLE,07,la Dreta de l'Eixample,Carrer,TRAFALGAR,1,33,,,,,,,04,1
02-2014-0505,02,L'EIXAMPLE,07,la Dreta de l'Eixample,Carrer,PAU CLARIS,1,87,,,,,,,PR,3
02-2014-0544,02,L'EIXAMPLE,09,la Nova Esquerra de l'Eixample,Carrer,VALENCIA,1,19,,,,,,B,01,2
02-2014-0559,02,L'EIXAMPLE,07,la Dreta de l'Eixample,Carrer,CONSELL DE CENT,2,354,,,,,,,04,2
02-2014-0603,02,L'EIXAMPLE,07,la Dreta de l'Eixample,Carrer,ROSSELLO,2,296,,,,,,,04,2
02-2014-0615,02,L'EIXAMPLE,07,la Dreta de l'Eixample,Gran Via,CORTS CATALANES,2,596,,,,,,,05,1
02-2014-0616,02,L'EIXAMPLE,07,la Dreta de l'Eixample,Carrer,GIRONA,1,85,,,,,,,04,
02-2014-0623,02,L'EIXAMPLE,07,la Dreta de l'Eixample,Carrer,TRAFALGAR,1,5,,,,,,,02,1
02-2014-0628,02,L'EIXAMPLE,05,el Fort Pienc,Gran Via,CORTS CATALANES,1,733,,,,,,,07,1
02-2014-0641,02,L'EIXAMPLE,06,la Sagrada Família,Carrer,VALENCIA,2,494,,498,,B,,D,EN,2
02-2014-0652,02,L'EIXAMPLE,07,la Dreta de l'Eixample,Carrer,GIRONA,1,17,,,,,,,02,1
02-2014-0672,02,L'EIXAMPLE,09,la Nova Esquerra de l'Eixample,Carrer,DIPUTACIO,2,8,,10,,,,,EN,3
02-2014-0681,02,L'EIXAMPLE,08,l'Antiga Esquerra de l'Eixample,Carrer,PARIS,2,172,,,,,,E,03,1
02-2014-0682,02,L'EIXAMPLE,09,la Nova Esquerra de l'Eixample,Carrer,VILAMARI,2,126,,,,,,,BJ,10
02-2014-0693,02,L'EIXAMPLE,08,l'Antiga Esquerra de l'Eixample,Carrer,BALMES,1,83,,,,,,,02,1
02-2014-0696,02,L'EIXAMPLE,08,l'Antiga Esquerra de l'Eixample,Carrer,CASANOVA,1,115,,,,,,,PR,2
02-2014-0712,02,L'EIXAMPLE,10,Sant Antoni,Carrer,COMTE BORRELL,2,38,,,,,,,AT,1
02-2014-0717,02,L'EIXAMPLE,10,Sant Antoni,Carrer,COMTE BORRELL,2,38,,,,,,,02,2
02-2014-0724,02,L'EIXAMPLE,06,la Sagrada Família,Avinguda,GAUDI,1,31,,,,,,,AT,4
02-2014-0731,02,L'EIXAMPLE,08,l'Antiga Esquerra de l'Eixample,Carrer,PROVENÇA,1,131,,,,,,,04,4
02-2014-0739,02,L'EIXAMPLE,06,la Sagrada Família,Carrer,SARDENYA,2,298,,,,,,,3,2
02-2014-0741,02,L'EIXAMPLE,10,Sant Antoni,Carrer,COMTE BORRELL,1,63,,,,,,,01,2
02-2014-0749,02,L'EIXAMPLE,06,la Sagrada Família,Carrer,MALLORCA,2,440,,,,,,,3,2
02-2014-0755,02,L'EIXAMPLE,07,la Dreta de l'Eixample,Passatge,DOMINGO,2,8,,,,,,,01,1
02-2014-0758,02,L'EIXAMPLE,08,l'Antiga Esquerra de l'Eixample,Carrer,PROVENÇA,1,205,,,,,,,03,2
02-2014-0759,02,L'EIXAMPLE,08,l'Antiga Esquerra de l'Eixample,Carrer,PROVENÇA,1,205,,,,,,,01,1
02-2014-0762,02,L'EIXAMPLE,08,l'Antiga Esquerra de l'Eixample,Carrer,PROVENÇA,1,205,,,,,,,01,2
02-2014-0771,02,L'EIXAMPLE,07,la Dreta de l'Eixample,Carrer,GIRONA,1,167,,169,,,,,03,1
02-2014-0786,02,L'EIXAMPLE,08,l'Antiga Esquerra de l'Eixample,Carrer,VALENCIA,1,191,,,,,,,01,2
02-2014-0794,02,L'EIXAMPLE,08,l'Antiga Esquerra de l'Eixample,Carrer,PROVENÇA,1,205,,,,,,,02,2
02-2014-0795,02,L'EIXAMPLE,09,la Nova Esquerra de l'Eixample,Carrer,CONSELL DE CENT,2,78,,,,,,,EN,2
02-2014-0815,02,L'EIXAMPLE,07,la Dreta de l'Eixample,Passeig,GRACIA,1,67,,,,,,,04,1
02-2014-0819,02,L'EIXAMPLE,07,la Dreta de l'Eixample,Passeig,GRACIA,1,67,,,,,,,05,2
02-2014-0821,02,L'EIXAMPLE,07,la Dreta de l'Eixample,Avinguda,DIAGONAL,2,438,,,,,,,03,
02-2014-0841,02,L'EIXAMPLE,05,el Fort Pienc,Carrer,PADILLA,2,154,,,,,,,AT,1
02-2014-0867,02,L'EIXAMPLE,08,l'Antiga Esquerra de l'Eixample,Carrer,COMTE D'URGELL,2,90,,,,,,,3,1
02-2014-0877,02,L'EIXAMPLE,10,Sant Antoni,Carrer,VILLARROEL,2,42,,,,,,,04,4
02-2014-0883,02,L'EIXAMPLE,07,la Dreta de l'Eixample,Carrer,ROGER DE FLOR,2,136,,,,,,,03,1
02-2014-0885,02,L'EIXAMPLE,07,la Dreta de l'Eixample,Carrer,ROGER DE FLOR,2,136,,,,,,,03,2
02-2014-0904,02,L'EIXAMPLE,08,l'Antiga Esquerra de l'Eixample,Carrer,PROVENÇA,1,183,,,,,,,02,1
02-2014-0906,02,L'EIXAMPLE,10,Sant Antoni,Carrer,TAMARIT,1,109,,,,,,,PR,1
02-2014-0915,02,L'EIXAMPLE,10,Sant Antoni,Carrer,TAMARIT,1,109,,,,,,,1,1
02-2014-0918,02,L'EIXAMPLE,10,Sant Antoni,Carrer,TAMARIT,1,109,,,,,,,1,2
02-2014-0933,02,L'EIXAMPLE,08,l'Antiga Esquerra de l'Eixample,Carrer,ARIBAU,1,29,,,,,,,EN,1
02-2014-0937,02,L'EIXAMPLE,10,Sant Antoni,Plaça,UNIVERSITAT,1,1,,,,,,,05,1B
02-2014-0940,02,L'EIXAMPLE,10,Sant Antoni,Plaça,UNIVERSITAT,1,1,,,,,,,04,1B
02-2014-0948,02,L'EIXAMPLE,06,la Sagrada Família,Plaça,SAGRADA FAMILIA,2,10,,,,,,,03,3
02-2014-0971,02,L'EIXAMPLE,10,Sant Antoni,Gran Via,CORTS CATALANES,2,586,,,,,,,PR,1
02-2014-1010,02,L'EIXAMPLE,10,Sant Antoni,Carrer,SEPULVEDA,1,157,,,,,,,PR,1
02-2014-1019,02,L'EIXAMPLE,07,la Dreta de l'Eixample,Passeig,GRACIA,1,51,,,,,,,02,1
02-2014-1058,02,L'EIXAMPLE,07,la Dreta de l'Eixample,Carrer,CONSELL DE CENT,1,341,,,,,,,02,2B
02-2014-1061,02,L'EIXAMPLE,07,la Dreta de l'Eixample,Carrer,CONSELL DE CENT,1,341,,,,,,,04,2
02-2014-1074,02,L'EIXAMPLE,06,la Sagrada Família,Passatge,VILARET,1,23,,,,,,,02,2
02-2014-1077,02,L'EIXAMPLE,07,la Dreta de l'Eixample,Carrer,BAILEN,1,81,,83,,,,,2,1
02-2014-1088,02,L'EIXAMPLE,07,la Dreta de l'Eixample,Carrer,BAILEN,1,81,,83,,,,,3,4
02-2014-1091,02,L'EIXAMPLE,07,la Dreta de l'Eixample,Carrer,BAILEN,1,81,,83,,,,,4,3
02-2014-1093,02,L'EIXAMPLE,07,la Dreta de l'Eixample,Carrer,BAILEN,1,81,,83,,,,,5,1
02-2014-1104,02,L'EIXAMPLE,06,la Sagrada Família,Carrer,ROSSELLO,2,404,B,,,,,,PR,
02-2014-1106,02,L'EIXAMPLE,07,la Dreta de l'Eixample,Gran Via,CORTS CATALANES,2,618,,,,,,,03,B
02-2014-1109,02,L'EIXAMPLE,06,la Sagrada Família,Carrer,ROSSELLO,2,478,,,,,,,02,4
02-2014-1113,02,L'EIXAMPLE,08,l'Antiga Esquerra de l'Eixample,Carrer,VILLARROEL,2,172,,,,,,E,AT,2
02-2014-1119,02,L'EIXAMPLE,08,l'Antiga Esquerra de l'Eixample,Carrer,MUNTANER,1,43,,,,,,,03,1
02-2014-1123,02,L'EIXAMPLE,06,la Sagrada Família,Carrer,SICILIA,1,209,,,,,,,02,
02-2014-1127,02,L'EIXAMPLE,07,la Dreta de l'Eixample,Gran Via,CORTS CATALANES,2,682,,,,,,,SA,2
02-2014-1129,02,L'EIXAMPLE,07,la Dreta de l'Eixample,Carrer,ARAGO,1,321,,,,,,,07,1
02-2014-1140,02,L'EIXAMPLE,07,la Dreta de l'Eixample,Carrer,BAILEN,2,22,,,,,,,04,1A
02-2014-1147,02,L'EIXAMPLE,07,la Dreta de l'Eixample,Rambla,CATALUNYA,2,52,,,,,,,06,2
02-2014-1149,02,L'EIXAMPLE,08,l'Antiga Esquerra de l'Eixample,Carrer,ARIBAU,2,106,,,,,,,03,1
02-2014-1154,02,L'EIXAMPLE,07,la Dreta de l'Eixample,Rambla,CATALUNYA,2,52,,,,,,,AT,2
02-2014-1166,02,L'EIXAMPLE,07,la Dreta de l'Eixample,Carrer,TRAFALGAR,1,39,,,,,,,03,3
02-2014-1173,02,L'EIXAMPLE,07,la Dreta de l'Eixample,Gran Via,CORTS CATALANES,2,682,,,,,,,5,2A
02-2014-1181,02,L'EIXAMPLE,08,l'Antiga Esquerra de l'Eixample,Carrer,BALMES,1,139,,,,,,,05,2
02-2014-1203,02,L'EIXAMPLE,06,la Sagrada Família,Passatge,MAIOL,1,7,,,,,,,PR,2
02-2014-1227,02,L'EIXAMPLE,07,la Dreta de l'Eixample,Carrer,GIRONA,2,24,,,,,,,02,2
02-2014-1235,02,L'EIXAMPLE,09,la Nova Esquerra de l'Eixample,Carrer,DIPUTACIO,2,50,,,,,,,04,1
02-2014-1243,02,L'EIXAMPLE,05,el Fort Pienc,Carrer,MARINA,1,189,,,,,,,PR,4
02-2014-1246,02,L'EIXAMPLE,05,el Fort Pienc,Carrer,MARINA,1,189,,,,,,,PR,3
02-2014-1261,02,L'EIXAMPLE,06,la Sagrada Família,Carrer,ARAGO,1,435,,,,,,,03,2
02-2014-1273,02,L'EIXAMPLE,08,l'Antiga Esquerra de l'Eixample,Carrer,PARIS,2,172,,,,,,E,04,2
02-2014-1304,02,L'EIXAMPLE,08,l'Antiga Esquerra de l'Eixample,Carrer,VILLARROEL,2,76,,,,,,,AT,2
02-2014-1307,02,L'EIXAMPLE,07,la Dreta de l'Eixample,Carrer,ROGER DE LLURIA,2,6,,,,,,,02,4
02-2014-1364,02,L'EIXAMPLE,07,la Dreta de l'Eixample,Carrer,TRAFALGAR,1,15,,,,,,,04,1
02-2014-1384,02,L'EIXAMPLE,06,la Sagrada Família,Carrer,PROVENÇA,1,529,,,,,,,03,1
02-2014-1388,02,L'EIXAMPLE,06,la Sagrada Família,Carrer,PROVENÇA,1,529,,,,,,,02,3
02-2014-1390,02,L'EIXAMPLE,07,la Dreta de l'Eixample,Carrer,AUSIAS MARC,2,24,,,,,,,PR,B
02-2014-1414,02,L'EIXAMPLE,06,la Sagrada Família,Carrer,SARDENYA,2,334,,,,,,,3,1
02-2014-1424,02,L'EIXAMPLE,08,l'Antiga Esquerra de l'Eixample,Carrer,ARIBAU,2,184,,,,,,,1,1
02-2014-1428,02,L'EIXAMPLE,10,Sant Antoni,Carrer,SEPULVEDA,2,138,,,,,,,AT,2
02-2014-1431,02,L'EIXAMPLE,06,la Sagrada Família,Carrer,SARDENYA,2,334,,,,,,,4,2
02-2014-1434,02,L'EIXAMPLE,07,la Dreta de l'Eixample,Carrer,AUSIAS MARC,2,24,,,,,,,04,1
02-2014-1435,02,L'EIXAMPLE,06,la Sagrada Família,Carrer,PROVENÇA,1,529,,,,,,,PR,4
02-2014-1440,02,L'EIXAMPLE,06,la Sagrada Família,Carrer,ROSSELLO,1,417,,,,,,,06,1
02-2014-1486,02,L'EIXAMPLE,07,la Dreta de l'Eixample,Carrer,BALMES,2,8,,,,,,,3,1
02-2014-1497,02,L'EIXAMPLE,06,la Sagrada Família,Carrer,NAPOLS,2,266,,,,,,,02,2
02-2014-1500,02,L'EIXAMPLE,07,la Dreta de l'Eixample,Rambla,CATALUNYA,1,37,,,,,,,AT,2
02-2014-1526,02,L'EIXAMPLE,10,Sant Antoni,Carrer,SEPULVEDA,1,167,,,,,,,01,1
02-2014-1530,02,L'EIXAMPLE,09,la Nova Esquerra de l'Eixample,Avinguda,SARRIA,1,31,,,,,,,01,2
02-2014-1557,02,L'EIXAMPLE,08,l'Antiga Esquerra de l'Eixample,Carrer,CONSELL DE CENT,1,221,,,,,,D,02,1
02-2014-1558,02,L'EIXAMPLE,07,la Dreta de l'Eixample,Carrer,CASP,1,41,,,,,,,01,2B
02-2014-1561,02,L'EIXAMPLE,07,la Dreta de l'Eixample,Carrer,CASP,1,41,,,,,,,01,2A
02-2014-1562,02,L'EIXAMPLE,06,la Sagrada Família,Passatge,GAIOLA,2,20,,,,,,,EN,
02-2014-1569,02,L'EIXAMPLE,07,la Dreta de l'Eixample,Carrer,DIPUTACIO,1,345,,,,,,,02,1
02-2014-1577,02,L'EIXAMPLE,10,Sant Antoni,Carrer,SEPULVEDA,1,175,,,,,,,01,2
02-2014-1614,02,L'EIXAMPLE,06,la Sagrada Família,Carrer,INDUSTRIA,2,116,,,,,,,01,1
02-2014-1627,02,L'EIXAMPLE,06,la Sagrada Família,Carrer,INDUSTRIA,2,116,,,,,,,02,1
02-2014-1632,02,L'EIXAMPLE,06,la Sagrada Família,Carrer,INDUSTRIA,2,116,,,,,,,02,2
02-2014-1708,02,L'EIXAMPLE,09,la Nova Esquerra de l'Eixample,Carrer,COMTE D'URGELL,1,131,,,,,,,01,1
02-2014-1711,02,L'EIXAMPLE,09,la Nova Esquerra de l'Eixample,Carrer,COMTE D'URGELL,1,131,,,,,,,02,3
02-2014-1719,02,L'EIXAMPLE,09,la Nova Esquerra de l'Eixample,Carrer,COMTE D'URGELL,1,131,,,,,,,04,3
02-2014-1721,02,L'EIXAMPLE,06,la Sagrada Família,Avinguda,GAUDI,1,5,,7,,,,,03,1
02-2014-1724,02,L'EIXAMPLE,09,la Nova Esquerra de l'Eixample,Carrer,COMTE D'URGELL,1,131,,,,,,,03,3
02-2014-1743,02,L'EIXAMPLE,09,la Nova Esquerra de l'Eixample,Carrer,COMTE D'URGELL,1,63,,65,,,,E,02,
02-2014-1746,02,L'EIXAMPLE,07,la Dreta de l'Eixample,Carrer,CONSELL DE CENT,2,290,,,,,,,03,1
02-2014-1748,02,L'EIXAMPLE,06,la Sagrada Família,Carrer,CORSEGA,2,518,,,,,,,04,3
02-2014-1774,02,L'EIXAMPLE,07,la Dreta de l'Eixample,Carrer,DIPUTACIO,2,354,,,,,,,04,2
02-2014-1776,02,L'EIXAMPLE,06,la Sagrada Família,Carrer,CORSEGA,2,518,,,,,,,02,2
02-2014-1778,02,L'EIXAMPLE,06,la Sagrada Família,Carrer,CORSEGA,2,518,,,,,,,02,4
02-2014-1779,02,L'EIXAMPLE,06,la Sagrada Família,Carrer,CORSEGA,2,518,,,,,,,04,1
02-2014-2024,02,L'EIXAMPLE,07,la Dreta de l'Eixample,Carrer,BAILEN,1,77,,,,,,,02,2
02-2014-2045,02,L'EIXAMPLE,10,Sant Antoni,Carrer,VILADOMAT,1,89,,,,,,,EN,3
02-2014-2046,02,L'EIXAMPLE,10,Sant Antoni,Carrer,VILADOMAT,1,89,,,,,,,EN,4
02-2014-2054,02,L'EIXAMPLE,09,la Nova Esquerra de l'Eixample,Carrer,DIPUTACIO,1,113,,115,,,,E,01,1
02-2014-2069,02,L'EIXAMPLE,06,la Sagrada Família,Carrer,VALENCIA,1,439,,,,,,,EN,2
02-2014-2079,02,L'EIXAMPLE,06,la Sagrada Família,Carrer,VALENCIA,1,439,,,,,,,04,2
02-2014-2084,02,L'EIXAMPLE,07,la Dreta de l'Eixample,Carrer,BAILEN,1,77,,,,,,,03,2
02-2014-2127,02,L'EIXAMPLE,08,l'Antiga Esquerra de l'Eixample,Carrer,ARIBAU,2,82,,,,,,,PR,2
02-2016-0565,02,L'EIXAMPLE,06,la Sagrada Família,Avinguda,GAUDI,1,27,,29,,,,,1,3
02-2016-0579,02,L'EIXAMPLE,06,la Sagrada Família,Avinguda,GAUDI,1,27,,29,,,,,6,1
02-2016-0651,02,L'EIXAMPLE,06,la Sagrada Família,Avinguda,GAUDI,1,27,,29,,,,,1,1
02-2016-0702,02,L'EIXAMPLE,07,la Dreta de l'Eixample,Carrer,VALENCIA,1,277,,,,,,,4,3
02-2016-0719,02,L'EIXAMPLE,07,la Dreta de l'Eixample,Carrer,VALENCIA,1,277,,,,,,,1,1
02-2016-0749,02,L'EIXAMPLE,08,l'Antiga Esquerra de l'Eixample,Carrer,DIPUTACIO,2,182,,,,,A,,3,1
02-2016-0783,02,L'EIXAMPLE,07,la Dreta de l'Eixample,Carrer,PAU CLARIS,1,99,,101,,,,1,3,4
02-2016-0784,02,L'EIXAMPLE,07,la Dreta de l'Eixample,Carrer,PAU CLARIS,1,99,,101,,,,1,4,3
02-2016-0842,02,L'EIXAMPLE,07,la Dreta de l'Eixample,Carrer,PAU CLARIS,1,99,,101,,,,1,2,3
02-2016-0853,02,L'EIXAMPLE,07,la Dreta de l'Eixample,Carrer,PAU CLARIS,1,99,,101,,,,,4,1
02-2020-0235,02,L'EIXAMPLE,05,el Fort Pienc,Carrer,CONSELL DE CENT,2,506,,,,,,,2,2
02-2020-0239,02,L'EIXAMPLE,05,el Fort Pienc,Carrer,CONSELL DE CENT,2,506,,,,,,,4,2
02-2020-0241,02,L'EIXAMPLE,05,el Fort Pienc,Carrer,CONSELL DE CENT,2,506,,,,,,,5,2
02-2022-0507,02,L'EIXAMPLE,09,la Nova Esquerra de l'Eixample,Carrer,TARRAGONA,2,84,,,,,,A,10,4
02-2022-0531,02,L'EIXAMPLE,09,la Nova Esquerra de l'Eixample,Carrer,TARRAGONA,2,84,,,,,,B,6,4
02-2022-0540,02,L'EIXAMPLE,09,la Nova Esquerra de l'Eixample,Carrer,TARRAGONA,2,84,,,,,,B,9,1
02-2022-0561,02,L'EIXAMPLE,09,la Nova Esquerra de l'Eixample,Carrer,TARRAGONA,2,84,,,,,,C,4,2
02-2023-0624,02,L'EIXAMPLE,09,la Nova Esquerra de l'Eixample,Carrer,CORSEGA,2,68,,,,,A,,5,1
02-2023-0634,02,L'EIXAMPLE,09,la Nova Esquerra de l'Eixample,Carrer,CORSEGA,2,68,,,,,A,,SA,
02-2023-0636,02,L'EIXAMPLE,09,la Nova Esquerra de l'Eixample,Carrer,CORSEGA,2,68,,,,,B,,1,2
02-2023-0641,02,L'EIXAMPLE,09,la Nova Esquerra de l'Eixample,Carrer,CORSEGA,2,68,,,,,B,,3,2
02-2023-0963,02,L'EIXAMPLE,07,la Dreta de l'Eixample,Carrer,BAILEN,1,125,,,,,,,1,3
02-2023-0964,02,L'EIXAMPLE,07,la Dreta de l'Eixample,Carrer,BAILEN,1,125,,,,,,,1,4
02-2023-0985,02,L'EIXAMPLE,08,l'Antiga Esquerra de l'Eixample,Carrer,MUNTANER,2,64,,,,,,,PR,2
02-2023-0999,02,L'EIXAMPLE,08,l'Antiga Esquerra de l'Eixample,Carrer,COMTE D'URGELL,2,122,,,,,,,4,1
02-2024-0024,02,L'EIXAMPLE,10,Sant Antoni,Carrer,ENTENÇA,1,33,,,,,,,4,1
02-2024-0066,02,L'EIXAMPLE,10,Sant Antoni,Gran Via,CORTS CATALANES,2,536,,,,,,,2,4
02-2024-0067,02,L'EIXAMPLE,10,Sant Antoni,Gran Via,CORTS CATALANES,2,536,,,,,,,2,3
02-2024-0076,02,L'EIXAMPLE,07,la Dreta de l'Eixample,Rambla,CATALUNYA,2,30,,,,,A,,1,1
02-2024-0145,02,L'EIXAMPLE,09,la Nova Esquerra de l'Eixample,Carrer,ENTENÇA,1,163,,,,,,,1,2
02-2024-0150,02,L'EIXAMPLE,10,Sant Antoni,Carrer,COMTE D'URGELL,2,60,,,,,,,PR,1
02-2024-0151,02,L'EIXAMPLE,06,la Sagrada Família,Carrer,VALENCIA,2,446,,,,,,,4,2
02-2024-0153,02,L'EIXAMPLE,07,la Dreta de l'Eixample,Carrer,CONSELL DE CENT,2,440,,,,,,,2,1
02-2024-0192,02,L'EIXAMPLE,05,el Fort Pienc,Carrer,SICILIA,2,216,,,,,,,2,4
02-2024-0201,02,L'EIXAMPLE,06,la Sagrada Família,Carrer,MALLORCA,1,447,,,,,,,1,4
02-2024-0210,02,L'EIXAMPLE,06,la Sagrada Família,Carrer,MALLORCA,1,447,,,,,,,3,2
02-2024-0222,02,L'EIXAMPLE,07,la Dreta de l'Eixample,Rambla,CATALUNYA,2,30,,32,,,,,2,2
02-2024-0292,02,L'EIXAMPLE,07,la Dreta de l'Eixample,Carrer,PELAI,1,9,,,,,E,,2,2
02-2024-0382,02,L'EIXAMPLE,05,el Fort Pienc,Passeig,SANT JOAN,2,4,,,,,,,4,2
02-2024-0383,02,L'EIXAMPLE,05,el Fort Pienc,Passeig,SANT JOAN,2,40,,,,,,,2,1
02-2024-0470,02,L'EIXAMPLE,05,el Fort Pienc,Carrer,MARINA,2,212,,,,,,,3,4
02-2024-0473,02,L'EIXAMPLE,07,la Dreta de l'Eixample,Carrer,ARAGO,2,342,,,,,,,3,1
03-2008-0271,03,SANTS-MONTJUÏC,11,el Poble Sec,Carrer,SALVA,2,78,,80,,,,,1,1
03-2008-0321,03,SANTS-MONTJUÏC,18,Sants,Rambla,BADAL,2,148,,,,,,,01,1
03-2009-0047,03,SANTS-MONTJUÏC,18,Sants,Carrer,ROBRENYO,1,33,,,,,,,01,A
03-2009-0102,03,SANTS-MONTJUÏC,15,Hostafrancs,Carrer,CREU COBERTA,2,32,,,,,,,AT,
03-2009-0169,03,SANTS-MONTJUÏC,18,Sants,Passeig,SANT ANTONI,2,30,,,,,,,02,3
03-2009-0182,03,SANTS-MONTJUÏC,18,Sants,Passeig,SANT ANTONI,2,30,,,,,,,02,2
03-2009-0200,03,SANTS-MONTJUÏC,11,el Poble Sec,Carrer,VILA I VILA,1,53,,,,,,,05,2
03-2009-0226,03,SANTS-MONTJUÏC,15,Hostafrancs,Carrer,PRINCEP JORDI,2,12,,,,,,,2,1
03-2009-0387,03,SANTS-MONTJUÏC,11,el Poble Sec,Carrer,BOBILA,1,11,,,,,,,01,3
03-2009-0495,03,SANTS-MONTJUÏC,11,el Poble Sec,Carrer,LLEIDA,1,21,,,,,,,01,2
03-2010-0091,03,SANTS-MONTJUÏC,15,Hostafrancs,Carrer,RECTOR TRIADO,2,48,,50,,,,B,02,3
03-2010-0103,03,SANTS-MONTJUÏC,15,Hostafrancs,Carrer,RECTOR TRIADO,2,48,,50,,,,A,02,2
03-2010-0104,03,SANTS-MONTJUÏC,15,Hostafrancs,Carrer,RECTOR TRIADO,2,48,,50,,,,A,02,1
03-2010-0173,03,SANTS-MONTJUÏC,18,Sants,Carrer,SANTS,2,158,,,,,,,01,1
03-2010-0302,03,SANTS-MONTJUÏC,11,el Poble Sec,Carrer,CARRERA,2,8,,10,,,,,02,2
03-2010-0366,03,SANTS-MONTJUÏC,11,el Poble Sec,Carrer,HORTES,2,4,,,,,,,02,2
03-2010-0481,03,SANTS-MONTJUÏC,15,Hostafrancs,Carrer,CREU COBERTA,1,15,,,,,,,PR,
03-2011-0169,03,SANTS-MONTJUÏC,11,el Poble Sec,Carrer,NOU DE LA RAMBLA,2,114,,116,,,,,02,2
03-2011-0178,03,SANTS-MONTJUÏC,11,el Poble Sec,Avinguda,PARAL.LEL,1,65,,,,,,,03,4
03-2011-0189,03,SANTS-MONTJUÏC,11,el Poble Sec,Avinguda,PARAL.LEL,1,65,,,,,,,01,4
03-2011-0194,03,SANTS-MONTJUÏC,11,el Poble Sec,Avinguda,PARAL.LEL,1,65,,,,,,,07,4
03-2011-0213,03,SANTS-MONTJUÏC,11,el Poble Sec,Carrer,TAPIOLES,2,26,,,,,,,03,1
03-2011-0275,03,SANTS-MONTJUÏC,11,el Poble Sec,Carrer,BLESA,1,31,,,,,,,3,1
03-2011-0402,03,SANTS-MONTJUÏC,11,el Poble Sec,Carrer,CREU DELS MOLERS,2,54,,,,,,,BJ,
03-2012-0115,03,SANTS-MONTJUÏC,11,el Poble Sec,Carrer,VALLHONRAT,2,10,,,,,,,PR,2
03-2012-0128,03,SANTS-MONTJUÏC,11,el Poble Sec,Carrer,LLEIDA,1,35,,,,,,,EN,4
03-2012-0157,03,SANTS-MONTJUÏC,16,la Bordeta,Carrer,JOCS FLORALS,2,172,,174,,,,,01,1
03-2012-0167,03,SANTS-MONTJUÏC,15,Hostafrancs,Carrer,CREU COBERTA,1,121,,,,,,,1,2
03-2012-0194,03,SANTS-MONTJUÏC,11,el Poble Sec,Carrer,VALLHONRAT,2,20,,,,,,,01,2
03-2012-0224,03,SANTS-MONTJUÏC,18,Sants,Carrer,TENOR MASINI,2,26,,,,,,,02,
03-2012-0291,03,SANTS-MONTJUÏC,11,el Poble Sec,Carrer,TEODOR BONAPLATA,2,6,,,,,,,01,1
03-2012-0306,03,SANTS-MONTJUÏC,11,el Poble Sec,Carrer,RICART,2,30,,,,,,,01,3
03-2012-0367,03,SANTS-MONTJUÏC,11,el Poble Sec,Carrer,MARGARIT,2,44,,,,,,,02,2
03-2012-0369,03,SANTS-MONTJUÏC,11,el Poble Sec,Carrer,MARGARIT,2,44,,,,,,,01,2
03-2012-0373,03,SANTS-MONTJUÏC,18,Sants,Carrer,VALLADOLID,1,21,,,,,,,BJ,
03-2012-0383,03,SANTS-MONTJUÏC,18,Sants,Carrer,VALLADOLID,1,21,,,,,,,02,
03-2012-0411,03,SANTS-MONTJUÏC,15,Hostafrancs,Carrer,MIQUEL BLEACH,2,38,,,,,,,BJ,1
03-2012-0419,03,SANTS-MONTJUÏC,18,Sants,Carrer,JACQUARD,2,14,,18,,,,,BJ,2
03-2012-0460,03,SANTS-MONTJUÏC,11,el Poble Sec,Carrer,RADAS,1,73,,,,,,,5,
03-2012-0466,03,SANTS-MONTJUÏC,11,el Poble Sec,Carrer,CONCORDIA,2,40,,,,,,,BJ,
03-2012-0547,03,SANTS-MONTJUÏC,18,Sants,Carrer,RIEGO,2,4,,,,,,,01,2
03-2012-0549,03,SANTS-MONTJUÏC,11,el Poble Sec,Carrer,OLIVERA,1,29,,,,,,D,BJ,3
03-2013-0039,03,SANTS-MONTJUÏC,11,el Poble Sec,Carrer,JAUME FABRA,1,1,,,,,,,EN,2
03-2013-0087,03,SANTS-MONTJUÏC,16,la Bordeta,Rambla,BADAL,2,24,,,,,,B,7,2
03-2013-0091,03,SANTS-MONTJUÏC,15,Hostafrancs,Carrer,CONSELL DE CENT,1,49,B,,,,,,01,2
03-2013-0097,03,SANTS-MONTJUÏC,15,Hostafrancs,Carrer,CONSELL DE CENT,1,49,B,,,,,,03,1
03-2013-0101,03,SANTS-MONTJUÏC,15,Hostafrancs,Carrer,VINT-I-SIS DE GENER DE 1641,1,21,,,,,,,03,1
03-2013-0117,03,SANTS-MONTJUÏC,17,Sants - Badal,Carrer,SANTS,1,387,,,,,,,02,4
03-2013-0126,03,SANTS-MONTJUÏC,18,Sants,Carrer,VALLESPIR,1,51,,,,,,,02,2
03-2013-0139,03,SANTS-MONTJUÏC,17,Sants - Badal,Carrer,SANTS,1,387,,,,,,,05,3
03-2013-0142,03,SANTS-MONTJUÏC,17,Sants - Badal,Carrer,SANTS,1,387,,,,,,,05,5
03-2013-0149,03,SANTS-MONTJUÏC,17,Sants - Badal,Carrer,SANTS,1,387,,,,,,,06,4
03-2013-0151,03,SANTS-MONTJUÏC,17,Sants - Badal,Carrer,SANTS,1,387,,,,,,,06,6
03-2013-0159,03,SANTS-MONTJUÏC,17,Sants - Badal,Carrer,SANTS,1,387,,,,,,,07,6
03-2013-0160,03,SANTS-MONTJUÏC,17,Sants - Badal,Carrer,SANTS,1,387,,,,,,,07,7
03-2013-0166,03,SANTS-MONTJUÏC,17,Sants - Badal,Carrer,SANTS,1,387,,,,,,,07,8
03-2013-0209,03,SANTS-MONTJUÏC,18,Sants,Carrer,VIOLANT HONGRIA REINA ARAGO,2,60,,62,,,,,08,2
03-2013-0218,03,SANTS-MONTJUÏC,14,la Font de la Guatlla,Carrer,SANT FRUCTUOS,1,37,,,,,,,BJ,1
03-2013-0220,03,SANTS-MONTJUÏC,14,la Font de la Guatlla,Carrer,SANT FRUCTUOS,1,37,,,,,,,02,1
03-2013-0263,03,SANTS-MONTJUÏC,11,el Poble Sec,Carrer,CABANES,2,54,,,,,,,03,
03-2013-0300,03,SANTS-MONTJUÏC,11,el Poble Sec,Carrer,BLESA,1,47,,,,,,,02,1
03-2013-0308,03,SANTS-MONTJUÏC,17,Sants - Badal,Riera,BLANCA,1,119,,,,,,,01,
03-2013-0316,03,SANTS-MONTJUÏC,11,el Poble Sec,Carrer,POETA CABANYES,2,86,,,,,,,PR,1
03-2013-0320,03,SANTS-MONTJUÏC,11,el Poble Sec,Avinguda,PARAL.LEL,1,113,,,,,,,01,1
03-2013-0335,03,SANTS-MONTJUÏC,11,el Poble Sec,Carrer,CREU DELS MOLERS,2,76,,,,,,,03,
03-2013-0446,03,SANTS-MONTJUÏC,11,el Poble Sec,Carrer,MATA,2,24,,,,,,,EN,1
03-2013-0449,03,SANTS-MONTJUÏC,11,el Poble Sec,Carrer,MATA,2,24,,,,,,,4,1
03-2013-0452,03,SANTS-MONTJUÏC,17,Sants - Badal,Carrer,SUGRANYES,2,94,,,,,,,01,1
03-2013-0460,03,SANTS-MONTJUÏC,11,el Poble Sec,Carrer,RADAS,2,32,,,,,,,02,1
03-2013-0472,03,SANTS-MONTJUÏC,14,la Font de la Guatlla,Carrer,AMPOSTA,1,1,,,,,,,04,3
03-2013-0552,03,SANTS-MONTJUÏC,11,el Poble Sec,Carrer,ROSER,2,14,,,,,,,03,
03-2013-0596,03,SANTS-MONTJUÏC,18,Sants,Carrer,VALLESPIR,2,32,,,,,,,02,3
03-2013-0599,03,SANTS-MONTJUÏC,16,la Bordeta,Rambla,BADAL,1,29,,31,,,,A,02,1
03-2013-0600,03,SANTS-MONTJUÏC,18,Sants,Plaça,SANTS,2,4,,,,,,,8,3
03-2013-0657,03,SANTS-MONTJUÏC,18,Sants,Carrer,SANTS,1,19,,,,,,,02,
03-2013-0744,03,SANTS-MONTJUÏC,11,el Poble Sec,Carrer,MAGALHAES,1,39,,,,,,,04,1
03-2013-0760,03,SANTS-MONTJUÏC,11,el Poble Sec,Carrer,TAPIOLES,1,69,,,,,,,05,2
03-2014-0007,03,SANTS-MONTJUÏC,14,la Font de la Guatlla,Gran Via,CORTS CATALANES,2,192,,,,,,B,4,3
03-2014-0051,03,SANTS-MONTJUÏC,11,el Poble Sec,Carrer,SALVA,1,47,,,,,,,BJ,
03-2014-0094,03,SANTS-MONTJUÏC,11,el Poble Sec,Carrer,CREU DELS MOLERS,2,60,,,,,,,BJ,1
03-2014-0137,03,SANTS-MONTJUÏC,18,Sants,Carrer,VALLADOLID,1,21,,,,,,,BJ,2
03-2014-0165,03,SANTS-MONTJUÏC,15,Hostafrancs,Carrer,CREU COBERTA,2,72,,,,,,,03,1
03-2014-0184,03,SANTS-MONTJUÏC,11,el Poble Sec,Carrer,SALVA,1,1,,,,,,,07,28
03-2014-0199,03,SANTS-MONTJUÏC,15,Hostafrancs,Carrer,BEJAR,1,15,,,,,,,01,3
03-2014-0200,03,SANTS-MONTJUÏC,11,el Poble Sec,Avinguda,PARAL.LEL,1,21,,,,,,,01,2
03-2014-0212,03,SANTS-MONTJUÏC,14,la Font de la Guatlla,Gran Via,CORTS CATALANES,2,276,,,,,,,2,1
03-2014-0215,03,SANTS-MONTJUÏC,11,el Poble Sec,Carrer,RADAS,2,20,,,,,,I,1,3
03-2014-0233,03,SANTS-MONTJUÏC,11,el Poble Sec,Carrer,FONT HONRADA,2,14,,,,,,,03,2
03-2014-0239,03,SANTS-MONTJUÏC,11,el Poble Sec,Avinguda,PARAL.LEL,1,75,,,,,,,PR,
03-2014-0245,03,SANTS-MONTJUÏC,15,Hostafrancs,Carrer,ESPANYA INDUSTRIAL,2,6,,,,,,,03,1
03-2014-0249,03,SANTS-MONTJUÏC,14,la Font de la Guatlla,Gran Via,CORTS CATALANES,2,286,,288,,,,,01,6
03-2014-0290,03,SANTS-MONTJUÏC,11,el Poble Sec,Carrer,MARGARIT,1,5,,,,,,,AT,
03-2014-0294,03,SANTS-MONTJUÏC,17,Sants - Badal,Avinguda,MADRID,2,114,,,,,,,01,1
03-2014-0303,03,SANTS-MONTJUÏC,11,el Poble Sec,Carrer,PIQUER,1,31,,,,,,,04,1
03-2014-0313,03,SANTS-MONTJUÏC,11,el Poble Sec,Carrer,MAGALHAES,1,3,,,,,,,02,
03-2014-0354,03,SANTS-MONTJUÏC,18,Sants,Carrer,GALILEU,2,150,,,,,,,04,2
03-2014-0379,03,SANTS-MONTJUÏC,11,el Poble Sec,Carrer,RADAS,1,61,,,,,,,03,1
03-2014-0387,03,SANTS-MONTJUÏC,15,Hostafrancs,Carrer,CREU COBERTA,1,87,,,,,,,01,B
03-2014-0428,03,SANTS-MONTJUÏC,11,el Poble Sec,Carrer,TAPIOLES,1,35,,,,,,,02,1
03-2014-0450,03,SANTS-MONTJUÏC,11,el Poble Sec,Carrer,TAPIOLES,1,55,,,,,,,04,1
03-2014-0452,03,SANTS-MONTJUÏC,15,Hostafrancs,Carrer,RECTOR TRIADO,1,65,,,,,,,03,2
03-2014-0454,03,SANTS-MONTJUÏC,18,Sants,Carrer,VALLESPIR,1,97,,,,,,,01,3
03-2014-0481,03,SANTS-MONTJUÏC,11,el Poble Sec,Carrer,MATA,2,24,,,,,,,BJ,1
03-2014-0490,03,SANTS-MONTJUÏC,15,Hostafrancs,Carrer,MOIANES,1,65,,,,,,,PR,2
03-2014-0495,03,SANTS-MONTJUÏC,11,el Poble Sec,Carrer,RICART,2,16,,18,,,,,04,3
03-2014-0558,03,SANTS-MONTJUÏC,18,Sants,Carrer,SANTS,1,137,,,,,,,1,2
03-2014-0589,03,SANTS-MONTJUÏC,14,la Font de la Guatlla,Carrer,MEXIC,2,24,,,,,,,1,3
03-2014-0592,03,SANTS-MONTJUÏC,17,Sants - Badal,Carrer,BEGUR,1,67,,,,,,,3,
03-2014-0596,03,SANTS-MONTJUÏC,14,la Font de la Guatlla,Carrer,MEXIC,2,24,,,,,,,3,2
03-2014-0605,03,SANTS-MONTJUÏC,14,la Font de la Guatlla,Carrer,MEXIC,2,24,,,,,,,5,3
03-2014-0607,03,SANTS-MONTJUÏC,14,la Font de la Guatlla,Carrer,MEXIC,2,26,,,,,,,01,1
03-2014-0613,03,SANTS-MONTJUÏC,14,la Font de la Guatlla,Carrer,MEXIC,2,26,,,,,,,02,3
03-2014-0631,03,SANTS-MONTJUÏC,11,el Poble Sec,Carrer,CONCORDIA,1,1,,,,,,,PR,1
03-2014-0685,03,SANTS-MONTJUÏC,18,Sants,Carrer,GUADIANA,2,24,,,,,,,01,
03-2014-0748,03,SANTS-MONTJUÏC,18,Sants,Carrer,IBERIA,1,1,,,,,,,01,1
03-2014-0819,03,SANTS-MONTJUÏC,18,Sants,Carrer,VALLESPIR,2,90,,,,,,,BJ,1
03-2014-0828,03,SANTS-MONTJUÏC,18,Sants,Carrer,VALLESPIR,2,90,,,,,,,03,1
03-2014-0830,03,SANTS-MONTJUÏC,18,Sants,Carrer,VALLESPIR,2,90,,,,,,,04,1
03-2014-0887,03,SANTS-MONTJUÏC,17,Sants - Badal,Carrer,SUGRANYES,1,35,,,,,,,1,2
03-2014-0895,03,SANTS-MONTJUÏC,18,Sants,Avinguda,MADRID,2,142,,146,,,,A,3,3
03-2023-0078,03,SANTS-MONTJUÏC,11,el Poble Sec,Carrer,NOU DE LA RAMBLA,1,147,,,,,,,PR,2
03-2023-0185,03,SANTS-MONTJUÏC,11,el Poble Sec,Plaça,SANTA MADRONA,2,2,,,,,,,1,2
03-2023-0217,03,SANTS-MONTJUÏC,11,el Poble Sec,Plaça,SANTA MADRONA,2,2,,,,,,,3,1
03-2023-0233,03,SANTS-MONTJUÏC,11,el Poble Sec,Avinguda,PARAL.LEL,1,159,,,,,,,PR,1
03-2023-0240,03,SANTS-MONTJUÏC,11,el Poble Sec,Avinguda,PARAL.LEL,1,159,,,,,,,2,2
03-2023-0346,03,SANTS-MONTJUÏC,14,la Font de la Guatlla,Carrer,SANT FRUCTUOS,2,64,,74,,,,,2,1
03-2023-0352,03,SANTS-MONTJUÏC,14,la Font de la Guatlla,Carrer,SANT FRUCTUOS,2,64,,74,,,,,2,6
03-2023-0366,03,SANTS-MONTJUÏC,14,la Font de la Guatlla,Carrer,SANT FRUCTUOS,2,64,,74,,,,,2,20
03-2023-0370,03,SANTS-MONTJUÏC,14,la Font de la Guatlla,Carrer,SANT FRUCTUOS,2,64,,74,,,,,2,24
03-2023-0381,03,SANTS-MONTJUÏC,14,la Font de la Guatlla,Carrer,SANT FRUCTUOS,2,64,,74,,,,,3,7
03-2023-0388,03,SANTS-MONTJUÏC,14,la Font de la Guatlla,Carrer,SANT FRUCTUOS,2,64,,74,,,,,3,14
03-2024-0051,03,SANTS-MONTJUÏC,11,el Poble Sec,Carrer,FONT HONRADA,1,37,,,,,,,BA,1
03-2024-0055,03,SANTS-MONTJUÏC,11,el Poble Sec,Carrer,FONT HONRADA,1,37,,,,,,,1,1
03-2024-0059,03,SANTS-MONTJUÏC,11,el Poble Sec,Carrer,FONT HONRADA,1,37,,,,,,,3,1
03-2024-0087,03,SANTS-MONTJUÏC,18,Sants,Carrer,MELCIOR DE PALAU,2,84,,,,,,,BJ,1
04-2010-0194,04,LES CORTS,19,les Corts,Carrer,JOAN GUELL,1,169,,,,,,,03,3
04-2010-0203,04,LES CORTS,19,les Corts,Carrer,JOAN GUELL,1,169,,,,,,,04,4
04-2010-0205,04,LES CORTS,19,les Corts,Carrer,JOAN GUELL,1,169,,,,,,,04,6
04-2010-0210,04,LES CORTS,19,les Corts,Carrer,JOAN GUELL,1,169,,,,,,,05,3
04-2010-0212,04,LES CORTS,19,les Corts,Carrer,JOAN GUELL,1,169,,,,,,,05,5
04-2010-0213,04,LES CORTS,19,les Corts,Carrer,JOAN GUELL,1,169,,,,,,,05,6
04-2010-0307,04,LES CORTS,19,les Corts,Carrer,NUMANCIA,2,126,,,,,,,05,1
04-2012-0233,04,LES CORTS,19,les Corts,Carrer,GERARD PIERA,1,5,,11,,,,,BJ,1
04-2012-0268,04,LES CORTS,20,la Maternitat i Sant Ramon,Travessera,CORTS,2,114,,,,,,,03,1
04-2013-0161,04,LES CORTS,19,les Corts,Carrer,VALLESPIR,1,163,,,,,,,BJ,1
04-2013-0228,04,LES CORTS,19,les Corts,Carrer,GALILEU,2,316,,,,,,,EN,3
04-2013-0232,04,LES CORTS,19,les Corts,Carrer,GALILEU,2,316,,,,,,,3,6
04-2013-0430,04,LES CORTS,20,la Maternitat i Sant Ramon,Carrer,SENA,1,9,,,,,,,BJ,
04-2013-0442,04,LES CORTS,19,les Corts,Carrer,GALILEU,2,316,,,,,,,EN,2
04-2014-0103,04,LES CORTS,19,les Corts,Carrer,TAQUIGRAF SERRA,1,1,,,,,,,04,6
04-2014-0104,04,LES CORTS,19,les Corts,Carrer,GALILEU,2,316,,,,,,,2,6
04-2014-0148,04,LES CORTS,19,les Corts,Carrer,EUROPA,2,8,,,,,,,07,4
04-2014-0160,04,LES CORTS,20,la Maternitat i Sant Ramon,Avinguda,MADRID,1,63,,73,,,,,01,5
04-2014-0175,04,LES CORTS,19,les Corts,Carrer,GUITARD,2,70,,,,,,,01,2
04-2014-0202,04,LES CORTS,20,la Maternitat i Sant Ramon,Avinguda,MADRID,1,23,,25,,,,,05,2
04-2014-0246,04,LES CORTS,19,les Corts,Carrer,VALLESPIR,1,163,,,,,,,01,3
04-2014-0263,04,LES CORTS,19,les Corts,Carrer,GALILEU,2,316,,,,,,,3,2
04-2014-0296,04,LES CORTS,19,les Corts,Carrer,GALILEU,2,316,,,,,,,5,5
04-2014-0323,04,LES CORTS,19,les Corts,Carrer,VALLESPIR,2,134,,,,,,,01,
04-2014-0332,04,LES CORTS,19,les Corts,Carrer,REMEI,1,37,,41,,,,,04,4
04-2014-0398,04,LES CORTS,20,la Maternitat i Sant Ramon,Travessera,CORTS,2,122,,,,,,,01,5
04-2014-0402,04,LES CORTS,20,la Maternitat i Sant Ramon,Travessera,CORTS,2,122,,,,,,,11,4
04-2023-0170,04,LES CORTS,19,les Corts,Carrer,GALILEU,1,245,,,,,,,1,
05-2008-0243,05,SARRIA-SANT GERVASI,27,el Putxet i el Farró,Carrer,FRANCOLI,2,40,,,,,,,BJ,3
05-2008-0322,05,SARRIA-SANT GERVASI,26,Sant Gervasi - Galvany,Carrer,SAGUES,1,11,,13,,,,,EN,3
05-2008-0447,05,SARRIA-SANT GERVASI,23,Sarrià,Carrer,MARE DE DEU DE NURIA,1,11,,15,,,,,01,2
05-2008-0464,05,SARRIA-SANT GERVASI,26,Sant Gervasi - Galvany,Carrer,LAFORJA,2,128,,,,,,,01,1
05-2008-0467,05,SARRIA-SANT GERVASI,26,Sant Gervasi - Galvany,Carrer,LAFORJA,2,128,,,,,,,03,2
05-2008-0470,05,SARRIA-SANT GERVASI,26,Sant Gervasi - Galvany,Carrer,LAFORJA,2,128,,,,,,,04,1
05-2008-0502,05,SARRIA-SANT GERVASI,27,el Putxet i el Farró,Avinguda,REPUBLICA ARGENTINA,1,227,,,,,,,01,2
05-2011-0217,05,SARRIA-SANT GERVASI,26,Sant Gervasi - Galvany,Carrer,PLATO,1,17,,,,,,,04,1
05-2011-0299,05,SARRIA-SANT GERVASI,27,el Putxet i el Farró,Carrer,HOMER,1,35,,,,,,,BJ,2
05-2011-0301,05,SARRIA-SANT GERVASI,27,el Putxet i el Farró,Carrer,HOMER,1,35,B,,,,,,BJ,2
05-2012-0016,05,SARRIA-SANT GERVASI,27,el Putxet i el Farró,Carrer,RIOS ROSAS,2,36,,,,,,,BJ,
05-2012-0113,05,SARRIA-SANT GERVASI,26,Sant Gervasi - Galvany,Carrer,ARIBAU,2,226,,,,,,E,4,2
05-2012-0193,05,SARRIA-SANT GERVASI,26,Sant Gervasi - Galvany,Carrer,PRATS DE MOLLO,2,14,,,,,,,1,2
05-2012-0195,05,SARRIA-SANT GERVASI,26,Sant Gervasi - Galvany,Carrer,PRATS DE MOLLO,2,14,,,,,,,BJ,2
05-2012-0245,05,SARRIA-SANT GERVASI,26,Sant Gervasi - Galvany,Carrer,ARIBAU,2,228,,,,,,E,2,1
05-2012-0278,05,SARRIA-SANT GERVASI,26,Sant Gervasi - Galvany,Carrer,SAGUES,2,16,,,,,,,PR,4
05-2012-0288,05,SARRIA-SANT GERVASI,27,el Putxet i el Farró,Carrer,BALLESTER,2,46,,,,,,,01,3
05-2012-0330,05,SARRIA-SANT GERVASI,26,Sant Gervasi - Galvany,Carrer,ARIBAU,2,226,,,,,,E,PR,1
05-2012-0335,05,SARRIA-SANT GERVASI,25,Sant Gervasi - la Bonanova,Carrer,MUNTANER,1,511,,,,,,,01,1
05-2012-0410,05,SARRIA-SANT GERVASI,25,Sant Gervasi - la Bonanova,Carrer,BISBE SIVILLA,2,32,,,,,,,01,2
05-2012-0428,05,SARRIA-SANT GERVASI,24,les Tres Torres,Carrer,ALT DE GIRONELLA,2,40,,,,,,,01,4
05-2012-0446,05,SARRIA-SANT GERVASI,26,Sant Gervasi - Galvany,Carrer,COPERNIC,2,54,,,,,,,7,3
05-2012-0465,05,SARRIA-SANT GERVASI,27,el Putxet i el Farró,Carrer,SANT MAGI,2,24,,,,,,,01,2
05-2012-0470,05,SARRIA-SANT GERVASI,26,Sant Gervasi - Galvany,Carrer,GANDUXER,2,50,,,,,,,04,4
05-2012-0472,05,SARRIA-SANT GERVASI,26,Sant Gervasi - Galvany,Carrer,GANDUXER,2,50,,,,,,,05,2
05-2012-0513,05,SARRIA-SANT GERVASI,26,Sant Gervasi - Galvany,Carrer,MADRAZO,2,124,,128,,,,,03,4
05-2012-0583,05,SARRIA-SANT GERVASI,26,Sant Gervasi - Galvany,Travessera,GRACIA,1,81,,,,,,,04,2
05-2012-0614,05,SARRIA-SANT GERVASI,26,Sant Gervasi - Galvany,Carrer,GANDUXER,2,50,,,,,,,01,3
05-2013-0006,05,SARRIA-SANT GERVASI,25,Sant Gervasi - la Bonanova,Carrer,MOSSEN VIVES,2,26,,,,,,,01,
05-2013-0054,05,SARRIA-SANT GERVASI,26,Sant Gervasi - Galvany,Carrer,CASANOVA,1,211,,,,,,,AT,2
05-2013-0058,05,SARRIA-SANT GERVASI,26,Sant Gervasi - Galvany,Carrer,BALMES,2,222,,,,,,,EN,2
05-2013-0063,05,SARRIA-SANT GERVASI,27,el Putxet i el Farró,Carrer,PUTXET,1,73,,,,,,,02,2
05-2013-0162,05,SARRIA-SANT GERVASI,27,el Putxet i el Farró,Ronda,GENERAL MITRE,2,238,,,,,,,01,1
05-2013-0166,05,SARRIA-SANT GERVASI,27,el Putxet i el Farró,Ronda,GENERAL MITRE,2,238,,,,,,,02,1
05-2013-0167,05,SARRIA-SANT GERVASI,27,el Putxet i el Farró,Ronda,GENERAL MITRE,2,238,,,,,,,02,2
05-2013-0238,05,SARRIA-SANT GERVASI,27,el Putxet i el Farró,Carrer,MARE DE DEU DEL CARMEL,1,25,,,,,,,02,1
05-2013-0241,05,SARRIA-SANT GERVASI,26,Sant Gervasi - Galvany,Via,AUGUSTA,1,17,,19,,,,,05,3E
05-2013-0260,05,SARRIA-SANT GERVASI,26,Sant Gervasi - Galvany,Carrer,ARIBAU,2,226,,,,,,I,1,2
05-2013-0267,05,SARRIA-SANT GERVASI,27,el Putxet i el Farró,Ronda,GENERAL MITRE,2,212,,,,,,,05,4
05-2013-0286,05,SARRIA-SANT GERVASI,27,el Putxet i el Farró,Avinguda,REPUBLICA ARGENTINA,1,57,,,,,,,04,
05-2013-0338,05,SARRIA-SANT GERVASI,26,Sant Gervasi - Galvany,Carrer,ARIBAU,2,280,,,,,,,02,2
05-2013-0349,05,SARRIA-SANT GERVASI,26,Sant Gervasi - Galvany,Carrer,CASANOVA,1,211,,,,,,,4,2
05-2013-0436,05,SARRIA-SANT GERVASI,26,Sant Gervasi - Galvany,Carrer,OLIANA,2,4,,,,,,,02,2
05-2013-0495,05,SARRIA-SANT GERVASI,27,el Putxet i el Farró,Carrer,BERTRAN,2,156,,,,,,,02,2
05-2013-0518,05,SARRIA-SANT GERVASI,26,Sant Gervasi - Galvany,Carrer,SANTALO,2,14,,,,,,I,5,3
05-2013-0569,05,SARRIA-SANT GERVASI,24,les Tres Torres,Via,AUGUSTA,2,262,,,,,,,EN,2
05-2013-0571,05,SARRIA-SANT GERVASI,26,Sant Gervasi - Galvany,Carrer,CALVET,1,17,,,,,,,03,4
05-2014-0075,05,SARRIA-SANT GERVASI,26,Sant Gervasi - Galvany,Via,AUGUSTA,2,122,,,,,,,01,4
05-2014-0084,05,SARRIA-SANT GERVASI,27,el Putxet i el Farró,Carrer,BALLESTER,2,26,,,,,,,01,2
05-2014-0129,05,SARRIA-SANT GERVASI,22,Vallvidrera, el Tibidabo i les Planes,Carrer,BALADRE,1,29,,,,,,,BJ,
05-2014-0208,05,SARRIA-SANT GERVASI,26,Sant Gervasi - Galvany,Carrer,ARIBAU,2,228,,,,,,E,4,2
05-2014-0219,05,SARRIA-SANT GERVASI,27,el Putxet i el Farró,Ronda,GENERAL MITRE,2,188,B,,,,,,AT,
05-2014-0221,05,SARRIA-SANT GERVASI,27,el Putxet i el Farró,Carrer,BERTRAN,2,4,,,,,,,EN,
05-2014-0235,05,SARRIA-SANT GERVASI,26,Sant Gervasi - Galvany,Carrer,GANDUXER,2,20,,,,,,,01,2
05-2014-0254,05,SARRIA-SANT GERVASI,23,Sarrià,Carrer,SAGRAT COR,1,19,,,,,,,01,2
05-2014-0268,05,SARRIA-SANT GERVASI,24,les Tres Torres,Ronda,GENERAL MITRE,1,27,,,,,,,EN,2
05-2014-0284,05,SARRIA-SANT GERVASI,24,les Tres Torres,Ronda,GENERAL MITRE,1,7,,,,,,,02,1
05-2014-0290,05,SARRIA-SANT GERVASI,25,Sant Gervasi - la Bonanova,Carrer,DALMASES,1,79,,81,,,,,AT,1
05-2014-0374,05,SARRIA-SANT GERVASI,24,les Tres Torres,Carrer,ROSARI,2,12,,,,,,,04,3
05-2014-0523,05,SARRIA-SANT GERVASI,23,Sarrià,Carrer,ENRIC GIMENEZ,1,21,,23,,,,,04,1
05-2014-0580,05,SARRIA-SANT GERVASI,23,Sarrià,Carrer,BOSC,2,8,,,,,,,BJ,
05-2016-0309,05,SARRIA-SANT GERVASI,26,Sant Gervasi - Galvany,Carrer,ARIBAU,2,228,,,,,,D,1,1
05-2016-0361,05,SARRIA-SANT GERVASI,26,Sant Gervasi - Galvany,Carrer,ARIBAU,2,228,,,,,,E,1,1
05-2016-0363,05,SARRIA-SANT GERVASI,26,Sant Gervasi - Galvany,Carrer,ARIBAU,2,228,,,,,,E,3,1
05-2023-0083,05,SARRIA-SANT GERVASI,25,Sant Gervasi - la Bonanova,Carrer,CASTANYER,1,5,,,,,,,3,3
05-2023-0101,05,SARRIA-SANT GERVASI,27,el Putxet i el Farró,Carrer,PUTXET,2,26,,,,,,,2,2
05-2023-0106,05,SARRIA-SANT GERVASI,27,el Putxet i el Farró,Carrer,PUTXET,2,26,,,,,,,5,1
05-2023-0250,05,SARRIA-SANT GERVASI,25,Sant Gervasi - la Bonanova,Carrer,CASTANYER,1,5,,,,,,,5,1
05-2023-0255,05,SARRIA-SANT GERVASI,25,Sant Gervasi - la Bonanova,Carrer,MUNTANER,2,496,,,,,,,7,2
05-2023-0257,05,SARRIA-SANT GERVASI,25,Sant Gervasi - la Bonanova,Carrer,CASTANYER,1,5,,,,,,,3,1
05-2023-0314,05,SARRIA-SANT GERVASI,26,Sant Gervasi - Galvany,Carrer,BALMES,1,327,,329,,,,,2,1
05-2023-0317,05,SARRIA-SANT GERVASI,26,Sant Gervasi - Galvany,Carrer,BALMES,1,327,,329,,,,,2,3
05-2023-0318,05,SARRIA-SANT GERVASI,26,Sant Gervasi - Galvany,Carrer,BALMES,1,327,,329,,,,,2,4
05-2023-0320,05,SARRIA-SANT GERVASI,26,Sant Gervasi - Galvany,Carrer,BALMES,1,327,,329,,,,,3,2
05-2023-0327,05,SARRIA-SANT GERVASI,26,Sant Gervasi - Galvany,Carrer,BALMES,1,327,,329,,,,,4,4
05-2023-0332,05,SARRIA-SANT GERVASI,26,Sant Gervasi - Galvany,Carrer,BALMES,1,327,,329,,,,,5,4
05-2023-0412,05,SARRIA-SANT GERVASI,27,el Putxet i el Farró,Avinguda,REPUBLICA ARGENTINA,1,5,,7,,,D,,BJ,2
05-2023-0419,05,SARRIA-SANT GERVASI,27,el Putxet i el Farró,Avinguda,REPUBLICA ARGENTINA,1,5,,7,,,,,1,5
05-2023-0429,05,SARRIA-SANT GERVASI,27,el Putxet i el Farró,Avinguda,REPUBLICA ARGENTINA,1,5,,7,,,,,3,3
05-2023-0434,05,SARRIA-SANT GERVASI,27,el Putxet i el Farró,Avinguda,REPUBLICA ARGENTINA,1,5,,7,,,,,4,2
05-2023-0436,05,SARRIA-SANT GERVASI,27,el Putxet i el Farró,Avinguda,REPUBLICA ARGENTINA,1,5,,7,,,,,4,4
05-2024-0132,05,SARRIA-SANT GERVASI,23,Sarrià,Carrer,MAJOR DE SARRIA,2,44,,,,,,,AT,
06-2008-0125,06,GRACIA,32,el Camp d'en Grassot i Gràcia Nova,Carrer,ROSSELLO,1,411,,,,,,,01,
06-2008-0176,06,GRACIA,31,la Vila de Gràcia,Carrer,GRAN DE GRACIA,2,250,,,,,,,2,
06-2008-0196,06,GRACIA,31,la Vila de Gràcia,Carrer,BONAVISTA,2,4,,,,,,,02,4
06-2008-0207,06,GRACIA,32,el Camp d'en Grassot i Gràcia Nova,Carrer,INDUSTRIA,2,16,,,,,,,02,2
06-2008-0239,06,GRACIA,32,el Camp d'en Grassot i Gràcia Nova,Carrer,VENTALLO,2,48,,,,,,,EN,1
06-2008-0260,06,GRACIA,31,la Vila de Gràcia,Passeig,GRACIA,1,115,,,,,,,02,1
06-2008-0283,06,GRACIA,31,la Vila de Gràcia,Carrer,VERDI,1,53,,55,,,,,02,2
06-2008-0286,06,GRACIA,31,la Vila de Gràcia,Carrer,VERDI,1,53,,55,,,,,02,3
06-2008-0373,06,GRACIA,31,la Vila de Gràcia,Carrer,FRANCISCO GINER,2,16,,,,,,,04,2
06-2008-0379,06,GRACIA,28,Vallcarca i els Penitents,Carrer,BOLIVAR,1,17,,,,,,,01,1
06-2008-0382,06,GRACIA,28,Vallcarca i els Penitents,Carrer,BOLIVAR,1,17,,,,,,,PR,3
06-2008-0403,06,GRACIA,31,la Vila de Gràcia,Passeig,GRACIA,1,115,,,,,,,01,1
06-2009-0085,06,GRACIA,31,la Vila de Gràcia,Carrer,CORSEGA,1,361,,,,,,,02,3
06-2009-0215,06,GRACIA,32,el Camp d'en Grassot i Gràcia Nova,Carrer,HIPOLIT LAZARO,1,25,,,,,,,01,1
06-2009-0252,06,GRACIA,31,la Vila de Gràcia,Plaça,TRILLA,1,1,,,,,,,PR,
06-2009-0389,06,GRACIA,31,la Vila de Gràcia,Carrer,TORRENT DE L'OLLA,1,161,,,,,,,04,2
06-2010-0128,06,GRACIA,31,la Vila de Gràcia,Carrer,SANTA ROSA,1,23,,,,,,,02,
06-2010-0132,06,GRACIA,31,la Vila de Gràcia,Carrer,SANT PERE MARTIR,1,39,,,,,,,01,1
06-2010-0137,06,GRACIA,31,la Vila de Gràcia,Carrer,SANT PERE MARTIR,1,39,,,,,,,03,1
06-2010-0212,06,GRACIA,32,el Camp d'en Grassot i Gràcia Nova,Carrer,GRASSOT,2,4,,,,,,,01,1
06-2010-0542,06,GRACIA,31,la Vila de Gràcia,Carrer,MOZART,1,7,,,,,,,03,3
06-2011-0112,06,GRACIA,31,la Vila de Gràcia,Carrer,TORRIJOS,1,21,,,,,,,BJ,
06-2011-0156,06,GRACIA,32,el Camp d'en Grassot i Gràcia Nova,Carrer,INDUSTRIA,2,52,,,,,,,05,4
06-2011-0190,06,GRACIA,31,la Vila de Gràcia,Carrer,ENCARNACIO,2,10,,,,,,,EN,
06-2011-0199,06,GRACIA,31,la Vila de Gràcia,Carrer,MILA I FONTANALS,2,34,,,,,,,02,
06-2011-0381,06,GRACIA,31,la Vila de Gràcia,Carrer,SENECA,1,15,,,,,,,02,C
06-2011-0435,06,GRACIA,32,el Camp d'en Grassot i Gràcia Nova,Carrer,SARDENYA,1,415,,,,,,,03,
06-2012-0023,06,GRACIA,31,la Vila de Gràcia,Carrer,SANT JOAQUIM,1,19,,21,,,,,BJ,2
06-2012-0028,06,GRACIA,31,la Vila de Gràcia,Carrer,SANT DOMENEC,1,11,,,,,,,02,1
06-2012-0139,06,GRACIA,32,el Camp d'en Grassot i Gràcia Nova,Carrer,VENTALLO,1,49,,51,,,,,03,2
06-2012-0178,06,GRACIA,31,la Vila de Gràcia,Carrer,MARIA,1,7,,,,,,,01,1
06-2012-0212,06,GRACIA,31,la Vila de Gràcia,Carrer,PUIGMARTI,1,19,,,,,,,01,1
06-2012-0250,06,GRACIA,31,la Vila de Gràcia,Carrer,SANT CRISTOFOL,2,12,,,,,,,2,2
06-2012-0254,06,GRACIA,31,la Vila de Gràcia,Carrer,MONISTROL,2,8,,,,,,,05,2
06-2012-0316,06,GRACIA,31,la Vila de Gràcia,Carrer,RAMON Y CAJAL,1,69,,71,,,,,01,2
06-2012-0329,06,GRACIA,30,la Salut,Carrer,CAMELIES,1,39,,,,,,B,EN,3
06-2012-0368,06,GRACIA,32,el Camp d'en Grassot i Gràcia Nova,Travessera,GRACIA,1,343,,,,,,,1,2
06-2012-0405,06,GRACIA,31,la Vila de Gràcia,Carrer,MARTINEZ DE LA ROSA,2,24,,,,,,,EN,1
06-2012-0413,06,GRACIA,31,la Vila de Gràcia,Carrer,ESCORIAL,1,11,,13,,,,,04,1
06-2012-0435,06,GRACIA,31,la Vila de Gràcia,Carrer,OR,2,16,,,,,,,01,3
06-2012-0443,06,GRACIA,32,el Camp d'en Grassot i Gràcia Nova,Passatge,ALIO,2,12,,,,,,,02,1
06-2012-0460,06,GRACIA,32,el Camp d'en Grassot i Gràcia Nova,Carrer,PAU ALSINA,1,57,,,,,,,EN,1B
06-2012-0461,06,GRACIA,32,el Camp d'en Grassot i Gràcia Nova,Carrer,PAU ALSINA,1,57,,,,,,,05,3
06-2012-0463,06,GRACIA,31,la Vila de Gràcia,Plaça,REVOLUCIO DE SETEMBRE 1868,2,12,,,,,,,EN,2
06-2012-0473,06,GRACIA,32,el Camp d'en Grassot i Gràcia Nova,Carrer,ESCORIAL,2,50,,,,,,,02,3
06-2012-0478,06,GRACIA,31,la Vila de Gràcia,Carrer,SANTA PERPETUA,1,13,,,,,,,01,1
06-2012-0499,06,GRACIA,30,la Salut,Carrer,CA L'ALEGRE DE DALT,2,112,,,,,,,01,1
06-2012-0505,06,GRACIA,30,la Salut,Carrer,CA L'ALEGRE DE DALT,2,112,,,,,,,01,7
06-2012-0518,06,GRACIA,32,el Camp d'en Grassot i Gràcia Nova,Carrer,SANT ANTONI MARIA CLARET,1,3,,,,,,,01,2
06-2012-0532,06,GRACIA,29,el Coll,Passeig,MARE DE DEU DEL COLL,2,140,,,,,,,SO,
06-2012-0540,06,GRACIA,31,la Vila de Gràcia,Carrer,FERRER DE BLANES,2,6,,,,,,,EN,2
06-2012-0552,06,GRACIA,31,la Vila de Gràcia,Carrer,MILA I FONTANALS,2,88,,,,,,,01,
06-2012-0569,06,GRACIA,31,la Vila de Gràcia,Travessera,GRACIA,1,171,,,,,,,BJ,2
06-2012-0586,06,GRACIA,32,el Camp d'en Grassot i Gràcia Nova,Carrer,ENCARNACIO,2,142,,,,,,,PR,1
06-2012-0605,06,GRACIA,31,la Vila de Gràcia,Carrer,SANT DOMENEC,1,5,,,,,,,03,1
06-2012-0606,06,GRACIA,31,la Vila de Gràcia,Carrer,FRANCISCO GINER,2,44,,,,,,,1,1
06-2012-0632,06,GRACIA,31,la Vila de Gràcia,Carrer,BERGA,2,34,,,,,,,02,1
06-2012-0643,06,GRACIA,31,la Vila de Gràcia,Carrer,BONAVISTA,2,20,,,,,,,PR,3
06-2012-0651,06,GRACIA,31,la Vila de Gràcia,Carrer,CORSEGA,1,397,,,,,,,01,1
06-2012-0659,06,GRACIA,31,la Vila de Gràcia,Carrer,JOSEP TORRES,2,2,,,,,,,04,1
06-2013-0038,06,GRACIA,31,la Vila de Gràcia,Carrer,MARIA,2,14,,,,,,,01,
06-2013-0040,06,GRACIA,31,la Vila de Gràcia,Carrer,ARGENTONA,2,22,,,,,,,01,2
06-2013-0052,06,GRACIA,31,la Vila de Gràcia,Via,AUGUSTA,2,58,,,,,,,02,2
06-2013-0064,06,GRACIA,31,la Vila de Gràcia,Carrer,SANT PERE MARTIR,2,52,,,,,,,02,1
06-2013-0070,06,GRACIA,31,la Vila de Gràcia,Carrer,GRAN DE GRACIA,1,189,,,,,,,01,1
06-2013-0150,06,GRACIA,31,la Vila de Gràcia,Carrer,SANT PERE MARTIR,2,52,,,,,,,01,1
06-2013-0156,06,GRACIA,31,la Vila de Gràcia,Carrer,TORRENT DE L'OLLA,1,49,,,,,,,02,2
06-2013-0163,06,GRACIA,31,la Vila de Gràcia,Carrer,MOZART,2,20,,,,,,,EN,3
06-2013-0173,06,GRACIA,31,la Vila de Gràcia,Carrer,ESCORIAL,1,11,,13,,,,,PR,2
06-2013-0262,06,GRACIA,31,la Vila de Gràcia,Carrer,PROGRES,1,25,,,,,,,BJ,1
06-2013-0316,06,GRACIA,31,la Vila de Gràcia,Carrer,MASSENS,1,23,,,,,,,02,2
06-2013-0332,06,GRACIA,32,el Camp d'en Grassot i Gràcia Nova,Carrer,PI I MARGALL,1,7,,,,,,,03,2
06-2013-0350,06,GRACIA,29,el Coll,Carrer,TIRSO,1,43,,,,,,,BJ,
06-2013-0379,06,GRACIA,31,la Vila de Gràcia,Carrer,JOAN BLANQUES,1,67,,69,,,,,3,2
06-2013-0389,06,GRACIA,31,la Vila de Gràcia,Carrer,JOAN BLANQUES,1,67,,69,,,,,02,1
06-2013-0402,06,GRACIA,31,la Vila de Gràcia,Carrer,TORRENT DE LES FLORS,1,131,,133,,,,,BJ,2
06-2013-0413,06,GRACIA,31,la Vila de Gràcia,Carrer,MILA I FONTANALS,1,55,,,,,,,01,2
06-2013-0474,06,GRACIA,31,la Vila de Gràcia,Passeig,GRACIA,2,126,,,,,,,2,
06-2013-0522,06,GRACIA,31,la Vila de Gràcia,Carrer,JOSEP TORRES,2,28,,,,,,,02,2
06-2013-0544,06,GRACIA,31,la Vila de Gràcia,Carrer,JAEN,2,6,,,,,,,01,3
06-2013-0560,06,GRACIA,31,la Vila de Gràcia,Carrer,CAMPRODON,1,27,,,,,,,BJ,1
06-2013-0561,06,GRACIA,31,la Vila de Gràcia,Carrer,CAMPRODON,1,27,,,,,,,BJ,2
06-2013-0563,06,GRACIA,28,Vallcarca i els Penitents,Carrer,MARE DE DEU DEL COLL,2,82,,,,,,,AT,2
06-2013-0606,06,GRACIA,31,la Vila de Gràcia,Carrer,TORRENT DE L'OLLA,2,84,,,,,,,02,2
06-2013-0616,06,GRACIA,32,el Camp d'en Grassot i Gràcia Nova,Carrer,ROGER DE FLOR,1,253,,,,,,,AT,1
06-2013-0640,06,GRACIA,31,la Vila de Gràcia,Carrer,PERE SERAFI,2,38,,,,,,,01,3
06-2013-0645,06,GRACIA,30,la Salut,Carrer,SOSTRES,1,17,,,,,,,01,2
06-2013-0695,06,GRACIA,31,la Vila de Gràcia,Plaça,LLIBERTAT,1,25,,,,,,,04,2
06-2014-0009,06,GRACIA,32,el Camp d'en Grassot i Gràcia Nova,Passatge,ALIO,2,32,,,,,,,02,1
06-2014-0042,06,GRACIA,31,la Vila de Gràcia,Carrer,TORDERA,1,47,,,,,,,BJ,1
06-2014-0052,06,GRACIA,32,el Camp d'en Grassot i Gràcia Nova,Carrer,CORSEGA,1,523,,,,,,,01,2
06-2014-0058,06,GRACIA,32,el Camp d'en Grassot i Gràcia Nova,Carrer,CORSEGA,1,523,,,,,,,03,2
06-2014-0087,06,GRACIA,32,el Camp d'en Grassot i Gràcia Nova,Carrer,PI I MARGALL,2,8,,,,,,,04,2
06-2014-0094,06,GRACIA,32,el Camp d'en Grassot i Gràcia Nova,Carrer,CORSEGA,2,474,,,,,,,02,1
06-2014-0109,06,GRACIA,31,la Vila de Gràcia,Carrer,FERRER DE BLANES,1,9,,,,,,,BJ,
06-2014-0121,06,GRACIA,31,la Vila de Gràcia,Carrer,OR,1,3,,5,,,,,1,3
06-2014-0127,06,GRACIA,31,la Vila de Gràcia,Carrer,TORRENT DE L'OLLA,2,48,,,,,,,03,
06-2014-0134,06,GRACIA,30,la Salut,Carrer,MARE DE DEU DEL COLL,2,14,,16,,,,,BJ,I
06-2014-0138,06,GRACIA,31,la Vila de Gràcia,Carrer,CAMPRODON,1,23,,,,,,,PR,1
06-2014-0142,06,GRACIA,31,la Vila de Gràcia,Carrer,LLIBERTAT,1,7,,,,,,,PR,2
06-2014-0188,06,GRACIA,31,la Vila de Gràcia,Carrer,CAMPRODON,1,23,,,,,,,02,2
06-2014-0195,06,GRACIA,31,la Vila de Gràcia,Carrer,CAMPRODON,1,23,,,,,,,PR,3
06-2014-0211,06,GRACIA,32,el Camp d'en Grassot i Gràcia Nova,Travessera,GRACIA,1,333,,,,,,,PR,2
06-2014-0221,06,GRACIA,31,la Vila de Gràcia,Carrer,SANTA ROSA,2,8,,,,,,,01,
06-2014-0224,06,GRACIA,31,la Vila de Gràcia,Carrer,SANTA MAGDALENA,1,13,,,,,,,3,1
06-2014-0227,06,GRACIA,31,la Vila de Gràcia,Carrer,RABASSA,1,33,,,,,,,01,1
06-2014-0228,06,GRACIA,31,la Vila de Gràcia,Carrer,MARTINEZ DE LA ROSA,2,46,,,,,,,03,1
06-2014-0241,06,GRACIA,31,la Vila de Gràcia,Avinguda,DIAGONAL,2,478,,,,,,,04,2
06-2014-0254,06,GRACIA,31,la Vila de Gràcia,Carrer,CIUDAD REAL,2,22,,,,,,,03,
06-2014-0255,06,GRACIA,31,la Vila de Gràcia,Carrer,CIUDAD REAL,2,22,,,,,,,EN,
06-2014-0272,06,GRACIA,30,la Salut,Avinguda,COLL DEL PORTELL,1,57,,,,,,,BJ,2
06-2014-0286,06,GRACIA,31,la Vila de Gràcia,Carrer,MINERVA,1,9,,,,,,,AT,2
06-2014-0293,06,GRACIA,31,la Vila de Gràcia,Carrer,MARTI,1,53,,,,,,,02,1
06-2014-0295,06,GRACIA,31,la Vila de Gràcia,Carrer,BRUNIQUER,1,65,,,,,,,03,
06-2014-0306,06,GRACIA,31,la Vila de Gràcia,Carrer,CAROLINES,1,17,,,,,,,01,
06-2014-0316,06,GRACIA,31,la Vila de Gràcia,Carrer,RIERA DE SANT MIQUEL,1,75,,,,,,,BJ,2
06-2014-0324,06,GRACIA,31,la Vila de Gràcia,Carrer,MARE DEU DELS DESEMPARATS,1,23,,,,,,,02,1
06-2014-0325,06,GRACIA,31,la Vila de Gràcia,Carrer,MARE DEU DELS DESEMPARATS,1,23,,,,,,,02,2
06-2014-0326,06,GRACIA,31,la Vila de Gràcia,Carrer,MARE DEU DELS DESEMPARATS,1,23,,,,,,,03,1
06-2014-0348,06,GRACIA,31,la Vila de Gràcia,Carrer,SANTA AGATA,1,35,,,,,,,01,
06-2014-0360,06,GRACIA,31,la Vila de Gràcia,Carrer,GRAN DE GRACIA,1,153,,,,,,,03,2
06-2014-0366,06,GRACIA,31,la Vila de Gràcia,Carrer,MARTINEZ DE LA ROSA,2,48,,,,,,,04,2
06-2014-0374,06,GRACIA,31,la Vila de Gràcia,Carrer,MOZART,2,20,,,,,,,2,3
06-2014-0383,06,GRACIA,32,el Camp d'en Grassot i Gràcia Nova,Carrer,INDUSTRIA,2,8,,,,,,,BJ,2
06-2014-0424,06,GRACIA,30,la Salut,Carrer,MARE DE DEU DEL COLL,2,56,,58,,,,,02,2
06-2014-0429,06,GRACIA,31,la Vila de Gràcia,Carrer,CORSEGA,1,367,,,,,,,PR,1
06-2014-0431,06,GRACIA,31,la Vila de Gràcia,Carrer,CORSEGA,1,367,,,,,,,02,4
06-2014-0502,06,GRACIA,29,el Coll,Baixada,SANT MARIA,1,5,,7,,,,,2,1
06-2014-0527,06,GRACIA,31,la Vila de Gràcia,Carrer,PROVIDENCIA,2,12,,,,,,,01,2
06-2014-0547,06,GRACIA,31,la Vila de Gràcia,Carrer,TORRENT DE LES FLORS,2,40,,,,,,,01,1
06-2014-0581,06,GRACIA,28,Vallcarca i els Penitents,Carrer,SANT EUDALD,2,32,,,,,,,BJ,
06-2014-0592,06,GRACIA,32,el Camp d'en Grassot i Gràcia Nova,Passatge,NOGUES,2,60,,,,,,,02,
06-2014-0636,06,GRACIA,29,el Coll,Carrer,BEAT ALMATO,2,76,,,,,,,EN,3
06-2014-0778,06,GRACIA,29,el Coll,Carrer,MORA D'EBRE,2,84,,,,,,,BJ,1
06-2019-0371,06,GRACIA,31,la Vila de Gràcia,Carrer,MAURICI SERRAHIMA,1,9,,,,,,,EN,2
06-2023-0218,06,GRACIA,31,la Vila de Gràcia,Passeig,GRACIA,2,126,,,,,,,1,
06-2023-0242,06,GRACIA,31,la Vila de Gràcia,Carrer,TORRENT DE L'OLLA,1,203,,,,,,,3,9
06-2023-0254,06,GRACIA,32,el Camp d'en Grassot i Gràcia Nova,Carrer,VENTALLO,2,48,,,,,,,3,4
06-2023-0338,06,GRACIA,31,la Vila de Gràcia,Carrer,SANTA ROSA,2,10,,,,,,,3,1
06-2024-0109,06,GRACIA,31,la Vila de Gràcia,Carrer,LLIBERTAT,1,5,B,,B,,,,PR,1
06-2024-0111,06,GRACIA,31,la Vila de Gràcia,Carrer,LLIBERTAT,1,5,B,,B,,,,2,1
06-2024-0114,06,GRACIA,31,la Vila de Gràcia,Carrer,RIERA DE SANT MIQUEL,1,15,,,,,,,PR,2
07-2008-0186,07,HORTA-GUINARDÓ,33,el Baix Guinardó,Carrer,MARINA,2,366,,,,,,,1,
07-2009-0027,07,HORTA-GUINARDÓ,33,el Baix Guinardó,Carrer,MARINA,2,366,,,,,,,4,2
07-2009-0175,07,HORTA-GUINARDÓ,33,el Baix Guinardó,Travessera,GRACIA,1,441,,,,,,,1,4
07-2009-0182,07,HORTA-GUINARDÓ,33,el Baix Guinardó,Travessera,GRACIA,1,441,,,,,,,1,1
07-2012-0090,07,HORTA-GUINARDÓ,33,el Baix Guinardó,Carrer,CASTILLEJOS,1,427,,,,,,,3,1
07-2012-0126,07,HORTA-GUINARDÓ,37,el Carmel,Carrer,CALDERON DE LA BARCA,2,112,,114,,,,,1,1
07-2012-0137,07,HORTA-GUINARDÓ,37,el Carmel,Carrer,CALDERON DE LA BARCA,2,112,,114,,,,,4,2
07-2012-0165,07,HORTA-GUINARDÓ,33,el Baix Guinardó,Ronda,GUINARDO,1,77,,,,,,,4,1
07-2012-0209,07,HORTA-GUINARDÓ,35,el Guinardó,Carrer,TELEGRAF,1,19,,21,,,,,3,3
07-2012-0231,07,HORTA-GUINARDÓ,34,Can Baró,Avinguda,CAN BARO,1,3,,,,,,,PR,2
07-2012-0280,07,HORTA-GUINARDÓ,37,el Carmel,Carrer,DOCTOR BOVE,2,168,,,,,,,BJ,
07-2013-0009,07,HORTA-GUINARDÓ,37,el Carmel,Carrer,MUHLBERG,2,44,,,,,,,SO,1
07-2013-0196,07,HORTA-GUINARDÓ,33,el Baix Guinardó,Carrer,ROSALIA DE CASTRO,2,16,,,,,,,AT,2
07-2014-0009,07,HORTA-GUINARDÓ,35,el Guinardó,Avinguda,MARE DE DEU DE MONTSERRAT,2,258,,,,,,,1,2
07-2014-0036,07,HORTA-GUINARDÓ,33,el Baix Guinardó,Carrer,SANT ANTONI MARIA CLARET,1,139,,,,,,,1,2
07-2014-0046,07,HORTA-GUINARDÓ,35,el Guinardó,Avinguda,MARE DE DEU DE MONTSERRAT,1,105,,,,,,,SA,4
07-2014-0070,07,HORTA-GUINARDÓ,43,Horta,Carrer,MESTRE SERRADESANFERM,1,13,,,,,,,03,
07-2014-0090,07,HORTA-GUINARDÓ,34,Can Baró,Carrer,TENERIFE,1,35,,,,,,,BJ,
07-2014-0096,07,HORTA-GUINARDÓ,37,el Carmel,Carrer,CALDERON DE LA BARCA,1,123,,,,,,,AT,
07-2014-0151,07,HORTA-GUINARDÓ,33,el Baix Guinardó,Carrer,CARTAGENA,1,339,,,,,,,3,2
07-2014-0189,07,HORTA-GUINARDÓ,35,el Guinardó,Carrer,MASCARO,1,19,,,,,,,1,1
07-2014-0231,07,HORTA-GUINARDÓ,34,Can Baró,Carrer,PASTEUR,2,62,,,,,,,2,
07-2014-0239,07,HORTA-GUINARDÓ,37,el Carmel,Carrer,SANT DALMIR,2,2,,,,,,,BJ,9
07-2014-0259,07,HORTA-GUINARDÓ,35,el Guinardó,Carrer,TELEGRAF,2,58,,,,,,,AT,
07-2023-0034,07,HORTA-GUINARDÓ,35,el Guinardó,Carrer,GARROTXA,1,33,,,,,,,1,2
07-2023-0035,07,HORTA-GUINARDÓ,35,el Guinardó,Carrer,GARROTXA,1,33,,,,,,,2,1
07-2024-0048,07,HORTA-GUINARDÓ,34,Can Baró,Carrer,BARO DE SANT LLUIS,2,34,,,,,,,2,2
08-2014-0103,08,NOU BARRIS,44,Vilapicina i la Torre Llobeta,Carrer,PARDO,2,66,,,,,,,02,
08-2014-0134,08,NOU BARRIS,50,les Roquetes,Carrer,PLA DELS CIRERERS,2,34,,,,,,,SA,1
08-2014-0153,08,NOU BARRIS,44,Vilapicina i la Torre Llobeta,Carrer,ESCOCIA,1,11,,,,,,,03,2
08-2014-0211,08,NOU BARRIS,51,Verdun,Carrer,VILADROSA,2,138,,,,,,,AT,3
08-2019-0097,08,NOU BARRIS,45,Porta,Passeig,FABRA I PUIG,2,192,,,,,,,1,3
08-2023-0120,08,NOU BARRIS,44,Vilapicina i la Torre Llobeta,Passeig,FABRA I PUIG,1,97,,,,,,,5,1
08-2023-0127,08,NOU BARRIS,44,Vilapicina i la Torre Llobeta,Passeig,FABRA I PUIG,1,97,,,,,,,5,2
09-2012-0121,09,SANT ANDREU,61,la Sagrera,Carrer,PACIFIC,1,23,,27,,,,,01,1
09-2012-0123,09,SANT ANDREU,61,la Sagrera,Carrer,PACIFIC,1,23,,27,,,,,BJ,2
09-2012-0273,09,SANT ANDREU,60,Sant Andreu,Carrer,CASTELLBELL,1,25,,29,,,,2,02,1
09-2012-0333,09,SANT ANDREU,61,la Sagrera,Carrer,OLESA,1,73,,,,,,,05,3
09-2013-0163,09,SANT ANDREU,63,Navas,Carrer,ESPRONCEDA,1,395,,,,,,,BJ,
09-2014-0066,09,SANT ANDREU,63,Navas,Carrer,MALLORCA,1,651,,,,,,,3,1
09-2014-0144,09,SANT ANDREU,63,Navas,Carrer,BOFARULL,2,48,,,,,,,9,4
09-2014-0192,09,SANT ANDREU,60,Sant Andreu,Rambla,FABRA I PUIG,1,43,,,,,,,05,1
09-2014-0208,09,SANT ANDREU,57,la Trinitat Vella,Carretera,RIBES,2,74,,,,,,,01,1
09-2014-0226,09,SANT ANDREU,62,el Congrés i els Indians,Carrer,ACACIES,2,52,,,,,,,01,2
09-2014-0333,09,SANT ANDREU,61,la Sagrera,Carrer,INDUSTRIA,1,353,,,,,,A,03,1
09-2023-0106,09,SANT ANDREU,57,la Trinitat Vella,Passatge,TORNE,1,1,,,,,,E,3,2A
09-2023-0112,09,SANT ANDREU,60,Sant Andreu,Carrer,VALLES,1,5,,,,,,,2,
09-2023-0113,09,SANT ANDREU,60,Sant Andreu,Carrer,VALLES,1,5,,,,,,,3,
09-2024-0010,09,SANT ANDREU,63,Navas,Carrer,LAS NAVAS DE TOLOSA,1,379,,,,,,,2,A
10-2008-0388,10,SANT MARTI,69,Diagonal Mar i el Front Marítim del Poblenou,Carrer,PELLAIRES,1,25,,,,,,,02,A
10-2008-0412,10,SANT MARTI,64,el Camp de l'Arpa del Clot,Carrer,INDEPENDENCIA,2,350,,,,,,,SA,
10-2008-0582,10,SANT MARTI,64,el Camp de l'Arpa del Clot,Carrer,ARAGO,1,565,,,,,,,01,1
10-2008-0632,10,SANT MARTI,64,el Camp de l'Arpa del Clot,Carrer,INDEPENDENCIA,1,287,,,,,,,01,2
10-2008-0646,10,SANT MARTI,67,la Vila Olímpica del Poblenou,Carrer,JOAN D'AUSTRIA,1,51,,,,,,A,04,2
10-2008-0688,10,SANT MARTI,66,el Parc i la Llacuna del Poblenou,Avinguda,MERIDIANA,2,2,,,,,,,BJ,3
10-2009-0189,10,SANT MARTI,68,el Poblenou,Carrer,TAULAT,1,1,,,,,,,03,3
10-2009-0291,10,SANT MARTI,67,la Vila Olímpica del Poblenou,Carrer,DOCTOR TRUETA,1,73,,75,,,,,01,2
10-2009-0318,10,SANT MARTI,64,el Camp de l'Arpa del Clot,Carrer,INDEPENDENCIA,1,297,,299,,,,,01,1
10-2009-0328,10,SANT MARTI,64,el Camp de l'Arpa del Clot,Carrer,INDEPENDENCIA,1,297,,299,,,,,04,2
10-2009-0337,10,SANT MARTI,68,el Poblenou,Passatge,PIQUER,2,2,,6,,,,,04,4
10-2009-0359,10,SANT MARTI,68,el Poblenou,Rambla,POBLENOU,1,47,,,,,,,04,2
10-2009-0410,10,SANT MARTI,69,Diagonal Mar i el Front Marítim del Poblenou,Carrer,SELVA DE MAR,1,7,,,,,,,5,5
10-2010-0051,10,SANT MARTI,65,el Clot,Gran Via,CORTS CATALANES,1,857,,,,,,,EN,1
10-2010-0102,10,SANT MARTI,68,el Poblenou,Rambla,POBLENOU,2,16,,,,,,,02,2
10-2010-0343,10,SANT MARTI,64,el Camp de l'Arpa del Clot,Carrer,FRESER,1,5,,,,,,,06,3
10-2010-0345,10,SANT MARTI,64,el Camp de l'Arpa del Clot,Carrer,FRESER,1,5,,,,,,,04,1
10-2010-0480,10,SANT MARTI,68,el Poblenou,Passeig,CALVELL,1,45,,,,,,A,03,1
10-2010-0539,10,SANT MARTI,66,el Parc i la Llacuna del Poblenou,Carrer,ROGER DE FLOR,2,26,,,,,,,AT,1
10-2010-0602,10,SANT MARTI,69,Diagonal Mar i el Front Marítim del Poblenou,Passeig,TAULAT,1,279,,,,,,C,04,2
10-2010-0606,10,SANT MARTI,69,Diagonal Mar i el Front Marítim del Poblenou,Carrer,SELVA DE MAR,2,18,,,,,,,16,4
10-2011-0222,10,SANT MARTI,68,el Poblenou,Rambla,POBLENOU,2,20,,,,,,,03,2
10-2011-0425,10,SANT MARTI,68,el Poblenou,Carrer,VENERO,2,8,,,,,,,02,2
10-2011-0516,10,SANT MARTI,64,el Camp de l'Arpa del Clot,Carrer,FRESER,1,5,,,,,,,AT,3
10-2012-0003,10,SANT MARTI,67,la Vila Olímpica del Poblenou,Carrer,RAMON TURRO,2,48,,50,,,,,BJ,1
10-2012-0007,10,SANT MARTI,65,el Clot,Avinguda,MERIDIANA,1,109,,,,,,,1,1
10-2012-0041,10,SANT MARTI,68,el Poblenou,Carrer,BAC DE RODA,1,35,,,,,,,BJ,2
10-2012-0098,10,SANT MARTI,67,la Vila Olímpica del Poblenou,Carrer,MARINA,2,70,,,,,,,BJ,
10-2012-0104,10,SANT MARTI,67,la Vila Olímpica del Poblenou,Carrer,MARINA,2,70,,,,,,,3,2
10-2012-0238,10,SANT MARTI,64,el Camp de l'Arpa del Clot,Carrer,VALENCIA,2,556,,,,,,,06,2
10-2012-0280,10,SANT MARTI,68,el Poblenou,Carrer,FERROCARRIL,1,27,,,,,,,01,5
10-2012-0309,10,SANT MARTI,64,el Camp de l'Arpa del Clot,Carrer,MALLORCA,2,616,,,,,,,1,1
10-2012-0316,10,SANT MARTI,69,Diagonal Mar i el Front Marítim del Poblenou,Carrer,JOSEP PLA,1,19,,,,,,,4,5
10-2012-0343,10,SANT MARTI,64,el Camp de l'Arpa del Clot,Carrer,CORSEGA,1,703,,,,,,,1,4
10-2012-0363,10,SANT MARTI,65,el Clot,Carrer,ESPRONCEDA,1,293,,,,,,,AT,1
10-2012-0423,10,SANT MARTI,64,el Camp de l'Arpa del Clot,Carrer,INDEPENDENCIA,1,317,,,,,,,AT,3
10-2012-0435,10,SANT MARTI,68,el Poblenou,Carrer,PALLARS,1,319,,,,,,,03,A
10-2012-0494,10,SANT MARTI,69,Diagonal Mar i el Front Marítim del Poblenou,Passeig,GARCIA FARIA,1,77,,,,,,,14,1
10-2012-0504,10,SANT MARTI,64,el Camp de l'Arpa del Clot,Carrer,NACIO,2,18,,,,,,,2,
10-2012-0505,10,SANT MARTI,67,la Vila Olímpica del Poblenou,Carrer,MARINA,2,44,,,,,,2,BJ,C
10-2012-0510,10,SANT MARTI,68,el Poblenou,Carrer,LOPE DE VEGA,2,10,,,,,,,5,1
10-2012-0513,10,SANT MARTI,64,el Camp de l'Arpa del Clot,Carrer,NACIO,2,18,,,,,,,04,
10-2012-0519,10,SANT MARTI,69,Diagonal Mar i el Front Marítim del Poblenou,Carrer,SELVA DE MAR,2,6,,,,,,,01,1
10-2012-0522,10,SANT MARTI,67,la Vila Olímpica del Poblenou,Carrer,JAUME VICENS I VIVES,1,15,,,,,,,03,1
10-2012-0538,10,SANT MARTI,64,el Camp de l'Arpa del Clot,Carrer,INDEPENDENCIA,1,317,,,,,,,3,2
10-2012-0545,10,SANT MARTI,64,el Camp de l'Arpa del Clot,Carrer,INDEPENDENCIA,1,317,,,,,,,AT,4
10-2012-0565,10,SANT MARTI,69,Diagonal Mar i el Front Marítim del Poblenou,Passeig,GARCIA FARIA,1,77,,,,,,,01,1
10-2012-0684,10,SANT MARTI,68,el Poblenou,Carrer,TAULAT,1,61,,,,,,,BJ,2
10-2013-0017,10,SANT MARTI,69,Diagonal Mar i el Front Marítim del Poblenou,Carrer,FLUVIA,1,97,,,,,,,12,1
10-2013-0042,10,SANT MARTI,68,el Poblenou,Carrer,TANGER,2,150,,156,,,,,01,6
10-2013-0055,10,SANT MARTI,68,el Poblenou,Carrer,FERROCARRIL,1,27,,,,,,,06,3
10-2013-0083,10,SANT MARTI,68,el Poblenou,Passeig,CALVELL,1,45,,,,,,C,01,3
10-2013-0087,10,SANT MARTI,66,el Parc i la Llacuna del Poblenou,Passeig,PUJADES,1,25,,,,,,,PR,2
10-2013-0088,10,SANT MARTI,66,el Parc i la Llacuna del Poblenou,Passeig,PUJADES,1,25,,,,,,,01,1
10-2013-0093,10,SANT MARTI,66,el Parc i la Llacuna del Poblenou,Passeig,PUJADES,1,25,,,,,,,04,2
10-2013-0096,10,SANT MARTI,66,el Parc i la Llacuna del Poblenou,Passeig,PUJADES,1,25,,,,,,,AT,
10-2013-0100,10,SANT MARTI,68,el Poblenou,Passeig,CALVELL,1,45,,,,,,C,02,3
10-2013-0105,10,SANT MARTI,68,el Poblenou,Passeig,CALVELL,1,45,,,,,,B,03,1
10-2013-0110,10,SANT MARTI,68,el Poblenou,Passeig,CALVELL,1,45,,,,,,D,02,3
10-2013-0133,10,SANT MARTI,67,la Vila Olímpica del Poblenou,Carrer,MOSCOU,2,4,,,,,,,05,2
10-2013-0198,10,SANT MARTI,68,el Poblenou,Passeig,CALVELL,1,15,,,,,,,BJ,2
10-2013-0258,10,SANT MARTI,66,el Parc i la Llacuna del Poblenou,Passatge,ALI BEI,1,7,,,,,,,BJ,1
10-2013-0264,10,SANT MARTI,66,el Parc i la Llacuna del Poblenou,Passatge,ALI BEI,1,7,,,,,,,BJ,2
10-2013-0288,10,SANT MARTI,67,la Vila Olímpica del Poblenou,Avinguda,ICARIA,2,180,,,,,,,02,2
10-2013-0309,10,SANT MARTI,69,Diagonal Mar i el Front Marítim del Poblenou,Passeig,TAULAT,1,223,,,,,,A,04,1
10-2013-0321,10,SANT MARTI,67,la Vila Olímpica del Poblenou,Carrer,JOAN D'AUSTRIA,1,51,,,,,,A,01,2
10-2013-0368,10,SANT MARTI,68,el Poblenou,Passatge,BORI,2,6,,,,,,,02,4
10-2013-0440,10,SANT MARTI,66,el Parc i la Llacuna del Poblenou,Carrer,MARINA,1,71,,73,,,,A,02,1
10-2013-0468,10,SANT MARTI,66,el Parc i la Llacuna del Poblenou,Carrer,PUJADES,1,19,,,,,,,01,1
10-2013-0480,10,SANT MARTI,68,el Poblenou,Passeig,CALVELL,1,45,,,,,,D,04,2
10-2013-0501,10,SANT MARTI,68,el Poblenou,Carrer,PALLARS,1,171,,,,,,,01,2
10-2013-0536,10,SANT MARTI,68,el Poblenou,Carrer,MARIA AGUILO,1,123,,,,,,,01,1
10-2013-0559,10,SANT MARTI,64,el Camp de l'Arpa del Clot,Carrer,CORSEGA,1,703,,,,,,,1,1
10-2013-0600,10,SANT MARTI,68,el Poblenou,Carrer,PALLARS,2,232,,,,,,,1,2
10-2013-0608,10,SANT MARTI,68,el Poblenou,Carrer,LLACUNA,2,110,,,,,,,01,2
10-2013-0616,10,SANT MARTI,68,el Poblenou,Carrer,SANCHO DE AVILA,1,167,,171,,,,8,04,4
10-2013-0707,10,SANT MARTI,68,el Poblenou,Carrer,LOPE DE VEGA,1,121,,,,,,,PR,2
10-2013-0730,10,SANT MARTI,68,el Poblenou,Passatge,MAS DE RODA,2,26,,,,,,B,04,2
10-2013-0739,10,SANT MARTI,66,el Parc i la Llacuna del Poblenou,Carrer,TANGER,2,46,,,,,,,07,3
10-2013-0764,10,SANT MARTI,66,el Parc i la Llacuna del Poblenou,Carrer,SARDENYA,1,61,,,,,,,1,1
10-2013-0804,10,SANT MARTI,68,el Poblenou,Carrer,FERROCARRIL,1,27,,,,,,,07,2
10-2014-0009,10,SANT MARTI,69,Diagonal Mar i el Front Marítim del Poblenou,Passeig,TAULAT,1,283,,,,,,,20,2
10-2014-0025,10,SANT MARTI,66,el Parc i la Llacuna del Poblenou,Passeig,PUJADES,1,29,,,,,,,07,A
10-2014-0044,10,SANT MARTI,68,el Poblenou,Rambla,POBLENOU,2,90,,,,,,,02,1
10-2014-0049,10,SANT MARTI,68,el Poblenou,Rambla,POBLENOU,2,78,,,,,,,1,2
10-2014-0094,10,SANT MARTI,65,el Clot,Carrer,EDISON,2,4,,6,,,,,04,3
10-2014-0125,10,SANT MARTI,66,el Parc i la Llacuna del Poblenou,Carrer,PUJADES,2,10,,,,,,,AT,1
10-2014-0156,10,SANT MARTI,67,la Vila Olímpica del Poblenou,Passatge,GENERAL BASSOLS,2,24,,,,,,,01,
10-2014-0207,10,SANT MARTI,68,el Poblenou,Carrer,LLULL,1,151,,,,,,,02,1
10-2014-0218,10,SANT MARTI,68,el Poblenou,Carrer,PALLARS,2,320,,,,,,,02,3
10-2014-0230,10,SANT MARTI,69,Diagonal Mar i el Front Marítim del Poblenou,Passatge,MARIA LLIMONA,1,9,,,,,,,,
10-2014-0243,10,SANT MARTI,68,el Poblenou,Passeig,CALVELL,1,45,,,,,,D,01,2
10-2014-0253,10,SANT MARTI,65,el Clot,Carrer,TER,1,27,,,,,,,EN,1
10-2014-0306,10,SANT MARTI,68,el Poblenou,Carrer,RAMON TURRO,2,264,,,,,,,PR,1
10-2014-0321,10,SANT MARTI,68,el Poblenou,Carrer,DOCTOR TRUETA,2,160,,,,,,,AT,
10-2014-0351,10,SANT MARTI,64,el Camp de l'Arpa del Clot,Carrer,INDUSTRIA,2,222,,,,,,,05,2
10-2014-0365,10,SANT MARTI,68,el Poblenou,Carrer,RAMON TURRO,2,260,,,,,,,01,2
10-2014-0383,10,SANT MARTI,70,el Besòs i el Maresme,Rambla,PRIM,1,53,,,,,,,EN,2
10-2014-0393,10,SANT MARTI,64,el Camp de l'Arpa del Clot,Carrer,INDUSTRIA,1,207,,,,,,,01,2
10-2014-0402,10,SANT MARTI,67,la Vila Olímpica del Poblenou,Avinguda,ICARIA,2,150,,,,,,,02,2
10-2014-0418,10,SANT MARTI,68,el Poblenou,Rambla,POBLENOU,2,16,,,,,,,01,1
10-2014-0425,10,SANT MARTI,68,el Poblenou,Rambla,POBLENOU,2,16,,,,,,,01,3
10-2014-0442,10,SANT MARTI,66,el Parc i la Llacuna del Poblenou,Carrer,PERE IV,1,83,,,,,,,04,3
10-2014-0449,10,SANT MARTI,66,el Parc i la Llacuna del Poblenou,Carrer,PERE IV,2,44,,46,,,,,PR,2
10-2014-0453,10,SANT MARTI,66,el Parc i la Llacuna del Poblenou,Carrer,PERE IV,2,44,,46,,,,,03,1
10-2014-0462,10,SANT MARTI,66,el Parc i la Llacuna del Poblenou,Carrer,PERE IV,2,44,,46,,,,,PR,1
10-2014-0466,10,SANT MARTI,66,el Parc i la Llacuna del Poblenou,Carrer,PERE IV,2,44,,46,,,,,2,4
10-2014-0473,10,SANT MARTI,64,el Camp de l'Arpa del Clot,Carrer,SANT ANTONI MARIA CLARET,2,268,,,,,,,05,1
10-2014-0488,10,SANT MARTI,67,la Vila Olímpica del Poblenou,Carrer,FREDERIC MOMPOU,1,13,,,,,,,3,2
10-2014-0501,10,SANT MARTI,68,el Poblenou,Carrer,FERROCARRIL,1,27,,,,,,,2,7
10-2014-0502,10,SANT MARTI,64,el Camp de l'Arpa del Clot,Carrer,INDUSTRIA,1,207,,,,,,,04,2
10-2014-0505,10,SANT MARTI,64,el Camp de l'Arpa del Clot,Carrer,INDUSTRIA,1,207,,,,,,,05,2
10-2014-0507,10,SANT MARTI,64,el Camp de l'Arpa del Clot,Carrer,INDUSTRIA,1,213,,,,,,,1,1
10-2014-0510,10,SANT MARTI,64,el Camp de l'Arpa del Clot,Carrer,INDUSTRIA,1,213,,,,,,,1,2
10-2014-0522,10,SANT MARTI,64,el Camp de l'Arpa del Clot,Carrer,INDUSTRIA,1,213,,,,,,,2,4
10-2014-0523,10,SANT MARTI,68,el Poblenou,Passeig,CALVELL,1,45,,,,,,D,03,2
10-2014-0526,10,SANT MARTI,64,el Camp de l'Arpa del Clot,Carrer,INDUSTRIA,1,213,,,,,,,3,2
10-2014-0539,10,SANT MARTI,68,el Poblenou,Passeig,CALVELL,1,45,,,,,,B,01,2
10-2014-0540,10,SANT MARTI,68,el Poblenou,Passeig,CALVELL,1,45,,,,,,B,1,3
10-2014-0553,10,SANT MARTI,68,el Poblenou,Passeig,CALVELL,1,45,,,,,,B,05,3
10-2014-0562,10,SANT MARTI,68,el Poblenou,Passeig,CALVELL,1,45,,,,,,C,03,4
10-2014-0564,10,SANT MARTI,68,el Poblenou,Passeig,CALVELL,1,45,,,,,,C,04,2
10-2014-0572,10,SANT MARTI,68,el Poblenou,Passeig,CALVELL,1,45,,,,,,A,04,3
10-2014-0582,10,SANT MARTI,67,la Vila Olímpica del Poblenou,Carrer,SALVADOR ESPRIU,1,41,,,,,,1,02,2
10-2014-0655,10,SANT MARTI,67,la Vila Olímpica del Poblenou,Carrer,LOS ANGELES,2,30,,,,,,,BJ,
10-2014-0661,10,SANT MARTI,68,el Poblenou,Carrer,PALLARS,2,232,,236,,,,,01,1
10-2014-0673,10,SANT MARTI,68,el Poblenou,Carrer,PALLARS,1,307,,311,,,,,02,D
10-2014-0674,10,SANT MARTI,64,el Camp de l'Arpa del Clot,Carrer,PROVENÇA,1,571,,,,,,,BJ,
10-2014-0732,10,SANT MARTI,70,el Besòs i el Maresme,Plaça,GERMANS SERRA,1,3,,,,,,D,02,1
10-2014-0931,10,SANT MARTI,72,Sant Martí de Provençals,Rambla,GUIPUSCOA,2,88,,,,,,I,06,1
10-2014-0950,10,SANT MARTI,72,Sant Martí de Provençals,Carrer,PROVENÇALS,2,270,,,,,,,01,2
10-2014-0955,10,SANT MARTI,70,el Besòs i el Maresme,Carrer,MARESME,2,122,,,,,,,05,3
10-2016-0376,10,SANT MARTI,64,el Camp de l'Arpa del Clot,Carrer,INDUSTRIA,2,282,,,,,,,4,2
10-2016-0426,10,SANT MARTI,64,el Camp de l'Arpa del Clot,Carrer,PROVENÇA,1,563,,,,,,,3,2
10-2019-0006,10,SANT MARTI,68,el Poblenou,Carrer,LOPE DE VEGA,2,150,,,,,,B,6,2
10-2019-0008,10,SANT MARTI,68,el Poblenou,Carrer,ESPRONCEDA,1,39,,,,,,,PR,1
10-2020-0128,10,SANT MARTI,68,el Poblenou,Carrer,PUJADES,2,120,,122,,,,,2,4
10-2021-0407,10,SANT MARTI,66,el Parc i la Llacuna del Poblenou,Carrer,NAPOLS,1,31,,,,,,,SA,2
10-2022-0433,10,SANT MARTI,64,el Camp de l'Arpa del Clot,Carrer,DEGA BAHI,2,20,,,,,,,EN,3
10-2022-0436,10,SANT MARTI,65,el Clot,Plaça,CANONGE RODO,1,7,,,,,,,4,
10-2023-0275,10,SANT MARTI,65,el Clot,Avinguda,MERIDIANA,1,113,,,,,,,3,
10-2023-0445,10,SANT MARTI,68,el Poblenou,Carrer,BILBAO,1,3,,,,,,,2,2
10-2023-0446,10,SANT MARTI,68,el Poblenou,Carrer,BILBAO,1,3,,,,,,,2,1
10-2023-0453,10,SANT MARTI,68,el Poblenou,Carrer,BILBAO,1,3,,,,,,,3,3
10-2023-0518,10,SANT MARTI,68,el Poblenou,Plaça,UNIO,1,23,,,,,,,BJ,1
01-2011-0152,01,CIUTAT VELLA,04,Sant Pere, Santa Caterina i la Ribera,Carrer,AGULLERS,2,22,,,,,,,2,
01-2011-0172,01,CIUTAT VELLA,02,el Barri Gòtic,Carrer,ROCA,2,8,,,,,,,04,2
01-2011-0199,01,CIUTAT VELLA,01,el Raval,Carrer,NOU DE LA RAMBLA,1,15,,,,,,,04,1
01-2011-0409,01,CIUTAT VELLA,02,el Barri Gòtic,Carrer,AVINYO,2,58,,,,,,,PR,3B
01-2012-0191,01,CIUTAT VELLA,02,el Barri Gòtic,Carrer,FERRAN,1,7,,,,,,,03,1
01-2012-0440,01,CIUTAT VELLA,02,el Barri Gòtic,Carrer,VIDRE,1,7,,,,,,,01,1
01-2012-0442,01,CIUTAT VELLA,01,el Raval,Carrer,SANT PAU,1,29,,,,,,,01,
01-2012-0469,01,CIUTAT VELLA,04,Sant Pere, Santa Caterina i la Ribera,Carrer,CONSOLAT DE MAR,1,15,,,,,,,01,2
01-2012-0516,01,CIUTAT VELLA,01,el Raval,Carrer,NOU DE LA RAMBLA,1,31,,,,,,,04,2
01-2012-0524,01,CIUTAT VELLA,04,Sant Pere, Santa Caterina i la Ribera,Carrer,TRAFALGAR,2,70,,,,,,,04,C
01-2012-0557,01,CIUTAT VELLA,04,Sant Pere, Santa Caterina i la Ribera,Carrer,VOLTA D'EN BUFANALLA,1,3,,,,,,,06,
01-2012-0573,01,CIUTAT VELLA,01,el Raval,Carrer,UNIO,1,23,,,,,,,PR,1
01-2012-0603,01,CIUTAT VELLA,04,Sant Pere, Santa Caterina i la Ribera,Carrer,PORTAL NOU,1,57,,,,,,,03,1
01-2012-0674,01,CIUTAT VELLA,02,el Barri Gòtic,Passatge,DORMITORI DE SANT FRANCESC,2,2,,,,,,,04,2
01-2012-0676,01,CIUTAT VELLA,01,el Raval,Carrer,TALLERS,1,1,,,,,,,PR,
01-2013-0130,01,CIUTAT VELLA,01,el Raval,Carrer,AURORA,1,25,,,,,,,02,3
01-2013-0150,01,CIUTAT VELLA,01,el Raval,Carrer,JOAQUIN COSTA,2,28,,,,,,,2,2
01-2013-0214,01,CIUTAT VELLA,01,el Raval,Carrer,GUARDIA,2,8,,,,,,,3,2
01-2013-0216,01,CIUTAT VELLA,04,Sant Pere, Santa Caterina i la Ribera,Carrer,CORDERS,1,1,,,,,,,3,
01-2013-0239,01,CIUTAT VELLA,04,Sant Pere, Santa Caterina i la Ribera,Carrer,TROMPETES,2,4,,,,,,,05,
01-2013-0260,01,CIUTAT VELLA,02,el Barri Gòtic,Avinguda,PORTAL DE L'ANGEL,2,28,,,,,,,03,
01-2013-0261,01,CIUTAT VELLA,02,el Barri Gòtic,Avinguda,PORTAL DE L'ANGEL,2,28,,,,,,,02,
01-2013-0289,01,CIUTAT VELLA,01,el Raval,Carrer,SANTA MONICA,2,2,,,,,,,1,3
01-2013-0307,01,CIUTAT VELLA,04,Sant Pere, Santa Caterina i la Ribera,Carrer,SANT ANTONI DELS SOMBRERERS,2,4,,,,,,,05,1
01-2013-0315,01,CIUTAT VELLA,02,el Barri Gòtic,Carrer,GIGNAS,1,17,,19,,,,,02,4
01-2013-0365,01,CIUTAT VELLA,04,Sant Pere, Santa Caterina i la Ribera,Carrer,SANT PERE MITJA,1,33,,,,,,,02,1
01-2013-0389,01,CIUTAT VELLA,03,la Barceloneta,Carrer,MEER,2,34,,,,,,,05,
01-2013-0395,01,CIUTAT VELLA,03,la Barceloneta,Carrer,MEER,2,34,,,,,,,01,
01-2013-0426,01,CIUTAT VELLA,01,el Raval,Carrer,CARME,2,10,,,,,,,PR,4
01-2013-0429,01,CIUTAT VELLA,01,el Raval,Carrer,CARME,2,10,,,,,,,1,3
01-2013-0447,01,CIUTAT VELLA,01,el Raval,Carrer,CARME,1,97,,,,,,,02,3
01-2013-0515,01,CIUTAT VELLA,03,la Barceloneta,Carrer,PAREDES,1,1,,,,,,,03,2
01-2013-0666,01,CIUTAT VELLA,01,el Raval,Carrer,MARQUES DE BARBERA,2,8,,,,,,,BJ,
01-2013-0714,01,CIUTAT VELLA,04,Sant Pere, Santa Caterina i la Ribera,Carrer,REC,2,34,,,,,,,02,
01-2013-0715,01,CIUTAT VELLA,04,Sant Pere, Santa Caterina i la Ribera,Carrer,REC,2,34,,,,,,,01,
01-2013-0773,01,CIUTAT VELLA,03,la Barceloneta,Carrer,MESTRANÇA,1,55,,,,,,,01,1
01-2013-0779,01,CIUTAT VELLA,04,Sant Pere, Santa Caterina i la Ribera,Carrer,CARDERS,2,34,,,,,,,01,
01-2013-0789,01,CIUTAT VELLA,04,Sant Pere, Santa Caterina i la Ribera,Carrer,ESPARTERIA,1,5,,,,,,,02,1
01-2013-0810,01,CIUTAT VELLA,04,Sant Pere, Santa Caterina i la Ribera,Carrer,SANT PERE MITJA,2,62,,,,,,,2,B
01-2013-0814,01,CIUTAT VELLA,04,Sant Pere, Santa Caterina i la Ribera,Carrer,SANT PERE MITJA,2,62,,,,,,,4,B
01-2013-0817,01,CIUTAT VELLA,04,Sant Pere, Santa Caterina i la Ribera,Carrer,ESPARTERIA,1,5,,,,,,,01,1
01-2013-0821,01,CIUTAT VELLA,04,Sant Pere, Santa Caterina i la Ribera,Carrer,ESPARTERIA,1,1,,,,,,,PR,1
01-2013-0835,01,CIUTAT VELLA,01,el Raval,Carrer,NOU DE LA RAMBLA,2,20,,,,,,,PR,1
01-2013-0839,01,CIUTAT VELLA,01,el Raval,Carrer,NOU DE LA RAMBLA,2,20,,,,,,,02,2
01-2013-0856,01,CIUTAT VELLA,03,la Barceloneta,Carrer,SANT MIQUEL,1,107,,,,,,,04,1
01-2013-0866,01,CIUTAT VELLA,04,Sant Pere, Santa Caterina i la Ribera,Carrer,CARDERS,2,34,,,,,,,EN,
01-2013-0895,01,CIUTAT VELLA,03,la Barceloneta,Carrer,MESTRANÇA,1,55,,,,,,,01,2
01-2013-0948,01,CIUTAT VELLA,02,el Barri Gòtic,Carrer,SANTA ANNA,2,2,,,,,,,04,1
01-2013-0956,01,CIUTAT VELLA,02,el Barri Gòtic,Carrer,SANTA ANNA,1,35,,,,,,,2,
01-2013-0959,01,CIUTAT VELLA,02,el Barri Gòtic,Carrer,SANTA ANNA,1,35,,,,,,,4,
01-2013-0972,01,CIUTAT VELLA,04,Sant Pere, Santa Caterina i la Ribera,Carrer,PESCATERIA,1,1,,,,,,,02,2
01-2013-0983,01,CIUTAT VELLA,04,Sant Pere, Santa Caterina i la Ribera,Carrer,PESCATERIA,1,1,,,,,,,04,2
01-2013-1004,01,CIUTAT VELLA,02,el Barri Gòtic,Carrer,FERRAN,2,24,,,,,,,1,
01-2013-1027,01,CIUTAT VELLA,01,el Raval,Carrer,MONTSERRAT,1,1,,,,,,,04,
01-2013-1029,01,CIUTAT VELLA,02,el Barri Gòtic,Carrer,AMPLE,2,42,,,,,,,1,B
01-2014-0039,01,CIUTAT VELLA,04,Sant Pere, Santa Caterina i la Ribera,Carrer,SANT PERE MES ALT,1,23,,,,,,,PR,1
01-2014-0059,01,CIUTAT VELLA,01,el Raval,Carrer,JUNTA DE COMERÇ,1,23,,,,,,,PR,2
01-2014-0061,01,CIUTAT VELLA,01,el Raval,Carrer,RAMELLERES,1,27,,,,,,,02,3
01-2014-0067,01,CIUTAT VELLA,01,el Raval,Carrer,JUNTA DE COMERÇ,1,23,,,,,,,03,2
01-2014-0069,01,CIUTAT VELLA,01,el Raval,Carrer,JUNTA DE COMERÇ,1,23,,,,,,,02,1B
01-2014-0225,01,CIUTAT VELLA,04,Sant Pere, Santa Caterina i la Ribera,Carrer,SANT PERE MES ALT,1,21,,,,,,,PR,2
01-2014-0233,01,CIUTAT VELLA,04,Sant Pere, Santa Caterina i la Ribera,Carrer,SANT PERE MES ALT,1,21,,,,,,,04,2
01-2014-0251,01,CIUTAT VELLA,02,el Barri Gòtic,Carrer,PORTAFERRISSA,1,27,,,,,,,PR,
01-2014-0370,01,CIUTAT VELLA,01,el Raval,Carrer,JUNTA DE COMERÇ,1,23,,,,,,,03,1A
01-2014-0418,01,CIUTAT VELLA,04,Sant Pere, Santa Caterina i la Ribera,Carrer,SOMBRERERS,1,3,,,,,,,01,
01-2017-0009,01,CIUTAT VELLA,02,el Barri Gòtic,Carrer,PETRITXOL,1,17,,,,,,,1,3
01-2017-0060,01,CIUTAT VELLA,04,Sant Pere, Santa Caterina i la Ribera,Carrer,CARDERS,2,8,,,,,,,3,
01-2017-0217,01,CIUTAT VELLA,02,el Barri Gòtic,Carrer,PETRITXOL,1,17,,,,,,,2,1
01-2018-0112,01,CIUTAT VELLA,02,el Barri Gòtic,Carrer,RAMBLA,2,102,,,,,,,1,3
01-2018-0195,01,CIUTAT VELLA,02,el Barri Gòtic,Carrer,PETRITXOL,1,17,,,,,,,3,1
01-2018-0263,01,CIUTAT VELLA,04,Sant Pere, Santa Caterina i la Ribera,Carrer,ARGENTERIA,1,21,,,,,,,5,
01-2019-0128,01,CIUTAT VELLA,01,el Raval,Carrer,CARME,1,11,,,,,,,2,2
01-2019-0195,01,CIUTAT VELLA,01,el Raval,Carrer,CARME,1,61,,,,,,,1,
01-2019-0417,01,CIUTAT VELLA,01,el Raval,Rambla,RAVAL,2,26,,,,,,,1,
01-2022-0088,01,CIUTAT VELLA,03,la Barceloneta,Carrer,SALAMANCA,1,39,,,,,,,PR,1
01-2022-0095,01,CIUTAT VELLA,03,la Barceloneta,Carrer,PROCLAMACIO,1,9,,,,,,,2,4
01-2022-0112,01,CIUTAT VELLA,03,la Barceloneta,Carrer,GUITERT,1,47,,,,,,,1,3
01-2022-0116,01,CIUTAT VELLA,03,la Barceloneta,Carrer,PESCADORS,2,50,,,,,,,2,4
01-2022-0118,01,CIUTAT VELLA,03,la Barceloneta,Carrer,PONTEVEDRA,1,33,,,,,,,BJ,1
01-2022-0129,01,CIUTAT VELLA,03,la Barceloneta,Carrer,ATLANTIDA,2,60,,,,,,,1,2
01-2022-0354,01,CIUTAT VELLA,01,el Raval,Carrer,EST,1,19,,,,,,,PR,1
01-2022-0371,01,CIUTAT VELLA,01,el Raval,Carrer,EST,1,19,,,,,,,3,2
01-2022-0514,01,CIUTAT VELLA,02,el Barri Gòtic,Carrer,RAMBLA,2,102,,,,,,,3,4
01-2023-0541,01,CIUTAT VELLA,04,Sant Pere, Santa Caterina i la Ribera,Carrer,SANT PERE MITJA,2,4,,,,,,,3,2
01-2024-0034,01,CIUTAT VELLA,02,el Barri Gòtic,Carrer,OBRADORS,1,9,,,,,,,EN,2
01-2024-0036,01,CIUTAT VELLA,02,el Barri Gòtic,Carrer,OBRADORS,1,9,,,,,,,1,1
01-2024-0049,01,CIUTAT VELLA,02,el Barri Gòtic,Carrer,ROCA,2,10,,,,,,,6,
01-2024-0108,01,CIUTAT VELLA,01,el Raval,Carrer,NOU DE LA RAMBLA,2,10,,,,,,,1,2
01-2024-0111,01,CIUTAT VELLA,01,el Raval,Carrer,NOU DE LA RAMBLA,2,10,,,,,,,4,1
01-2024-0174,01,CIUTAT VELLA,03,la Barceloneta,Carrer,ALMIRALL BARCELO,1,3,,,,,,,5,2
02-2008-0530,02,L'EIXAMPLE,10,Sant Antoni,Gran Via,CORTS CATALANES,2,516,,,,,,,3,2
02-2008-0570,02,L'EIXAMPLE,08,l'Antiga Esquerra de l'Eixample,Carrer,CONSELL DE CENT,1,283,,,,,,,03,1
02-2008-0574,02,L'EIXAMPLE,08,l'Antiga Esquerra de l'Eixample,Carrer,CONSELL DE CENT,1,283,,,,,,,05,1
02-2008-0658,02,L'EIXAMPLE,07,la Dreta de l'Eixample,Carrer,VALENCIA,2,366,,,,,,,PR,3
02-2008-0715,02,L'EIXAMPLE,07,la Dreta de l'Eixample,Carrer,PELAI,1,11,,,,,,,1,A
02-2008-0759,02,L'EIXAMPLE,07,la Dreta de l'Eixample,Carrer,BERGARA,1,5,,,,,,,PR,3
02-2008-0853,02,L'EIXAMPLE,07,la Dreta de l'Eixample,Ronda,SANT PERE,1,29,,,,,,,03,2B
02-2008-0924,02,L'EIXAMPLE,07,la Dreta de l'Eixample,Carrer,GIRONA,1,97,,,,,,,AT,1
02-2008-0974,02,L'EIXAMPLE,07,la Dreta de l'Eixample,Ronda,SANT PERE,1,3,,,,,,,02,4
02-2008-0979,02,L'EIXAMPLE,05,el Fort Pienc,Carrer,CONSELL DE CENT,2,490,,,,,,,01,2
02-2008-1019,02,L'EIXAMPLE,09,la Nova Esquerra de l'Eixample,Gran Via,CORTS CATALANES,1,429,,,,,,,04,2
02-2008-1039,02,L'EIXAMPLE,06,la Sagrada Família,Carrer,MARINA,2,306,,,,,,C,02,4
02-2008-1102,02,L'EIXAMPLE,07,la Dreta de l'Eixample,Carrer,ROSSELLO,2,202,,,,,,,EN,1
02-2008-1113,02,L'EIXAMPLE,08,l'Antiga Esquerra de l'Eixample,Carrer,ROSSELLO,2,114,,,,,,,03,2
02-2008-1122,02,L'EIXAMPLE,05,el Fort Pienc,Avinguda,DIAGONAL,1,243,,,,,,,BJ,2
02-2008-1138,02,L'EIXAMPLE,09,la Nova Esquerra de l'Eixample,Carrer,DIPUTACIO,1,123,,125,,,,,03,2
02-2008-1140,02,L'EIXAMPLE,07,la Dreta de l'Eixample,Carrer,ALI BEI,1,29,,,,,,,03,1
02-2008-1193,02,L'EIXAMPLE,08,l'Antiga Esquerra de l'Eixample,Carrer,VALENCIA,2,194,,,,,,,05,1
02-2008-1194,02,L'EIXAMPLE,08,l'Antiga Esquerra de l'Eixample,Carrer,VALENCIA,2,194,,,,,,,05,2
02-2008-1224,02,L'EIXAMPLE,07,la Dreta de l'Eixample,Carrer,DIPUTACIO,1,317,,,,,,,01,2
02-2008-1239,02,L'EIXAMPLE,09,la Nova Esquerra de l'Eixample,Gran Via,CORTS CATALANES,1,439,,,,,,,02,2
02-2009-0005,02,L'EIXAMPLE,09,la Nova Esquerra de l'Eixample,Carrer,ENTENÇA,2,98,,,,,,,01,1
02-2009-0034,02,L'EIXAMPLE,09,la Nova Esquerra de l'Eixample,Carrer,ENTENÇA,2,208,,,,,,,02,4
02-2009-0065,02,L'EIXAMPLE,10,Sant Antoni,Carrer,TAMARIT,2,136,,,,,,,06,4
02-2009-0066,02,L'EIXAMPLE,10,Sant Antoni,Carrer,TAMARIT,2,102,,,,,,,04,2
02-2009-0146,02,L'EIXAMPLE,06,la Sagrada Família,Carrer,MALLORCA,1,371,,,,,,,2,1
02-2009-0163,02,L'EIXAMPLE,07,la Dreta de l'Eixample,Carrer,ARAGO,1,373,,,,,,,04,1
02-2009-0275,02,L'EIXAMPLE,05,el Fort Pienc,Avinguda,DIAGONAL,1,245,,,,,,,04,2
02-2009-0291,02,L'EIXAMPLE,05,el Fort Pienc,Avinguda,DIAGONAL,1,245,,,,,,,04,1
02-2009-0307,02,L'EIXAMPLE,07,la Dreta de l'Eixample,Carrer,PELAI,1,11,,,,,,,2,1
02-2009-0309,02,L'EIXAMPLE,07,la Dreta de l'Eixample,Carrer,PELAI,1,11,,,,,,,2,3
02-2009-0313,02,L'EIXAMPLE,07,la Dreta de l'Eixample,Carrer,PELAI,1,11,,,,,,,3,2
02-2009-0314,02,L'EIXAMPLE,07,la Dreta de l'Eixample,Carrer,PELAI,1,11,,,,,,,3,1
02-2009-0379,02,L'EIXAMPLE,07,la Dreta de l'Eixample,Carrer,VALENCIA,2,366,,,,,,,04,4
02-2009-0515,02,L'EIXAMPLE,08,l'Antiga Esquerra de l'Eixample,Carrer,CONSELL DE CENT,1,221,,,,,,E,04,1
02-2009-0535,02,L'EIXAMPLE,06,la Sagrada Família,Avinguda,GAUDI,2,36,,,,,,,3,4
02-2009-0541,02,L'EIXAMPLE,07,la Dreta de l'Eixample,Rambla,CATALUNYA,1,99,,,,,,,06,1
02-2009-0651,02,L'EIXAMPLE,07,la Dreta de l'Eixample,Passeig,GRACIA,1,83,,,,,,,02,2
02-2009-0670,02,L'EIXAMPLE,09,la Nova Esquerra de l'Eixample,Gran Via,CORTS CATALANES,1,439,,,,,,,03,1
02-2009-0671,02,L'EIXAMPLE,07,la Dreta de l'Eixample,Carrer,DIPUTACIO,1,363,,,,,,,05,
02-2009-0675,02,L'EIXAMPLE,05,el Fort Pienc,Carrer,AUSIAS MARC,2,136,,,,,,,01,1
02-2009-0725,02,L'EIXAMPLE,10,Sant Antoni,Carrer,VILADOMAT,1,13,,,,,,,02,2
02-2009-0746,02,L'EIXAMPLE,08,l'Antiga Esquerra de l'Eixample,Carrer,VILLARROEL,1,163,,,,,,,03,1
02-2009-0806,02,L'EIXAMPLE,07,la Dreta de l'Eixample,Gran Via,CORTS CATALANES,2,662,,,,,,,06,1A
02-2009-0838,02,L'EIXAMPLE,06,la Sagrada Família,Carrer,ENAMORATS,1,5,,,,,,,01,2
02-2009-0839,02,L'EIXAMPLE,06,la Sagrada Família,Carrer,ENAMORATS,1,5,,,,,,,03,3
02-2009-0842,02,L'EIXAMPLE,06,la Sagrada Família,Carrer,ENAMORATS,1,5,,,,,,,EN,1
02-2009-0933,02,L'EIXAMPLE,07,la Dreta de l'Eixample,Passeig,GRACIA,1,83,,,,,,,PR,5
02-2009-0935,02,L'EIXAMPLE,07,la Dreta de l'Eixample,Passeig,GRACIA,1,83,,,,,,,01,3
02-2009-0936,02,L'EIXAMPLE,07,la Dreta de l'Eixample,Passeig,GRACIA,1,83,,,,,,,03,4
02-2009-0937,02,L'EIXAMPLE,07,la Dreta de l'Eixample,Passeig,GRACIA,1,83,,,,,,,03,5
02-2009-0965,02,L'EIXAMPLE,07,la Dreta de l'Eixample,Carrer,CASP,2,74,,,,,,,01,2
02-2009-0978,02,L'EIXAMPLE,07,la Dreta de l'Eixample,Rambla,CATALUNYA,1,89,,,,,,,03,1
02-2009-0986,02,L'EIXAMPLE,07,la Dreta de l'Eixample,Carrer,CASP,2,74,,,,,,,05,1
02-2009-1012,02,L'EIXAMPLE,07,la Dreta de l'Eixample,Carrer,ALI BEI,1,29,,,,,,,02,4
02-2009-1016,02,L'EIXAMPLE,07,la Dreta de l'Eixample,Carrer,DIPUTACIO,1,335,,,,,,,7,1
02-2009-1044,02,L'EIXAMPLE,06,la Sagrada Família,Carrer,INDUSTRIA,1,165,,,,,,,01,1
02-2009-1246,02,L'EIXAMPLE,07,la Dreta de l'Eixample,Passeig,GRACIA,1,83,,,,,,,01,1
02-2010-0017,02,L'EIXAMPLE,07,la Dreta de l'Eixample,Carrer,CONSELL DE CENT,2,306,,,,,,,PR,1
02-2010-0066,02,L'EIXAMPLE,07,la Dreta de l'Eixample,Carrer,PAU CLARIS,1,103,,,,,,,02,1
02-2010-0111,02,L'EIXAMPLE,06,la Sagrada Família,Carrer,ENAMORATS,1,5,,,,,,,PR,2
02-2010-0273,02,L'EIXAMPLE,07,la Dreta de l'Eixample,Carrer,GIRONA,2,112,,,,,,,01,3
02-2010-0285,02,L'EIXAMPLE,07,la Dreta de l'Eixample,Carrer,ROGER DE FLOR,1,129,,131,,,,,01,4
02-2010-0424,02,L'EIXAMPLE,10,Sant Antoni,Carrer,TAMARIT,2,162,,,,,,,04,1
02-2010-0446,02,L'EIXAMPLE,08,l'Antiga Esquerra de l'Eixample,Carrer,CASANOVA,1,173,,,,,,,1,3
02-2010-0483,02,L'EIXAMPLE,09,la Nova Esquerra de l'Eixample,Carrer,VALENCIA,2,32,,,,,,,2,4
02-2010-0539,02,L'EIXAMPLE,05,el Fort Pienc,Avinguda,DIAGONAL,1,245,,,,,,,PR,1
02-2010-0560,02,L'EIXAMPLE,07,la Dreta de l'Eixample,Passeig,GRACIA,2,108,,,,,,,06,3
02-2010-0597,02,L'EIXAMPLE,07,la Dreta de l'Eixample,Carrer,ROGER DE LLURIA,1,47,,,,,,,2,
02-2010-0603,02,L'EIXAMPLE,08,l'Antiga Esquerra de l'Eixample,Carrer,VALENCIA,1,115,,,,,,,05,2
02-2010-0704,02,L'EIXAMPLE,10,Sant Antoni,Carrer,SEPULVEDA,1,125,,,,,,,PR,2A
02-2010-0733,02,L'EIXAMPLE,10,Sant Antoni,Carrer,COMTE BORRELL,1,37,,,,,,,06,2
02-2010-0865,02,L'EIXAMPLE,07,la Dreta de l'Eixample,Carrer,ARAGO,2,338,,,,,,,6,4
02-2010-0878,02,L'EIXAMPLE,07,la Dreta de l'Eixample,Carrer,VALENCIA,1,347,,,,,,,01,2
02-2010-0884,02,L'EIXAMPLE,07,la Dreta de l'Eixample,Carrer,VALENCIA,1,347,,,,,,,PR,4
02-2010-0890,02,L'EIXAMPLE,05,el Fort Pienc,Carrer,SICILIA,1,159,,,,,,,03,2
02-2010-0893,02,L'EIXAMPLE,05,el Fort Pienc,Carrer,SICILIA,1,159,,,,,,,04,2
02-2010-0901,02,L'EIXAMPLE,05,el Fort Pienc,Carrer,SICILIA,1,159,,,,,,,03,1
02-2010-0914,02,L'EIXAMPLE,07,la Dreta de l'Eixample,Passeig,GRACIA,1,69,,,,,,,4,A
02-2010-0916,02,L'EIXAMPLE,07,la Dreta de l'Eixample,Passeig,GRACIA,1,69,,,,,,,PR,D
02-2010-0927,02,L'EIXAMPLE,07,la Dreta de l'Eixample,Passeig,GRACIA,1,69,,,,,,,04,D
02-2010-0943,02,L'EIXAMPLE,07,la Dreta de l'Eixample,Passeig,GRACIA,1,69,,,,,,,03,A
02-2010-1022,02,L'EIXAMPLE,06,la Sagrada Família,Carrer,SICILIA,1,255,,,,,,,04,4
02-2010-1023,02,L'EIXAMPLE,06,la Sagrada Família,Carrer,SICILIA,1,255,,,,,,,05,1
02-2010-1125,02,L'EIXAMPLE,07,la Dreta de l'Eixample,Passeig,GRACIA,2,64,,,,,,,2,4
02-2010-1152,02,L'EIXAMPLE,05,el Fort Pienc,Carrer,LEPANT,1,197,,,,,,,SO,
02-2010-1220,02,L'EIXAMPLE,07,la Dreta de l'Eixample,Carrer,ARAGO,1,367,,,,,,,01,1
02-2010-1313,02,L'EIXAMPLE,06,la Sagrada Família,Passatge,MAIOL,2,10,,,,,,,EN,2
02-2010-1405,02,L'EIXAMPLE,08,l'Antiga Esquerra de l'Eixample,Carrer,ARAGO,1,155,,,,,,,2,D
02-2010-1408,02,L'EIXAMPLE,08,l'Antiga Esquerra de l'Eixample,Carrer,ARAGO,1,155,,,,,,,4,C
02-2010-1409,02,L'EIXAMPLE,08,l'Antiga Esquerra de l'Eixample,Carrer,ARAGO,1,155,,,,,,,4,D
02-2010-1428,02,L'EIXAMPLE,09,la Nova Esquerra de l'Eixample,Gran Via,CORTS CATALANES,1,421,,,,,,,01,2
02-2010-1436,02,L'EIXAMPLE,07,la Dreta de l'Eixample,Carrer,NAPOLS,1,179,,,,,,,AT,1
02-2011-0225,02,L'EIXAMPLE,09,la Nova Esquerra de l'Eixample,Carrer,VALENCIA,2,32,,34,,,,,5,2
02-2011-0244,02,L'EIXAMPLE,10,Sant Antoni,Gran Via,CORTS CATALANES,2,454,,,,,,,PR,3
02-2011-0246,02,L'EIXAMPLE,10,Sant Antoni,Gran Via,CORTS CATALANES,2,454,,,,,,,2,4
02-2011-0290,02,L'EIXAMPLE,10,Sant Antoni,Gran Via,CORTS CATALANES,2,454,,,,,,,2,2
02-2011-0291,02,L'EIXAMPLE,10,Sant Antoni,Gran Via,CORTS CATALANES,2,454,,,,,,,2,3
02-2011-0292,02,L'EIXAMPLE,10,Sant Antoni,Gran Via,CORTS CATALANES,2,454,,,,,,,3,1
02-2011-0295,02,L'EIXAMPLE,10,Sant Antoni,Gran Via,CORTS CATALANES,2,454,,,,,,,3,4
02-2011-0300,02,L'EIXAMPLE,10,Sant Antoni,Gran Via,CORTS CATALANES,2,454,,,,,,,5,1
02-2011-0509,02,L'EIXAMPLE,07,la Dreta de l'Eixample,Passeig,GRACIA,1,15,,,,,,,PR,2A
02-2011-0548,02,L'EIXAMPLE,07,la Dreta de l'Eixample,Carrer,GIRONA,2,110,,,,,,,02,2
02-2011-0552,02,L'EIXAMPLE,07,la Dreta de l'Eixample,Carrer,GIRONA,2,110,,,,,,,03,3
02-2011-0554,02,L'EIXAMPLE,07,la Dreta de l'Eixample,Carrer,GIRONA,2,110,,,,,,,04,2
02-2011-0558,02,L'EIXAMPLE,07,la Dreta de l'Eixample,Carrer,GIRONA,2,110,,,,,,,05,2
02-2011-0631,02,L'EIXAMPLE,07,la Dreta de l'Eixample,Carrer,ROGER DE LLURIA,2,40,,,,,,,03,3
02-2011-0715,02,L'EIXAMPLE,06,la Sagrada Família,Carrer,CASTILLEJOS,1,349,,,,,,,02,1
02-2011-0901,02,L'EIXAMPLE,10,Sant Antoni,Carrer,COMTE BORRELL,1,73,,,,,,A,04,1
02-2011-0902,02,L'EIXAMPLE,10,Sant Antoni,Carrer,COMTE BORRELL,1,73,,,,,,B,04,1
02-2011-0903,02,L'EIXAMPLE,10,Sant Antoni,Carrer,COMTE BORRELL,1,73,,,,,,A,04,2
02-2011-0970,02,L'EIXAMPLE,09,la Nova Esquerra de l'Eixample,Carrer,VALENCIA,2,32,,34,,,,,1,2
02-2011-0984,02,L'EIXAMPLE,10,Sant Antoni,Carrer,VILLARROEL,2,28,,,,,,D,PR,4
02-2011-0990,02,L'EIXAMPLE,10,Sant Antoni,Carrer,VILLARROEL,2,28,,,,,,D,2,1
02-2011-0994,02,L'EIXAMPLE,10,Sant Antoni,Carrer,VILLARROEL,2,28,,,,,,D,3,1
02-2011-0995,02,L'EIXAMPLE,10,Sant Antoni,Carrer,VILLARROEL,2,28,,,,,,D,3,3
02-2011-0997,02,L'EIXAMPLE,10,Sant Antoni,Carrer,VILLARROEL,2,28,,,,,,D,3,4
02-2011-1003,02,L'EIXAMPLE,10,Sant Antoni,Carrer,VILLARROEL,2,28,,,,,,E,PR,2
02-2011-1005,02,L'EIXAMPLE,10,Sant Antoni,Carrer,VILLARROEL,2,28,,,,,,E,2,2
02-2011-1031,02,L'EIXAMPLE,10,Sant Antoni,Carrer,VILLARROEL,2,28,,,,,,E,4,2
02-2011-1278,02,L'EIXAMPLE,06,la Sagrada Família,Carrer,SARDENYA,1,319,,,,,,,AT,1
02-2011-1283,02,L'EIXAMPLE,07,la Dreta de l'Eixample,Carrer,VALENCIA,1,261,,,,,,,PR,3
02-2011-1337,02,L'EIXAMPLE,06,la Sagrada Família,Carrer,ROSSELLO,2,458,B,,,,,,03,3
02-2012-0054,02,L'EIXAMPLE,07,la Dreta de l'Eixample,Carrer,NAPOLS,1,149,,151,,,,,3,2
02-2012-0122,02,L'EIXAMPLE,09,la Nova Esquerra de l'Eixample,Carrer,ARAGO,2,58,,,,,,,05,2
02-2012-0135,02,L'EIXAMPLE,06,la Sagrada Família,Avinguda,GAUDI,2,26,,28,,,,,EN,2
02-2012-0136,02,L'EIXAMPLE,06,la Sagrada Família,Avinguda,GAUDI,2,26,,28,,,,,05,1
02-2012-0138,02,L'EIXAMPLE,07,la Dreta de l'Eixample,Passeig,GRACIA,2,44,,,,,,,06,C
02-2012-0186,02,L'EIXAMPLE,07,la Dreta de l'Eixample,Gran Via,CORTS CATALANES,2,682,,,,,,,AT,3
02-2012-0203,02,L'EIXAMPLE,08,l'Antiga Esquerra de l'Eixample,Avinguda,ROMA,2,138,,,,,,,5,B
02-2012-0248,02,L'EIXAMPLE,06,la Sagrada Família,Carrer,PROVENÇA,1,453,,,,,,,02,
02-2012-0292,02,L'EIXAMPLE,09,la Nova Esquerra de l'Eixample,Carrer,ENTENÇA,2,140,,,,,,,PR,1
02-2012-0293,02,L'EIXAMPLE,09,la Nova Esquerra de l'Eixample,Carrer,ENTENÇA,2,140,,,,,,,PR,2
02-2012-0296,02,L'EIXAMPLE,09,la Nova Esquerra de l'Eixample,Carrer,ENTENÇA,2,140,,,,,,,1,1
02-2012-0301,02,L'EIXAMPLE,09,la Nova Esquerra de l'Eixample,Carrer,ENTENÇA,2,140,,,,,,,2,3
02-2012-0304,02,L'EIXAMPLE,09,la Nova Esquerra de l'Eixample,Carrer,ENTENÇA,2,140,,,,,,,3,3
02-2012-0305,02,L'EIXAMPLE,09,la Nova Esquerra de l'Eixample,Carrer,ENTENÇA,2,140,,,,,,,4,1
02-2012-0307,02,L'EIXAMPLE,09,la Nova Esquerra de l'Eixample,Carrer,ENTENÇA,2,140,,,,,,,4,3
02-2012-0321,02,L'EIXAMPLE,06,la Sagrada Família,Carrer,LEPANT,1,273,,,,,,,03,2
02-2012-0352,02,L'EIXAMPLE,07,la Dreta de l'Eixample,Ronda,UNIVERSITAT,1,13,,,,,,,03,2
02-2012-0449,02,L'EIXAMPLE,06,la Sagrada Família,Carrer,ROSSELLO,2,380,,,,,,,BJ,2
02-2012-0451,02,L'EIXAMPLE,06,la Sagrada Família,Carrer,ROSSELLO,2,380,,382,,,,,01,1
02-2012-0452,02,L'EIXAMPLE,06,la Sagrada Família,Carrer,ROSSELLO,2,380,,382,,,,,01,5
02-2012-0464,02,L'EIXAMPLE,06,la Sagrada Família,Carrer,ROSSELLO,2,380,,382,,,,,03,1
02-2012-0471,02,L'EIXAMPLE,06,la Sagrada Família,Carrer,ROSSELLO,2,380,,382,,,,,04,4
02-2012-0514,02,L'EIXAMPLE,07,la Dreta de l'Eixample,Carrer,GIRONA,1,99,,,,,,,03,1
02-2012-0561,02,L'EIXAMPLE,08,l'Antiga Esquerra de l'Eixample,Carrer,ARIBAU,2,66,,,,,,,04,1
02-2012-0600,02,L'EIXAMPLE,10,Sant Antoni,Carrer,MUNTANER,1,13,,,,,,,4,2
02-2012-0615,02,L'EIXAMPLE,08,l'Antiga Esquerra de l'Eixample,Carrer,ARIBAU,2,82,,,,,,,02,2
02-2012-0664,02,L'EIXAMPLE,06,la Sagrada Família,Carrer,SICILIA,2,322,,,,,,,04,2
02-2012-0674,02,L'EIXAMPLE,08,l'Antiga Esquerra de l'Eixample,Carrer,DIPUTACIO,1,167,,,,,,,01,1
02-2012-0704,02,L'EIXAMPLE,05,el Fort Pienc,Carrer,ROGER DE FLOR,1,87,,,,,,,03,2
02-2012-0723,02,L'EIXAMPLE,08,l'Antiga Esquerra de l'Eixample,Carrer,CONSELL DE CENT,1,203,,,,,,,02,1
02-2012-0726,02,L'EIXAMPLE,08,l'Antiga Esquerra de l'Eixample,Carrer,CONSELL DE CENT,1,203,,,,,,,03,1
02-2012-0737,02,L'EIXAMPLE,07,la Dreta de l'Eixample,Carrer,NAPOLS,1,149,,,,,,,PR,2
02-2012-0750,02,L'EIXAMPLE,07,la Dreta de l'Eixample,Carrer,BALMES,2,8,,,,,,,PR,1
02-2012-0757,02,L'EIXAMPLE,09,la Nova Esquerra de l'Eixample,Carrer,ENTENÇA,2,118,,,,,,,01,4
02-2012-0760,02,L'EIXAMPLE,07,la Dreta de l'Eixample,Carrer,ROSSELLO,2,274,,,,,,,03,2
02-2012-0761,02,L'EIXAMPLE,05,el Fort Pienc,Gran Via,CORTS CATALANES,1,701,,,,,,,AT,2
02-2012-0791,02,L'EIXAMPLE,07,la Dreta de l'Eixample,Carrer,BAILEN,1,125,,,,,,,EN,1
02-2012-0814,02,L'EIXAMPLE,06,la Sagrada Família,Carrer,MARINA,2,240,,,,,,,02,6
02-2012-0818,02,L'EIXAMPLE,06,la Sagrada Família,Passatge,GAIOLA,1,11,,,,,,,EN,2
02-2012-0819,02,L'EIXAMPLE,09,la Nova Esquerra de l'Eixample,Carrer,ROSSELLO,2,42,,,,,,,1,2
02-2012-0861,02,L'EIXAMPLE,06,la Sagrada Família,Carrer,SARDENYA,2,288,,,,,,,02,2
02-2012-0879,02,L'EIXAMPLE,06,la Sagrada Família,Carrer,VALENCIA,1,441,,,,,,,03,2
02-2012-0890,02,L'EIXAMPLE,07,la Dreta de l'Eixample,Ronda,SANT PERE,2,44,,,,,,,PR,3
02-2012-0933,02,L'EIXAMPLE,08,l'Antiga Esquerra de l'Eixample,Carrer,DIPUTACIO,1,205,,,,,,,01,1
02-2012-0940,02,L'EIXAMPLE,10,Sant Antoni,Carrer,MUNTANER,1,7,,,,,,,02,2A
02-2012-0947,02,L'EIXAMPLE,05,el Fort Pienc,Carrer,AUSIAS MARC,1,143,,,,,,,04,3
02-2012-0951,02,L'EIXAMPLE,07,la Dreta de l'Eixample,Carrer,ARAGO,2,266,,,,,,,2,2
02-2012-0954,02,L'EIXAMPLE,06,la Sagrada Família,Carrer,ROSSELLO,2,444,,,,,,,02,1
02-2012-0977,02,L'EIXAMPLE,06,la Sagrada Família,Carrer,CARTAGENA,1,247,,,,,,,AT,3
02-2012-0979,02,L'EIXAMPLE,05,el Fort Pienc,Carrer,CONSELL DE CENT,1,477,,,,,,,01,1
02-2012-1007,02,L'EIXAMPLE,05,el Fort Pienc,Carrer,SICILIA,1,109,,,,,,,5,A
02-2012-1020,02,L'EIXAMPLE,10,Sant Antoni,Gran Via,CORTS CATALANES,2,578,,,,,,,03,2
02-2012-1030,02,L'EIXAMPLE,06,la Sagrada Família,Carrer,ROSSELLO,1,449,,,,,,,02,2
02-2012-1039,02,L'EIXAMPLE,10,Sant Antoni,Carrer,ROCAFORT,2,68,,,,,,,PR,2
02-2012-1055,02,L'EIXAMPLE,07,la Dreta de l'Eixample,Carrer,CONSELL DE CENT,1,343,,,,,,,01,2A
02-2012-1066,02,L'EIXAMPLE,07,la Dreta de l'Eixample,Passeig,SANT JOAN,1,87,,,,,,,PR,4
02-2012-1071,02,L'EIXAMPLE,07,la Dreta de l'Eixample,Gran Via,CORTS CATALANES,1,671,,,,,,,03,1
02-2012-1083,02,L'EIXAMPLE,07,la Dreta de l'Eixample,Rambla,CATALUNYA,2,8,,,,,,,05,1
02-2012-1089,02,L'EIXAMPLE,06,la Sagrada Família,Avinguda,GAUDI,2,8,,,,,,,PR,2
02-2012-1090,02,L'EIXAMPLE,06,la Sagrada Família,Avinguda,GAUDI,2,8,,,,,,,01,1B
02-2012-1124,02,L'EIXAMPLE,07,la Dreta de l'Eixample,Carrer,VALENCIA,2,290,,,,,,,02,1
02-2012-1130,02,L'EIXAMPLE,10,Sant Antoni,Carrer,ROCAFORT,2,8,,,,,,,03,2
02-2012-1137,02,L'EIXAMPLE,10,Sant Antoni,Carrer,PARLAMENT,2,18,,,,,,,EN,2
02-2012-1139,02,L'EIXAMPLE,10,Sant Antoni,Carrer,ROCAFORT,2,12,,20,,,,E,EN,4
02-2012-1140,02,L'EIXAMPLE,07,la Dreta de l'Eixample,Carrer,BRUC,1,25,,,,,,,02,3
02-2012-1141,02,L'EIXAMPLE,07,la Dreta de l'Eixample,Carrer,VALENCIA,2,290,,,,,,,05,2
02-2012-1159,02,L'EIXAMPLE,08,l'Antiga Esquerra de l'Eixample,Carrer,CONSELL DE CENT,1,207,,,,,,,01,3
02-2012-1163,02,L'EIXAMPLE,07,la Dreta de l'Eixample,Passeig,GRACIA,1,99,,,,,,,8,H
02-2012-1166,02,L'EIXAMPLE,08,l'Antiga Esquerra de l'Eixample,Carrer,CONSELL DE CENT,1,207,,,,,,,03,3
02-2012-1171,02,L'EIXAMPLE,08,l'Antiga Esquerra de l'Eixample,Carrer,CONSELL DE CENT,1,207,,,,,,,02,4
02-2012-1194,02,L'EIXAMPLE,07,la Dreta de l'Eixample,Carrer,ROSSELLO,2,266,,,,,,,EN,1
02-2012-1215,02,L'EIXAMPLE,08,l'Antiga Esquerra de l'Eixample,Carrer,ROSSELLO,1,209,,,,,,,PR,1
02-2012-1216,02,L'EIXAMPLE,09,la Nova Esquerra de l'Eixample,Carrer,ARAGO,1,85,,,,,,,01,4
02-2012-1228,02,L'EIXAMPLE,07,la Dreta de l'Eixample,Carrer,BALMES,2,62,,,,,,,4,2
02-2012-1229,02,L'EIXAMPLE,07,la Dreta de l'Eixample,Carrer,BALMES,2,62,,,,,,,4,1
02-2012-1256,02,L'EIXAMPLE,05,el Fort Pienc,Carrer,SICILIA,2,202,,,,,,,PR,2
02-2012-1274,02,L'EIXAMPLE,07,la Dreta de l'Eixample,Rambla,CATALUNYA,2,8,,,,,,,03,1
02-2012-1292,02,L'EIXAMPLE,10,Sant Antoni,Carrer,FLORIDABLANCA,1,79,,,,,,,01,2
02-2012-1297,02,L'EIXAMPLE,07,la Dreta de l'Eixample,Carrer,GIRONA,2,80,,,,,,,4,2
02-2012-1300,02,L'EIXAMPLE,07,la Dreta de l'Eixample,Carrer,GIRONA,2,80,,,,,,,3,2
02-2012-1301,02,L'EIXAMPLE,07,la Dreta de l'Eixample,Carrer,GIRONA,2,80,,,,,,,3,1
02-2012-1307,02,L'EIXAMPLE,07,la Dreta de l'Eixample,Carrer,GIRONA,2,80,,,,,,,1,1
02-2012-1312,02,L'EIXAMPLE,07,la Dreta de l'Eixample,Rambla,CATALUNYA,1,101,,,,,,,2,2
02-2012-1314,02,L'EIXAMPLE,07,la Dreta de l'Eixample,Rambla,CATALUNYA,1,101,,,,,,,4,A
02-2012-1316,02,L'EIXAMPLE,07,la Dreta de l'Eixample,Rambla,CATALUNYA,1,103,,,,,,,5,B
02-2012-1321,02,L'EIXAMPLE,10,Sant Antoni,Carrer,MANSO,2,4,,,,,,,02,1
02-2012-1334,02,L'EIXAMPLE,05,el Fort Pienc,Carrer,CASP,2,106,,,,,,,03,1
02-2012-1335,02,L'EIXAMPLE,08,l'Antiga Esquerra de l'Eixample,Carrer,PROVENÇA,2,230,,,,,,,AT,1
02-2012-1338,02,L'EIXAMPLE,07,la Dreta de l'Eixample,Carrer,ROSSELLO,2,202,,,,,,,04,
02-2012-1355,02,L'EIXAMPLE,10,Sant Antoni,Gran Via,CORTS CATALANES,2,496,,,,,,,01,2
02-2012-1363,02,L'EIXAMPLE,09,la Nova Esquerra de l'Eixample,Carrer,PARIS,2,46,,,,,,D,4,2
02-2012-1366,02,L'EIXAMPLE,07,la Dreta de l'Eixample,Carrer,ROGER DE FLOR,2,148,,,,,,,05,3
02-2012-1379,02,L'EIXAMPLE,07,la Dreta de l'Eixample,Carrer,MALLORCA,2,264,,,,,,,01,2
02-2012-1388,02,L'EIXAMPLE,10,Sant Antoni,Carrer,CALABRIA,2,60,,,,,,,03,1
02-2012-1397,02,L'EIXAMPLE,05,el Fort Pienc,Carrer,RIBES,1,73,,,,,,,02,3F
02-2012-1400,02,L'EIXAMPLE,07,la Dreta de l'Eixample,Carrer,MALLORCA,2,266,,,,,,,02,2
02-2012-1407,02,L'EIXAMPLE,06,la Sagrada Família,Passatge,SIMO,1,3,,,,,,,EN,1
02-2012-1417,02,L'EIXAMPLE,06,la Sagrada Família,Carrer,DOS DE MAIG,1,265,,,,,,,BJ,1
02-2012-1423,02,L'EIXAMPLE,07,la Dreta de l'Eixample,Carrer,ROGER DE LLURIA,2,110,,,,,,,01,3
02-2012-1426,02,L'EIXAMPLE,07,la Dreta de l'Eixample,Avinguda,DIAGONAL,1,377,,,,,,,03,
02-2012-1444,02,L'EIXAMPLE,06,la Sagrada Família,Carrer,CARTAGENA,1,209,,,,,,,1,1
02-2012-1455,02,L'EIXAMPLE,06,la Sagrada Família,Carrer,NAPOLS,2,266,,,,,,,PR,4
02-2012-1473,02,L'EIXAMPLE,10,Sant Antoni,Carrer,FLORIDABLANCA,2,128,,,,,,,04,2
02-2012-1474,02,L'EIXAMPLE,10,Sant Antoni,Carrer,FLORIDABLANCA,2,128,,,,,,,03,2
02-2012-1519,02,L'EIXAMPLE,07,la Dreta de l'Eixample,Carrer,MALLORCA,1,241,,,,,,,EN,2
02-2012-1522,02,L'EIXAMPLE,10,Sant Antoni,Gran Via,CORTS CATALANES,2,460,,,,,,,05,1B
02-2012-1529,02,L'EIXAMPLE,07,la Dreta de l'Eixample,Carrer,ARAGO,2,312,,,,,,,2,2
02-2012-1530,02,L'EIXAMPLE,07,la Dreta de l'Eixample,Carrer,ARAGO,2,312,,,,,,,2,3
02-2012-1532,02,L'EIXAMPLE,07,la Dreta de l'Eixample,Carrer,ARAGO,2,288,,,,,,,02,
02-2012-1537,02,L'EIXAMPLE,07,la Dreta de l'Eixample,Rambla,CATALUNYA,1,103,,,,,,,2,B1
02-2012-1554,02,L'EIXAMPLE,07,la Dreta de l'Eixample,Carrer,ARAGO,2,312,,,,,,,3,3
02-2012-1560,02,L'EIXAMPLE,07,la Dreta de l'Eixample,Carrer,ARAGO,2,312,,,,,,,4,3
02-2012-1562,02,L'EIXAMPLE,07,la Dreta de l'Eixample,Carrer,ARAGO,2,312,,,,,,,5,1
02-2012-1566,02,L'EIXAMPLE,05,el Fort Pienc,Carrer,DIPUTACIO,2,378,,,,,,,2,3
02-2012-1584,02,L'EIXAMPLE,07,la Dreta de l'Eixample,Carrer,ARAGO,2,312,,,,,,,6,2
02-2012-1587,02,L'EIXAMPLE,07,la Dreta de l'Eixample,Carrer,ARAGO,2,312,,,,,,,7,2
02-2012-1596,02,L'EIXAMPLE,05,el Fort Pienc,Carrer,NAPOLS,2,94,,,,,,,1,1
02-2012-1604,02,L'EIXAMPLE,07,la Dreta de l'Eixample,Carrer,ROGER DE LLURIA,2,6,,,,,,,AT,1
02-2012-1618,02,L'EIXAMPLE,08,l'Antiga Esquerra de l'Eixample,Carrer,ARIBAU,1,167,,,,,,,01,2
02-2012-1662,02,L'EIXAMPLE,10,Sant Antoni,Carrer,COMTE BORRELL,2,102,,,,,,,05,1
02-2012-1666,02,L'EIXAMPLE,07,la Dreta de l'Eixample,Carrer,GIRONA,2,74,,,,,,,5,1
02-2012-1670,02,L'EIXAMPLE,07,la Dreta de l'Eixample,Carrer,BRUC,2,16,,,,,,,PR,2
02-2012-1683,02,L'EIXAMPLE,10,Sant Antoni,Ronda,SANT PAU,1,1,,,,,,,04,2
02-2012-1698,02,L'EIXAMPLE,07,la Dreta de l'Eixample,Ronda,SANT PERE,2,22,,,,,,,06,4
02-2012-1700,02,L'EIXAMPLE,07,la Dreta de l'Eixample,Ronda,SANT PERE,2,22,,,,,,,06,5
02-2012-1705,02,L'EIXAMPLE,07,la Dreta de l'Eixample,Carrer,AUSIAS MARC,1,13,,,,,,,02,3
02-2012-1718,02,L'EIXAMPLE,07,la Dreta de l'Eixample,Carrer,TRAFALGAR,1,5,,,,,,,03,1
02-2012-1720,02,L'EIXAMPLE,07,la Dreta de l'Eixample,Rambla,CATALUNYA,2,98,B,,,,,,05,4
02-2012-1726,02,L'EIXAMPLE,08,l'Antiga Esquerra de l'Eixample,Carrer,CASANOVA,2,96,,,,,,,5,1
02-2012-1752,02,L'EIXAMPLE,08,l'Antiga Esquerra de l'Eixample,Carrer,CASANOVA,2,96,,,,,,,PR,2
02-2012-1757,02,L'EIXAMPLE,07,la Dreta de l'Eixample,Carrer,AUSIAS MARC,2,24,,,,,,,PR,C
02-2012-1764,02,L'EIXAMPLE,07,la Dreta de l'Eixample,Carrer,ARAGO,1,347,,,,,,,02,2
02-2012-1765,02,L'EIXAMPLE,08,l'Antiga Esquerra de l'Eixample,Carrer,ENRIC GRANADOS,1,125,,,,,,,02,2
02-2012-1801,02,L'EIXAMPLE,07,la Dreta de l'Eixample,Carrer,VALENCIA,1,363,,,,,,,PR,
02-2012-1803,02,L'EIXAMPLE,08,l'Antiga Esquerra de l'Eixample,Carrer,BALMES,1,119,,,,,,,1,1
02-2012-1811,02,L'EIXAMPLE,05,el Fort Pienc,Carrer,ARAGO,2,424,,,,,,,AT,3
02-2012-1817,02,L'EIXAMPLE,07,la Dreta de l'Eixample,Avinguda,DIAGONAL,1,347,,,,,,,01,1
02-2012-1818,02,L'EIXAMPLE,06,la Sagrada Família,Avinguda,GAUDI,2,36,,,,,,,05,1
02-2012-1821,02,L'EIXAMPLE,07,la Dreta de l'Eixample,Carrer,DIPUTACIO,2,268,,,,,,,1,2
02-2012-1828,02,L'EIXAMPLE,07,la Dreta de l'Eixample,Carrer,DIPUTACIO,2,268,,,,,,,2,4
02-2012-1837,02,L'EIXAMPLE,07,la Dreta de l'Eixample,Carrer,NAPOLS,1,229,,,,,,,04,3
02-2012-1876,02,L'EIXAMPLE,07,la Dreta de l'Eixample,Carrer,VALENCIA,1,317,,,,,,,01,1
02-2012-1884,02,L'EIXAMPLE,09,la Nova Esquerra de l'Eixample,Carrer,CONSELL DE CENT,1,165,,,,,,,4,1
02-2012-1901,02,L'EIXAMPLE,07,la Dreta de l'Eixample,Carrer,ROSSELLO,2,328,,,,,,,03,1
02-2012-1907,02,L'EIXAMPLE,07,la Dreta de l'Eixample,Passeig,SANT JOAN,2,96,,,,,,,03,1
02-2012-1931,02,L'EIXAMPLE,08,l'Antiga Esquerra de l'Eixample,Carrer,ARIBAU,1,39,,,,,,,03,1A
02-2012-1941,02,L'EIXAMPLE,08,l'Antiga Esquerra de l'Eixample,Plaça,DOCTOR LETAMENDI,1,35,,,,,,,PR,2
02-2012-2004,02,L'EIXAMPLE,05,el Fort Pienc,Carrer,SARDENYA,1,199,,,,,,,04,2
02-2012-2009,02,L'EIXAMPLE,10,Sant Antoni,Carrer,SEPULVEDA,1,169,,,,,,,4,2
02-2012-2011,02,L'EIXAMPLE,10,Sant Antoni,Carrer,SEPULVEDA,1,169,,,,,,,5,2
02-2012-2031,02,L'EIXAMPLE,08,l'Antiga Esquerra de l'Eixample,Carrer,VILLARROEL,1,133,,,,,,,02,2
02-2012-2035,02,L'EIXAMPLE,07,la Dreta de l'Eixample,Ronda,SANT PERE,2,26,,,,,,,02,1
02-2013-0041,02,L'EIXAMPLE,08,l'Antiga Esquerra de l'Eixample,Carrer,MALLORCA,2,200,,,,,,,04,2A
02-2013-0052,02,L'EIXAMPLE,07,la Dreta de l'Eixample,Passeig,GRACIA,1,3,,,,,,,02,2
02-2013-0080,02,L'EIXAMPLE,07,la Dreta de l'Eixample,Rambla,CATALUNYA,2,42,,,,,,,2,1
02-2013-0081,02,L'EIXAMPLE,07,la Dreta de l'Eixample,Rambla,CATALUNYA,2,52,,,,,,,05,2
02-2013-0086,02,L'EIXAMPLE,07,la Dreta de l'Eixample,Carrer,DIPUTACIO,1,259,,263,,,,,02,6
02-2013-0091,02,L'EIXAMPLE,07,la Dreta de l'Eixample,Passeig,GRACIA,2,42,,,,,,,04,1
02-2013-0104,02,L'EIXAMPLE,06,la Sagrada Família,Carrer,PADILLA,2,264,,,,,,,05,1
02-2013-0116,02,L'EIXAMPLE,06,la Sagrada Família,Carrer,PROVENÇA,1,491,,,,,,,BJ,1
02-2013-0118,02,L'EIXAMPLE,07,la Dreta de l'Eixample,Carrer,CASP,2,36,,,,,,,03,2
02-2013-0133,02,L'EIXAMPLE,10,Sant Antoni,Gran Via,CORTS CATALANES,2,530,,,,,,,PR,2
02-2013-0141,02,L'EIXAMPLE,07,la Dreta de l'Eixample,Gran Via,CORTS CATALANES,2,662,,,,,,,PR,1A
02-2013-0160,02,L'EIXAMPLE,09,la Nova Esquerra de l'Eixample,Carrer,DIPUTACIO,1,133,,,,,,,03,2
02-2013-0172,02,L'EIXAMPLE,06,la Sagrada Família,Carrer,PROVENÇA,1,497,,,,,,,05,2
02-2013-0173,02,L'EIXAMPLE,10,Sant Antoni,Ronda,SANT PAU,1,21,,,,,,,07,4
02-2013-0181,02,L'EIXAMPLE,07,la Dreta de l'Eixample,Rambla,CATALUNYA,2,100,,,,,,,03,2
02-2013-0198,02,L'EIXAMPLE,05,el Fort Pienc,Carrer,CONSELL DE CENT,1,477,,,,,,,01,2
02-2013-0229,02,L'EIXAMPLE,06,la Sagrada Família,Carrer,INDUSTRIA,1,169,,,,,,,03,1
02-2013-0231,02,L'EIXAMPLE,07,la Dreta de l'Eixample,Gran Via,CORTS CATALANES,2,662,,,,,,,05,2B
02-2013-0250,02,L'EIXAMPLE,06,la Sagrada Família,Carrer,MALLORCA,1,419,,,,,,D,02,5
02-2013-0267,02,L'EIXAMPLE,07,la Dreta de l'Eixample,Carrer,CONSELL DE CENT,1,315,,,,,,,02,1
02-2013-0299,02,L'EIXAMPLE,10,Sant Antoni,Carrer,PARLAMENT,1,41,,,,,,,4,2
02-2013-0300,02,L'EIXAMPLE,08,l'Antiga Esquerra de l'Eixample,Carrer,ARIBAU,1,155,,,,,,,03,4
02-2013-0301,02,L'EIXAMPLE,07,la Dreta de l'Eixample,Carrer,ROSSELLO,2,244,,,,,,,04,2
02-2013-0321,02,L'EIXAMPLE,08,l'Antiga Esquerra de l'Eixample,Carrer,ARIBAU,2,60,,,,,,,PR,2
02-2013-0344,02,L'EIXAMPLE,07,la Dreta de l'Eixample,Passatge,BOCABELLA,2,10,,,,,,,EN,4
02-2013-0411,02,L'EIXAMPLE,10,Sant Antoni,Carrer,COMTE BORRELL,1,45,,,,,,,01,2
02-2013-0442,02,L'EIXAMPLE,07,la Dreta de l'Eixample,Carrer,DIPUTACIO,1,291,,,,,,,PR,1
02-2013-0452,02,L'EIXAMPLE,07,la Dreta de l'Eixample,Carrer,CASP,1,41,,,,,,,AT,2
02-2013-0471,02,L'EIXAMPLE,10,Sant Antoni,Carrer,VILLARROEL,1,41,,,,,,,AT,
02-2013-0483,02,L'EIXAMPLE,09,la Nova Esquerra de l'Eixample,Carrer,ROCAFORT,2,124,,,,,,,01,4
02-2013-0496,02,L'EIXAMPLE,07,la Dreta de l'Eixample,Carrer,CASP,1,41,,,,,,,03,1A
02-2013-0554,02,L'EIXAMPLE,08,l'Antiga Esquerra de l'Eixample,Carrer,BALMES,1,87,,,,,,,EN,1B
02-2013-0590,02,L'EIXAMPLE,07,la Dreta de l'Eixample,Carrer,CONSELL DE CENT,1,343,,,,,,,03,2B
02-2013-0594,02,L'EIXAMPLE,08,l'Antiga Esquerra de l'Eixample,Carrer,PROVENÇA,1,131,,133,,,,,02,1
02-2013-0596,02,L'EIXAMPLE,08,l'Antiga Esquerra de l'Eixample,Carrer,PROVENÇA,1,131,,133,,,,,AT,2
02-2013-0607,02,L'EIXAMPLE,08,l'Antiga Esquerra de l'Eixample,Carrer,VALENCIA,1,137,,,,,,,05,2
02-2013-0623,02,L'EIXAMPLE,07,la Dreta de l'Eixample,Carrer,ARAGO,1,347,,,,,,,06,2
02-2013-0638,02,L'EIXAMPLE,10,Sant Antoni,Carrer,FLORIDABLANCA,1,133,,,,,,,05,1
02-2013-0665,02,L'EIXAMPLE,07,la Dreta de l'Eixample,Carrer,VALENCIA,2,284,,,,,,,03,1A
02-2013-0678,02,L'EIXAMPLE,07,la Dreta de l'Eixample,Ronda,UNIVERSITAT,1,17,,,,,,,02,4
02-2013-0682,02,L'EIXAMPLE,10,Sant Antoni,Carrer,COMTE BORRELL,1,45,,,,,,,3,1
02-2013-0705,02,L'EIXAMPLE,06,la Sagrada Família,Avinguda,GAUDI,2,44,,,,,,,BJ,1
02-2013-0706,02,L'EIXAMPLE,10,Sant Antoni,Avinguda,MISTRAL,2,54,,,,,,,02,2
02-2013-0709,02,L'EIXAMPLE,07,la Dreta de l'Eixample,Carrer,CONSELL DE CENT,2,430,,,,,,,05,1
02-2013-0731,02,L'EIXAMPLE,07,la Dreta de l'Eixample,Carrer,BALMES,1,9,,,,,,,5,3
02-2013-0759,02,L'EIXAMPLE,07,la Dreta de l'Eixample,Rambla,CATALUNYA,2,42,,,,,,,PR,2A
02-2013-0768,02,L'EIXAMPLE,07,la Dreta de l'Eixample,Carrer,BRUC,1,55,,,,,,,01,2
02-2013-0789,02,L'EIXAMPLE,07,la Dreta de l'Eixample,Carrer,ROGER DE LLURIA,1,125,,,,,,,3,
02-2013-0836,02,L'EIXAMPLE,07,la Dreta de l'Eixample,Passeig,GRACIA,1,101,,,,,,,AT,3
02-2013-0851,02,L'EIXAMPLE,05,el Fort Pienc,Carrer,MARINA,2,142,,,,,,,2,1
02-2013-0858,02,L'EIXAMPLE,09,la Nova Esquerra de l'Eixample,Carrer,ROCAFORT,2,102,,,,,,,PR,3
02-2013-0865,02,L'EIXAMPLE,08,l'Antiga Esquerra de l'Eixample,Gran Via,CORTS CATALANES,1,539,,,,,,,01,1
02-2013-0877,02,L'EIXAMPLE,06,la Sagrada Família,Carrer,MALLORCA,1,371,,,,,,,02,2
02-2013-0932,02,L'EIXAMPLE,07,la Dreta de l'Eixample,Carrer,CASP,2,30,,,,,,,AT,
02-2013-0975,02,L'EIXAMPLE,07,la Dreta de l'Eixample,Passeig,GRACIA,1,3,,,,,,,05,2
02-2013-0990,02,L'EIXAMPLE,06,la Sagrada Família,Carrer,VALENCIA,2,492,,,,,,,AT,1
02-2013-1042,02,L'EIXAMPLE,06,la Sagrada Família,Carrer,MALLORCA,2,496,,,,,,,AT,1
02-2013-1081,02,L'EIXAMPLE,09,la Nova Esquerra de l'Eixample,Carrer,DIPUTACIO,2,12,,,,,,,EN,4
02-2013-1088,02,L'EIXAMPLE,10,Sant Antoni,Carrer,MUNTANER,1,7,,,,,,,03,2B
02-2013-1179,02,L'EIXAMPLE,07,la Dreta de l'Eixample,Ronda,SANT PERE,1,11,,,,,,,05,1
02-2013-1217,02,L'EIXAMPLE,05,el Fort Pienc,Carrer,SICILIA,2,242,,,,,,5,02,A
02-2013-1270,02,L'EIXAMPLE,07,la Dreta de l'Eixample,Rambla,CATALUNYA,1,99,,,,,,,05,2
02-2013-1324,02,L'EIXAMPLE,06,la Sagrada Família,Carrer,DOS DE MAIG,1,327,,329,,,,,01,3
02-2013-1351,02,L'EIXAMPLE,06,la Sagrada Família,Carrer,MARINA,2,240,,,,,,,02,4
02-2013-1358,02,L'EIXAMPLE,10,Sant Antoni,Carrer,COMTE D'URGELL,1,37,,39,,,,,06,3
02-2013-1382,02,L'EIXAMPLE,07,la Dreta de l'Eixample,Carrer,VALENCIA,2,248,,,,,,,BJ,2
02-2013-1401,02,L'EIXAMPLE,07,la Dreta de l'Eixample,Carrer,VALENCIA,2,334,,,,,,,01,3
02-2013-1402,02,L'EIXAMPLE,07,la Dreta de l'Eixample,Carrer,VALENCIA,2,334,,,,,,,02,2
02-2013-1404,02,L'EIXAMPLE,07,la Dreta de l'Eixample,Carrer,VALENCIA,2,334,,,,,,,03,2
02-2013-1407,02,L'EIXAMPLE,07,la Dreta de l'Eixample,Carrer,VALENCIA,2,334,,,,,,,04,1
02-2013-1410,02,L'EIXAMPLE,07,la Dreta de l'Eixample,Carrer,VALENCIA,2,334,,,,,,,05,2
02-2013-1446,02,L'EIXAMPLE,08,l'Antiga Esquerra de l'Eixample,Carrer,COMTE D'URGELL,2,130,,,,,,,PR,1
02-2013-1451,02,L'EIXAMPLE,06,la Sagrada Família,Carrer,ENAMORATS,2,30,,32,,,,,05,2
02-2013-1453,02,L'EIXAMPLE,09,la Nova Esquerra de l'Eixample,Carrer,CORSEGA,1,75,,,,,,,AT,4
02-2013-1483,02,L'EIXAMPLE,09,la Nova Esquerra de l'Eixample,Carrer,ARAGO,1,39,,,,,,,3,4
02-2013-1524,02,L'EIXAMPLE,06,la Sagrada Família,Carrer,PROVENÇA,1,507,,,,,,,06,1
02-2013-1534,02,L'EIXAMPLE,07,la Dreta de l'Eixample,Carrer,BAILEN,2,136,,138,,,,,01,4
02-2013-1571,02,L'EIXAMPLE,07,la Dreta de l'Eixample,Carrer,TRAFALGAR,1,33,,,,,,,02,2
02-2013-1613,02,L'EIXAMPLE,07,la Dreta de l'Eixample,Rambla,CATALUNYA,2,46,,,,,,,04,
02-2013-1614,02,L'EIXAMPLE,07,la Dreta de l'Eixample,Rambla,CATALUNYA,2,46,,,,,,,05,
02-2013-1627,02,L'EIXAMPLE,08,l'Antiga Esquerra de l'Eixample,Carrer,CONSELL DE CENT,1,277,,,,,,,EN,1
02-2013-1628,02,L'EIXAMPLE,07,la Dreta de l'Eixample,Ronda,SANT PERE,2,28,,,,,,,02,1
02-2013-1631,02,L'EIXAMPLE,09,la Nova Esquerra de l'Eixample,Carrer,ARAGO,1,39,,,,,,,PR,2
02-2013-1647,02,L'EIXAMPLE,06,la Sagrada Família,Carrer,MALLORCA,1,423,,,,,,,01,4
02-2013-1657,02,L'EIXAMPLE,08,l'Antiga Esquerra de l'Eixample,Carrer,CONSELL DE CENT,1,299,,,,,,,EN,
02-2013-1665,02,L'EIXAMPLE,07,la Dreta de l'Eixample,Avinguda,DIAGONAL,1,305,,,,,,,PR,2B
02-2013-1682,02,L'EIXAMPLE,06,la Sagrada Família,Carrer,CORSEGA,1,607,,,,,,,02,1
02-2013-1787,02,L'EIXAMPLE,07,la Dreta de l'Eixample,Avinguda,DIAGONAL,1,305,,,,,,,02,1
02-2013-1793,02,L'EIXAMPLE,08,l'Antiga Esquerra de l'Eixample,Gran Via,CORTS CATALANES,1,549,,,,,,,02,1
02-2013-1827,02,L'EIXAMPLE,09,la Nova Esquerra de l'Eixample,Carrer,ROCAFORT,2,102,,,,,,,3,1
02-2013-1838,02,L'EIXAMPLE,07,la Dreta de l'Eixample,Rambla,CATALUNYA,2,48,,,,,,,03,2
02-2013-1845,02,L'EIXAMPLE,06,la Sagrada Família,Carrer,ROSSELLO,2,408,,,,,,,03,2
02-2013-1855,02,L'EIXAMPLE,09,la Nova Esquerra de l'Eixample,Carrer,CALABRIA,2,130,,,,,,,01,3
02-2013-1857,02,L'EIXAMPLE,05,el Fort Pienc,Avinguda,DIAGONAL,1,245,,,,,,,05,1
02-2013-1872,02,L'EIXAMPLE,09,la Nova Esquerra de l'Eixample,Carrer,VILADOMAT,1,279,,,,,,,06,3
02-2013-1894,02,L'EIXAMPLE,09,la Nova Esquerra de l'Eixample,Carrer,VILADOMAT,1,261,,,,,,,04,2
02-2013-1958,02,L'EIXAMPLE,08,l'Antiga Esquerra de l'Eixample,Carrer,PROVENÇA,1,131,,133,,,,,06,1
02-2013-1984,02,L'EIXAMPLE,07,la Dreta de l'Eixample,Rambla,CATALUNYA,2,54,,,,,,,AT,1
02-2013-2025,02,L'EIXAMPLE,05,el Fort Pienc,Carrer,AUSIAS MARC,2,136,,,,,,,03,2
02-2013-2030,02,L'EIXAMPLE,05,el Fort Pienc,Carrer,DIPUTACIO,2,470,,,,,,,3,2
02-2013-2031,02,L'EIXAMPLE,05,el Fort Pienc,Carrer,NAPOLS,2,98,,,,,,,AT,3
02-2013-2058,02,L'EIXAMPLE,07,la Dreta de l'Eixample,Carrer,ROSSELLO,1,297,,,,,,,05,2
02-2013-2080,02,L'EIXAMPLE,06,la Sagrada Família,Plaça,SAGRADA FAMILIA,1,11,,,,,,,06,2
02-2013-2084,02,L'EIXAMPLE,06,la Sagrada Família,Carrer,DOS DE MAIG,1,223,,,,,,,02,2
02-2013-2115,02,L'EIXAMPLE,07,la Dreta de l'Eixample,Ronda,SANT PERE,1,3,,,,,,,03,4
02-2013-2124,02,L'EIXAMPLE,05,el Fort Pienc,Carrer,SICILIA,1,159,,,,,,,02,4
02-2013-2130,02,L'EIXAMPLE,05,el Fort Pienc,Carrer,SICILIA,1,159,,,,,,,PR,1
02-2013-2151,02,L'EIXAMPLE,07,la Dreta de l'Eixample,Passeig,GRACIA,1,3,,,,,,,05,1
02-2013-2170,02,L'EIXAMPLE,05,el Fort Pienc,Carrer,MARINA,2,124,,,,,,,02,
02-2013-2175,02,L'EIXAMPLE,06,la Sagrada Família,Carrer,MALLORCA,2,466,,,,,,,01,1
02-2013-2191,02,L'EIXAMPLE,07,la Dreta de l'Eixample,Carrer,VALENCIA,2,358,,,,,,I,03,1
02-2013-2216,02,L'EIXAMPLE,07,la Dreta de l'Eixample,Carrer,NAPOLS,1,213,,,,,,,EN,1
02-2013-2221,02,L'EIXAMPLE,07,la Dreta de l'Eixample,Carrer,NAPOLS,1,213,,,,,,,03,2
02-2013-2222,02,L'EIXAMPLE,07,la Dreta de l'Eixample,Carrer,NAPOLS,1,213,,,,,,,1,2
02-2013-2223,02,L'EIXAMPLE,07,la Dreta de l'Eixample,Carrer,NAPOLS,1,213,,,,,,,02,1
02-2013-2307,02,L'EIXAMPLE,10,Sant Antoni,Carrer,SEPULVEDA,1,157,,,,,,,03,1
02-2013-2316,02,L'EIXAMPLE,08,l'Antiga Esquerra de l'Eixample,Carrer,ARAGO,1,207,,,,,,,01,3
02-2013-2360,02,L'EIXAMPLE,08,l'Antiga Esquerra de l'Eixample,Carrer,PARIS,2,146,,,,,,B,EN,1
02-2013-2374,02,L'EIXAMPLE,06,la Sagrada Família,Avinguda,GAUDI,2,2,,4,,,,,04,4
02-2013-2385,02,L'EIXAMPLE,08,l'Antiga Esquerra de l'Eixample,Carrer,PARIS,2,178,,,,,,,04,2
02-2013-2391,02,L'EIXAMPLE,08,l'Antiga Esquerra de l'Eixample,Carrer,ARAGO,2,140,,,,,,,03,2
02-2013-2400,02,L'EIXAMPLE,10,Sant Antoni,Avinguda,PARAL.LEL,2,164,,,,,,,PR,2
02-2013-2408,02,L'EIXAMPLE,07,la Dreta de l'Eixample,Plaça,TETUAN,2,8,,,,,,,03,1
02-2013-2427,02,L'EIXAMPLE,06,la Sagrada Família,Carrer,ROSSELLO,2,448,,,,,,,BJ,
02-2013-2434,02,L'EIXAMPLE,06,la Sagrada Família,Carrer,ROSSELLO,2,448,,,,,,,04,1
02-2013-2440,02,L'EIXAMPLE,08,l'Antiga Esquerra de l'Eixample,Carrer,ROSSELLO,1,189,,,,,,D,01,1
02-2013-2443,02,L'EIXAMPLE,07,la Dreta de l'Eixample,Carrer,GIRONA,2,46,,,,,,,03,1
02-2013-2463,02,L'EIXAMPLE,08,l'Antiga Esquerra de l'Eixample,Carrer,CASANOVA,1,63,B,,,,,,AT,A
02-2014-0011,02,L'EIXAMPLE,07,la Dreta de l'Eixample,Avinguda,DIAGONAL,2,434,,,,,,,01,1
02-2014-0028,02,L'EIXAMPLE,09,la Nova Esquerra de l'Eixample,Carrer,CONSELL DE CENT,2,120,,,,,,,02,1
02-2014-0041,02,L'EIXAMPLE,08,l'Antiga Esquerra de l'Eixample,Carrer,CASANOVA,1,87,,,,,,,04,A
02-2014-0065,02,L'EIXAMPLE,07,la Dreta de l'Eixample,Rambla,CATALUNYA,1,89,,,,,,,03,4
02-2014-0086,02,L'EIXAMPLE,07,la Dreta de l'Eixample,Avinguda,DIAGONAL,1,301,,,,,,,2,
02-2014-0088,02,L'EIXAMPLE,07,la Dreta de l'Eixample,Avinguda,DIAGONAL,1,301,,,,,,,3,
02-2014-0095,02,L'EIXAMPLE,07,la Dreta de l'Eixample,Carrer,ARAGO,1,249,,,,,,,04,3
02-2014-0096,02,L'EIXAMPLE,08,l'Antiga Esquerra de l'Eixample,Carrer,MUNTANER,1,201,,211,,,,,EN,3
02-2014-0115,02,L'EIXAMPLE,06,la Sagrada Família,Carrer,PADILLA,2,230,,232,,,,,1,3
02-2014-0138,02,L'EIXAMPLE,06,la Sagrada Família,Carrer,CASTILLEJOS,2,332,,,,,,,01,1
02-2014-0179,02,L'EIXAMPLE,10,Sant Antoni,Carrer,FLORIDABLANCA,2,90,,,,,,,2,2
02-2014-0211,02,L'EIXAMPLE,06,la Sagrada Família,Carrer,MARINA,2,300,,,,,,,AT,
02-2014-0213,02,L'EIXAMPLE,07,la Dreta de l'Eixample,Carrer,TRAFALGAR,1,9,,,,,,,PR,1
02-2014-0217,02,L'EIXAMPLE,07,la Dreta de l'Eixample,Gran Via,CORTS CATALANES,1,631,,,,,,,02,1
02-2014-0233,02,L'EIXAMPLE,10,Sant Antoni,Carrer,CALABRIA,1,5,,,,,,,03,
02-2014-0243,02,L'EIXAMPLE,07,la Dreta de l'Eixample,Ronda,UNIVERSITAT,1,13,,,,,,,AT,
02-2014-0249,02,L'EIXAMPLE,08,l'Antiga Esquerra de l'Eixample,Carrer,ENRIC GRANADOS,1,47,,,,,,,4,1A
02-2014-0288,02,L'EIXAMPLE,06,la Sagrada Família,Passatge,MAIOL,1,25,,,,,,,01,1
02-2014-0342,02,L'EIXAMPLE,08,l'Antiga Esquerra de l'Eixample,Carrer,MUNTANER,1,83,C,,,,,,05,2
02-2014-0347,02,L'EIXAMPLE,09,la Nova Esquerra de l'Eixample,Carrer,VILAMARI,2,54,,,,,,,EN,3
02-2014-0416,02,L'EIXAMPLE,07,la Dreta de l'Eixample,Rambla,CATALUNYA,1,129,,,,,,,01,1
02-2014-0418,02,L'EIXAMPLE,08,l'Antiga Esquerra de l'Eixample,Carrer,VALENCIA,2,142,,,,,,,02,4
02-2014-0426,02,L'EIXAMPLE,08,l'Antiga Esquerra de l'Eixample,Carrer,CASANOVA,2,142,,,,,,,01,2
02-2014-0429,02,L'EIXAMPLE,07,la Dreta de l'Eixample,Carrer,VALENCIA,2,358,,,,,,E,02,1
02-2014-0460,02,L'EIXAMPLE,08,l'Antiga Esquerra de l'Eixample,Carrer,ARIBAU,1,5,,,,,,I,01,2
02-2014-0462,02,L'EIXAMPLE,06,la Sagrada Família,Carrer,SARDENYA,2,332,,,,,,,01,2
02-2014-0470,02,L'EIXAMPLE,07,la Dreta de l'Eixample,Carrer,MALLORCA,2,360,,,,,,,4,1
02-2014-0473,02,L'EIXAMPLE,07,la Dreta de l'Eixample,Carrer,MALLORCA,2,360,,,,,,,5,1
02-2014-0487,02,L'EIXAMPLE,07,la Dreta de l'Eixample,Carrer,TRAFALGAR,1,33,,,,,,,02,1
02-2014-0488,02,L'EIXAMPLE,07,la Dreta de l'Eixample,Carrer,TRAFALGAR,1,33,,,,,,,02,3
02-2014-0510,02,L'EIXAMPLE,10,Sant Antoni,Carrer,COMTE D'URGELL,2,56,,,,,,,01,3
02-2014-0542,02,L'EIXAMPLE,08,l'Antiga Esquerra de l'Eixample,Passatge,LLUIS PELLICER,1,5,,,,,,,01,
02-2014-0551,02,L'EIXAMPLE,09,la Nova Esquerra de l'Eixample,Carrer,DIPUTACIO,1,123,,,,,,,05,
02-2014-0558,02,L'EIXAMPLE,06,la Sagrada Família,Passatge,CENTELLES,2,22,,,,,,,02,
02-2014-0566,02,L'EIXAMPLE,06,la Sagrada Família,Avinguda,GAUDI,1,51,,53,,,,,EN,1
02-2014-0570,02,L'EIXAMPLE,07,la Dreta de l'Eixample,Carrer,CASP,2,78,,,,,,,2,2
02-2014-0586,02,L'EIXAMPLE,07,la Dreta de l'Eixample,Ronda,UNIVERSITAT,1,23,,,,,,,01,1B
02-2014-0595,02,L'EIXAMPLE,07,la Dreta de l'Eixample,Carrer,VALENCIA,2,372,,,,,,,PR,2
02-2014-0605,02,L'EIXAMPLE,10,Sant Antoni,Ronda,SANT PAU,1,3,,,,,,,02,2
02-2014-0614,02,L'EIXAMPLE,06,la Sagrada Família,Carrer,PROVENÇA,2,426,,,,,,,01,1
02-2014-0651,02,L'EIXAMPLE,08,l'Antiga Esquerra de l'Eixample,Carrer,ARIBAU,2,82,,,,,,,03,2
02-2014-0655,02,L'EIXAMPLE,06,la Sagrada Família,Carrer,VALENCIA,2,494,,498,,,,E,EN,3
02-2014-0677,02,L'EIXAMPLE,05,el Fort Pienc,Carrer,SICILIA,1,159,,,,,,,AT,1
02-2014-0716,02,L'EIXAMPLE,10,Sant Antoni,Carrer,COMTE BORRELL,2,38,,,,,,,03,1
02-2014-0720,02,L'EIXAMPLE,10,Sant Antoni,Carrer,COMTE BORRELL,2,38,,,,,,,01,2
02-2014-0729,02,L'EIXAMPLE,06,la Sagrada Família,Avinguda,GAUDI,1,31,,,,,,,2,3
02-2014-0747,02,L'EIXAMPLE,07,la Dreta de l'Eixample,Carrer,VALENCIA,2,352,,,,,,,03,2
02-2014-0756,02,L'EIXAMPLE,08,l'Antiga Esquerra de l'Eixample,Carrer,PROVENÇA,1,205,,,,,,,EN,2
02-2014-0757,02,L'EIXAMPLE,07,la Dreta de l'Eixample,Passatge,DOMINGO,2,8,,,,,,,02,1
02-2014-0772,02,L'EIXAMPLE,07,la Dreta de l'Eixample,Carrer,GIRONA,1,167,,169,,,,,02,1
02-2014-0777,02,L'EIXAMPLE,07,la Dreta de l'Eixample,Carrer,GIRONA,1,167,,169,,,,,04,2
02-2014-0787,02,L'EIXAMPLE,08,l'Antiga Esquerra de l'Eixample,Carrer,VALENCIA,1,191,,,,,,,02,1
02-2014-0793,02,L'EIXAMPLE,08,l'Antiga Esquerra de l'Eixample,Carrer,PROVENÇA,1,205,,,,,,,02,1
02-2014-0797,02,L'EIXAMPLE,08,l'Antiga Esquerra de l'Eixample,Carrer,PROVENÇA,1,205,,,,,,,AT,
02-2014-0809,02,L'EIXAMPLE,07,la Dreta de l'Eixample,Carrer,ROSSELLO,1,277,,,,,,,PR,
02-2014-0847,02,L'EIXAMPLE,08,l'Antiga Esquerra de l'Eixample,Carrer,DIPUTACIO,1,177,,,,,,,EN,1
02-2014-0849,02,L'EIXAMPLE,05,el Fort Pienc,Carrer,DIPUTACIO,2,470,,,,,,,AT,1
02-2014-0861,02,L'EIXAMPLE,10,Sant Antoni,Avinguda,MISTRAL,2,24,,,,,,B,04,2
02-2014-0890,02,L'EIXAMPLE,07,la Dreta de l'Eixample,Carrer,ROGER DE FLOR,2,136,,,,,,,02,1
02-2014-0896,02,L'EIXAMPLE,07,la Dreta de l'Eixample,Carrer,PELAI,1,9,,,,H2,,,03,2
02-2014-0901,02,L'EIXAMPLE,10,Sant Antoni,Carrer,SEPULVEDA,1,77,,,,,,,01,2
02-2014-0923,02,L'EIXAMPLE,10,Sant Antoni,Carrer,TAMARIT,1,109,,,,,,,2,2
02-2014-0931,02,L'EIXAMPLE,08,l'Antiga Esquerra de l'Eixample,Carrer,PROVENÇA,1,131,,,,,,,03,2
02-2014-0934,02,L'EIXAMPLE,08,l'Antiga Esquerra de l'Eixample,Carrer,PROVENÇA,1,131,,,,,,,PR,1
02-2014-0956,02,L'EIXAMPLE,10,Sant Antoni,Carrer,ROCAFORT,2,66,,,,,,,PR,2
02-2014-0957,02,L'EIXAMPLE,10,Sant Antoni,Carrer,ROCAFORT,2,66,,,,,,,PR,3
02-2014-0960,02,L'EIXAMPLE,10,Sant Antoni,Carrer,FLORIDABLANCA,1,133,,,,,,,PR,3
02-2014-0999,02,L'EIXAMPLE,07,la Dreta de l'Eixample,Carrer,PROVENÇA,2,316,,,,,,,PR,1
02-2014-1001,02,L'EIXAMPLE,08,l'Antiga Esquerra de l'Eixample,Carrer,ARAGO,2,222,,,,,,,03,2
02-2014-1054,02,L'EIXAMPLE,07,la Dreta de l'Eixample,Carrer,CONSELL DE CENT,1,341,,,,,,,03,2A
02-2014-1068,02,L'EIXAMPLE,07,la Dreta de l'Eixample,Carrer,BAILEN,1,81,,83,,,,,BJ,3
02-2014-1079,02,L'EIXAMPLE,07,la Dreta de l'Eixample,Carrer,BAILEN,1,81,,83,,,,,2,2
02-2014-1086,02,L'EIXAMPLE,07,la Dreta de l'Eixample,Carrer,BAILEN,1,81,,83,,,,,3,2
02-2014-1094,02,L'EIXAMPLE,07,la Dreta de l'Eixample,Carrer,BAILEN,1,81,,83,,,,,5,3
02-2014-1108,02,L'EIXAMPLE,06,la Sagrada Família,Carrer,ROSSELLO,2,478,,,,,,,01,3
02-2014-1114,02,L'EIXAMPLE,08,l'Antiga Esquerra de l'Eixample,Carrer,VILLARROEL,1,121,,,,,,,02,2
02-2014-1116,02,L'EIXAMPLE,10,Sant Antoni,Carrer,COMTE D'URGELL,1,29,,,,,,,2,3
02-2014-1120,02,L'EIXAMPLE,07,la Dreta de l'Eixample,Passeig,GRACIA,2,42,,,,,,,5,2
02-2014-1122,02,L'EIXAMPLE,08,l'Antiga Esquerra de l'Eixample,Carrer,ROSSELLO,2,134,,,,,,,03,3
02-2014-1155,02,L'EIXAMPLE,06,la Sagrada Família,Avinguda,GAUDI,2,8,,,,,,,01,2
02-2014-1156,02,L'EIXAMPLE,08,l'Antiga Esquerra de l'Eixample,Carrer,MUNTANER,2,64,,,,,,,02,2
02-2014-1164,02,L'EIXAMPLE,07,la Dreta de l'Eixample,Carrer,TRAFALGAR,1,39,,,,,,,03,1
02-2014-1183,02,L'EIXAMPLE,07,la Dreta de l'Eixample,Carrer,ARAGO,1,321,,,,,,A,04,1
02-2014-1197,02,L'EIXAMPLE,09,la Nova Esquerra de l'Eixample,Carrer,ROSSELLO,2,32,,,,,,,EN,4
02-2014-1218,02,L'EIXAMPLE,10,Sant Antoni,Plaça,UNIVERSITAT,1,1,,,,,,,03,1
02-2014-1242,02,L'EIXAMPLE,07,la Dreta de l'Eixample,Passeig,GRACIA,2,46,,,,,,,05,1
02-2014-1248,02,L'EIXAMPLE,09,la Nova Esquerra de l'Eixample,Carrer,DIPUTACIO,2,8,,10,,,,,AT,2
02-2014-1253,02,L'EIXAMPLE,06,la Sagrada Família,Carrer,SANT ANTONI MARIA CLARET,2,148,,,,,,,05,2
02-2014-1254,02,L'EIXAMPLE,05,el Fort Pienc,Carrer,MARINA,1,189,,,,,,,3,2
02-2014-1271,02,L'EIXAMPLE,07,la Dreta de l'Eixample,Carrer,ARAGO,1,231,,,,,,,1,B
02-2014-1274,02,L'EIXAMPLE,05,el Fort Pienc,Carrer,NAPOLS,1,105,,107,,,,I,06,1
02-2014-1286,02,L'EIXAMPLE,07,la Dreta de l'Eixample,Carrer,MALLORCA,2,336,,,,,,,01,1
02-2014-1289,02,L'EIXAMPLE,09,la Nova Esquerra de l'Eixample,Carrer,VILAMARI,2,58,,,,,,,BJ,2
02-2014-1291,02,L'EIXAMPLE,07,la Dreta de l'Eixample,Carrer,MALLORCA,2,336,,,,,,,01,2
02-2014-1297,02,L'EIXAMPLE,09,la Nova Esquerra de l'Eixample,Carrer,COMTE BORRELL,2,152,,,,,,,08,B
02-2014-1300,02,L'EIXAMPLE,08,l'Antiga Esquerra de l'Eixample,Carrer,VILLARROEL,2,76,,,,,,,AT,1
02-2014-1313,02,L'EIXAMPLE,07,la Dreta de l'Eixample,Carrer,FONTANELLA,1,15,,,,,,,AT,2
02-2014-1322,02,L'EIXAMPLE,07,la Dreta de l'Eixample,Carrer,CORSEGA,2,402,,,,,,,3,1
02-2014-1325,02,L'EIXAMPLE,07,la Dreta de l'Eixample,Carrer,ARAGO,2,346,,,,,,,PR,2B
02-2014-1371,02,L'EIXAMPLE,06,la Sagrada Família,Plaça,SAGRADA FAMILIA,1,7,,,,,,,PR,A
02-2014-1376,02,L'EIXAMPLE,10,Sant Antoni,Carrer,ENTENÇA,2,20,,,,,,,6,2
02-2014-1399,02,L'EIXAMPLE,05,el Fort Pienc,Carrer,MARINA,2,212,,,,,,,02,2
02-2014-1405,02,L'EIXAMPLE,06,la Sagrada Família,Carrer,PROVENÇA,1,529,,,,,,,02,1
02-2014-1450,02,L'EIXAMPLE,05,el Fort Pienc,Carrer,MARINA,1,189,,,,,,,02,4
02-2014-1462,02,L'EIXAMPLE,06,la Sagrada Família,Carrer,LEPANT,2,300,,,,,,,4,1
02-2014-1463,02,L'EIXAMPLE,08,l'Antiga Esquerra de l'Eixample,Carrer,PARIS,2,174,B,,,,,,05,2
02-2014-1475,02,L'EIXAMPLE,05,el Fort Pienc,Carrer,MARINA,1,189,,,,,,,05,1
02-2014-1493,02,L'EIXAMPLE,07,la Dreta de l'Eixample,Carrer,VALENCIA,1,247,,,,,,,PR,1A
02-2014-1502,02,L'EIXAMPLE,06,la Sagrada Família,Carrer,CARTAGENA,1,221,,,,,,,01,1
02-2014-1515,02,L'EIXAMPLE,08,l'Antiga Esquerra de l'Eixample,Carrer,CORSEGA,1,225,,,,,,,4,2
02-2014-1533,02,L'EIXAMPLE,09,la Nova Esquerra de l'Eixample,Avinguda,SARRIA,1,31,,,,,,,04,2
02-2014-1541,02,L'EIXAMPLE,08,l'Antiga Esquerra de l'Eixample,Carrer,VILLARROEL,2,176,,,,,,,EN,2
02-2014-1546,02,L'EIXAMPLE,10,Sant Antoni,Avinguda,PARAL.LEL,2,146,,,,,,,EN,1
02-2014-1551,02,L'EIXAMPLE,10,Sant Antoni,Avinguda,PARAL.LEL,2,182,B,,,,,,02,2
02-2014-1563,02,L'EIXAMPLE,08,l'Antiga Esquerra de l'Eixample,Carrer,CONSELL DE CENT,1,221,,,,,,D,03,1
02-2014-1564,02,L'EIXAMPLE,07,la Dreta de l'Eixample,Carrer,PAU CLARIS,1,99,,,,,,2,4,3
02-2014-1565,02,L'EIXAMPLE,06,la Sagrada Família,Carrer,SARDENYA,2,364,,,,,,,05,2
02-2014-1582,02,L'EIXAMPLE,07,la Dreta de l'Eixample,Rambla,CATALUNYA,2,54,,,,,,,05,1
02-2014-1585,02,L'EIXAMPLE,05,el Fort Pienc,Carrer,CASP,2,150,,,,,,,02,2
02-2014-1588,02,L'EIXAMPLE,07,la Dreta de l'Eixample,Rambla,CATALUNYA,2,54,,,,,,,AT,2
02-2014-1590,02,L'EIXAMPLE,08,l'Antiga Esquerra de l'Eixample,Carrer,MUNTANER,2,66,,,,,,,01,1
02-2014-1597,02,L'EIXAMPLE,05,el Fort Pienc,Carrer,CASP,2,150,,,,,,,01,2
02-2014-1605,02,L'EIXAMPLE,05,el Fort Pienc,Carrer,CASP,2,150,,,,,,,02,1
02-2014-1616,02,L'EIXAMPLE,05,el Fort Pienc,Carrer,CASP,2,150,,,,,,,4,2
02-2014-1618,02,L'EIXAMPLE,05,el Fort Pienc,Carrer,CASP,2,150,,,,,,,04,1
02-2014-1633,02,L'EIXAMPLE,10,Sant Antoni,Carrer,MARQUES DE CAMPO SAGRADO,2,28,,,,,,,06,2
02-2014-1637,02,L'EIXAMPLE,06,la Sagrada Família,Carrer,INDUSTRIA,2,116,,,,,,,03,1
02-2014-1642,02,L'EIXAMPLE,06,la Sagrada Família,Carrer,INDUSTRIA,2,116,,,,,,,03,2
02-2014-1644,02,L'EIXAMPLE,06,la Sagrada Família,Carrer,INDUSTRIA,2,116,,,,,,,04,1
02-2014-1677,02,L'EIXAMPLE,06,la Sagrada Família,Carrer,SARDENYA,2,306,,,,,,,2,
02-2014-1692,02,L'EIXAMPLE,08,l'Antiga Esquerra de l'Eixample,Carrer,VALENCIA,2,238,,,,,,,04,2
02-2014-1720,02,L'EIXAMPLE,09,la Nova Esquerra de l'Eixample,Carrer,COMTE D'URGELL,1,131,,,,,,,03,2
02-2014-1725,02,L'EIXAMPLE,09,la Nova Esquerra de l'Eixample,Carrer,COMTE D'URGELL,1,131,,,,,,,05,2
02-2014-1733,02,L'EIXAMPLE,09,la Nova Esquerra de l'Eixample,Carrer,COMTE D'URGELL,1,131,,,,,,,05,3
02-2014-1738,02,L'EIXAMPLE,09,la Nova Esquerra de l'Eixample,Carrer,COMTE D'URGELL,1,131,,,,,,,07,2
02-2014-1765,02,L'EIXAMPLE,06,la Sagrada Família,Carrer,CORSEGA,2,518,,,,,,,PR,3
02-2014-1782,02,L'EIXAMPLE,06,la Sagrada Família,Carrer,CORSEGA,2,518,,,,,,,05,1
02-2014-1788,02,L'EIXAMPLE,07,la Dreta de l'Eixample,Passeig,GRACIA,1,101,,,,,,,SA,5
02-2014-1790,02,L'EIXAMPLE,07,la Dreta de l'Eixample,Carrer,DIPUTACIO,2,354,,,,,,,EN,2
02-2014-1791,02,L'EIXAMPLE,07,la Dreta de l'Eixample,Carrer,DIPUTACIO,2,354,,,,,,,01,1
02-2014-1799,02,L'EIXAMPLE,07,la Dreta de l'Eixample,Carrer,DIPUTACIO,2,354,,,,,,,03,4
02-2014-1803,02,L'EIXAMPLE,07,la Dreta de l'Eixample,Carrer,DIPUTACIO,2,354,,,,,,,04,4
02-2014-1806,02,L'EIXAMPLE,07,la Dreta de l'Eixample,Carrer,DIPUTACIO,2,354,,,,,,,05,4
02-2014-1809,02,L'EIXAMPLE,10,Sant Antoni,Carrer,VILADOMAT,2,46,,,,,,,01,2
02-2014-1824,02,L'EIXAMPLE,10,Sant Antoni,Carrer,VILLARROEL,2,50,,,,,,,1,2
02-2014-1828,02,L'EIXAMPLE,10,Sant Antoni,Carrer,VILLARROEL,2,50,,,,,,,PR,1
02-2014-1830,02,L'EIXAMPLE,10,Sant Antoni,Carrer,VILLARROEL,2,50,,,,,,,3,2
02-2014-2012,02,L'EIXAMPLE,05,el Fort Pienc,Carrer,CONSELL DE CENT,2,470,,,,,,,06,1
02-2014-2038,02,L'EIXAMPLE,07,la Dreta de l'Eixample,Rambla,CATALUNYA,2,52,,,,,,,04,2
02-2014-2042,02,L'EIXAMPLE,07,la Dreta de l'Eixample,Rambla,CATALUNYA,2,52,,,,,,,02,2
02-2014-2055,02,L'EIXAMPLE,05,el Fort Pienc,Carrer,CONSELL DE CENT,1,479,,,,,,,EN,2
02-2014-2064,02,L'EIXAMPLE,07,la Dreta de l'Eixample,Rambla,CATALUNYA,2,12,,,,,,,AT,2
02-2014-2067,02,L'EIXAMPLE,06,la Sagrada Família,Carrer,VALENCIA,1,439,,,,,,,02,1
02-2014-2082,02,L'EIXAMPLE,07,la Dreta de l'Eixample,Carrer,BAILEN,1,77,,,,,,,PR,2
02-2014-2083,02,L'EIXAMPLE,07,la Dreta de l'Eixample,Carrer,BAILEN,1,77,,,,,,,02,1
02-2014-2085,02,L'EIXAMPLE,07,la Dreta de l'Eixample,Carrer,BAILEN,1,77,,,,,,,04,2
02-2014-2111,02,L'EIXAMPLE,09,la Nova Esquerra de l'Eixample,Carrer,ARAGO,2,78,,,,,,,06,3
02-2014-2119,02,L'EIXAMPLE,07,la Dreta de l'Eixample,Carrer,FONTANELLA,1,13,,,,,,,2,2
02-2014-2189,02,L'EIXAMPLE,05,el Fort Pienc,Carrer,ARAGO,1,401,,,,,,,PR,1
02-2014-2211,02,L'EIXAMPLE,10,Sant Antoni,Carrer,COMTE D'URGELL,2,18,,,,,,,04,2
02-2014-2434,02,L'EIXAMPLE,10,Sant Antoni,Carrer,SEPULVEDA,1,77,,,,,,,04,2
02-2016-0564,02,L'EIXAMPLE,06,la Sagrada Família,Avinguda,GAUDI,1,27,,29,,,,,1,2
02-2016-0569,02,L'EIXAMPLE,06,la Sagrada Família,Avinguda,GAUDI,1,27,,29,,,,,3,1
02-2016-0571,02,L'EIXAMPLE,06,la Sagrada Família,Avinguda,GAUDI,1,27,,29,,,,,2,4
02-2016-0572,02,L'EIXAMPLE,06,la Sagrada Família,Avinguda,GAUDI,1,27,,29,,,,,3,2
02-2016-0580,02,L'EIXAMPLE,06,la Sagrada Família,Avinguda,GAUDI,1,27,,29,,,,,6,3
02-2016-0587,02,L'EIXAMPLE,06,la Sagrada Família,Avinguda,GAUDI,1,27,,29,,,,,7,4
02-2016-0647,02,L'EIXAMPLE,06,la Sagrada Família,Avinguda,GAUDI,1,27,,29,,,,,AT,1
02-2016-0694,02,L'EIXAMPLE,07,la Dreta de l'Eixample,Carrer,VALENCIA,1,277,,,,,,,4,2
02-2016-0731,02,L'EIXAMPLE,07,la Dreta de l'Eixample,Carrer,VALENCIA,1,277,,,,,,,1,2
02-2020-0240,02,L'EIXAMPLE,05,el Fort Pienc,Carrer,CONSELL DE CENT,2,506,,,,,,,5,1
02-2020-0242,02,L'EIXAMPLE,05,el Fort Pienc,Carrer,CONSELL DE CENT,2,506,,,,,,,6,1
02-2022-0517,02,L'EIXAMPLE,09,la Nova Esquerra de l'Eixample,Carrer,TARRAGONA,2,84,,,,,,B,3,2
02-2022-0535,02,L'EIXAMPLE,09,la Nova Esquerra de l'Eixample,Carrer,TARRAGONA,2,84,,,,,,B,7,4
02-2022-0549,02,L'EIXAMPLE,09,la Nova Esquerra de l'Eixample,Carrer,TARRAGONA,2,84,,,,,,B,11,2
02-2022-0571,02,L'EIXAMPLE,09,la Nova Esquerra de l'Eixample,Carrer,TARRAGONA,2,84,,,,,,C,6,4
02-2022-0596,02,L'EIXAMPLE,09,la Nova Esquerra de l'Eixample,Carrer,TARRAGONA,2,84,,,,,,C,12,03
02-2023-0514,02,L'EIXAMPLE,10,Sant Antoni,Carrer,SEPULVEDA,2,174,,,,,,,3,1
02-2023-0620,02,L'EIXAMPLE,09,la Nova Esquerra de l'Eixample,Carrer,CORSEGA,2,68,,,,,A,,3,2
02-2023-0627,02,L'EIXAMPLE,09,la Nova Esquerra de l'Eixample,Carrer,CORSEGA,2,68,,,,,A,,6,2
02-2023-0639,02,L'EIXAMPLE,09,la Nova Esquerra de l'Eixample,Carrer,CORSEGA,2,68,,,,,B,,2,2
02-2023-0701,02,L'EIXAMPLE,07,la Dreta de l'Eixample,Carrer,VALENCIA,2,358,,,,,,,EN,2
02-2023-0726,02,L'EIXAMPLE,10,Sant Antoni,Carrer,COMTE D'URGELL,2,60,,,,,,,4,2
02-2023-0883,02,L'EIXAMPLE,05,el Fort Pienc,Passeig,SANT JOAN,2,40,,,,,,,5,1
02-2023-0961,02,L'EIXAMPLE,07,la Dreta de l'Eixample,Carrer,ARAGO,2,342,,,,,,,4,2
02-2023-1020,02,L'EIXAMPLE,07,la Dreta de l'Eixample,Carrer,ROSSELLO,2,242,,,,,,,AT,
02-2024-0022,02,L'EIXAMPLE,10,Sant Antoni,Carrer,ENTENÇA,1,33,,,,,,,2,2
02-2024-0023,02,L'EIXAMPLE,10,Sant Antoni,Carrer,ENTENÇA,1,33,,,,,,,5,1
02-2024-0026,02,L'EIXAMPLE,10,Sant Antoni,Carrer,ENTENÇA,1,33,,,,,,,2,1
02-2024-0035,02,L'EIXAMPLE,06,la Sagrada Família,Carrer,VALENCIA,2,446,,,,,,,3,2
02-2024-0053,02,L'EIXAMPLE,07,la Dreta de l'Eixample,Carrer,CONSELL DE CENT,2,440,,,,,,,4,1
02-2024-0055,02,L'EIXAMPLE,10,Sant Antoni,Gran Via,CORTS CATALANES,2,536,,,,,,,AT,
02-2024-0059,02,L'EIXAMPLE,10,Sant Antoni,Gran Via,CORTS CATALANES,2,536,,,,,,,4,3
02-2024-0061,02,L'EIXAMPLE,10,Sant Antoni,Gran Via,CORTS CATALANES,2,536,,,,,,,2,2B
02-2024-0175,02,L'EIXAMPLE,09,la Nova Esquerra de l'Eixample,Carrer,ARAGO,2,112,,,,,,,5,4
02-2024-0186,02,L'EIXAMPLE,07,la Dreta de l'Eixample,Carrer,CONSELL DE CENT,1,341,,,,,A,,2,1
02-2024-0200,02,L'EIXAMPLE,06,la Sagrada Família,Carrer,MALLORCA,1,447,,,,,,,2,1
02-2024-0202,02,L'EIXAMPLE,06,la Sagrada Família,Carrer,MALLORCA,1,447,,,,,,,2,3
02-2024-0204,02,L'EIXAMPLE,06,la Sagrada Família,Carrer,MALLORCA,1,447,,,,,,,PR,1
02-2024-0223,02,L'EIXAMPLE,07,la Dreta de l'Eixample,Carrer,PAU CLARIS,1,185,,,,,,,4,B
02-2024-0387,02,L'EIXAMPLE,07,la Dreta de l'Eixample,Carrer,ROSSELLO,2,242,,,,,,,5,
02-2024-0458,02,L'EIXAMPLE,05,el Fort Pienc,Carrer,MARINA,2,212,,,,,,,3,2
02-2024-0460,02,L'EIXAMPLE,05,el Fort Pienc,Carrer,MARINA,2,212,,,,,,,1,3
02-2024-0467,02,L'EIXAMPLE,05,el Fort Pienc,Carrer,MARINA,2,212,,,,,,,6,1
02-2024-0487,02,L'EIXAMPLE,07,la Dreta de l'Eixample,Carrer,ARAGO,2,342,,,,,,,2,1
02-2024-0490,02,L'EIXAMPLE,06,la Sagrada Família,Passatge,VILARET,2,42,,,,,,,BJ,
03-2008-0323,03,SANTS-MONTJUÏC,18,Sants,Rambla,BADAL,2,148,,,,,,,02,1
03-2008-0324,03,SANTS-MONTJUÏC,18,Sants,Rambla,BADAL,2,148,,,,,,,02,2
03-2008-0325,03,SANTS-MONTJUÏC,18,Sants,Rambla,BADAL,2,148,,,,,,,03,1
03-2008-0406,03,SANTS-MONTJUÏC,17,Sants - Badal,Carrer,SANTS,1,273,,,,,,,01,2
03-2008-0478,03,SANTS-MONTJUÏC,18,Sants,Carrer,RIEGO,1,39,,,,,,,2,2
03-2009-0145,03,SANTS-MONTJUÏC,15,Hostafrancs,Carrer,TORRE D'EN DAMIANS,2,4,,,,,,,3,1
03-2009-0161,03,SANTS-MONTJUÏC,18,Sants,Passeig,SANT ANTONI,2,30,,,,,,,01,1
03-2009-0178,03,SANTS-MONTJUÏC,18,Sants,Passeig,SANT ANTONI,2,30,,,,,,,06,2
03-2009-0181,03,SANTS-MONTJUÏC,18,Sants,Passeig,SANT ANTONI,2,30,,,,,,,04,2
03-2009-0191,03,SANTS-MONTJUÏC,11,el Poble Sec,Carrer,POETA CABANYES,1,51,,,,,,,01,2
03-2009-0231,03,SANTS-MONTJUÏC,15,Hostafrancs,Carrer,PRINCEP JORDI,2,12,,,,,,,BJ,2
03-2009-0232,03,SANTS-MONTJUÏC,11,el Poble Sec,Carrer,PEDRERES,1,13,,,,,,,01,1
03-2009-0257,03,SANTS-MONTJUÏC,18,Sants,Rambla,BADAL,2,148,,,,,,,AT,1
03-2009-0283,03,SANTS-MONTJUÏC,11,el Poble Sec,Carrer,NOU DE LA RAMBLA,2,144,,,,,,,01,3
03-2010-0271,03,SANTS-MONTJUÏC,16,la Bordeta,Carrer,GAVA,2,8,,,,,,,02,1
03-2010-0272,03,SANTS-MONTJUÏC,16,la Bordeta,Carrer,GAVA,2,8,,,,,,,02,2
03-2010-0297,03,SANTS-MONTJUÏC,11,el Poble Sec,Carrer,CONCORDIA,2,28,,,,,,,PR,2
03-2010-0486,03,SANTS-MONTJUÏC,15,Hostafrancs,Carrer,CREU COBERTA,1,15,,,,,,,04,
03-2011-0167,03,SANTS-MONTJUÏC,11,el Poble Sec,Carrer,NOU DE LA RAMBLA,2,114,,116,,,,,01,3
03-2011-0170,03,SANTS-MONTJUÏC,11,el Poble Sec,Carrer,NOU DE LA RAMBLA,2,114,,116,,,,,03,1
03-2011-0179,03,SANTS-MONTJUÏC,11,el Poble Sec,Avinguda,PARAL.LEL,1,65,,,,,,,05,3
03-2011-0187,03,SANTS-MONTJUÏC,11,el Poble Sec,Avinguda,PARAL.LEL,1,65,,,,,,,02,2
03-2011-0191,03,SANTS-MONTJUÏC,11,el Poble Sec,Avinguda,PARAL.LEL,1,65,,,,,,,01,2
03-2011-0203,03,SANTS-MONTJUÏC,11,el Poble Sec,Avinguda,PARAL.LEL,1,65,,,,,,,06,4
03-2011-0320,03,SANTS-MONTJUÏC,11,el Poble Sec,Carrer,MATA,2,24,,,,,,,2,1
03-2011-0327,03,SANTS-MONTJUÏC,11,el Poble Sec,Carrer,MATA,2,24,,,,,,,3,2
03-2012-0091,03,SANTS-MONTJUÏC,15,Hostafrancs,Carrer,CALLAO,2,20,,,,,,,02,1
03-2012-0174,03,SANTS-MONTJUÏC,11,el Poble Sec,Carrer,VALLHONRAT,2,22,,24,,,,,2,5
03-2012-0177,03,SANTS-MONTJUÏC,17,Sants - Badal,Avinguda,MADRID,2,114,,,,,,,1,C
03-2012-0225,03,SANTS-MONTJUÏC,18,Sants,Carrer,TENOR MASINI,2,26,,,,,,,03,
03-2012-0267,03,SANTS-MONTJUÏC,13,la Marina de Port,Carrer,MINERIA,1,7,,,,,,B,01,2
03-2012-0279,03,SANTS-MONTJUÏC,18,Sants,Carrer,MIRACLE,1,19,,,,,,,01,D
03-2012-0300,03,SANTS-MONTJUÏC,15,Hostafrancs,Carrer,FARELL,1,25,,,,,,,EN,4
03-2012-0324,03,SANTS-MONTJUÏC,11,el Poble Sec,Carrer,POETA CABANYES,2,20,,,,,,,EN,1
03-2012-0343,03,SANTS-MONTJUÏC,18,Sants,Rambla,BADAL,2,156,,,,,,,2,1
03-2012-0358,03,SANTS-MONTJUÏC,11,el Poble Sec,Carrer,JULIA,1,33,,,,,,,02,
03-2012-0363,03,SANTS-MONTJUÏC,11,el Poble Sec,Carrer,ROSER,2,28,,,,,,,03,1B
03-2012-0370,03,SANTS-MONTJUÏC,11,el Poble Sec,Carrer,MARGARIT,2,44,,,,,,,01,1
03-2012-0395,03,SANTS-MONTJUÏC,11,el Poble Sec,Carrer,VILA I VILA,1,77,,,,,,,EN,2
03-2012-0397,03,SANTS-MONTJUÏC,11,el Poble Sec,Carrer,VILA I VILA,1,77,,,,,,,03,2
03-2012-0398,03,SANTS-MONTJUÏC,11,el Poble Sec,Carrer,VILA I VILA,1,77,,,,,,,02,2
03-2012-0401,03,SANTS-MONTJUÏC,14,la Font de la Guatlla,Carrer,MEXIC,2,16,,18,,,,,02,2A
03-2012-0414,03,SANTS-MONTJUÏC,11,el Poble Sec,Avinguda,RIUS I TAULET,1,1,B,,,,,,SA,1
03-2012-0416,03,SANTS-MONTJUÏC,11,el Poble Sec,Carrer,ELKANO,2,16,,,,,,,01,1
03-2012-0430,03,SANTS-MONTJUÏC,15,Hostafrancs,Carrer,CREU COBERTA,1,121,,,,,,,PR,4
03-2012-0468,03,SANTS-MONTJUÏC,15,Hostafrancs,Gran Via,CORTS CATALANES,1,331,,,,,,,AT,
03-2012-0475,03,SANTS-MONTJUÏC,17,Sants - Badal,Carrer,MUNNE,1,9,,,,,,,02,2
03-2012-0494,03,SANTS-MONTJUÏC,18,Sants,Carrer,CERDANYOLA,2,22,,,,,,,EN,2
03-2012-0503,03,SANTS-MONTJUÏC,11,el Poble Sec,Carrer,VALLHONRAT,1,17,,,,,,,04,4
03-2012-0531,03,SANTS-MONTJUÏC,11,el Poble Sec,Carrer,NOU DE LA RAMBLA,1,139,,,,,,,04,1
03-2013-0049,03,SANTS-MONTJUÏC,11,el Poble Sec,Carrer,ROSER,1,81,,,,,,,2,2
03-2013-0084,03,SANTS-MONTJUÏC,14,la Font de la Guatlla,Gran Via,CORTS CATALANES,2,238,,,,,,,02,2
03-2013-0096,03,SANTS-MONTJUÏC,11,el Poble Sec,Carrer,LLEIDA,1,49,,,,,,,PR,1
03-2013-0108,03,SANTS-MONTJUÏC,18,Sants,Carrer,VALLESPIR,2,32,,,,,,,03,1
03-2013-0115,03,SANTS-MONTJUÏC,17,Sants - Badal,Carrer,SANTS,1,387,,,,,,,02,3
03-2013-0120,03,SANTS-MONTJUÏC,17,Sants - Badal,Carrer,SANTS,1,387,,,,,,,02,7
03-2013-0135,03,SANTS-MONTJUÏC,17,Sants - Badal,Carrer,SANTS,1,387,,,,,,,04,3
03-2013-0137,03,SANTS-MONTJUÏC,17,Sants - Badal,Carrer,SANTS,1,387,,,,,,,04,4
03-2013-0199,03,SANTS-MONTJUÏC,18,Sants,Carrer,ALMERIA,2,30,,,,,,,2,3
03-2013-0254,03,SANTS-MONTJUÏC,11,el Poble Sec,Carrer,VILA I VILA,1,89,,,,,,,05,2
03-2013-0297,03,SANTS-MONTJUÏC,15,Hostafrancs,Carrer,BEJAR,1,53,,,,,,,02,2
03-2013-0324,03,SANTS-MONTJUÏC,11,el Poble Sec,Carrer,PIQUER,1,15,,,,,,,03,1
03-2013-0351,03,SANTS-MONTJUÏC,18,Sants,Carrer,SAGUNT,1,71,,,,,,,BJ,
03-2013-0369,03,SANTS-MONTJUÏC,11,el Poble Sec,Carrer,BLASCO DE GARAY,1,3,,,,,,,EN,1
03-2013-0394,03,SANTS-MONTJUÏC,15,Hostafrancs,Carrer,FARELL,1,17,,,,,,,PR,1
03-2013-0433,03,SANTS-MONTJUÏC,11,el Poble Sec,Carrer,FONTRODONA,1,17,,,,,,,03,2
03-2013-0447,03,SANTS-MONTJUÏC,11,el Poble Sec,Carrer,MATA,2,24,,,,,,,4,2
03-2013-0470,03,SANTS-MONTJUÏC,11,el Poble Sec,Carrer,SALVA,2,40,,,,,,,01,2
03-2013-0471,03,SANTS-MONTJUÏC,11,el Poble Sec,Carrer,MARE DE DEU DEL REMEI,1,43,,45,,,,,AT,2
03-2013-0476,03,SANTS-MONTJUÏC,11,el Poble Sec,Carrer,SALVA,2,30,,,,,,,01,3
03-2013-0493,03,SANTS-MONTJUÏC,11,el Poble Sec,Carrer,ROSER,2,72,,,,,,,04,2
03-2013-0549,03,SANTS-MONTJUÏC,11,el Poble Sec,Carrer,TAPIOLES,2,36,,,,,,,05,1
03-2013-0557,03,SANTS-MONTJUÏC,11,el Poble Sec,Carrer,NOU DE LA RAMBLA,2,154,,,,,,,02,3
03-2013-0602,03,SANTS-MONTJUÏC,11,el Poble Sec,Carrer,MURILLO,1,13,,,,,,,01,1
03-2013-0613,03,SANTS-MONTJUÏC,18,Sants,Rambla,BRASIL,2,20,,,,,,,2,
03-2013-0622,03,SANTS-MONTJUÏC,11,el Poble Sec,Carrer,VALLHONRAT,2,22,,,,,,,03,3
03-2013-0639,03,SANTS-MONTJUÏC,15,Hostafrancs,Carrer,LEIVA,2,94,,,,,,,4,1
03-2013-0641,03,SANTS-MONTJUÏC,11,el Poble Sec,Carrer,BLASCO DE GARAY,2,46,,,,,,,04,3
03-2013-0665,03,SANTS-MONTJUÏC,17,Sants - Badal,Rambla,BADAL,1,151,,,,,,,7,3
03-2013-0684,03,SANTS-MONTJUÏC,11,el Poble Sec,Passeig,MONTJUIC,2,22,,24,,,,,03,3
03-2013-0686,03,SANTS-MONTJUÏC,11,el Poble Sec,Carrer,PIQUER,2,6,,,,,,,AT,3
03-2013-0690,03,SANTS-MONTJUÏC,11,el Poble Sec,Carrer,SALVA,2,30,,,,,,,03,2
03-2013-0726,03,SANTS-MONTJUÏC,14,la Font de la Guatlla,Gran Via,CORTS CATALANES,2,276,,,,,,,09,4
03-2013-0741,03,SANTS-MONTJUÏC,11,el Poble Sec,Carrer,CONCORDIA,2,26,,,,,,,EN,3
03-2013-0743,03,SANTS-MONTJUÏC,11,el Poble Sec,Carrer,MAGALHAES,1,39,,,,,,,BJ,2
03-2013-0748,03,SANTS-MONTJUÏC,11,el Poble Sec,Carrer,TAPIOLES,1,51,,,,,,,02,1
03-2013-0749,03,SANTS-MONTJUÏC,17,Sants - Badal,Carrer,ROGER,2,16,,,,,,,AT,
03-2013-0762,03,SANTS-MONTJUÏC,15,Hostafrancs,Carrer,CALLAO,2,8,,,,,,,03,1
03-2013-0765,03,SANTS-MONTJUÏC,15,Hostafrancs,Carrer,ALIGA,2,28,,,,,,,02,1
03-2013-0768,03,SANTS-MONTJUÏC,15,Hostafrancs,Carrer,ALIGA,2,28,,,,,,,PR,1
03-2014-0011,03,SANTS-MONTJUÏC,11,el Poble Sec,Carrer,CONCORDIA,1,59,,,,,,,02,1
03-2014-0037,03,SANTS-MONTJUÏC,11,el Poble Sec,Carrer,VILA I VILA,2,80,,,,,,,02,2
03-2014-0045,03,SANTS-MONTJUÏC,18,Sants,Carrer,ALCOLEA,1,19,,,,,,,01,2
03-2014-0088,03,SANTS-MONTJUÏC,11,el Poble Sec,Carrer,BLASCO DE GARAY,1,7,,,,,,,02,2
03-2014-0092,03,SANTS-MONTJUÏC,11,el Poble Sec,Carrer,BLASCO DE GARAY,1,7,,,,,,,EN,
03-2014-0105,03,SANTS-MONTJUÏC,14,la Font de la Guatlla,Carrer,SANT FRUCTUOS,2,10,,,,,,2,01,A
03-2014-0140,03,SANTS-MONTJUÏC,18,Sants,Carrer,GUADIANA,2,32,,38,,,,D,03,1
03-2014-0170,03,SANTS-MONTJUÏC,17,Sants - Badal,Carrer,SUGRANYES,2,28,,,,,,,05,2
03-2014-0211,03,SANTS-MONTJUÏC,11,el Poble Sec,Carrer,TAPIOLES,2,12,,,,,,,01,1
03-2014-0256,03,SANTS-MONTJUÏC,15,Hostafrancs,Carrer,MOIANES,1,63,,,,,,,04,1
03-2014-0257,03,SANTS-MONTJUÏC,14,la Font de la Guatlla,Carrer,SANT PAULI DE NOLA,1,3,,,,,,A,03,1
03-2014-0279,03,SANTS-MONTJUÏC,15,Hostafrancs,Carrer,MOIANES,1,73,,75,,,,,02,9
03-2014-0283,03,SANTS-MONTJUÏC,11,el Poble Sec,Carrer,TAPIOLES,2,12,,,,,,,03,2
03-2014-0286,03,SANTS-MONTJUÏC,15,Hostafrancs,Carrer,MOIANES,1,73,,75,,,,,03,5
03-2014-0320,03,SANTS-MONTJUÏC,11,el Poble Sec,Carrer,TAPIOLES,1,57,,,,,,,01,1
03-2014-0328,03,SANTS-MONTJUÏC,11,el Poble Sec,Carrer,PIQUER,2,14,,,,,,,EN,4
03-2014-0357,03,SANTS-MONTJUÏC,11,el Poble Sec,Carrer,FONTRODONA,1,13,B,,,,,,PR,1
03-2014-0365,03,SANTS-MONTJUÏC,11,el Poble Sec,Carrer,CONCORDIA,1,59,,,,,,,AT,2
03-2014-0369,03,SANTS-MONTJUÏC,11,el Poble Sec,Carrer,CONCORDIA,1,59,,,,,,,SA,1
03-2014-0388,03,SANTS-MONTJUÏC,15,Hostafrancs,Carrer,CREU COBERTA,1,87,,,,,,,02,B
03-2014-0393,03,SANTS-MONTJUÏC,11,el Poble Sec,Carrer,SALVA,1,37,,,,,,,04,3
03-2014-0422,03,SANTS-MONTJUÏC,11,el Poble Sec,Carrer,HORTES,1,3,,,,,,,03,2
03-2014-0423,03,SANTS-MONTJUÏC,15,Hostafrancs,Carrer,HOSTAFRANCS DE SIO,2,10,,,,,,,BJ,2
03-2014-0440,03,SANTS-MONTJUÏC,11,el Poble Sec,Carrer,ELKANO,1,67,,,,,,,1,2
03-2014-0464,03,SANTS-MONTJUÏC,11,el Poble Sec,Carrer,SALVA,1,59,,,,,,,EN,2
03-2014-0465,03,SANTS-MONTJUÏC,11,el Poble Sec,Carrer,SALVA,1,1,,,,,,,03,11
03-2014-0473,03,SANTS-MONTJUÏC,11,el Poble Sec,Carrer,MURILLO,1,17,,,,,,,03,1
03-2014-0529,03,SANTS-MONTJUÏC,18,Sants,Carrer,ROSSEND ARUS,1,19,,,,,,,01,
03-2014-0559,03,SANTS-MONTJUÏC,18,Sants,Carrer,SANTS,1,137,,,,,,,2,2
03-2014-0560,03,SANTS-MONTJUÏC,18,Sants,Carrer,SANTS,1,137,,,,,,,3,2
03-2014-0575,03,SANTS-MONTJUÏC,18,Sants,Carrer,GAIARRE,2,52,,54,,,I,,1,3
03-2014-0597,03,SANTS-MONTJUÏC,14,la Font de la Guatlla,Carrer,MEXIC,2,24,,,,,,,3,3
03-2014-0616,03,SANTS-MONTJUÏC,14,la Font de la Guatlla,Carrer,MEXIC,2,26,,,,,,,03,2
03-2014-0625,03,SANTS-MONTJUÏC,18,Sants,Carrer,JOCS FLORALS,2,106,,,,,,,01,1
03-2014-0635,03,SANTS-MONTJUÏC,18,Sants,Carrer,SOCORS,1,21,,,,,,,04,5
03-2014-0654,03,SANTS-MONTJUÏC,18,Sants,Carrer,CERDANYOLA,1,9,,,,,,B,02,2
03-2014-0666,03,SANTS-MONTJUÏC,17,Sants - Badal,Carrer,VIOLANT HONGRIA REINA ARAGO,1,53,,,,,,,1,3
03-2014-0668,03,SANTS-MONTJUÏC,18,Sants,Carrer,MIQUEL ANGEL,1,79,,,,,,,01,1
03-2014-0686,03,SANTS-MONTJUÏC,18,Sants,Carrer,REI MARTI,1,13,,,,,,,01,2
03-2014-0741,03,SANTS-MONTJUÏC,18,Sants,Passatge,BARO DE GRIÑO,2,2,,,,,,,01,2
03-2014-0747,03,SANTS-MONTJUÏC,18,Sants,Carrer,IBERIA,1,1,,,,,,,1,2
03-2014-0787,03,SANTS-MONTJUÏC,18,Sants,Carrer,TINENT FLOMESTA,1,37,,,,,,,PR,2
03-2014-0792,03,SANTS-MONTJUÏC,18,Sants,Carrer,TINENT FLOMESTA,1,37,,,,,,,2,2
03-2014-0848,03,SANTS-MONTJUÏC,17,Sants - Badal,Carrer,CARRERAS I CANDI,2,10,,,,,,,05,2
03-2016-0267,03,SANTS-MONTJUÏC,15,Hostafrancs,Carrer,VINT-I-SIS DE GENER DE 1641,1,15,,17,,,,,3,4
03-2023-0079,03,SANTS-MONTJUÏC,11,el Poble Sec,Carrer,NOU DE LA RAMBLA,1,147,,,,,,,3,2
03-2023-0097,03,SANTS-MONTJUÏC,11,el Poble Sec,Plaça,SANTA MADRONA,2,2,,,,,,,2,2
03-2023-0106,03,SANTS-MONTJUÏC,18,Sants,Carrer,EUSEBI PLANAS,1,9,,,,,,,2,2
03-2023-0243,03,SANTS-MONTJUÏC,11,el Poble Sec,Avinguda,PARAL.LEL,1,159,,,,,,,3,2
03-2023-0247,03,SANTS-MONTJUÏC,11,el Poble Sec,Avinguda,PARAL.LEL,1,159,,,,,A,,4,3
03-2023-0357,03,SANTS-MONTJUÏC,14,la Font de la Guatlla,Carrer,SANT FRUCTUOS,2,64,,74,,,,,2,11
03-2023-0376,03,SANTS-MONTJUÏC,14,la Font de la Guatlla,Carrer,SANT FRUCTUOS,2,64,,74,,,,,3,2
03-2023-0377,03,SANTS-MONTJUÏC,14,la Font de la Guatlla,Carrer,SANT FRUCTUOS,2,64,,74,,,,,3,3
03-2023-0383,03,SANTS-MONTJUÏC,14,la Font de la Guatlla,Carrer,SANT FRUCTUOS,2,64,,74,,,,,3,9
03-2023-0392,03,SANTS-MONTJUÏC,14,la Font de la Guatlla,Carrer,SANT FRUCTUOS,2,64,,74,,,,,3,18
03-2024-0056,03,SANTS-MONTJUÏC,11,el Poble Sec,Carrer,FONT HONRADA,1,37,,,,,,,1,2
03-2024-0090,03,SANTS-MONTJUÏC,18,Sants,Carrer,MELCIOR DE PALAU,2,84,,,,,,,2,1
04-2010-0174,04,LES CORTS,19,les Corts,Carrer,JOAN GUELL,1,169,,,,,,,01,3
04-2010-0177,04,LES CORTS,19,les Corts,Carrer,JOAN GUELL,1,169,,,,,,,01,5
04-2010-0178,04,LES CORTS,19,les Corts,Carrer,JOAN GUELL,1,169,,,,,,,01,6
04-2010-0180,04,LES CORTS,19,les Corts,Carrer,JOAN GUELL,1,169,,,,,,,01,8
04-2010-0186,04,LES CORTS,19,les Corts,Carrer,JOAN GUELL,1,169,,,,,,,02,6
04-2010-0198,04,LES CORTS,19,les Corts,Carrer,JOAN GUELL,1,169,,,,,,,03,7
04-2010-0207,04,LES CORTS,19,les Corts,Carrer,JOAN GUELL,1,169,,,,,,,04,8
04-2010-0302,04,LES CORTS,19,les Corts,Carrer,NUMANCIA,2,126,,,,,,,02,2
04-2012-0048,04,LES CORTS,20,la Maternitat i Sant Ramon,Carrer,COMTE DE GUELL,2,30,,,,,,,01,2
04-2012-0235,04,LES CORTS,19,les Corts,Carrer,GERARD PIERA,1,5,,11,,,,,BJ,6
04-2012-0240,04,LES CORTS,21,Pedralbes,Carrer,BELTRAN I ROZPIDE,1,7,,9,,,,,06,1
04-2012-0251,04,LES CORTS,19,les Corts,Carrer,LORETO,2,32,,,,,,,02,1
04-2012-0259,04,LES CORTS,21,Pedralbes,Carrer,BELTRAN I ROZPIDE,1,7,,9,,,,,5,10
04-2012-0267,04,LES CORTS,20,la Maternitat i Sant Ramon,Travessera,CORTS,2,114,,,,,,,02,2
04-2012-0269,04,LES CORTS,20,la Maternitat i Sant Ramon,Travessera,CORTS,2,114,,,,,,,03,2
04-2012-0344,04,LES CORTS,19,les Corts,Carrer,GALILEU,1,241,,,,,,,03,
04-2013-0052,04,LES CORTS,19,les Corts,Avinguda,DIAGONAL,1,511,,,,,,,AT,2
04-2013-0231,04,LES CORTS,19,les Corts,Carrer,GALILEU,2,316,,,,,,,4,3
04-2014-0020,04,LES CORTS,19,les Corts,Carrer,GUITARD,2,70,,,,,,,06,2
04-2014-0136,04,LES CORTS,19,les Corts,Carrer,GUITARD,2,80,,,,,,,06,6
04-2014-0140,04,LES CORTS,20,la Maternitat i Sant Ramon,Travessera,CORTS,2,118,,120,,,,,02,2
04-2014-0146,04,LES CORTS,20,la Maternitat i Sant Ramon,Travessera,CORTS,2,138,,140,,,,,01,4
04-2014-0168,04,LES CORTS,19,les Corts,Carrer,SOLA,1,23,,,,,,,BJ,B
04-2014-0187,04,LES CORTS,20,la Maternitat i Sant Ramon,Carrer,BENAVENT,1,39,,,,,,,02,
04-2014-0282,04,LES CORTS,19,les Corts,Carrer,GALILEU,2,316,,,,,,,2,4
04-2014-0285,04,LES CORTS,19,les Corts,Carrer,GALILEU,2,316,,,,,,,EN,6
04-2014-0292,04,LES CORTS,19,les Corts,Travessera,CORTS,2,262,,,,,,B,02,1
04-2014-0293,04,LES CORTS,19,les Corts,Carrer,MARQUES DE SENTMENAT,2,44,,,,,,I,06,A
04-2014-0338,04,LES CORTS,19,les Corts,Carrer,GALILEU,1,281,,,,,,,01,4
04-2014-0374,04,LES CORTS,19,les Corts,Carrer,LLUÇA,1,5,,,,,,,EN,1
04-2014-0467,04,LES CORTS,21,Pedralbes,Avinguda,MARE DE DEU DE LORDA,2,22,,,,,,,BJ,
04-2023-0147,04,LES CORTS,19,les Corts,Carrer,GALILEU,1,245,,,,,,,BJ,
05-2008-0143,05,SARRIA-SANT GERVASI,26,Sant Gervasi - Galvany,Carrer,CALVET,1,17,,,,,,,03,3
05-2008-0325,05,SARRIA-SANT GERVASI,26,Sant Gervasi - Galvany,Carrer,SAGUES,1,11,,13,,,,,03,2
05-2008-0471,05,SARRIA-SANT GERVASI,26,Sant Gervasi - Galvany,Carrer,LAFORJA,2,128,,,,,,,04,3
05-2009-0162,05,SARRIA-SANT GERVASI,26,Sant Gervasi - Galvany,Plaça,GAL.LA PLACIDIA,1,1,,3,,,,A,06,1
05-2009-0251,05,SARRIA-SANT GERVASI,26,Sant Gervasi - Galvany,Travessera,GRACIA,1,13,,,,,,,03,3
05-2010-0488,05,SARRIA-SANT GERVASI,26,Sant Gervasi - Galvany,Travessera,GRACIA,1,13,,,,,,,02,2
05-2010-0500,05,SARRIA-SANT GERVASI,26,Sant Gervasi - Galvany,Plaça,GAL.LA PLACIDIA,1,1,,3,,,,A,5,1
05-2011-0297,05,SARRIA-SANT GERVASI,27,el Putxet i el Farró,Carrer,HOMER,1,35,,,,,,,BJ,1
05-2012-0060,05,SARRIA-SANT GERVASI,26,Sant Gervasi - Galvany,Via,AUGUSTA,1,153,,,,,,,04,1
05-2012-0130,05,SARRIA-SANT GERVASI,26,Sant Gervasi - Galvany,Avinguda,DIAGONAL,2,506,,,,,,,07,1B
05-2012-0176,05,SARRIA-SANT GERVASI,26,Sant Gervasi - Galvany,Avinguda,DIAGONAL,2,594,,,,,,,05,1
05-2012-0250,05,SARRIA-SANT GERVASI,26,Sant Gervasi - Galvany,Avinguda,DIAGONAL,2,572,,,,,,,2,1A
05-2012-0253,05,SARRIA-SANT GERVASI,26,Sant Gervasi - Galvany,Travessera,GRACIA,1,51,,,,,,,1,2
05-2012-0282,05,SARRIA-SANT GERVASI,27,el Putxet i el Farró,Carrer,BALLESTER,2,46,,,,,,,BJ,2
05-2012-0291,05,SARRIA-SANT GERVASI,27,el Putxet i el Farró,Carrer,BALLESTER,2,46,,,,,,,01,6
05-2012-0296,05,SARRIA-SANT GERVASI,27,el Putxet i el Farró,Carrer,BALLESTER,2,34,,,,,,,BJ,3
05-2012-0371,05,SARRIA-SANT GERVASI,26,Sant Gervasi - Galvany,Carrer,GANDUXER,2,50,,,,,,,04,1
05-2012-0383,05,SARRIA-SANT GERVASI,26,Sant Gervasi - Galvany,Carrer,FRANCESC PEREZ-CABRERO,1,11,,,,,,,01,2
05-2012-0384,05,SARRIA-SANT GERVASI,26,Sant Gervasi - Galvany,Carrer,BRUSI,2,102,,,,,,,BJ,1
05-2012-0432,05,SARRIA-SANT GERVASI,26,Sant Gervasi - Galvany,Carrer,MUNTANER,1,425,,,,,,,PR,1
05-2012-0473,05,SARRIA-SANT GERVASI,26,Sant Gervasi - Galvany,Carrer,GANDUXER,2,50,,,,,,,05,3
05-2012-0497,05,SARRIA-SANT GERVASI,27,el Putxet i el Farró,Carrer,BERTRAN,2,90,,,,,,,,
05-2012-0511,05,SARRIA-SANT GERVASI,26,Sant Gervasi - Galvany,Carrer,CALVET,1,15,,,,,,,PR,2
05-2012-0519,05,SARRIA-SANT GERVASI,27,el Putxet i el Farró,Carrer,FRANCOLI,1,55,,,,,,,PR,3
05-2012-0535,05,SARRIA-SANT GERVASI,27,el Putxet i el Farró,Carrer,FRANCOLI,1,55,,,,,,,PR,1
05-2012-0539,05,SARRIA-SANT GERVASI,27,el Putxet i el Farró,Carrer,FRANCOLI,1,55,,,,,,,4,3
05-2012-0540,05,SARRIA-SANT GERVASI,27,el Putxet i el Farró,Carrer,FRANCOLI,1,55,,,,,,,4,2
05-2012-0570,05,SARRIA-SANT GERVASI,26,Sant Gervasi - Galvany,Passatge,JOSEP LLOVERA,1,13,,,,,,C,02,2
05-2012-0626,05,SARRIA-SANT GERVASI,26,Sant Gervasi - Galvany,Carrer,CALVET,1,17,,,,,,,01,3
05-2013-0056,05,SARRIA-SANT GERVASI,27,el Putxet i el Farró,Carrer,SARAGOSSA,2,16,,,,,,,03,3
05-2013-0062,05,SARRIA-SANT GERVASI,27,el Putxet i el Farró,Carrer,VALLIRANA,1,29,,31,,,,,2,B
05-2013-0077,05,SARRIA-SANT GERVASI,27,el Putxet i el Farró,Carrer,BERTRAN,2,152,,,,,,,01,2
05-2013-0099,05,SARRIA-SANT GERVASI,27,el Putxet i el Farró,Passeig,SANT GERVASI,2,58,,,,,,,04,1
05-2013-0115,05,SARRIA-SANT GERVASI,22,Vallvidrera, el Tibidabo i les Planes,Carrer,ALBERES,2,18,,,,,,,BJ,2
05-2013-0168,05,SARRIA-SANT GERVASI,26,Sant Gervasi - Galvany,Via,AUGUSTA,1,95,,,,,,,04,1
05-2013-0239,05,SARRIA-SANT GERVASI,27,el Putxet i el Farró,Carrer,MARE DE DEU DEL CARMEL,1,25,,,,,,,01,1
05-2013-0396,05,SARRIA-SANT GERVASI,26,Sant Gervasi - Galvany,Carrer,AVENIR,1,69,,,,,,,2,2
05-2013-0403,05,SARRIA-SANT GERVASI,27,el Putxet i el Farró,Carrer,PADUA,1,43,,,,,,,01,
05-2013-0438,05,SARRIA-SANT GERVASI,27,el Putxet i el Farró,Carrer,BALMES,2,438,,440,,,,,05,D
05-2013-0443,05,SARRIA-SANT GERVASI,26,Sant Gervasi - Galvany,Carrer,SAGUES,1,49,,,,,,,1,1
05-2013-0445,05,SARRIA-SANT GERVASI,26,Sant Gervasi - Galvany,Carrer,SAGUES,1,49,,,,,,,5,2
05-2013-0488,05,SARRIA-SANT GERVASI,26,Sant Gervasi - Galvany,Carrer,ARIBAU,2,226,,,,,,D,1,
05-2013-0496,05,SARRIA-SANT GERVASI,27,el Putxet i el Farró,Carrer,BERTRAN,2,156,,,,,,,PR,4
05-2014-0026,05,SARRIA-SANT GERVASI,24,les Tres Torres,Ronda,GENERAL MITRE,1,7,,,,,,,01,3
05-2014-0068,05,SARRIA-SANT GERVASI,26,Sant Gervasi - Galvany,Carrer,LAFORJA,1,101,,,,,,,04,1
05-2014-0094,05,SARRIA-SANT GERVASI,27,el Putxet i el Farró,Carrer,BERTRAN,2,156,,,,,,,PR,1
05-2014-0122,05,SARRIA-SANT GERVASI,27,el Putxet i el Farró,Plaça,LESSEPS,1,31,,,,,,,PR,
05-2014-0156,05,SARRIA-SANT GERVASI,27,el Putxet i el Farró,Carrer,VALLIRANA,1,29,,31,,,,,1,B
05-2014-0199,05,SARRIA-SANT GERVASI,26,Sant Gervasi - Galvany,Carrer,BALMES,1,183,,,,,,,6,2
05-2014-0200,05,SARRIA-SANT GERVASI,23,Sarrià,Carrer,BONAPLATA,2,20,,,,,,,01,1
05-2014-0202,05,SARRIA-SANT GERVASI,23,Sarrià,Carrer,BONAPLATA,2,20,,,,,,,02,1
05-2014-0209,05,SARRIA-SANT GERVASI,26,Sant Gervasi - Galvany,Carrer,ARIBAU,2,226,,,,,,,4,D
05-2014-0214,05,SARRIA-SANT GERVASI,27,el Putxet i el Farró,Carrer,BERTRAN,2,4,,,,,,,02,
05-2014-0231,05,SARRIA-SANT GERVASI,26,Sant Gervasi - Galvany,Carrer,SANTALO,1,43,,,,,,,PR,3
05-2014-0237,05,SARRIA-SANT GERVASI,27,el Putxet i el Farró,Carrer,BALMES,2,346,,,,,,,02,1
05-2014-0239,05,SARRIA-SANT GERVASI,22,Vallvidrera, el Tibidabo i les Planes,Carrer,MONT D'ORSA,1,7,,,,,,,03,1
05-2014-0240,05,SARRIA-SANT GERVASI,26,Sant Gervasi - Galvany,Carrer,MADRAZO,1,49,,,,,,,EN,
05-2014-0252,05,SARRIA-SANT GERVASI,26,Sant Gervasi - Galvany,Carrer,ARIBAU,1,237,,241,,,,,03,4
05-2014-0258,05,SARRIA-SANT GERVASI,25,Sant Gervasi - la Bonanova,Passeig,BONANOVA,2,10,,,,,,A,2,2
05-2014-0372,05,SARRIA-SANT GERVASI,23,Sarrià,Carrer,MARE DE DEU DE NURIA,2,24,,26,,,,B,01,C
05-2016-0308,05,SARRIA-SANT GERVASI,26,Sant Gervasi - Galvany,Carrer,ARIBAU,2,228,,,,,,D,PR,1
05-2016-0329,05,SARRIA-SANT GERVASI,26,Sant Gervasi - Galvany,Carrer,ARIBAU,2,226,,,,,,,BJ,E
05-2016-0360,05,SARRIA-SANT GERVASI,26,Sant Gervasi - Galvany,Carrer,ARIBAU,2,228,,,,,,D,1,2
05-2016-0362,05,SARRIA-SANT GERVASI,26,Sant Gervasi - Galvany,Carrer,ARIBAU,2,228,,,,,,E,1,2
05-2019-0442,05,SARRIA-SANT GERVASI,26,Sant Gervasi - Galvany,Carrer,SANT EUSEBI,2,38,,,,,,,1,4
05-2020-0072,05,SARRIA-SANT GERVASI,27,el Putxet i el Farró,Ronda,GENERAL MITRE,1,203,B,,,,,,6,1
05-2022-0331,05,SARRIA-SANT GERVASI,25,Sant Gervasi - la Bonanova,Carrer,CASTANYER,1,5,,,,,,,1,04
05-2023-0003,05,SARRIA-SANT GERVASI,25,Sant Gervasi - la Bonanova,Carrer,MUNTANER,2,496,,,,,,,5,2
05-2023-0091,05,SARRIA-SANT GERVASI,25,Sant Gervasi - la Bonanova,Carrer,CASTANYER,1,5,,,,,,,4,2
05-2023-0100,05,SARRIA-SANT GERVASI,27,el Putxet i el Farró,Carrer,PUTXET,2,26,,,,,,,2,1
05-2023-0103,05,SARRIA-SANT GERVASI,27,el Putxet i el Farró,Carrer,PUTXET,2,26,,,,,,,3,2
05-2023-0104,05,SARRIA-SANT GERVASI,27,el Putxet i el Farró,Carrer,PUTXET,2,26,,,,,,,4,1
05-2023-0107,05,SARRIA-SANT GERVASI,27,el Putxet i el Farró,Carrer,PUTXET,2,26,,,,,,,5,2
05-2023-0109,05,SARRIA-SANT GERVASI,27,el Putxet i el Farró,Carrer,PUTXET,2,26,,,,,,,6,2
05-2023-0110,05,SARRIA-SANT GERVASI,27,el Putxet i el Farró,Carrer,PUTXET,2,26,,,,,,,AT,1
05-2023-0112,05,SARRIA-SANT GERVASI,27,el Putxet i el Farró,Carrer,PUTXET,2,26,,,,,,,SA,2
05-2023-0113,05,SARRIA-SANT GERVASI,27,el Putxet i el Farró,Carrer,PUTXET,2,26,,,,,,,SA,1
05-2023-0312,05,SARRIA-SANT GERVASI,26,Sant Gervasi - Galvany,Carrer,BALMES,1,327,,329,,,,,1,3
05-2023-0321,05,SARRIA-SANT GERVASI,26,Sant Gervasi - Galvany,Carrer,BALMES,1,327,,329,,,,,3,3
05-2023-0328,05,SARRIA-SANT GERVASI,26,Sant Gervasi - Galvany,Carrer,BALMES,1,327,,329,,,,,5,1
05-2023-0331,05,SARRIA-SANT GERVASI,26,Sant Gervasi - Galvany,Carrer,BALMES,1,327,,329,,,,,5,3
05-2023-0337,05,SARRIA-SANT GERVASI,26,Sant Gervasi - Galvany,Carrer,BALMES,1,327,,329,,,,,6,4
05-2023-0342,05,SARRIA-SANT GERVASI,26,Sant Gervasi - Galvany,Carrer,BALMES,1,327,,329,,,,,SA,1
05-2023-0394,05,SARRIA-SANT GERVASI,25,Sant Gervasi - la Bonanova,Carrer,MUNTANER,2,496,,,,,,,4,1
05-2023-0414,05,SARRIA-SANT GERVASI,27,el Putxet i el Farró,Avinguda,REPUBLICA ARGENTINA,1,5,,7,,,D,,BJ,3
05-2023-0430,05,SARRIA-SANT GERVASI,27,el Putxet i el Farró,Avinguda,REPUBLICA ARGENTINA,1,5,,7,,,,,3,4
05-2023-0433,05,SARRIA-SANT GERVASI,27,el Putxet i el Farró,Avinguda,REPUBLICA ARGENTINA,1,5,,7,,,,,4,1
05-2023-0438,05,SARRIA-SANT GERVASI,27,el Putxet i el Farró,Avinguda,REPUBLICA ARGENTINA,1,5,,7,,,,,4,6
05-2024-0133,05,SARRIA-SANT GERVASI,26,Sant Gervasi - Galvany,Carrer,MUNTANER,1,283,,,,,,,1,2
05-2024-0165,05,SARRIA-SANT GERVASI,27,el Putxet i el Farró,Ronda,GENERAL MITRE,2,240,,,,,,,3,2
06-2008-0163,06,GRACIA,31,la Vila de Gràcia,Carrer,FRANCISCO GINER,2,50,,,,,,,01,
06-2008-0209,06,GRACIA,32,el Camp d'en Grassot i Gràcia Nova,Carrer,INDUSTRIA,2,16,,,,,,,04,2
06-2008-0234,06,GRACIA,32,el Camp d'en Grassot i Gràcia Nova,Carrer,VENTALLO,2,48,,,,,,,01,4
06-2008-0236,06,GRACIA,32,el Camp d'en Grassot i Gràcia Nova,Carrer,VENTALLO,2,48,,,,,,,03,1
06-2008-0294,06,GRACIA,32,el Camp d'en Grassot i Gràcia Nova,Carrer,SARDENYA,1,359,,,,,,,02,3
06-2008-0432,06,GRACIA,31,la Vila de Gràcia,Travessera,GRACIA,1,133,,,,,,,01,1
06-2008-0433,06,GRACIA,31,la Vila de Gràcia,Travessera,GRACIA,1,133,,,,,,,01,2
06-2008-0437,06,GRACIA,31,la Vila de Gràcia,Travessera,GRACIA,1,133,,,,,,,03,2
06-2009-0062,06,GRACIA,32,el Camp d'en Grassot i Gràcia Nova,Carrer,VENTALLO,2,12,,,,,,,1,
06-2009-0230,06,GRACIA,31,la Vila de Gràcia,Carrer,TORRENT DE L'OLLA,2,24,,,,,,,01,1
06-2009-0335,06,GRACIA,32,el Camp d'en Grassot i Gràcia Nova,Passatge,NOGUES,1,5,,,,,,,EN,1
06-2009-0398,06,GRACIA,31,la Vila de Gràcia,Carrer,TORRENT DE L'OLLA,1,161,,,,,,,02,1
06-2010-0139,06,GRACIA,31,la Vila de Gràcia,Carrer,SANT PERE MARTIR,1,39,,,,,,,04,1
06-2010-0164,06,GRACIA,31,la Vila de Gràcia,Passeig,GRACIA,2,128,,,,,,,01,1
06-2010-0165,06,GRACIA,31,la Vila de Gràcia,Passeig,GRACIA,2,128,,,,,,,01,2
06-2010-0167,06,GRACIA,31,la Vila de Gràcia,Passeig,GRACIA,2,128,,,,,,,02,1
06-2010-0169,06,GRACIA,31,la Vila de Gràcia,Passeig,GRACIA,2,128,,,,,,,02,3
06-2010-0216,06,GRACIA,31,la Vila de Gràcia,Carrer,TOPAZI,1,15,,,,,,,BJ,
06-2010-0225,06,GRACIA,32,el Camp d'en Grassot i Gràcia Nova,Carrer,GRASSOT,2,4,,,,,,,03,2
06-2010-0243,06,GRACIA,31,la Vila de Gràcia,Carrer,MARTINEZ DE LA ROSA,1,11,,,,,,,02,3
06-2010-0327,06,GRACIA,31,la Vila de Gràcia,Carrer,SANTA TECLA,1,3,,,,,,,04,2
06-2010-0379,06,GRACIA,32,el Camp d'en Grassot i Gràcia Nova,Passeig,SANT JOAN,2,168,,,,,,,02,1
06-2010-0380,06,GRACIA,32,el Camp d'en Grassot i Gràcia Nova,Carrer,INDUSTRIA,2,24,,,,,,,AT,1
06-2010-0424,06,GRACIA,31,la Vila de Gràcia,Carrer,BANYOLES,1,9,,,,,,,AT,1
06-2010-0491,06,GRACIA,31,la Vila de Gràcia,Passeig,GRACIA,1,113,,,,,,,02,A
06-2010-0520,06,GRACIA,31,la Vila de Gràcia,Carrer,SANTA TECLA,1,3,,,,,,,04,3
06-2010-0536,06,GRACIA,31,la Vila de Gràcia,Carrer,SANTA TECLA,1,3,,,,,,,02,1
06-2010-0541,06,GRACIA,31,la Vila de Gràcia,Carrer,MOZART,1,7,,,,,,,02,3
06-2011-0037,06,GRACIA,31,la Vila de Gràcia,Plaça,REVOLUCIO DE SETEMBRE 1868,2,12,,,,,,,01,1
06-2012-0110,06,GRACIA,31,la Vila de Gràcia,Carrer,GRAN DE GRACIA,1,205,,,,,,,04,2
06-2012-0141,06,GRACIA,28,Vallcarca i els Penitents,Carrer,BARO DE LA BARRE,2,44,,,,,,,01,2
06-2012-0208,06,GRACIA,31,la Vila de Gràcia,Travessera,GRACIA,2,136,,,,,,,01,1
06-2012-0219,06,GRACIA,31,la Vila de Gràcia,Carrer,SANT AGUSTI,2,12,,,,,,,01,2
06-2012-0279,06,GRACIA,31,la Vila de Gràcia,Carrer,SANT SALVADOR,2,20,,,,,,,BJ,1
06-2012-0281,06,GRACIA,31,la Vila de Gràcia,Carrer,SANT SALVADOR,2,20,,,,,,,BJ,3
06-2012-0318,06,GRACIA,31,la Vila de Gràcia,Carrer,RAMON Y CAJAL,1,69,,71,,,,,01,4
06-2012-0321,06,GRACIA,31,la Vila de Gràcia,Carrer,BRUNIQUER,1,59,,,,,,,AT,3
06-2012-0328,06,GRACIA,30,la Salut,Carrer,SARDENYA,1,555,,,,,,,06,2
06-2012-0348,06,GRACIA,31,la Vila de Gràcia,Carrer,LLIBERTAT,1,15,,,,,,,3,1
06-2012-0356,06,GRACIA,32,el Camp d'en Grassot i Gràcia Nova,Carrer,HIPOLIT LAZARO,1,19,,,,,,E,03,3
06-2012-0366,06,GRACIA,32,el Camp d'en Grassot i Gràcia Nova,Travessera,GRACIA,1,343,,,,,,,BJ,
06-2012-0367,06,GRACIA,32,el Camp d'en Grassot i Gràcia Nova,Travessera,GRACIA,1,343,,,,,,,1,1
06-2012-0370,06,GRACIA,32,el Camp d'en Grassot i Gràcia Nova,Travessera,GRACIA,1,343,,,,,,,2,2
06-2012-0381,06,GRACIA,31,la Vila de Gràcia,Carrer,RIERA DE SANT MIQUEL,2,64,,,,,,,02,2
06-2012-0395,06,GRACIA,31,la Vila de Gràcia,Carrer,PERILL,2,50,,,,,,,AT,
06-2012-0400,06,GRACIA,31,la Vila de Gràcia,Via,AUGUSTA,2,40,,,,,,,01,2
06-2012-0407,06,GRACIA,31,la Vila de Gràcia,Carrer,BRUNIQUER,2,46,,,,,,,04,2
06-2012-0444,06,GRACIA,32,el Camp d'en Grassot i Gràcia Nova,Passatge,ALIO,2,12,,,,,,,02,2
06-2012-0448,06,GRACIA,31,la Vila de Gràcia,Carrer,TORRENT DE L'OLLA,1,193,,195,,,,,05,2
06-2012-0451,06,GRACIA,31,la Vila de Gràcia,Carrer,VILAFRANCA,2,32,,,,,,,BJ,3
06-2012-0454,06,GRACIA,32,el Camp d'en Grassot i Gràcia Nova,Carrer,PAU ALSINA,1,57,,,,,,,3,2
06-2012-0456,06,GRACIA,32,el Camp d'en Grassot i Gràcia Nova,Carrer,PAU ALSINA,1,57,,,,,,,4,2
06-2012-0457,06,GRACIA,32,el Camp d'en Grassot i Gràcia Nova,Carrer,PAU ALSINA,1,57,,,,,,,04,3
06-2012-0479,06,GRACIA,31,la Vila de Gràcia,Carrer,SANTA PERPETUA,1,13,,,,,,,02,2
06-2012-0487,06,GRACIA,31,la Vila de Gràcia,Carrer,MONTMANY,1,27,,,,,,,2,3
06-2012-0501,06,GRACIA,30,la Salut,Carrer,CA L'ALEGRE DE DALT,2,112,,,,,,,01,3
06-2012-0504,06,GRACIA,30,la Salut,Carrer,CA L'ALEGRE DE DALT,2,112,,,,,,,01,6
06-2012-0519,06,GRACIA,32,el Camp d'en Grassot i Gràcia Nova,Carrer,SANT ANTONI MARIA CLARET,1,3,,,,,,,01,3
06-2012-0573,06,GRACIA,32,el Camp d'en Grassot i Gràcia Nova,Carrer,SANT ANTONI MARIA CLARET,1,3,,,,,,,01,1
06-2012-0588,06,GRACIA,32,el Camp d'en Grassot i Gràcia Nova,Carrer,ENCARNACIO,2,142,,,,,,,01,2
06-2012-0589,06,GRACIA,32,el Camp d'en Grassot i Gràcia Nova,Carrer,ENCARNACIO,2,142,,,,,,,02,1
06-2012-0600,06,GRACIA,31,la Vila de Gràcia,Carrer,SANT DOMENEC,1,5,,,,,,,01,2
06-2012-0604,06,GRACIA,31,la Vila de Gràcia,Carrer,SANT DOMENEC,1,5,,,,,,,02,1
06-2012-0613,06,GRACIA,31,la Vila de Gràcia,Carrer,SAMSO,2,2,,,,,,,01,4
06-2012-0623,06,GRACIA,31,la Vila de Gràcia,Carrer,AULESTIA I PIJOAN,1,25,,,,,,,01,
06-2012-0625,06,GRACIA,31,la Vila de Gràcia,Carrer,MARTINEZ DE LA ROSA,2,40,,,,,,,PR,1
06-2012-0639,06,GRACIA,31,la Vila de Gràcia,Carrer,MILA I FONTANALS,2,88,,,,,,,02,
06-2013-0025,06,GRACIA,32,el Camp d'en Grassot i Gràcia Nova,Carrer,SARDENYA,1,333,,,,,,,06,4
06-2013-0041,06,GRACIA,31,la Vila de Gràcia,Carrer,JESUS,2,18,,,,,,,PR,2
06-2013-0061,06,GRACIA,31,la Vila de Gràcia,Via,AUGUSTA,2,58,,,,,,,04,2
06-2013-0087,06,GRACIA,30,la Salut,Passatge,SANT JOSEP DE LA MUNTANYA,1,13,,,,,,,01,1
06-2013-0095,06,GRACIA,28,Vallcarca i els Penitents,Carrer,RIERA DE VALLCARCA,1,17,,,,,,,02,2
06-2013-0102,06,GRACIA,32,el Camp d'en Grassot i Gràcia Nova,Carrer,VENTALLO,1,35,,,,,,,PR,2
06-2013-0117,06,GRACIA,31,la Vila de Gràcia,Carrer,SANT AGUSTI,2,8,,,,,,,01,2
06-2013-0152,06,GRACIA,32,el Camp d'en Grassot i Gràcia Nova,Carrer,SICILIA,2,376,,,,,,,AT,1
06-2013-0174,06,GRACIA,31,la Vila de Gràcia,Carrer,PERILL,2,52,,,,,,I,1,1
06-2013-0236,06,GRACIA,31,la Vila de Gràcia,Carrer,TORRENT DE L'OLLA,2,28,,,,,,,PR,1
06-2013-0237,06,GRACIA,31,la Vila de Gràcia,Passeig,GRACIA,1,117,,,,,,,04,2
06-2013-0251,06,GRACIA,31,la Vila de Gràcia,Carrer,PEREZ GALDOS,2,32,,,,,,,03,1
06-2013-0283,06,GRACIA,31,la Vila de Gràcia,Travessera,GRACIA,2,190,,,,,,,01,
06-2013-0301,06,GRACIA,31,la Vila de Gràcia,Carrer,TORRENT D'EN VIDALET,2,64,,,,,,,BJ,
06-2013-0312,06,GRACIA,31,la Vila de Gràcia,Carrer,MASSENS,1,23,,,,,,,BJ,
06-2013-0314,06,GRACIA,31,la Vila de Gràcia,Carrer,MASSENS,1,23,,,,,,,01,2
06-2013-0346,06,GRACIA,32,el Camp d'en Grassot i Gràcia Nova,Passatge,NOGUES,1,61,,,,,,,01,
06-2013-0385,06,GRACIA,31,la Vila de Gràcia,Carrer,JOAN BLANQUES,1,67,,69,,,,,EN,3
06-2013-0391,06,GRACIA,31,la Vila de Gràcia,Carrer,JOAN BLANQUES,1,67,,69,,,,,02,3
06-2013-0410,06,GRACIA,31,la Vila de Gràcia,Carrer,MILA I FONTANALS,1,55,,,,,,,PR,1
06-2013-0420,06,GRACIA,31,la Vila de Gràcia,Carrer,MILA I FONTANALS,1,55,,,,,,,05,
06-2013-0429,06,GRACIA,31,la Vila de Gràcia,Travessera,DALT,2,10,,,,,,,AT,1
06-2013-0451,06,GRACIA,31,la Vila de Gràcia,Travessera,GRACIA,2,98,B,,,,,,03,
06-2013-0456,06,GRACIA,31,la Vila de Gràcia,Carrer,ASTURIES,2,70,,,,,,,BJ,1
06-2013-0469,06,GRACIA,31,la Vila de Gràcia,Carrer,REIG I BONET,1,9,,,,,,,04,2
06-2013-0475,06,GRACIA,31,la Vila de Gràcia,Passeig,GRACIA,2,126,,,,,,,5,
06-2013-0500,06,GRACIA,31,la Vila de Gràcia,Carrer,SAMSO,2,4,,,,,,,01,1
06-2013-0543,06,GRACIA,31,la Vila de Gràcia,Carrer,MOZART,1,5,,,,,,,03,2
06-2013-0547,06,GRACIA,31,la Vila de Gràcia,Carrer,SANT PERE MARTIR,2,20,,,,,,,02,2
06-2013-0557,06,GRACIA,32,el Camp d'en Grassot i Gràcia Nova,Carrer,ROGER DE FLOR,1,253,,,,,,,AT,2
06-2013-0575,06,GRACIA,32,el Camp d'en Grassot i Gràcia Nova,Carrer,VENTALLO,2,48,,,,,,,01,3
06-2013-0647,06,GRACIA,31,la Vila de Gràcia,Carrer,TORRENT DE L'OLLA,2,196,,,,,,,05,3
06-2013-0681,06,GRACIA,31,la Vila de Gràcia,Carrer,BONAVISTA,2,6,,,,,,I,02,1
06-2013-0682,06,GRACIA,31,la Vila de Gràcia,Carrer,PERILL,1,33,,,,,,,03,4
06-2013-0743,06,GRACIA,32,el Camp d'en Grassot i Gràcia Nova,Carrer,CORSEGA,1,507,,509,,,,A,SA,3
06-2014-0015,06,GRACIA,32,el Camp d'en Grassot i Gràcia Nova,Carrer,SICILIA,2,348,,,,,,,01,1
06-2014-0016,06,GRACIA,31,la Vila de Gràcia,Carrer,LLIBERTAT,2,38,,,,,,,01,3
06-2014-0037,06,GRACIA,31,la Vila de Gràcia,Carrer,VIC,1,11,,,,,,,03,1
06-2014-0039,06,GRACIA,32,el Camp d'en Grassot i Gràcia Nova,Carrer,PAU ALSINA,2,42,,46,,,,,EN,3
06-2014-0047,06,GRACIA,28,Vallcarca i els Penitents,Carrer,MARE DE DEU DEL COLL,2,82,,,,,,,03,1
06-2014-0057,06,GRACIA,32,el Camp d'en Grassot i Gràcia Nova,Carrer,CORSEGA,1,523,,,,,,,04,1
06-2014-0059,06,GRACIA,32,el Camp d'en Grassot i Gràcia Nova,Carrer,CORSEGA,1,523,,,,,,,03,1
06-2014-0079,06,GRACIA,28,Vallcarca i els Penitents,Baixada,GLORIA,2,6,,8,,,,A,02,3
06-2014-0145,06,GRACIA,32,el Camp d'en Grassot i Gràcia Nova,Passeig,SANT JOAN,1,171,,,,,,,05,4
06-2014-0174,06,GRACIA,31,la Vila de Gràcia,Carrer,TORRIJOS,1,17,,,,,,,04,1
06-2014-0181,06,GRACIA,31,la Vila de Gràcia,Carrer,MARTI,1,79,,83,,,,,AT,2
06-2014-0214,06,GRACIA,31,la Vila de Gràcia,Carrer,CORSEGA,1,367,,,,,,,05,2
06-2014-0223,06,GRACIA,31,la Vila de Gràcia,Carrer,SANTA MAGDALENA,1,13,,,,,,,1,1
06-2014-0233,06,GRACIA,32,el Camp d'en Grassot i Gràcia Nova,Carrer,ROSSELLO,1,371,,,,,,,AT,2
06-2014-0238,06,GRACIA,31,la Vila de Gràcia,Avinguda,DIAGONAL,2,478,,,,,,,03,1
06-2014-0257,06,GRACIA,31,la Vila de Gràcia,Carrer,CIUDAD REAL,2,22,,,,,,,02,
06-2014-0259,06,GRACIA,31,la Vila de Gràcia,Carrer,GRACIA,1,1,,,,,,,01,2
06-2014-0265,06,GRACIA,30,la Salut,Avinguda,COLL DEL PORTELL,1,57,,,,,,,02,1
06-2014-0270,06,GRACIA,30,la Salut,Avinguda,COLL DEL PORTELL,1,57,,,,,,,EN,2
06-2014-0275,06,GRACIA,31,la Vila de Gràcia,Carrer,SANT GABRIEL,1,15,,,,,,,01,1
06-2014-0282,06,GRACIA,31,la Vila de Gràcia,Carrer,VENUS,1,13,,,,,,,BJ,
06-2014-0298,06,GRACIA,28,Vallcarca i els Penitents,Avinguda,REPUBLICA ARGENTINA,2,36,,,,,,,02,1
06-2014-0314,06,GRACIA,31,la Vila de Gràcia,Carrer,ABDO TERRADAS,1,15,,17,,,,,BJ,B
06-2014-0319,06,GRACIA,31,la Vila de Gràcia,Carrer,GRAN DE GRACIA,2,132,,,,,,,PR,
06-2014-0323,06,GRACIA,31,la Vila de Gràcia,Carrer,MARE DEU DELS DESEMPARATS,1,23,,,,,,,01,2
06-2014-0327,06,GRACIA,31,la Vila de Gràcia,Carrer,MARE DEU DELS DESEMPARATS,1,23,,,,,,,03,2
06-2014-0332,06,GRACIA,32,el Camp d'en Grassot i Gràcia Nova,Carrer,PARE LAINEZ,1,29,,,,,,,04,
06-2014-0333,06,GRACIA,31,la Vila de Gràcia,Carrer,SANT SALVADOR,1,131,,,,,,,BJ,1
06-2014-0334,06,GRACIA,31,la Vila de Gràcia,Carrer,OR,2,34,,,,,,,PR,
06-2014-0335,06,GRACIA,31,la Vila de Gràcia,Carrer,MINERVA,1,11,,,,,,,02,1
06-2014-0350,06,GRACIA,31,la Vila de Gràcia,Carrer,ASTURIES,1,87,,,,,,,03,1
06-2014-0382,06,GRACIA,32,el Camp d'en Grassot i Gràcia Nova,Carrer,ROSSELLO,1,415,B,,,,,,02,2
06-2014-0396,06,GRACIA,31,la Vila de Gràcia,Carrer,BENET MERCADE,2,26,,,,,,,04,B
06-2014-0408,06,GRACIA,31,la Vila de Gràcia,Carrer,MOZART,2,22,,,,,,,02,1
06-2014-0423,06,GRACIA,31,la Vila de Gràcia,Carrer,GRAN DE GRACIA,2,96,,,,,,,02,4
06-2014-0483,06,GRACIA,29,el Coll,Carrer,PAU FERRAN,1,27,,,,,,,01,2
06-2014-0505,06,GRACIA,31,la Vila de Gràcia,Carrer,PERE SERAFI,1,15,,,,,,,01,1
06-2014-0506,06,GRACIA,31,la Vila de Gràcia,Carrer,LLIBERTAT,1,5,B,,,,,,1,1
06-2014-0530,06,GRACIA,31,la Vila de Gràcia,Carrer,CIUDAD REAL,2,26,,,,,,,01,2
06-2014-0535,06,GRACIA,31,la Vila de Gràcia,Carrer,MOZART,2,20,,22,,,,,02,1
06-2014-0537,06,GRACIA,31,la Vila de Gràcia,Carrer,MOZART,2,20,,,,,,,EN,2
06-2014-0540,06,GRACIA,31,la Vila de Gràcia,Carrer,TORRENT DE LES FLORS,1,29,,33,,,,,AT,2
06-2014-0550,06,GRACIA,32,el Camp d'en Grassot i Gràcia Nova,Passeig,SANT JOAN,1,199,,,,,,,03,1
06-2014-0551,06,GRACIA,31,la Vila de Gràcia,Carrer,RIERA DE SANT MIQUEL,1,15,,,,,,,BJ,2
06-2014-0555,06,GRACIA,31,la Vila de Gràcia,Carrer,RIERA DE SANT MIQUEL,1,15,,,,,,,2,3
06-2014-0617,06,GRACIA,31,la Vila de Gràcia,Carrer,SANT DOMENEC,1,9,,,,,,,02,2
06-2014-0725,06,GRACIA,28,Vallcarca i els Penitents,Carrer,SANT EUDALD,2,4,,,,,,,02,
06-2014-0732,06,GRACIA,29,el Coll,Carrer,PAU FERRAN,1,1,,,,,,,02,3
06-2023-0101,06,GRACIA,31,la Vila de Gràcia,Carrer,SANTA TECLA,1,7,,,,,,,3,2
06-2023-0189,06,GRACIA,31,la Vila de Gràcia,Carrer,DOCTOR RIZAL,2,20,,,,,,,2,4
06-2023-0191,06,GRACIA,31,la Vila de Gràcia,Carrer,SANT PERE MARTIR,2,4,,,,,,,1,1
06-2023-0214,06,GRACIA,31,la Vila de Gràcia,Travessera,GRACIA,2,164,,,,,,,2,1
06-2023-0225,06,GRACIA,31,la Vila de Gràcia,Passeig,GRACIA,2,126,,,,,,,3,
06-2023-0253,06,GRACIA,32,el Camp d'en Grassot i Gràcia Nova,Carrer,VENTALLO,2,48,,,,,,,2,3
06-2023-0265,06,GRACIA,31,la Vila de Gràcia,Carrer,ASTURIES,1,87,,,,,,,BJ,1
06-2023-0266,06,GRACIA,31,la Vila de Gràcia,Carrer,ASTURIES,1,87,,,,,,,3,2
06-2023-0365,06,GRACIA,31,la Vila de Gràcia,Carrer,RIERA DE SANT MIQUEL,2,74,,,,,,,3,1
06-2024-0129,06,GRACIA,31,la Vila de Gràcia,Carrer,LLIBERTAT,1,5,B,,,,,,5,1
06-2024-0156,06,GRACIA,31,la Vila de Gràcia,Carrer,CAMPRODON,1,27,,,,,,,1,3
07-2008-0184,07,HORTA-GUINARDÓ,33,el Baix Guinardó,Carrer,MARINA,2,366,,,,,,,3,1
07-2008-0220,07,HORTA-GUINARDÓ,33,el Baix Guinardó,Travessera,GRACIA,2,372,,,,,,,EN,02
07-2008-0227,07,HORTA-GUINARDÓ,35,el Guinardó,Passatge,GIRA-SOL,1,5,,,,,,,3,4
07-2008-0285,07,HORTA-GUINARDÓ,33,el Baix Guinardó,Travessera,GRACIA,1,441,,,,,,,4,3
07-2009-0028,07,HORTA-GUINARDÓ,33,el Baix Guinardó,Carrer,MARINA,2,366,,,,,,,4,1
07-2009-0080,07,HORTA-GUINARDÓ,33,el Baix Guinardó,Carrer,PADILLA,1,359,,,,,,,BJ,2
07-2009-0181,07,HORTA-GUINARDÓ,33,el Baix Guinardó,Travessera,GRACIA,1,441,,443,,,,,PR,1
07-2012-0130,07,HORTA-GUINARDÓ,37,el Carmel,Carrer,CALDERON DE LA BARCA,2,112,,114,,,,,2,2
07-2012-0205,07,HORTA-GUINARDÓ,35,el Guinardó,Carrer,TELEGRAF,1,19,,21,,,,,2,3
07-2012-0206,07,HORTA-GUINARDÓ,35,el Guinardó,Carrer,TELEGRAF,1,19,,21,,,,,2,4
07-2012-0259,07,HORTA-GUINARDÓ,33,el Baix Guinardó,Travessera,GRACIA,1,441,,,,,,,3,2
07-2013-0023,07,HORTA-GUINARDÓ,33,el Baix Guinardó,Travessera,GRACIA,1,449,,451,,,,,BJ,2
07-2013-0051,07,HORTA-GUINARDÓ,33,el Baix Guinardó,Ronda,GUINARDO,2,58,,,,,,,AT,1
07-2013-0135,07,HORTA-GUINARDÓ,33,el Baix Guinardó,Travessera,GRACIA,2,318,,,,,,B,1,1
07-2013-0160,07,HORTA-GUINARDÓ,33,el Baix Guinardó,Carrer,LEPANT,1,365,,,,,,,7,1
07-2013-0213,07,HORTA-GUINARDÓ,33,el Baix Guinardó,Carrer,SARDENYA,2,528,,,,,,,1,1
07-2013-0232,07,HORTA-GUINARDÓ,33,el Baix Guinardó,Carrer,BERGNES DE LAS CASAS,2,22,,,,,,,1,1
07-2013-0265,07,HORTA-GUINARDÓ,34,Can Baró,Avinguda,MARE DE DEU DE MONTSERRAT,1,81,,,,,,,2,2
07-2014-0091,07,HORTA-GUINARDÓ,35,el Guinardó,Passatge,FLAUGIER,2,12,,,,,,,1,1
07-2014-0120,07,HORTA-GUINARDÓ,34,Can Baró,Avinguda,CAN BARO,1,3,,,,,,,1,4
07-2014-0149,07,HORTA-GUINARDÓ,33,el Baix Guinardó,Carrer,CARTAGENA,1,339,,,,,,,PR,02
07-2014-0173,07,HORTA-GUINARDÓ,33,el Baix Guinardó,Carrer,ROSALIA DE CASTRO,2,8,,14,,,,,BJ,3
07-2014-0240,07,HORTA-GUINARDÓ,37,el Carmel,Carrer,SANT DALMIR,2,2,,,,,,,BJ,10
07-2014-0241,07,HORTA-GUINARDÓ,37,el Carmel,Carrer,SANT DALMIR,2,2,,,,,,,BJ,11
07-2014-0263,07,HORTA-GUINARDÓ,36,la Font d'en Fargues,Carrer,CAMIL OLIVERAS,2,42,,,,,,,,
07-2014-0315,07,HORTA-GUINARDÓ,35,el Guinardó,Avinguda,MARE DE DEU DE MONTSERRAT,1,137,,,,,,,EN,1
07-2014-0344,07,HORTA-GUINARDÓ,33,el Baix Guinardó,Carrer,CAMELIES,1,99,,,,,,,3,3
07-2014-0361,07,HORTA-GUINARDÓ,34,Can Baró,Carrer,FRANCESC ALEGRE,1,11,,,,,,,BJ,2
07-2014-0366,07,HORTA-GUINARDÓ,35,el Guinardó,Rambla,MUNTANYA,2,8,,,,,,,01,02
07-2024-0020,07,HORTA-GUINARDÓ,34,Can Baró,Carrer,BARO DE SANT LLUIS,2,34,,,,,,,SA,
07-2024-0091,07,HORTA-GUINARDÓ,37,el Carmel,Carrer,CALDERON DE LA BARCA,2,112,,,,,,,BJ,2
08-2012-0029,08,NOU BARRIS,44,Vilapicina i la Torre Llobeta,Carrer,COSTA I CUXART,2,4,,,,,,,BJ,1
08-2012-0166,08,NOU BARRIS,44,Vilapicina i la Torre Llobeta,Carrer,CARTELLA,2,60,,,,,,,3,3
08-2012-0173,08,NOU BARRIS,51,Verdun,Via,JULIA,1,125,,,,,,,AT,3
08-2014-0092,08,NOU BARRIS,49,Canyelles,Carrer,FEDERICO GARCIA LORCA,2,26,,,,,,,02,2
08-2023-0128,08,NOU BARRIS,44,Vilapicina i la Torre Llobeta,Passeig,FABRA I PUIG,1,97,,,,,,,SA,
08-2023-0133,08,NOU BARRIS,44,Vilapicina i la Torre Llobeta,Passeig,FABRA I PUIG,1,97,,,,,,,2,4
09-2012-0094,09,SANT ANDREU,60,Sant Andreu,Carrer,CASTELLBELL,1,19,,23,,,,,BJ,1
09-2013-0270,09,SANT ANDREU,60,Sant Andreu,Carrer,CONCEPCION ARENAL,2,234,,,,,,,01,1
09-2013-0297,09,SANT ANDREU,60,Sant Andreu,Carrer,LANZAROTE,2,10,,,,,,,1,1
09-2013-0325,09,SANT ANDREU,63,Navas,Carrer,SANT ANTONI MARIA CLARET,1,265,,,,,,,4,2
09-2014-0178,09,SANT ANDREU,57,la Trinitat Vella,Carretera,RIBES,2,114,,,,,,,02,1
09-2014-0268,09,SANT ANDREU,63,Navas,Avinguda,MERIDIANA,1,219,,,,,,,06,3
09-2024-0007,09,SANT ANDREU,63,Navas,Carrer,LAS NAVAS DE TOLOSA,1,379,,,,,,,BJ,
10-2008-0378,10,SANT MARTI,71,Provençals del Poblenou,Carrer,BAC DE RODA,2,118,,,,,,,12,3
10-2008-0386,10,SANT MARTI,69,Diagonal Mar i el Front Marítim del Poblenou,Carrer,PELLAIRES,1,25,,,,,,,01,B
10-2008-0477,10,SANT MARTI,68,el Poblenou,Carrer,PUJADES,2,228,,,,,,,03,4
10-2008-0594,10,SANT MARTI,64,el Camp de l'Arpa del Clot,Carrer,ARAGO,1,565,,,,,,,06,1
10-2008-0625,10,SANT MARTI,64,el Camp de l'Arpa del Clot,Carrer,INDEPENDENCIA,1,287,,,,,,,02,1
10-2008-0629,10,SANT MARTI,64,el Camp de l'Arpa del Clot,Carrer,INDEPENDENCIA,1,287,,,,,,,02,2
10-2008-0631,10,SANT MARTI,64,el Camp de l'Arpa del Clot,Carrer,INDEPENDENCIA,1,287,,,,,,,04,1
10-2008-0650,10,SANT MARTI,67,la Vila Olímpica del Poblenou,Carrer,JOAN D'AUSTRIA,1,51,,,,,,A,03,1
10-2009-0196,10,SANT MARTI,68,el Poblenou,Passatge,AYMA,1,5,,,,,,,01,2
10-2009-0315,10,SANT MARTI,67,la Vila Olímpica del Poblenou,Carrer,ROSA SENSAT,2,16,,,,,,,BJ,
10-2009-0319,10,SANT MARTI,64,el Camp de l'Arpa del Clot,Carrer,INDEPENDENCIA,1,297,,299,,,,,01,3
10-2009-0320,10,SANT MARTI,64,el Camp de l'Arpa del Clot,Carrer,INDEPENDENCIA,1,297,,299,,,,,01,2
10-2009-0324,10,SANT MARTI,64,el Camp de l'Arpa del Clot,Carrer,INDEPENDENCIA,1,297,,299,,,,,03,3
10-2009-0347,10,SANT MARTI,67,la Vila Olímpica del Poblenou,Carrer,SALVADOR ESPRIU,1,75,,,,,,,02,B
10-2009-0360,10,SANT MARTI,68,el Poblenou,Rambla,POBLENOU,1,47,,,,,,,4,1
10-2009-0485,10,SANT MARTI,64,el Camp de l'Arpa del Clot,Carrer,PROVENÇA,2,586,,,,,,,01,1
10-2010-0022,10,SANT MARTI,64,el Camp de l'Arpa del Clot,Carrer,PROVENÇA,2,556,,,,,,A,BJ,2
10-2010-0028,10,SANT MARTI,69,Diagonal Mar i el Front Marítim del Poblenou,Carrer,SELVA DE MAR,2,18,,,,,,,07,4
10-2010-0103,10,SANT MARTI,68,el Poblenou,Rambla,POBLENOU,2,16,,,,,,,02,3
10-2010-0168,10,SANT MARTI,67,la Vila Olímpica del Poblenou,Carrer,RAMON TURRO,1,71,,,,,,,04,2
10-2010-0341,10,SANT MARTI,64,el Camp de l'Arpa del Clot,Carrer,FRESER,1,5,,,,,,,06,1
10-2010-0349,10,SANT MARTI,64,el Camp de l'Arpa del Clot,Carrer,FRESER,1,5,,,,,,,03,3
10-2010-0355,10,SANT MARTI,68,el Poblenou,Carrer,AMISTAT,2,44,,,,,,,BJ,2
10-2010-0359,10,SANT MARTI,68,el Poblenou,Carrer,AMISTAT,2,44,,,,,,,04,1
10-2010-0360,10,SANT MARTI,68,el Poblenou,Carrer,TAULAT,2,18,,22,,,,,03,2
10-2010-0362,10,SANT MARTI,68,el Poblenou,Carrer,AMISTAT,2,44,,,,,,,03,2
10-2010-0487,10,SANT MARTI,68,el Poblenou,Passeig,CALVELL,1,45,,,,,,A,03,5
10-2010-0599,10,SANT MARTI,69,Diagonal Mar i el Front Marítim del Poblenou,Carrer,JOSEP PLA,1,27,,,,,,,01,1
10-2010-0605,10,SANT MARTI,69,Diagonal Mar i el Front Marítim del Poblenou,Passeig,GARCIA FARIA,1,77,,,,,,,04,2
10-2011-0203,10,SANT MARTI,68,el Poblenou,Carrer,PUJADES,2,120,,122,,,,,BJ,3
10-2011-0356,10,SANT MARTI,67,la Vila Olímpica del Poblenou,Carrer,JOAN D'AUSTRIA,1,51,,,,,,A,06,2
10-2011-0412,10,SANT MARTI,68,el Poblenou,Carrer,VENERO,2,8,,,,,,,BJ,1
10-2011-0532,10,SANT MARTI,68,el Poblenou,Carrer,FERROCARRIL,1,27,,,,,,,01,2
10-2011-0543,10,SANT MARTI,69,Diagonal Mar i el Front Marítim del Poblenou,Carrer,SELVA DE MAR,2,6,,,,,,,04,1
10-2011-0544,10,SANT MARTI,69,Diagonal Mar i el Front Marítim del Poblenou,Passeig,TAULAT,1,283,,,,,,,21,3
10-2012-0022,10,SANT MARTI,64,el Camp de l'Arpa del Clot,Carrer,INDEPENDENCIA,1,317,,,,,,,3,4
10-2012-0039,10,SANT MARTI,65,el Clot,Carrer,SEQUIA COMTAL,2,10,,12,,,,,1,2
10-2012-0105,10,SANT MARTI,67,la Vila Olímpica del Poblenou,Carrer,MARINA,2,70,,,,,,,4,1
10-2012-0118,10,SANT MARTI,64,el Camp de l'Arpa del Clot,Carrer,INDUSTRIA,1,201,,203,,,,,04,4
10-2012-0196,10,SANT MARTI,68,el Poblenou,Carrer,FERROCARRIL,1,27,,,,,,,04,3
10-2012-0199,10,SANT MARTI,68,el Poblenou,Carrer,DOCTOR TRUETA,2,228,,,,,,,03,1
10-2012-0200,10,SANT MARTI,68,el Poblenou,Carrer,DOCTOR TRUETA,2,228,,,,,,,02,1
10-2012-0247,10,SANT MARTI,66,el Parc i la Llacuna del Poblenou,Carrer,ALMOGAVERS,2,54,,,,,,,02,2
10-2012-0274,10,SANT MARTI,64,el Camp de l'Arpa del Clot,Carrer,FRESER,2,230,,,,,,,03,2
10-2012-0289,10,SANT MARTI,68,el Poblenou,Carrer,BADAJOZ,2,26,,,,,,,02,1
10-2012-0305,10,SANT MARTI,64,el Camp de l'Arpa del Clot,Carrer,MALLORCA,2,616,,,,,,,2,1
10-2012-0340,10,SANT MARTI,64,el Camp de l'Arpa del Clot,Carrer,CORSEGA,1,703,,,,,,,EN,1
10-2012-0379,10,SANT MARTI,66,el Parc i la Llacuna del Poblenou,Carrer,SARDENYA,2,80,,,,,,,06,4
10-2012-0416,10,SANT MARTI,64,el Camp de l'Arpa del Clot,Carrer,INDEPENDENCIA,1,319,,,,,,,4,
10-2012-0427,10,SANT MARTI,71,Provençals del Poblenou,Carrer,BAC DE RODA,2,100,,,,,,1,15,A
10-2012-0446,10,SANT MARTI,71,Provençals del Poblenou,Carrer,FLUVIA,1,113,,115,,,,B,08,1
10-2012-0457,10,SANT MARTI,67,la Vila Olímpica del Poblenou,Carrer,ANVERS,1,7,,,,,,,,
10-2012-0474,10,SANT MARTI,71,Provençals del Poblenou,Gran Via,CORTS CATALANES,2,984,,,,,,,10,2
10-2012-0520,10,SANT MARTI,69,Diagonal Mar i el Front Marítim del Poblenou,Passeig,GARCIA FARIA,1,75,,,,,,A,12,4
10-2012-0524,10,SANT MARTI,69,Diagonal Mar i el Front Marítim del Poblenou,Passeig,GARCIA FARIA,1,75,,,,,,A,10,6
10-2012-0542,10,SANT MARTI,64,el Camp de l'Arpa del Clot,Carrer,INDEPENDENCIA,1,317,,,,,,,6,1
10-2012-0578,10,SANT MARTI,64,el Camp de l'Arpa del Clot,Carrer,BASSOLS,2,32,,,,,,,04,2
10-2012-0589,10,SANT MARTI,65,el Clot,Carrer,MALLORCA,2,674,,,,,,,03,2
10-2012-0646,10,SANT MARTI,65,el Clot,Avinguda,MERIDIANA,1,109,,,,,,,3,2
10-2012-0647,10,SANT MARTI,69,Diagonal Mar i el Front Marítim del Poblenou,Passeig,TAULAT,1,229,,,,,,,06,2
10-2012-0680,10,SANT MARTI,64,el Camp de l'Arpa del Clot,Carrer,ROSSELLO,1,563,,,,,,,BJ,1
10-2013-0019,10,SANT MARTI,64,el Camp de l'Arpa del Clot,Carrer,ROSSELLO,1,563,,,,,,,02,2
10-2013-0070,10,SANT MARTI,69,Diagonal Mar i el Front Marítim del Poblenou,Passeig,GARCIA FARIA,1,75,,,,,,A,01,5
10-2013-0078,10,SANT MARTI,69,Diagonal Mar i el Front Marítim del Poblenou,Passeig,GARCIA FARIA,1,81,,,,,,E,09,5
10-2013-0092,10,SANT MARTI,68,el Poblenou,Carrer,FERROCARRIL,2,10,,,,,,,01,1
10-2013-0150,10,SANT MARTI,68,el Poblenou,Carrer,FERROCARRIL,1,27,,,,,,1,03,2
10-2013-0164,10,SANT MARTI,68,el Poblenou,Passatge,MAS DE RODA,1,5,,,,,,,11,D
10-2013-0185,10,SANT MARTI,68,el Poblenou,Carrer,VENERO,1,11,,,,,,,BJ,2
10-2013-0204,10,SANT MARTI,64,el Camp de l'Arpa del Clot,Carrer,INDEPENDENCIA,2,362,,,,,,,5,1
10-2013-0208,10,SANT MARTI,68,el Poblenou,Passatge,PIQUER,2,2,,6,,,,,BJ,1
10-2013-0226,10,SANT MARTI,64,el Camp de l'Arpa del Clot,Carrer,XIFRE,1,11,,,,,,,02,2
10-2013-0300,10,SANT MARTI,69,Diagonal Mar i el Front Marítim del Poblenou,Avinguda,DIAGONAL,2,60,,,,,,,01,3
10-2013-0307,10,SANT MARTI,71,Provençals del Poblenou,Carrer,BAC DE RODA,2,100,,108,,,,1,06,C
10-2013-0319,10,SANT MARTI,67,la Vila Olímpica del Poblenou,Carrer,JOAN D'AUSTRIA,1,51,,,,,,A,02,2
10-2013-0340,10,SANT MARTI,65,el Clot,Carrer,MALLORCA,2,662,,,,,,E,03,2
10-2013-0356,10,SANT MARTI,67,la Vila Olímpica del Poblenou,Carrer,RAMON TURRO,1,89,,,,,,,03,1
10-2013-0361,10,SANT MARTI,69,Diagonal Mar i el Front Marítim del Poblenou,Carrer,PALLARS,2,378,,388,,,,,15,1
10-2013-0378,10,SANT MARTI,69,Diagonal Mar i el Front Marítim del Poblenou,Passeig,TAULAT,1,223,,,,,,A,05,1
10-2013-0384,10,SANT MARTI,68,el Poblenou,Carrer,PUJADES,2,238,,,,,,,BJ,I2
10-2013-0417,10,SANT MARTI,68,el Poblenou,Carrer,PUJADES,2,286,,,,,,,02,1
10-2013-0444,10,SANT MARTI,65,el Clot,Carrer,INDEPENDENCIA,1,257,,259,,,,,01,4
10-2013-0482,10,SANT MARTI,68,el Poblenou,Passeig,CALVELL,1,45,D,,,,,5,01,1
10-2013-0484,10,SANT MARTI,66,el Parc i la Llacuna del Poblenou,Carrer,SARDENYA,1,43,,,,,,,6,3
10-2013-0485,10,SANT MARTI,66,el Parc i la Llacuna del Poblenou,Carrer,PAMPLONA,1,59,,,,,,,PR,3
10-2013-0523,10,SANT MARTI,66,el Parc i la Llacuna del Poblenou,Carrer,BUENAVENTURA MUÑOZ,2,16,,,,,,E,02,2
10-2013-0593,10,SANT MARTI,68,el Poblenou,Carrer,PUJADES,2,120,,122,,,,,02,1
10-2013-0598,10,SANT MARTI,73,la Verneda i la Pau,Rambla,PRIM,2,240,,,,,,,04,2
10-2013-0635,10,SANT MARTI,73,la Verneda i la Pau,Carrer,ANDRADE,1,249,,251,,,,,05,3
10-2013-0645,10,SANT MARTI,68,el Poblenou,Carrer,TAULAT,2,70,,,,,,,01,1
10-2013-0649,10,SANT MARTI,69,Diagonal Mar i el Front Marítim del Poblenou,Passeig,TAULAT,1,235,,,,,,,6,1
10-2013-0720,10,SANT MARTI,64,el Camp de l'Arpa del Clot,Carrer,MUNTANYA,1,115,,,,,,,03,1
10-2013-0726,10,SANT MARTI,66,el Parc i la Llacuna del Poblenou,Carrer,JOAN D'AUSTRIA,1,99,,,,,,,04,4
10-2013-0800,10,SANT MARTI,64,el Camp de l'Arpa del Clot,Carrer,INDUSTRIA,2,276,,,,,,,02,2
10-2013-0867,10,SANT MARTI,67,la Vila Olímpica del Poblenou,Carrer,ROSA SENSAT,1,31,,,,,,,05,3
10-2014-0011,10,SANT MARTI,69,Diagonal Mar i el Front Marítim del Poblenou,Carrer,PALLARS,2,378,,388,,,,,BJ,2
10-2014-0021,10,SANT MARTI,68,el Poblenou,Carrer,RAMON TURRO,2,226,,,,,,,06,1
10-2014-0050,10,SANT MARTI,69,Diagonal Mar i el Front Marítim del Poblenou,Carrer,JOSEP FERRATER I MORA,1,7,B,,,,,,01,1
10-2014-0061,10,SANT MARTI,69,Diagonal Mar i el Front Marítim del Poblenou,Carrer,PELLAIRES,1,25,,,,,,,BJ,B
10-2014-0068,10,SANT MARTI,69,Diagonal Mar i el Front Marítim del Poblenou,Avinguda,DIAGONAL,2,60,,,,,,,EN,1
10-2014-0091,10,SANT MARTI,68,el Poblenou,Carrer,LLULL,1,223,,,,,,,03,3
10-2014-0119,10,SANT MARTI,64,el Camp de l'Arpa del Clot,Carrer,MALLORCA,1,569,,575,,,,4,02,3
10-2014-0161,10,SANT MARTI,69,Diagonal Mar i el Front Marítim del Poblenou,Passeig,TAULAT,1,233,,,,,,,04,
10-2014-0203,10,SANT MARTI,64,el Camp de l'Arpa del Clot,Carrer,BESALU,1,59,,,,,,,BJ,
10-2014-0209,10,SANT MARTI,64,el Camp de l'Arpa del Clot,Carrer,COLL I VEHI,2,108,,,,,,,03,
10-2014-0217,10,SANT MARTI,69,Diagonal Mar i el Front Marítim del Poblenou,Passeig,TAULAT,1,231,,,,,,,04,3
10-2014-0227,10,SANT MARTI,68,el Poblenou,Carrer,PERELLO,2,42,,,,,,,01,2
10-2014-0236,10,SANT MARTI,68,el Poblenou,Carrer,LLACUNA,1,13,,,,,,,03,3
10-2014-0237,10,SANT MARTI,68,el Poblenou,Carrer,LABERINT,1,1,,3,,,,,BJ,1
10-2014-0280,10,SANT MARTI,65,el Clot,Carrer,SEQUIA COMTAL,1,1,,3,,,,,01,3
10-2014-0288,10,SANT MARTI,68,el Poblenou,Carrer,PERE IV,2,126,,,,,,,03,3
10-2014-0290,10,SANT MARTI,68,el Poblenou,Carrer,LOPE DE VEGA,2,10,,12,,,,D,04,6
10-2014-0316,10,SANT MARTI,69,Diagonal Mar i el Front Marítim del Poblenou,Passeig,TAULAT,1,233,,,,,,F,05,2
10-2014-0336,10,SANT MARTI,69,Diagonal Mar i el Front Marítim del Poblenou,Passeig,TAULAT,1,233,,,,,,F,04,1
10-2014-0348,10,SANT MARTI,69,Diagonal Mar i el Front Marítim del Poblenou,Carrer,JOSEP PLA,1,27,,29,,,,,11,2
10-2014-0380,10,SANT MARTI,68,el Poblenou,Carrer,LOPE DE VEGA,1,97,,,,,,,01,1
10-2014-0403,10,SANT MARTI,66,el Parc i la Llacuna del Poblenou,Carrer,PERE IV,1,83,,,,,,,PR,4
10-2014-0411,10,SANT MARTI,68,el Poblenou,Carrer,FERROCARRIL,1,27,,,,,,,2,4
10-2014-0423,10,SANT MARTI,64,el Camp de l'Arpa del Clot,Carrer,INDUSTRIA,1,207,,,,,,,03,2
10-2014-0428,10,SANT MARTI,68,el Poblenou,Rambla,POBLENOU,2,16,,,,,,,01,5
10-2014-0430,10,SANT MARTI,66,el Parc i la Llacuna del Poblenou,Carrer,PERE IV,1,83,,,,,,,01,3
10-2014-0441,10,SANT MARTI,66,el Parc i la Llacuna del Poblenou,Carrer,PERE IV,2,44,,46,,,,,02,1
10-2014-0444,10,SANT MARTI,66,el Parc i la Llacuna del Poblenou,Carrer,PERE IV,2,44,,46,,,,,04,5
10-2014-0465,10,SANT MARTI,66,el Parc i la Llacuna del Poblenou,Carrer,PERE IV,2,44,,46,,,,,1,3
10-2014-0483,10,SANT MARTI,68,el Poblenou,Carrer,MARIA AGUILO,1,81,,,,,,,04,2
10-2014-0490,10,SANT MARTI,68,el Poblenou,Rambla,POBLENOU,2,16,,,,,,,03,2
10-2014-0491,10,SANT MARTI,68,el Poblenou,Rambla,POBLENOU,2,16,,,,,,,03,4
10-2014-0493,10,SANT MARTI,68,el Poblenou,Rambla,POBLENOU,2,20,,,,,,,02,2
10-2014-0496,10,SANT MARTI,68,el Poblenou,Passeig,CALVELL,1,45,,,,,,C,04,1
10-2014-0503,10,SANT MARTI,64,el Camp de l'Arpa del Clot,Carrer,INDUSTRIA,1,207,,,,,,,05,1
10-2014-0516,10,SANT MARTI,68,el Poblenou,Rambla,POBLENOU,2,20,,,,,,,1,2
10-2014-0521,10,SANT MARTI,68,el Poblenou,Passeig,CALVELL,1,45,,,,,,D,03,1
10-2014-0531,10,SANT MARTI,68,el Poblenou,Passeig,CALVELL,1,45,,,,,,D,6,3
10-2014-0534,10,SANT MARTI,64,el Camp de l'Arpa del Clot,Carrer,INDUSTRIA,1,213,,,,,,,04,2
10-2014-0536,10,SANT MARTI,64,el Camp de l'Arpa del Clot,Carrer,INDUSTRIA,1,213,,,,,,,4,3
10-2014-0537,10,SANT MARTI,68,el Poblenou,Passeig,CALVELL,1,45,,,,,,B,1,1
10-2014-0543,10,SANT MARTI,64,el Camp de l'Arpa del Clot,Carrer,INDUSTRIA,1,213,,,,,,,05,2
10-2014-0554,10,SANT MARTI,64,el Camp de l'Arpa del Clot,Carrer,INDUSTRIA,1,213,,,,,,,6,4
10-2014-0556,10,SANT MARTI,64,el Camp de l'Arpa del Clot,Carrer,INDUSTRIA,1,213,,,,,,,7,1
10-2014-0558,10,SANT MARTI,68,el Poblenou,Passeig,CALVELL,1,45,,,,,,C,3,2
10-2014-0559,10,SANT MARTI,64,el Camp de l'Arpa del Clot,Carrer,INDUSTRIA,1,213,,,,,,,08,1
10-2014-0573,10,SANT MARTI,68,el Poblenou,Passeig,CALVELL,1,45,,,,,,A,04,4
10-2014-0578,10,SANT MARTI,68,el Poblenou,Passeig,CALVELL,1,45,,,,,,A,5,2
10-2014-0654,10,SANT MARTI,67,la Vila Olímpica del Poblenou,Carrer,DOCTOR TRUETA,1,19,,,,,,,05,2
10-2014-0669,10,SANT MARTI,66,el Parc i la Llacuna del Poblenou,Carrer,SARDENYA,1,65,,,,,,,EN,2
10-2014-0728,10,SANT MARTI,68,el Poblenou,Carrer,LOPE DE VEGA,2,150,,,,,,,BJ,6
10-2014-0733,10,SANT MARTI,70,el Besòs i el Maresme,Carrer,LLULL,1,465,,,,,,,01,4
10-2014-0800,10,SANT MARTI,73,la Verneda i la Pau,Carrer,CA N'OLIVA,1,43,,47,,,,,11,1
10-2014-0911,10,SANT MARTI,64,el Camp de l'Arpa del Clot,Carrer,DOS DE MAIG,2,314,,,,,,,05,1
10-2014-0915,10,SANT MARTI,72,Sant Martí de Provençals,Carrer,FLUVIA,2,276,,,,,,,01,2
10-2016-0179,10,SANT MARTI,71,Provençals del Poblenou,Carrer,AGRICULTURA,1,141,,,,,,,2,2
10-2016-0404,10,SANT MARTI,68,el Poblenou,Carrer,FERNANDO POO,1,29,,,,,,,BJ,
10-2016-0418,10,SANT MARTI,64,el Camp de l'Arpa del Clot,Carrer,PROVENÇA,1,563,,,,,,,PR,1
10-2022-0350,10,SANT MARTI,71,Provençals del Poblenou,Carrer,BAC DE RODA,2,170,,,,,,,7,1
10-2023-0037,10,SANT MARTI,64,el Camp de l'Arpa del Clot,Carrer,ROGENT,1,37,,,,,,,EN,
10-2023-0278,10,SANT MARTI,65,el Clot,Avinguda,MERIDIANA,1,113,,,,,,,5,
10-2023-0450,10,SANT MARTI,68,el Poblenou,Carrer,BILBAO,1,3,,,,,,,1,1
10-2023-0455,10,SANT MARTI,68,el Poblenou,Carrer,BILBAO,1,3,,,,,,,BJ,D
10-2023-0482,10,SANT MARTI,64,el Camp de l'Arpa del Clot,Carrer,COLL I VEHI,2,16,,,,,,,2,1
10-2023-0484,10,SANT MARTI,64,el Camp de l'Arpa del Clot,Carrer,COLL I VEHI,2,16,,,,,,,3,1
10-2024-0015,10,SANT MARTI,68,el Poblenou,Carrer,ROC BORONAT,1,57,,,,,,,BJ,1
10-2024-0083,10,SANT MARTI,64,el Camp de l'Arpa del Clot,Carrer,INDEPENDENCIA,1,379,,,,,,,2,1
01-2011-0201,01,CIUTAT VELLA,01,el Raval,Carrer,NOU DE LA RAMBLA,1,15,,,,,,,05,1
01-2011-0202,01,CIUTAT VELLA,01,el Raval,Carrer,NOU DE LA RAMBLA,1,15,,,,,,,05,2
01-2011-0254,01,CIUTAT VELLA,03,la Barceloneta,Carrer,SANT MIQUEL,1,61,,,,,,,BJ,
01-2011-0256,01,CIUTAT VELLA,03,la Barceloneta,Carrer,SANT MIQUEL,1,61,,,,,,,2,
01-2011-0546,01,CIUTAT VELLA,01,el Raval,Carrer,JOAQUIN COSTA,1,53,,,,,,,AT,
01-2012-0186,01,CIUTAT VELLA,02,el Barri Gòtic,Carrer,FERRAN,1,7,,,,,,,01,2
01-2012-0210,01,CIUTAT VELLA,02,el Barri Gòtic,Carrer,COMTAL,1,33,,,,,,,PR,1
01-2012-0214,01,CIUTAT VELLA,02,el Barri Gòtic,Carrer,COMTAL,1,33,,,,,,,02,2
01-2012-0443,01,CIUTAT VELLA,01,el Raval,Carrer,SANT PAU,1,29,,,,,,,PR,
01-2012-0465,01,CIUTAT VELLA,01,el Raval,Carrer,NOU DE LA RAMBLA,2,6,,,,,,,01,1
01-2012-0522,01,CIUTAT VELLA,02,el Barri Gòtic,Carrer,BOT,1,11,,,,,,,03,2
01-2012-0649,01,CIUTAT VELLA,01,el Raval,Carrer,NOU DE LA RAMBLA,2,10,,,,,,,EN,1B
01-2012-0650,01,CIUTAT VELLA,01,el Raval,Carrer,NOU DE LA RAMBLA,2,10,,,,,,,01,1A
01-2012-0652,01,CIUTAT VELLA,01,el Raval,Carrer,NOU DE LA RAMBLA,2,10,,,,,,,02,1B
01-2012-0655,01,CIUTAT VELLA,01,el Raval,Carrer,NOU DE LA RAMBLA,2,10,,,,,,,03,1B
01-2012-0666,01,CIUTAT VELLA,01,el Raval,Carrer,RAMBLA,1,73,,,,,,,02,2
01-2012-0670,01,CIUTAT VELLA,02,el Barri Gòtic,Passatge,DORMITORI DE SANT FRANCESC,2,2,,,,,,,02,2
01-2012-0691,01,CIUTAT VELLA,02,el Barri Gòtic,Carrer,DURAN I BAS,1,7,,,,,,,4,2
01-2013-0010,01,CIUTAT VELLA,02,el Barri Gòtic,Carrer,VIDRE,1,7,,,,,,,1,4
01-2013-0056,01,CIUTAT VELLA,03,la Barceloneta,Carrer,GRAU I TORRAS,1,17,,,,,,,5,
01-2013-0064,01,CIUTAT VELLA,04,Sant Pere, Santa Caterina i la Ribera,Carrer,FLASSADERS,1,31,,,,,,,1,1
01-2013-0082,01,CIUTAT VELLA,02,el Barri Gòtic,Passatge,RELLOTGE,2,2,,,,,,,02,1
01-2013-0137,01,CIUTAT VELLA,02,el Barri Gòtic,Passeig,COLOM,1,5,,,,,,,01,2
01-2013-0149,01,CIUTAT VELLA,01,el Raval,Carrer,JOAQUIN COSTA,2,28,,,,,,,2,1
01-2013-0151,01,CIUTAT VELLA,01,el Raval,Carrer,JOAQUIN COSTA,2,28,,,,,,,3,1
01-2013-0220,01,CIUTAT VELLA,04,Sant Pere, Santa Caterina i la Ribera,Carrer,DAMES,1,1,,,,,,,2,
01-2013-0222,01,CIUTAT VELLA,01,el Raval,Carrer,GUARDIA,2,8,,,,,,,1,1
01-2013-0224,01,CIUTAT VELLA,01,el Raval,Carrer,GUARDIA,2,8,,,,,,,PR,1
01-2013-0243,01,CIUTAT VELLA,04,Sant Pere, Santa Caterina i la Ribera,Carrer,ARGENTERIA,2,6,,,,,,,EN,1
01-2013-0264,01,CIUTAT VELLA,02,el Barri Gòtic,Carrer,ALSINA,1,1,,,,,,,EN,1
01-2013-0270,01,CIUTAT VELLA,01,el Raval,Carrer,TALLERS,1,61,,,,,,,EN,1A
01-2013-0368,01,CIUTAT VELLA,04,Sant Pere, Santa Caterina i la Ribera,Carrer,SANT PERE MITJA,1,33,,,,,,,04,2
01-2013-0396,01,CIUTAT VELLA,03,la Barceloneta,Carrer,MEER,2,34,,,,,,,BJ,
01-2013-0407,01,CIUTAT VELLA,03,la Barceloneta,Carrer,SANT MIQUEL,2,104,,106,,,,,03,1
01-2013-0427,01,CIUTAT VELLA,01,el Raval,Carrer,CARME,2,10,,,,,,,1,1
01-2013-0431,01,CIUTAT VELLA,01,el Raval,Carrer,CARME,2,10,,,,,,,1,4
01-2013-0433,01,CIUTAT VELLA,01,el Raval,Carrer,CARME,2,10,,,,,,,2,2
01-2013-0436,01,CIUTAT VELLA,01,el Raval,Carrer,CARME,2,10,,,,,,,3,1
01-2013-0626,01,CIUTAT VELLA,01,el Raval,Carrer,UNIO,1,21,,,,,,,05,
01-2013-0648,01,CIUTAT VELLA,02,el Barri Gòtic,Carrer,ESCUDELLERS,2,36,,,,,,,03,
01-2013-0711,01,CIUTAT VELLA,04,Sant Pere, Santa Caterina i la Ribera,Carrer,REC,2,34,,,,,,,05,
01-2013-0755,01,CIUTAT VELLA,02,el Barri Gòtic,Carrer,HEURES,2,4,,10,,,,D,04,1
01-2013-0770,01,CIUTAT VELLA,02,el Barri Gòtic,Carrer,BEAT SIMO,1,3,,,,,,,2,
01-2013-0782,01,CIUTAT VELLA,02,el Barri Gòtic,Carrer,TEMPLERS,2,6,,,,,,,05,
01-2013-0836,01,CIUTAT VELLA,01,el Raval,Carrer,NOU DE LA RAMBLA,2,20,,,,,,,01,1
01-2013-0853,01,CIUTAT VELLA,03,la Barceloneta,Carrer,SANT MIQUEL,1,105,,,,,,,03,1
01-2013-0894,01,CIUTAT VELLA,03,la Barceloneta,Carrer,MESTRANÇA,1,55,,,,,,,BJ,
01-2013-0911,01,CIUTAT VELLA,03,la Barceloneta,Passeig,JOAN BORBO COMTE BARCELONA,1,15,,,,,,,2,1
01-2013-0913,01,CIUTAT VELLA,04,Sant Pere, Santa Caterina i la Ribera,Carrer,VOLTA D'EN BUFANALLA,1,3,,,,,,,3,
01-2013-0920,01,CIUTAT VELLA,02,el Barri Gòtic,Carrer,MERCE,2,6,,,,,,,AT,2
01-2013-0922,01,CIUTAT VELLA,02,el Barri Gòtic,Passeig,COLOM,1,5,,,,,,,02,1
01-2013-0924,01,CIUTAT VELLA,02,el Barri Gòtic,Carrer,CORREU VELL,2,2,,,,,,,01,
01-2013-0925,01,CIUTAT VELLA,02,el Barri Gòtic,Carrer,CORREU VELL,2,2,,,,,,,02,
01-2013-0943,01,CIUTAT VELLA,02,el Barri Gòtic,Carrer,SANTA ANNA,2,2,,,,,,,4,2
01-2013-0945,01,CIUTAT VELLA,02,el Barri Gòtic,Carrer,SANTA ANNA,2,2,,,,,,,02,1
01-2013-0957,01,CIUTAT VELLA,02,el Barri Gòtic,Carrer,SANTA ANNA,1,35,,,,,,,PR,
01-2013-0984,01,CIUTAT VELLA,04,Sant Pere, Santa Caterina i la Ribera,Carrer,REC,2,38,,,,,,,04,
01-2013-0990,01,CIUTAT VELLA,01,el Raval,Carrer,NOU DE LA RAMBLA,1,19,,,,,,,04,2
01-2013-1002,01,CIUTAT VELLA,02,el Barri Gòtic,Carrer,BEAT SIMO,1,3,,,,,,,1,
01-2013-1035,01,CIUTAT VELLA,04,Sant Pere, Santa Caterina i la Ribera,Carrer,JONQUERES,1,13,,,,,,,02,1
01-2014-0044,01,CIUTAT VELLA,01,el Raval,Carrer,SANTA MONICA,2,4,,,,,,,03,
01-2014-0056,01,CIUTAT VELLA,02,el Barri Gòtic,Carrer,HOSTAL D'EN SOL,1,3,,5,,,,,04,1
01-2014-0060,01,CIUTAT VELLA,01,el Raval,Carrer,RAMELLERES,1,27,,,,,,,02,1
01-2014-0231,01,CIUTAT VELLA,04,Sant Pere, Santa Caterina i la Ribera,Carrer,SANT PERE MES ALT,1,21,,,,,,,03,2
01-2014-0270,01,CIUTAT VELLA,02,el Barri Gòtic,Carrer,PETRITXOL,1,17,,,,,,,01,1
01-2014-0439,01,CIUTAT VELLA,01,el Raval,Carrer,TIGRE,2,10,,,,,,,3,2
01-2018-0197,01,CIUTAT VELLA,02,el Barri Gòtic,Carrer,PETRITXOL,1,17,,,,,,,3,2
01-2018-0251,01,CIUTAT VELLA,02,el Barri Gòtic,Carrer,PORTAFERRISSA,1,27,,,,,,,1,
01-2018-0372,01,CIUTAT VELLA,01,el Raval,Carrer,CARME,1,61,,,,,,,2,
01-2018-0429,01,CIUTAT VELLA,01,el Raval,Carrer,MONTSERRAT,1,1,,,,,,,PR,
01-2019-0031,01,CIUTAT VELLA,02,el Barri Gòtic,Carrer,SANTA ANNA,1,35,,,,,,,3,
01-2019-0194,01,CIUTAT VELLA,01,el Raval,Carrer,CARME,1,61,,,,,,,4,
01-2019-0348,01,CIUTAT VELLA,01,el Raval,Carrer,SANT PAU,1,41,,,,,,,2,
01-2019-0373,01,CIUTAT VELLA,01,el Raval,Carrer,JOAQUIN COSTA,2,28,,,,,,,1,1
01-2019-0374,01,CIUTAT VELLA,01,el Raval,Carrer,JOAQUIN COSTA,2,28,,,,,,,1,2
01-2019-0415,01,CIUTAT VELLA,01,el Raval,Rambla,RAVAL,2,26,,,,,,,2,
01-2022-0102,01,CIUTAT VELLA,03,la Barceloneta,Carrer,PESCADORS,2,20,,,,,,,3,
01-2022-0103,01,CIUTAT VELLA,03,la Barceloneta,Carrer,PESCADORS,2,20,,,,,,,2,
01-2022-0105,01,CIUTAT VELLA,03,la Barceloneta,Carrer,PESCADORS,2,20,,,,,,,EN,
01-2022-0111,01,CIUTAT VELLA,04,Sant Pere, Santa Caterina i la Ribera,Carrer,ARGENTERIA,1,33,,,,,,,1,
01-2022-0364,01,CIUTAT VELLA,01,el Raval,Carrer,EST,1,19,,,,,,,1,1
01-2022-0368,01,CIUTAT VELLA,01,el Raval,Carrer,EST,1,19,,,,,,,4,1
01-2022-0489,01,CIUTAT VELLA,03,la Barceloneta,Carrer,FELICIA FUSTER I VILADECANS,2,40,,,,,,,BJ,
01-2024-0017,01,CIUTAT VELLA,01,el Raval,Carrer,PEU DE LA CREU,2,28,B,,B,,,,EN,1
01-2024-0018,01,CIUTAT VELLA,01,el Raval,Carrer,PEU DE LA CREU,2,28,B,,B,,,,EN,2
01-2024-0023,01,CIUTAT VELLA,01,el Raval,Carrer,PEU DE LA CREU,2,28,B,,B,,,,3,1
01-2024-0032,01,CIUTAT VELLA,02,el Barri Gòtic,Carrer,OBRADORS,1,9,,,,,,,EN,1
01-2024-0037,01,CIUTAT VELLA,02,el Barri Gòtic,Carrer,OBRADORS,1,9,,,,,,,2,1
01-2024-0040,01,CIUTAT VELLA,02,el Barri Gòtic,Carrer,OBRADORS,1,9,,,,,,,3,2
01-2024-0054,01,CIUTAT VELLA,01,el Raval,Passatge,BERNARDI MARTORELL,2,8,,,,,,,2,
01-2024-0057,01,CIUTAT VELLA,03,la Barceloneta,Carrer,MARINERS,2,16,,,,,,,BJ,
01-2024-0107,01,CIUTAT VELLA,01,el Raval,Carrer,NOU DE LA RAMBLA,2,10,,,,,,,EN,2B
01-2024-0169,01,CIUTAT VELLA,03,la Barceloneta,Carrer,ALMIRALL BARCELO,1,3,,,,,,,BJ,1
02-2008-0523,02,L'EIXAMPLE,07,la Dreta de l'Eixample,Carrer,PAU CLARIS,2,76,,,,,,,PR,2B
02-2008-0549,02,L'EIXAMPLE,05,el Fort Pienc,Carrer,AUSIAS MARC,1,95,,,,,,,01,2
02-2008-0550,02,L'EIXAMPLE,05,el Fort Pienc,Carrer,AUSIAS MARC,1,95,,,,,,,02,1
02-2008-0551,02,L'EIXAMPLE,05,el Fort Pienc,Carrer,AUSIAS MARC,1,95,,,,,,,02,2
02-2008-0567,02,L'EIXAMPLE,08,l'Antiga Esquerra de l'Eixample,Carrer,CONSELL DE CENT,1,283,,,,,,,01,2
02-2008-0625,02,L'EIXAMPLE,07,la Dreta de l'Eixample,Carrer,VALENCIA,2,366,,,,,,,02,2
02-2008-0649,02,L'EIXAMPLE,06,la Sagrada Família,Carrer,ROSSELLO,1,419,,,,,,,06,1
02-2008-0710,02,L'EIXAMPLE,07,la Dreta de l'Eixample,Carrer,PELAI,1,11,,,,,,,1,F
02-2008-0712,02,L'EIXAMPLE,07,la Dreta de l'Eixample,Carrer,PELAI,1,11,,,,,,,1,D
02-2008-0723,02,L'EIXAMPLE,08,l'Antiga Esquerra de l'Eixample,Carrer,ENRIC GRANADOS,1,21,,,,,,,06,2
02-2008-0797,02,L'EIXAMPLE,05,el Fort Pienc,Carrer,AUSIAS MARC,1,157,,,,,,,3,4
02-2008-0813,02,L'EIXAMPLE,08,l'Antiga Esquerra de l'Eixample,Carrer,VALENCIA,1,109,,,,,,,AT,1
02-2008-0891,02,L'EIXAMPLE,07,la Dreta de l'Eixample,Carrer,GIRONA,1,97,,,,,,,PR,4
02-2008-0921,02,L'EIXAMPLE,07,la Dreta de l'Eixample,Carrer,GIRONA,1,97,,,,,,,03,3
02-2008-1033,02,L'EIXAMPLE,06,la Sagrada Família,Carrer,MARINA,2,306,,,,,,C,01,2
02-2008-1035,02,L'EIXAMPLE,06,la Sagrada Família,Carrer,MARINA,2,306,,,,,,C,01,4
02-2008-1047,02,L'EIXAMPLE,06,la Sagrada Família,Carrer,MARINA,2,306,,,,,,C,04,4
02-2008-1051,02,L'EIXAMPLE,06,la Sagrada Família,Carrer,MARINA,2,306,,,,,,C,05,4
02-2008-1103,02,L'EIXAMPLE,07,la Dreta de l'Eixample,Carrer,GIRONA,1,15,,,,,,,PR,1
02-2008-1108,02,L'EIXAMPLE,07,la Dreta de l'Eixample,Carrer,GIRONA,1,103,,,,,,,3,2
02-2008-1189,02,L'EIXAMPLE,08,l'Antiga Esquerra de l'Eixample,Carrer,VALENCIA,2,194,,,,,,,03,2
02-2008-1225,02,L'EIXAMPLE,07,la Dreta de l'Eixample,Carrer,DIPUTACIO,1,317,,,,,,,02,1
02-2008-1226,02,L'EIXAMPLE,07,la Dreta de l'Eixample,Carrer,DIPUTACIO,1,317,,,,,,,02,2
02-2009-0035,02,L'EIXAMPLE,10,Sant Antoni,Gran Via,CORTS CATALANES,2,530,,,,,,,03,3
02-2009-0162,02,L'EIXAMPLE,07,la Dreta de l'Eixample,Carrer,ARAGO,1,373,,,,,,,03,2
02-2009-0272,02,L'EIXAMPLE,05,el Fort Pienc,Avinguda,DIAGONAL,1,245,,,,,,,03,1
02-2009-0308,02,L'EIXAMPLE,07,la Dreta de l'Eixample,Carrer,PELAI,1,11,,,,,,,2,2
02-2009-0312,02,L'EIXAMPLE,07,la Dreta de l'Eixample,Carrer,PELAI,1,11,,,,,,,2,6
02-2009-0363,02,L'EIXAMPLE,07,la Dreta de l'Eixample,Passeig,GRACIA,2,16,,,,,,,02,1
02-2009-0377,02,L'EIXAMPLE,07,la Dreta de l'Eixample,Carrer,VALENCIA,2,366,,,,,,,03,3
02-2009-0400,02,L'EIXAMPLE,10,Sant Antoni,Carrer,CALABRIA,1,69,,,,,,,PR,2
02-2009-0448,02,L'EIXAMPLE,07,la Dreta de l'Eixample,Carrer,ALI BEI,1,29,,,,,,,03,2
02-2009-0525,02,L'EIXAMPLE,07,la Dreta de l'Eixample,Carrer,VALENCIA,2,366,,,,,,,02,3
02-2009-0527,02,L'EIXAMPLE,06,la Sagrada Família,Carrer,PADILLA,1,271,,,,,,,01,4
02-2009-0549,02,L'EIXAMPLE,10,Sant Antoni,Gran Via,CORTS CATALANES,2,448,,,,,,,01,2
02-2009-0596,02,L'EIXAMPLE,07,la Dreta de l'Eixample,Passeig,GRACIA,1,83,,,,,,,02,6
02-2009-0626,02,L'EIXAMPLE,10,Sant Antoni,Carrer,COMTE D'URGELL,2,20,,,,,,,05,2
02-2009-0649,02,L'EIXAMPLE,07,la Dreta de l'Eixample,Passeig,GRACIA,1,83,,,,,,,01,6
02-2009-0654,02,L'EIXAMPLE,07,la Dreta de l'Eixample,Passeig,GRACIA,1,83,,,,,,,04,2
02-2009-0656,02,L'EIXAMPLE,07,la Dreta de l'Eixample,Passeig,GRACIA,1,83,,,,,,,04,5
02-2009-0684,02,L'EIXAMPLE,05,el Fort Pienc,Carrer,AUSIAS MARC,2,136,,,,,,,PR,1
02-2009-0685,02,L'EIXAMPLE,05,el Fort Pienc,Carrer,AUSIAS MARC,2,136,,,,,,,PR,2
02-2009-0742,02,L'EIXAMPLE,08,l'Antiga Esquerra de l'Eixample,Carrer,VILLARROEL,1,163,,,,,,,01,1
02-2009-0745,02,L'EIXAMPLE,08,l'Antiga Esquerra de l'Eixample,Carrer,VILLARROEL,1,163,,,,,,,02,2
02-2009-0748,02,L'EIXAMPLE,08,l'Antiga Esquerra de l'Eixample,Carrer,VILLARROEL,1,163,,,,,,,04,1
02-2009-0750,02,L'EIXAMPLE,08,l'Antiga Esquerra de l'Eixample,Carrer,VILLARROEL,1,163,,,,,,,05,1
02-2009-0807,02,L'EIXAMPLE,07,la Dreta de l'Eixample,Gran Via,CORTS CATALANES,2,662,,,,,,,06,1B
02-2009-0831,02,L'EIXAMPLE,06,la Sagrada Família,Carrer,ENAMORATS,1,5,,,,,,,03,4
02-2009-0836,02,L'EIXAMPLE,06,la Sagrada Família,Carrer,ENAMORATS,1,5,,,,,,,01,4
02-2009-0873,02,L'EIXAMPLE,07,la Dreta de l'Eixample,Carrer,CORSEGA,1,293,,,,,,,5,4
02-2009-0940,02,L'EIXAMPLE,07,la Dreta de l'Eixample,Passeig,GRACIA,1,83,,,,,,,05,2
02-2009-0941,02,L'EIXAMPLE,07,la Dreta de l'Eixample,Passeig,GRACIA,1,83,,,,,,,05,3
02-2009-0958,02,L'EIXAMPLE,07,la Dreta de l'Eixample,Carrer,CASP,2,74,,,,,,,BJ,1
02-2009-0964,02,L'EIXAMPLE,06,la Sagrada Família,Carrer,CARTAGENA,2,302,,,,,,,04,1
02-2009-0975,02,L'EIXAMPLE,07,la Dreta de l'Eixample,Carrer,CASP,2,74,,,,,,,03,2
02-2009-1008,02,L'EIXAMPLE,07,la Dreta de l'Eixample,Carrer,DIPUTACIO,1,335,,,,,,,3,1
02-2009-1038,02,L'EIXAMPLE,07,la Dreta de l'Eixample,Carrer,ROGER DE FLOR,1,161,,,,,,,02,4
02-2009-1109,02,L'EIXAMPLE,06,la Sagrada Família,Carrer,INDUSTRIA,1,165,,,,,,,03,1
02-2009-1135,02,L'EIXAMPLE,08,l'Antiga Esquerra de l'Eixample,Carrer,VALENCIA,1,115,,,,,,,02,1
02-2009-1178,02,L'EIXAMPLE,08,l'Antiga Esquerra de l'Eixample,Carrer,VALENCIA,1,115,,,,,,,03,2
02-2009-1203,02,L'EIXAMPLE,08,l'Antiga Esquerra de l'Eixample,Carrer,VALENCIA,1,115,,,,,,,BJ,
02-2009-1267,02,L'EIXAMPLE,10,Sant Antoni,Carrer,COMTE BORRELL,2,42,,,,,,,03,2
02-2010-0020,02,L'EIXAMPLE,10,Sant Antoni,Carrer,FLORIDABLANCA,1,125,,,,,,,PR,2
02-2010-0421,02,L'EIXAMPLE,10,Sant Antoni,Carrer,TAMARIT,2,162,,,,,,,02,1
02-2010-0481,02,L'EIXAMPLE,09,la Nova Esquerra de l'Eixample,Carrer,VALENCIA,2,32,,,,,,,1,4
02-2010-0489,02,L'EIXAMPLE,09,la Nova Esquerra de l'Eixample,Carrer,VALENCIA,2,32,,,,,,,4,3
02-2010-0537,02,L'EIXAMPLE,05,el Fort Pienc,Carrer,MARINA,1,119,,,,,,,01,1
02-2010-0701,02,L'EIXAMPLE,07,la Dreta de l'Eixample,Carrer,BRUC,1,17,,,,,,,03,2
02-2010-0713,02,L'EIXAMPLE,10,Sant Antoni,Carrer,SEPULVEDA,1,125,,,,,,,01,2B
02-2010-0721,02,L'EIXAMPLE,10,Sant Antoni,Carrer,SEPULVEDA,1,125,,,,,,,04,2A
02-2010-0737,02,L'EIXAMPLE,06,la Sagrada Família,Carrer,VALENCIA,1,423,,,,,,,02,2
02-2010-0814,02,L'EIXAMPLE,05,el Fort Pienc,Carrer,AUSIAS MARC,1,143,,,,,,,01,4
02-2010-0863,02,L'EIXAMPLE,07,la Dreta de l'Eixample,Carrer,BRUC,1,151,,,,,,,05,1
02-2010-0885,02,L'EIXAMPLE,07,la Dreta de l'Eixample,Carrer,VALENCIA,1,347,,,,,,,03,3
02-2010-0887,02,L'EIXAMPLE,07,la Dreta de l'Eixample,Carrer,VALENCIA,1,347,,,,,,,02,1
02-2010-0891,02,L'EIXAMPLE,07,la Dreta de l'Eixample,Carrer,VALENCIA,1,347,,,,,,,02,2
02-2010-0920,02,L'EIXAMPLE,07,la Dreta de l'Eixample,Passeig,GRACIA,1,69,,,,,,,01,B
02-2010-0946,02,L'EIXAMPLE,07,la Dreta de l'Eixample,Passeig,GRACIA,1,69,,,,,,,3,B
02-2010-0947,02,L'EIXAMPLE,07,la Dreta de l'Eixample,Passeig,GRACIA,1,69,,,,,,,07,B
02-2010-1007,02,L'EIXAMPLE,06,la Sagrada Família,Carrer,SICILIA,1,255,,,,,,,02,3
02-2010-1012,02,L'EIXAMPLE,06,la Sagrada Família,Carrer,SICILIA,1,255,,,,,,,03,2
02-2010-1025,02,L'EIXAMPLE,06,la Sagrada Família,Carrer,SICILIA,1,255,,,,,,,05,2
02-2010-1179,02,L'EIXAMPLE,07,la Dreta de l'Eixample,Carrer,DIPUTACIO,2,316,,320,,,,,PR,A
02-2010-1208,02,L'EIXAMPLE,06,la Sagrada Família,Carrer,VALENCIA,1,469,,,,,,,05,1
02-2010-1268,02,L'EIXAMPLE,07,la Dreta de l'Eixample,Carrer,ARAGO,1,367,,,,,,,03,1
02-2010-1294,02,L'EIXAMPLE,10,Sant Antoni,Carrer,COMTE D'URGELL,2,6,,,,,,,EN,
02-2010-1298,02,L'EIXAMPLE,07,la Dreta de l'Eixample,Carrer,ARAGO,1,367,,,,,,,EN,1
02-2010-1323,02,L'EIXAMPLE,07,la Dreta de l'Eixample,Passeig,GRACIA,2,64,,,,,,,3,3
02-2010-1328,02,L'EIXAMPLE,07,la Dreta de l'Eixample,Passeig,GRACIA,2,64,,,,,,,4,1
02-2010-1329,02,L'EIXAMPLE,07,la Dreta de l'Eixample,Passeig,GRACIA,2,64,,,,,,,2,1
02-2010-1403,02,L'EIXAMPLE,08,l'Antiga Esquerra de l'Eixample,Carrer,ARAGO,1,155,,,,,,,1,D
02-2010-1476,02,L'EIXAMPLE,07,la Dreta de l'Eixample,Passeig,GRACIA,1,3,,,,,,,6,5
02-2010-1483,02,L'EIXAMPLE,07,la Dreta de l'Eixample,Plaça,TETUAN,1,19,,,,,,,04,2
02-2010-1490,02,L'EIXAMPLE,07,la Dreta de l'Eixample,Passeig,GRACIA,1,3,,,,,,,6,4
02-2011-0070,02,L'EIXAMPLE,08,l'Antiga Esquerra de l'Eixample,Carrer,MUNTANER,2,26,,,,,,,2,2
02-2011-0073,02,L'EIXAMPLE,08,l'Antiga Esquerra de l'Eixample,Carrer,BALMES,1,113,,,,,,,01,2
02-2011-0074,02,L'EIXAMPLE,06,la Sagrada Família,Carrer,VALENCIA,2,532,,,,,,,03,3
02-2011-0118,02,L'EIXAMPLE,07,la Dreta de l'Eixample,Carrer,ARAGO,1,345,,,,,,,3,
02-2011-0167,02,L'EIXAMPLE,08,l'Antiga Esquerra de l'Eixample,Carrer,ARIBAU,2,110,,,,,,,5,1
02-2011-0224,02,L'EIXAMPLE,09,la Nova Esquerra de l'Eixample,Carrer,VALENCIA,2,32,,34,,,,,5,1
02-2011-0243,02,L'EIXAMPLE,10,Sant Antoni,Gran Via,CORTS CATALANES,2,454,,,,,,,PR,2
02-2011-0247,02,L'EIXAMPLE,10,Sant Antoni,Gran Via,CORTS CATALANES,2,454,,,,,,,6,2
02-2011-0286,02,L'EIXAMPLE,10,Sant Antoni,Gran Via,CORTS CATALANES,2,454,,,,,,,1,2
02-2011-0296,02,L'EIXAMPLE,10,Sant Antoni,Gran Via,CORTS CATALANES,2,454,,,,,,,4,1
02-2011-0303,02,L'EIXAMPLE,10,Sant Antoni,Gran Via,CORTS CATALANES,2,454,,,,,,,5,4
02-2011-0308,02,L'EIXAMPLE,10,Sant Antoni,Gran Via,CORTS CATALANES,2,454,,,,,,,AT,2
02-2011-0507,02,L'EIXAMPLE,06,la Sagrada Família,Carrer,ARAGO,1,423,,,,,,,PR,A
02-2011-0546,02,L'EIXAMPLE,07,la Dreta de l'Eixample,Carrer,GIRONA,2,110,,,,,,,01,3
02-2011-0557,02,L'EIXAMPLE,07,la Dreta de l'Eixample,Carrer,GIRONA,2,110,,,,,,,05,1
02-2011-0644,02,L'EIXAMPLE,06,la Sagrada Família,Carrer,SARDENYA,2,322,,,,,,B,02,1
02-2011-0892,02,L'EIXAMPLE,10,Sant Antoni,Carrer,COMTE BORRELL,1,73,,,,,,B,01,2
02-2011-0899,02,L'EIXAMPLE,10,Sant Antoni,Carrer,COMTE BORRELL,1,73,,,,,,A,03,2
02-2011-0973,02,L'EIXAMPLE,09,la Nova Esquerra de l'Eixample,Carrer,VALENCIA,2,32,,34,,,,,3,1
02-2011-0980,02,L'EIXAMPLE,10,Sant Antoni,Carrer,TAMARIT,1,89,,,,,,,03,2
02-2011-0981,02,L'EIXAMPLE,09,la Nova Esquerra de l'Eixample,Carrer,CONSELL DE CENT,1,123,,,,,,,02,1
02-2011-0986,02,L'EIXAMPLE,08,l'Antiga Esquerra de l'Eixample,Carrer,CONSELL DE CENT,1,221,,,,,,D,03,2
02-2011-0993,02,L'EIXAMPLE,05,el Fort Pienc,Gran Via,CORTS CATALANES,2,820,,,,,,,04,2
02-2011-0998,02,L'EIXAMPLE,10,Sant Antoni,Carrer,VILLARROEL,2,28,,,,,,D,4,1
02-2011-1096,02,L'EIXAMPLE,06,la Sagrada Família,Avinguda,GAUDI,2,26,,28,,,,,02,1
02-2011-1177,02,L'EIXAMPLE,07,la Dreta de l'Eixample,Carrer,VALENCIA,2,358,,,,,,E,04,2
02-2011-1181,02,L'EIXAMPLE,07,la Dreta de l'Eixample,Carrer,ROGER DE LLURIA,2,102,,,,,,,04,2
02-2011-1215,02,L'EIXAMPLE,08,l'Antiga Esquerra de l'Eixample,Carrer,PROVENÇA,2,232,,,,,,,PR,1
02-2011-1217,02,L'EIXAMPLE,08,l'Antiga Esquerra de l'Eixample,Carrer,PROVENÇA,2,232,,,,,,,01,1
02-2011-1220,02,L'EIXAMPLE,08,l'Antiga Esquerra de l'Eixample,Carrer,PROVENÇA,2,232,,,,,,,02,2
02-2011-1233,02,L'EIXAMPLE,09,la Nova Esquerra de l'Eixample,Carrer,VILADOMAT,1,191,,,,,,,01,4
02-2011-1282,02,L'EIXAMPLE,07,la Dreta de l'Eixample,Carrer,VALENCIA,1,261,,,,,,,PR,2
02-2012-0049,02,L'EIXAMPLE,08,l'Antiga Esquerra de l'Eixample,Carrer,PROVENÇA,2,244,,,,,,B,03,C
02-2012-0058,02,L'EIXAMPLE,10,Sant Antoni,Carrer,SEPULVEDA,2,178,,,,,,,EN,4
02-2012-0168,02,L'EIXAMPLE,08,l'Antiga Esquerra de l'Eixample,Carrer,CORSEGA,1,211,,,,,,,01,1
02-2012-0196,02,L'EIXAMPLE,08,l'Antiga Esquerra de l'Eixample,Avinguda,ROMA,2,138,,,,,,,2,A
02-2012-0201,02,L'EIXAMPLE,08,l'Antiga Esquerra de l'Eixample,Avinguda,ROMA,2,138,,,,,,,4,B
02-2012-0294,02,L'EIXAMPLE,09,la Nova Esquerra de l'Eixample,Carrer,ENTENÇA,2,140,,,,,,,PR,3
02-2012-0320,02,L'EIXAMPLE,06,la Sagrada Família,Carrer,LEPANT,1,273,,,,,,,01,1
02-2012-0345,02,L'EIXAMPLE,07,la Dreta de l'Eixample,Ronda,UNIVERSITAT,1,13,,,,,,,04,B
02-2012-0421,02,L'EIXAMPLE,07,la Dreta de l'Eixample,Carrer,BALMES,2,12,,,,,,,01,2
02-2012-0435,02,L'EIXAMPLE,07,la Dreta de l'Eixample,Passeig,GRACIA,2,50,,,,,,,06,1B
02-2012-0438,02,L'EIXAMPLE,09,la Nova Esquerra de l'Eixample,Carrer,CONSELL DE CENT,1,87,,,,,,,02,1
02-2012-0450,02,L'EIXAMPLE,06,la Sagrada Família,Carrer,ROSSELLO,2,380,,382,,,,,BJ,3
02-2012-0455,02,L'EIXAMPLE,06,la Sagrada Família,Carrer,ROSSELLO,2,380,,382,,,,,01,4
02-2012-0466,02,L'EIXAMPLE,06,la Sagrada Família,Carrer,ROSSELLO,2,380,,382,,,,,03,3
02-2012-0469,02,L'EIXAMPLE,06,la Sagrada Família,Carrer,ROSSELLO,2,380,,382,,,,,04,2
02-2012-0474,02,L'EIXAMPLE,06,la Sagrada Família,Carrer,ROSSELLO,2,380,,382,,,,,05,1
02-2012-0489,02,L'EIXAMPLE,05,el Fort Pienc,Carrer,AUSIAS MARC,2,146,,,,,,,BJ,1
02-2012-0502,02,L'EIXAMPLE,07,la Dreta de l'Eixample,Carrer,DIPUTACIO,1,249,,,,,,,01,3
02-2012-0549,02,L'EIXAMPLE,07,la Dreta de l'Eixample,Carrer,ROSSELLO,2,322,,,,,,,PR,2A
02-2012-0573,02,L'EIXAMPLE,05,el Fort Pienc,Carrer,SARDENYA,1,213,,,,,,,01,2
02-2012-0589,02,L'EIXAMPLE,08,l'Antiga Esquerra de l'Eixample,Carrer,PROVENÇA,1,131,,133,,,,,PR,4
02-2012-0601,02,L'EIXAMPLE,09,la Nova Esquerra de l'Eixample,Gran Via,CORTS CATALANES,1,443,,,,,,,03,2
02-2012-0605,02,L'EIXAMPLE,10,Sant Antoni,Carrer,ROCAFORT,2,46,,,,,,,05,1
02-2012-0627,02,L'EIXAMPLE,07,la Dreta de l'Eixample,Carrer,ROGER DE LLURIA,2,82,,,,,,,03,2
02-2012-0634,02,L'EIXAMPLE,08,l'Antiga Esquerra de l'Eixample,Carrer,DIPUTACIO,1,197,,,,,,,02,1
02-2012-0641,02,L'EIXAMPLE,08,l'Antiga Esquerra de l'Eixample,Carrer,CONSELL DE CENT,2,258,,,,,,,PR,1
02-2012-0643,02,L'EIXAMPLE,08,l'Antiga Esquerra de l'Eixample,Carrer,CORSEGA,1,267,,,,,,A,02,1
02-2012-0665,02,L'EIXAMPLE,06,la Sagrada Família,Carrer,SICILIA,2,322,,,,,,,AT,
02-2012-0727,02,L'EIXAMPLE,08,l'Antiga Esquerra de l'Eixample,Carrer,CONSELL DE CENT,1,203,,,,,,,03,3
02-2012-0735,02,L'EIXAMPLE,08,l'Antiga Esquerra de l'Eixample,Carrer,CONSELL DE CENT,1,203,,,,,,,05,3
02-2012-0752,02,L'EIXAMPLE,06,la Sagrada Família,Carrer,PADILLA,2,264,,,,,,,04,4
02-2012-0756,02,L'EIXAMPLE,10,Sant Antoni,Carrer,MANSO,2,58,,,,,,,02,2
02-2012-0762,02,L'EIXAMPLE,07,la Dreta de l'Eixample,Carrer,BRUC,1,55,,,,,,B,PR,1
02-2012-0771,02,L'EIXAMPLE,06,la Sagrada Família,Carrer,MARINA,2,234,,,,,,,5,2
02-2012-0850,02,L'EIXAMPLE,06,la Sagrada Família,Carrer,VALENCIA,2,468,,,,,,,AT,3
02-2012-0895,02,L'EIXAMPLE,05,el Fort Pienc,Avinguda,DIAGONAL,1,283,,,,,,,01,2
02-2012-0904,02,L'EIXAMPLE,08,l'Antiga Esquerra de l'Eixample,Gran Via,CORTS CATALANES,1,549,,,,,,,03,1
02-2012-0943,02,L'EIXAMPLE,10,Sant Antoni,Carrer,CASANOVA,2,28,,,,,,,PR,
02-2012-0948,02,L'EIXAMPLE,07,la Dreta de l'Eixample,Carrer,ROSSELLO,2,272,,,,,,,EN,1
02-2012-0956,02,L'EIXAMPLE,06,la Sagrada Família,Carrer,PROVENÇA,1,497,,,,,,,04,4
02-2012-0957,02,L'EIXAMPLE,05,el Fort Pienc,Carrer,AUSIAS MARC,1,59,,,,,,,07,
02-2012-0964,02,L'EIXAMPLE,10,Sant Antoni,Carrer,ENTENÇA,2,8,,,,,,,05,1
02-2012-0995,02,L'EIXAMPLE,05,el Fort Pienc,Carrer,SICILIA,1,109,,,,,,,1,A
02-2012-0998,02,L'EIXAMPLE,05,el Fort Pienc,Carrer,SICILIA,1,109,,,,,,,02,A
02-2012-1000,02,L'EIXAMPLE,05,el Fort Pienc,Carrer,SICILIA,1,109,,,,,,,2,C
02-2012-1008,02,L'EIXAMPLE,05,el Fort Pienc,Carrer,SICILIA,1,109,,,,,,,5,B
02-2012-1009,02,L'EIXAMPLE,05,el Fort Pienc,Carrer,SICILIA,1,109,,,,,,,5,C
02-2012-1041,02,L'EIXAMPLE,07,la Dreta de l'Eixample,Rambla,CATALUNYA,1,5,,,,,,,02,2
02-2012-1068,02,L'EIXAMPLE,07,la Dreta de l'Eixample,Rambla,CATALUNYA,2,32,,,,,,,02,1B
02-2012-1073,02,L'EIXAMPLE,09,la Nova Esquerra de l'Eixample,Carrer,ENTENÇA,2,140,B,,,,,,PR,2
02-2012-1077,02,L'EIXAMPLE,08,l'Antiga Esquerra de l'Eixample,Carrer,VALENCIA,2,198,,,,,,,03,2
02-2012-1080,02,L'EIXAMPLE,09,la Nova Esquerra de l'Eixample,Carrer,DIPUTACIO,2,52,,,,,,,EN,4
02-2012-1096,02,L'EIXAMPLE,07,la Dreta de l'Eixample,Carrer,BRUC,2,42,,44,,,,,04,D
02-2012-1097,02,L'EIXAMPLE,07,la Dreta de l'Eixample,Carrer,BRUC,1,41,,,,,,,01,2
02-2012-1119,02,L'EIXAMPLE,06,la Sagrada Família,Carrer,MALLORCA,2,408,,,,,,,PR,2
02-2012-1121,02,L'EIXAMPLE,07,la Dreta de l'Eixample,Passeig,GRACIA,2,44,,,,,,,06,H
02-2012-1129,02,L'EIXAMPLE,09,la Nova Esquerra de l'Eixample,Avinguda,JOSEP TARRADELLAS,2,80,,,,,,,02,3
02-2012-1132,02,L'EIXAMPLE,07,la Dreta de l'Eixample,Carrer,VALENCIA,2,290,,,,,,,04,2
02-2012-1136,02,L'EIXAMPLE,07,la Dreta de l'Eixample,Carrer,VALENCIA,2,290,,,,,,,02,3
02-2012-1145,02,L'EIXAMPLE,08,l'Antiga Esquerra de l'Eixample,Carrer,CONSELL DE CENT,1,207,,,,,,,BJ,3
02-2012-1146,02,L'EIXAMPLE,08,l'Antiga Esquerra de l'Eixample,Carrer,CONSELL DE CENT,1,207,,,,,,,BJ,2
02-2012-1155,02,L'EIXAMPLE,08,l'Antiga Esquerra de l'Eixample,Carrer,CONSELL DE CENT,1,207,,,,,,,02,1
02-2012-1160,02,L'EIXAMPLE,06,la Sagrada Família,Carrer,ROSSELLO,1,501,,,,,,,05,4
02-2012-1181,02,L'EIXAMPLE,07,la Dreta de l'Eixample,Gran Via,CORTS CATALANES,1,671,,,,,,,03,2
02-2012-1187,02,L'EIXAMPLE,08,l'Antiga Esquerra de l'Eixample,Carrer,CONSELL DE CENT,1,207,,,,,,,05,3
02-2012-1211,02,L'EIXAMPLE,07,la Dreta de l'Eixample,Ronda,SANT PERE,1,3,,,,,,,03,3
02-2012-1224,02,L'EIXAMPLE,08,l'Antiga Esquerra de l'Eixample,Carrer,ARIBAU,1,39,,,,,,,03,1B
02-2012-1226,02,L'EIXAMPLE,09,la Nova Esquerra de l'Eixample,Carrer,LLANÇA,1,29,,,,,,,BJ,B
02-2012-1294,02,L'EIXAMPLE,07,la Dreta de l'Eixample,Carrer,GIRONA,2,80,,,,,,,5,2
02-2012-1302,02,L'EIXAMPLE,07,la Dreta de l'Eixample,Carrer,GIRONA,2,80,,,,,,,2,3
02-2012-1317,02,L'EIXAMPLE,06,la Sagrada Família,Carrer,INDUSTRIA,1,183,,,,,,,01,2
02-2012-1323,02,L'EIXAMPLE,07,la Dreta de l'Eixample,Passeig,SANT JOAN,1,57,,,,,,,PR,2B
02-2012-1332,02,L'EIXAMPLE,07,la Dreta de l'Eixample,Carrer,ROGER DE LLURIA,2,82,,,,,,,02,2B
02-2012-1377,02,L'EIXAMPLE,07,la Dreta de l'Eixample,Carrer,MALLORCA,2,264,,,,,,,01,1B
02-2012-1381,02,L'EIXAMPLE,07,la Dreta de l'Eixample,Carrer,PELAI,1,5,,,,,,,01,2A
02-2012-1385,02,L'EIXAMPLE,07,la Dreta de l'Eixample,Ronda,UNIVERSITAT,1,11,,,,,,,AT,2
02-2012-1389,02,L'EIXAMPLE,07,la Dreta de l'Eixample,Passatge,PERMANYER,1,7,,,,,,,,
02-2012-1392,02,L'EIXAMPLE,07,la Dreta de l'Eixample,Ronda,SANT PERE,1,3,,,,,,,05,8
02-2012-1410,02,L'EIXAMPLE,08,l'Antiga Esquerra de l'Eixample,Carrer,ARAGO,2,130,,,,,,,01,1
02-2012-1412,02,L'EIXAMPLE,06,la Sagrada Família,Passatge,SIMO,1,3,,,,,,,AT,
02-2012-1413,02,L'EIXAMPLE,08,l'Antiga Esquerra de l'Eixample,Carrer,ARAGO,2,130,,,,,,,01,2
02-2012-1415,02,L'EIXAMPLE,07,la Dreta de l'Eixample,Passeig,GRACIA,2,52,,,,,,,03,
02-2012-1431,02,L'EIXAMPLE,08,l'Antiga Esquerra de l'Eixample,Carrer,ARAGO,2,130,,,,,,,05,2
02-2012-1433,02,L'EIXAMPLE,06,la Sagrada Família,Carrer,MARINA,2,240,,,,,,,01,1
02-2012-1445,02,L'EIXAMPLE,08,l'Antiga Esquerra de l'Eixample,Carrer,ENRIC GRANADOS,1,99,,,,,,,03,2
02-2012-1459,02,L'EIXAMPLE,07,la Dreta de l'Eixample,Avinguda,DIAGONAL,1,377,,,,,,,05,2
02-2012-1539,02,L'EIXAMPLE,07,la Dreta de l'Eixample,Rambla,CATALUNYA,1,103,,,,,,,2,B2
02-2012-1588,02,L'EIXAMPLE,07,la Dreta de l'Eixample,Carrer,ARAGO,2,312,,,,,,,7,3
02-2012-1638,02,L'EIXAMPLE,08,l'Antiga Esquerra de l'Eixample,Gran Via,CORTS CATALANES,1,571,,,,,,,PR,1
02-2012-1654,02,L'EIXAMPLE,10,Sant Antoni,Avinguda,PARAL.LEL,2,142,,,,,,,PR,1B
02-2012-1657,02,L'EIXAMPLE,08,l'Antiga Esquerra de l'Eixample,Carrer,CORSEGA,2,244,,,,,,,01,1
02-2012-1672,02,L'EIXAMPLE,07,la Dreta de l'Eixample,Carrer,BRUC,2,16,,,,,,,PR,3
02-2012-1696,02,L'EIXAMPLE,07,la Dreta de l'Eixample,Ronda,SANT PERE,2,22,,,,,,,06,2
02-2012-1703,02,L'EIXAMPLE,05,el Fort Pienc,Passeig,SANT JOAN,2,50,,,,,,,PR,1
02-2012-1706,02,L'EIXAMPLE,10,Sant Antoni,Carrer,SEPULVEDA,1,155,,,,,,,PR,1
02-2012-1711,02,L'EIXAMPLE,07,la Dreta de l'Eixample,Passeig,GRACIA,2,44,,,,,,,6,E
02-2012-1714,02,L'EIXAMPLE,07,la Dreta de l'Eixample,Rambla,CATALUNYA,2,42,,,,,,,AT,2A
02-2012-1724,02,L'EIXAMPLE,08,l'Antiga Esquerra de l'Eixample,Carrer,CASANOVA,2,96,,,,,,,6,2
02-2012-1767,02,L'EIXAMPLE,07,la Dreta de l'Eixample,Carrer,BRUC,1,91,,,,,,,1,
02-2012-1789,02,L'EIXAMPLE,08,l'Antiga Esquerra de l'Eixample,Carrer,PROVENÇA,1,211,,,,,,,PR,1
02-2012-1806,02,L'EIXAMPLE,05,el Fort Pienc,Carrer,MARINA,2,128,,130,,,,,05,2
02-2012-1808,02,L'EIXAMPLE,08,l'Antiga Esquerra de l'Eixample,Carrer,BALMES,1,119,,,,,,,AT,
02-2012-1810,02,L'EIXAMPLE,06,la Sagrada Família,Carrer,ARAGO,1,415,,,,,,,02,1
02-2012-1845,02,L'EIXAMPLE,06,la Sagrada Família,Avinguda,GAUDI,2,14,,,,,,,03,2
02-2012-1873,02,L'EIXAMPLE,07,la Dreta de l'Eixample,Rambla,CATALUNYA,1,101,,,,,,,3,1
02-2012-1883,02,L'EIXAMPLE,10,Sant Antoni,Carrer,CALABRIA,1,87,,,,,,,01,2
02-2012-1888,02,L'EIXAMPLE,07,la Dreta de l'Eixample,Carrer,ROGER DE LLURIA,2,108,,,,,,,4,1
02-2012-1952,02,L'EIXAMPLE,05,el Fort Pienc,Carrer,SICILIA,1,161,,,,,,,05,3
02-2012-1964,02,L'EIXAMPLE,08,l'Antiga Esquerra de l'Eixample,Carrer,MUNTANER,1,101,,,,,,,01,1
02-2012-1979,02,L'EIXAMPLE,07,la Dreta de l'Eixample,Rambla,CATALUNYA,2,8,,,,,,,02,4
02-2012-1983,02,L'EIXAMPLE,08,l'Antiga Esquerra de l'Eixample,Carrer,ARAGO,1,151,,,,,,,PR,
02-2012-2000,02,L'EIXAMPLE,07,la Dreta de l'Eixample,Carrer,ROSSELLO,2,328,,,,,,,06,2
02-2012-2007,02,L'EIXAMPLE,10,Sant Antoni,Carrer,SEPULVEDA,1,169,,,,,,,3,2
02-2012-2010,02,L'EIXAMPLE,10,Sant Antoni,Carrer,SEPULVEDA,1,169,,,,,,,5,1
02-2012-2043,02,L'EIXAMPLE,08,l'Antiga Esquerra de l'Eixample,Carrer,CASANOVA,1,161,,,,,,,04,2
02-2013-0018,02,L'EIXAMPLE,09,la Nova Esquerra de l'Eixample,Carrer,DIPUTACIO,1,73,,,,,,,1,4
02-2013-0030,02,L'EIXAMPLE,10,Sant Antoni,Carrer,SEPULVEDA,1,161,,,,,,,02,2
02-2013-0035,02,L'EIXAMPLE,10,Sant Antoni,Carrer,SEPULVEDA,1,181,,,,,,,03,2A
02-2013-0059,02,L'EIXAMPLE,06,la Sagrada Família,Carrer,LEPANT,2,330,,332,,,,,05,4
02-2013-0061,02,L'EIXAMPLE,06,la Sagrada Família,Avinguda,GAUDI,2,26,,28,,,,,AT,2
02-2013-0096,02,L'EIXAMPLE,10,Sant Antoni,Gran Via,CORTS CATALANES,2,530,,,,,,,4,4
02-2013-0112,02,L'EIXAMPLE,05,el Fort Pienc,Carrer,AUSIAS MARC,2,86,,,,,,,03,2
02-2013-0132,02,L'EIXAMPLE,06,la Sagrada Família,Carrer,MALLORCA,2,436,B,,,,,,01,2
02-2013-0193,02,L'EIXAMPLE,08,l'Antiga Esquerra de l'Eixample,Carrer,BALMES,1,23,,,,,,,PR,1
02-2013-0196,02,L'EIXAMPLE,05,el Fort Pienc,Carrer,CONSELL DE CENT,1,477,,,,,,,PR,1
02-2013-0236,02,L'EIXAMPLE,06,la Sagrada Família,Carrer,LEPANT,2,300,,,,,,,1,2
02-2013-0244,02,L'EIXAMPLE,05,el Fort Pienc,Carrer,MARINA,2,212,,,,,,,05,3
02-2013-0261,02,L'EIXAMPLE,05,el Fort Pienc,Passeig,SANT JOAN,2,32,,,,,,,03,2
02-2013-0271,02,L'EIXAMPLE,07,la Dreta de l'Eixample,Carrer,AUSIAS MARC,1,5,,,,,,,AT,2
02-2013-0291,02,L'EIXAMPLE,08,l'Antiga Esquerra de l'Eixample,Carrer,ARIBAU,2,124,,,,,,,04,1
02-2013-0304,02,L'EIXAMPLE,08,l'Antiga Esquerra de l'Eixample,Carrer,CASANOVA,1,101,,,,,,,AT,1
02-2013-0319,02,L'EIXAMPLE,05,el Fort Pienc,Carrer,RIBES,1,13,,,,,,,EN,1
02-2013-0323,02,L'EIXAMPLE,06,la Sagrada Família,Carrer,PADILLA,1,285,,287,,,,,04,1
02-2013-0331,02,L'EIXAMPLE,10,Sant Antoni,Carrer,COMTE BORRELL,1,41,,,,,,,03,1
02-2013-0366,02,L'EIXAMPLE,10,Sant Antoni,Gran Via,CORTS CATALANES,2,460,,,,,,,03,1A
02-2013-0374,02,L'EIXAMPLE,09,la Nova Esquerra de l'Eixample,Carrer,COMTE D'URGELL,1,91,,,,,,,01,1
02-2013-0398,02,L'EIXAMPLE,09,la Nova Esquerra de l'Eixample,Gran Via,CORTS CATALANES,1,407,,409,,,,,1,2
02-2013-0428,02,L'EIXAMPLE,07,la Dreta de l'Eixample,Carrer,VALENCIA,2,358,,,,,,I,04,2
02-2013-0434,02,L'EIXAMPLE,07,la Dreta de l'Eixample,Carrer,CONSELL DE CENT,2,430,,,,,,,03,2
02-2013-0448,02,L'EIXAMPLE,07,la Dreta de l'Eixample,Carrer,DIPUTACIO,1,291,,,,,,,02,4
02-2013-0458,02,L'EIXAMPLE,06,la Sagrada Família,Avinguda,GAUDI,2,8,,,,,,,04,1B
02-2013-0478,02,L'EIXAMPLE,07,la Dreta de l'Eixample,Carrer,DIPUTACIO,1,291,,,,,,,01,3
02-2013-0482,02,L'EIXAMPLE,07,la Dreta de l'Eixample,Carrer,DIPUTACIO,1,291,,,,,,,03,3
02-2013-0497,02,L'EIXAMPLE,07,la Dreta de l'Eixample,Carrer,CASP,1,41,,,,,,,04,1
02-2013-0500,02,L'EIXAMPLE,07,la Dreta de l'Eixample,Gran Via,CORTS CATALANES,2,638,,,,,,,PR,2
02-2013-0509,02,L'EIXAMPLE,06,la Sagrada Família,Carrer,VALENCIA,1,465,,,,,,,PR,4
02-2013-0528,02,L'EIXAMPLE,09,la Nova Esquerra de l'Eixample,Carrer,PARIS,2,38,,,,,,,01,1
02-2013-0561,02,L'EIXAMPLE,07,la Dreta de l'Eixample,Gran Via,CORTS CATALANES,2,634,,,,,,,4,2
02-2013-0567,02,L'EIXAMPLE,07,la Dreta de l'Eixample,Carrer,PROVENÇA,2,360,,,,,,,01,2B
02-2013-0573,02,L'EIXAMPLE,07,la Dreta de l'Eixample,Carrer,CORSEGA,2,394,,,,,,,02,1
02-2013-0584,02,L'EIXAMPLE,10,Sant Antoni,Carrer,PARLAMENT,1,35,,,,,,,02,1
02-2013-0593,02,L'EIXAMPLE,08,l'Antiga Esquerra de l'Eixample,Carrer,VALENCIA,2,184,,,,,,,1,1
02-2013-0599,02,L'EIXAMPLE,10,Sant Antoni,Ronda,SANT PAU,1,3,,,,,,,2,1
02-2013-0606,02,L'EIXAMPLE,07,la Dreta de l'Eixample,Carrer,VALENCIA,2,334,,,,,,,03,1
02-2013-0636,02,L'EIXAMPLE,09,la Nova Esquerra de l'Eixample,Carrer,VILADOMAT,1,129,,,,,,,01,1
02-2013-0659,02,L'EIXAMPLE,07,la Dreta de l'Eixample,Carrer,BAILEN,2,8,,,,,,,03,2
02-2013-0675,02,L'EIXAMPLE,06,la Sagrada Família,Carrer,ENAMORATS,1,27,,,,,,,02,1
02-2013-0684,02,L'EIXAMPLE,10,Sant Antoni,Carrer,TAMARIT,1,187,,,,,,,PR,2
02-2013-0692,02,L'EIXAMPLE,10,Sant Antoni,Carrer,TAMARIT,1,187,,,,,,,3,2
02-2013-0720,02,L'EIXAMPLE,06,la Sagrada Família,Avinguda,GAUDI,1,21,,23,,,,,04,3
02-2013-0743,02,L'EIXAMPLE,07,la Dreta de l'Eixample,Passatge,ROGER DE FLOR,1,9,,,,,,,BJ,
02-2013-0755,02,L'EIXAMPLE,07,la Dreta de l'Eixample,Carrer,CONSELL DE CENT,1,335,,,,,,,AT,
02-2013-0760,02,L'EIXAMPLE,07,la Dreta de l'Eixample,Rambla,CATALUNYA,2,42,,,,,,,PR,2B
02-2013-0762,02,L'EIXAMPLE,07,la Dreta de l'Eixample,Rambla,CATALUNYA,2,42,,,,,,,01,1B
02-2013-0780,02,L'EIXAMPLE,10,Sant Antoni,Avinguda,PARAL.LEL,2,92,,,,,,,01,2
02-2013-0787,02,L'EIXAMPLE,06,la Sagrada Família,Carrer,LEPANT,2,292,,,,,,,EN,3
02-2013-0790,02,L'EIXAMPLE,10,Sant Antoni,Carrer,TAMARIT,2,104,,,,,,I,AT,2
02-2013-0829,02,L'EIXAMPLE,10,Sant Antoni,Carrer,ALDANA,2,12,,,,,,,2,1
02-2013-0848,02,L'EIXAMPLE,07,la Dreta de l'Eixample,Carrer,VALENCIA,1,317,,319,,,,,01,3
02-2013-0855,02,L'EIXAMPLE,09,la Nova Esquerra de l'Eixample,Carrer,ARAGO,1,39,,,,,,,2,2
02-2013-0866,02,L'EIXAMPLE,06,la Sagrada Família,Carrer,NAPOLS,2,258,,260,,,,,EN,1
02-2013-0870,02,L'EIXAMPLE,09,la Nova Esquerra de l'Eixample,Gran Via,CORTS CATALANES,1,415,,,,,,E,01,1
02-2013-0896,02,L'EIXAMPLE,09,la Nova Esquerra de l'Eixample,Carrer,DIPUTACIO,2,36,,,,,,,04,1
02-2013-0987,02,L'EIXAMPLE,08,l'Antiga Esquerra de l'Eixample,Carrer,COMTE D'URGELL,2,74,,,,,,,02,1
02-2013-1000,02,L'EIXAMPLE,08,l'Antiga Esquerra de l'Eixample,Carrer,DIPUTACIO,1,199,,,,,,,AT,3
02-2013-1012,02,L'EIXAMPLE,09,la Nova Esquerra de l'Eixample,Carrer,ARAGO,1,11,,,,,,,AT,A
02-2013-1040,02,L'EIXAMPLE,08,l'Antiga Esquerra de l'Eixample,Carrer,ARIBAU,2,138,,,,,,,02,2
02-2013-1041,02,L'EIXAMPLE,07,la Dreta de l'Eixample,Carrer,BRUC,1,65,,,,,,,AT,2
02-2013-1073,02,L'EIXAMPLE,10,Sant Antoni,Carrer,FLORIDABLANCA,1,3,,,,,,,3,2
02-2013-1083,02,L'EIXAMPLE,10,Sant Antoni,Carrer,MUNTANER,1,7,,,,,,,PR,2
02-2013-1091,02,L'EIXAMPLE,06,la Sagrada Família,Carrer,ROSSELLO,2,362,,364,,,,D,PR,2
02-2013-1106,02,L'EIXAMPLE,08,l'Antiga Esquerra de l'Eixample,Carrer,CASANOVA,2,136,,,,,,B,02,5
02-2013-1107,02,L'EIXAMPLE,05,el Fort Pienc,Carrer,AUSIAS MARC,1,65,,,,,,,PR,3
02-2013-1162,02,L'EIXAMPLE,10,Sant Antoni,Carrer,CASANOVA,2,12,,16,,,,I,05,2
02-2013-1174,02,L'EIXAMPLE,08,l'Antiga Esquerra de l'Eixample,Carrer,ARIBAU,1,105,,,,,,,PR,1
02-2013-1199,02,L'EIXAMPLE,07,la Dreta de l'Eixample,Carrer,ARAGO,2,240,,,,,,,PR,2
02-2013-1213,02,L'EIXAMPLE,06,la Sagrada Família,Carrer,MALLORCA,1,419,,,,,,,05,4
02-2013-1253,02,L'EIXAMPLE,06,la Sagrada Família,Carrer,SARDENYA,2,302,,,,,,,2,2
02-2013-1271,02,L'EIXAMPLE,07,la Dreta de l'Eixample,Ronda,UNIVERSITAT,1,35,,,,,,,03,1
02-2013-1279,02,L'EIXAMPLE,06,la Sagrada Família,Carrer,VALENCIA,1,383,,,,,,,04,1
02-2013-1285,02,L'EIXAMPLE,06,la Sagrada Família,Passatge,MAIOL,1,9,,11,,,,,3,1
02-2013-1323,02,L'EIXAMPLE,06,la Sagrada Família,Carrer,DOS DE MAIG,1,327,,329,,,,,06,4
02-2013-1339,02,L'EIXAMPLE,06,la Sagrada Família,Carrer,INDUSTRIA,1,103,,,,,,,01,2
02-2013-1341,02,L'EIXAMPLE,07,la Dreta de l'Eixample,Rambla,CATALUNYA,2,42,,,,,,,SA,1
02-2013-1348,02,L'EIXAMPLE,06,la Sagrada Família,Carrer,CARTAGENA,2,324,,,,,,,PR,3
02-2013-1349,02,L'EIXAMPLE,10,Sant Antoni,Gran Via,CORTS CATALANES,2,516,,,,,,,08,2
02-2013-1379,02,L'EIXAMPLE,09,la Nova Esquerra de l'Eixample,Carrer,ARAGO,2,92,,,,,,,EN,6
02-2013-1383,02,L'EIXAMPLE,09,la Nova Esquerra de l'Eixample,Carrer,ROCAFORT,2,102,,,,,,,06,3
02-2013-1431,02,L'EIXAMPLE,05,el Fort Pienc,Carrer,ROGER DE FLOR,1,65,,,,,,,03,2
02-2013-1433,02,L'EIXAMPLE,06,la Sagrada Família,Passatge,FONT,1,11,,,,,,,03,1
02-2013-1434,02,L'EIXAMPLE,07,la Dreta de l'Eixample,Carrer,CONSELL DE CENT,2,366,,,,,,,1,1
02-2013-1459,02,L'EIXAMPLE,09,la Nova Esquerra de l'Eixample,Carrer,ROSSELLO,2,32,,,,,,,BJ,3
02-2013-1478,02,L'EIXAMPLE,08,l'Antiga Esquerra de l'Eixample,Carrer,ENRIC GRANADOS,1,97,,,,,,,BJ,I
02-2013-1481,02,L'EIXAMPLE,09,la Nova Esquerra de l'Eixample,Carrer,ROCAFORT,2,102,,,,,,,06,4
02-2013-1510,02,L'EIXAMPLE,09,la Nova Esquerra de l'Eixample,Carrer,CALABRIA,1,207,,,,,,,05,3
02-2013-1515,02,L'EIXAMPLE,10,Sant Antoni,Carrer,SEPULVEDA,1,5,,,,,,,SA,2
02-2013-1516,02,L'EIXAMPLE,09,la Nova Esquerra de l'Eixample,Carrer,ROCAFORT,1,139,,,,,,,5,2
02-2013-1546,02,L'EIXAMPLE,05,el Fort Pienc,Carrer,AUSIAS MARC,1,157,,159,,,,D,EN,4
02-2013-1547,02,L'EIXAMPLE,06,la Sagrada Família,Carrer,PROVENÇA,1,473,,,,,,B,SA,1
02-2013-1549,02,L'EIXAMPLE,09,la Nova Esquerra de l'Eixample,Carrer,ROCAFORT,2,102,,,,,,,PR,2
02-2013-1562,02,L'EIXAMPLE,10,Sant Antoni,Carrer,COMTE D'URGELL,2,46,,,,,,,5,5
02-2013-1570,02,L'EIXAMPLE,07,la Dreta de l'Eixample,Carrer,TRAFALGAR,1,33,,,,,,,01,2
02-2013-1581,02,L'EIXAMPLE,07,la Dreta de l'Eixample,Avinguda,DIAGONAL,1,383,,,,,,,01,2
02-2013-1611,02,L'EIXAMPLE,07,la Dreta de l'Eixample,Rambla,CATALUNYA,2,46,,,,,,,02,
02-2013-1634,02,L'EIXAMPLE,09,la Nova Esquerra de l'Eixample,Carrer,ROCAFORT,2,102,,,,,,,06,1
02-2013-1664,02,L'EIXAMPLE,07,la Dreta de l'Eixample,Gran Via,CORTS CATALANES,2,620,,,,,,,AT,4B
02-2013-1680,02,L'EIXAMPLE,09,la Nova Esquerra de l'Eixample,Carrer,ROCAFORT,2,102,,,,,,,06,2
02-2013-1776,02,L'EIXAMPLE,09,la Nova Esquerra de l'Eixample,Carrer,ROCAFORT,2,102,,,,,,,02,3
02-2013-1824,02,L'EIXAMPLE,07,la Dreta de l'Eixample,Rambla,CATALUNYA,2,8,,,,,,,SA,3
02-2013-1837,02,L'EIXAMPLE,06,la Sagrada Família,Avinguda,GAUDI,2,16,,,,,,,02,1
02-2013-1858,02,L'EIXAMPLE,05,el Fort Pienc,Avinguda,DIAGONAL,1,245,,,,,,,05,2
02-2013-1859,02,L'EIXAMPLE,07,la Dreta de l'Eixample,Carrer,CONSELL DE CENT,2,302,,,,,,,03,2A
02-2013-1866,02,L'EIXAMPLE,07,la Dreta de l'Eixample,Gran Via,CORTS CATALANES,1,657,,,,,,,02,1
02-2013-1867,02,L'EIXAMPLE,05,el Fort Pienc,Gran Via,CORTS CATALANES,1,733,,,,,,,AT,2
02-2013-1870,02,L'EIXAMPLE,07,la Dreta de l'Eixample,Carrer,CONSELL DE CENT,2,442,,,,,,,PR,2
02-2013-1888,02,L'EIXAMPLE,09,la Nova Esquerra de l'Eixample,Carrer,VILADOMAT,1,261,,,,,,,01,2
02-2013-1892,02,L'EIXAMPLE,09,la Nova Esquerra de l'Eixample,Carrer,VILADOMAT,1,261,,,,,,,03,2
02-2013-1896,02,L'EIXAMPLE,09,la Nova Esquerra de l'Eixample,Carrer,VILADOMAT,1,261,,,,,,,05,2
02-2013-1919,02,L'EIXAMPLE,06,la Sagrada Família,Avinguda,GAUDI,1,27,,29,,,,,3,4
02-2013-1949,02,L'EIXAMPLE,08,l'Antiga Esquerra de l'Eixample,Carrer,VALENCIA,2,240,,,,,,,04,2
02-2013-1956,02,L'EIXAMPLE,07,la Dreta de l'Eixample,Carrer,VALENCIA,2,306,,,,,,,4,1
02-2013-1978,02,L'EIXAMPLE,09,la Nova Esquerra de l'Eixample,Carrer,ROCAFORT,2,102,,,,,,,05,1
02-2013-2011,02,L'EIXAMPLE,08,l'Antiga Esquerra de l'Eixample,Carrer,ENRIC GRANADOS,1,15,,,,,,,04,2B
02-2013-2065,02,L'EIXAMPLE,05,el Fort Pienc,Carrer,NAPOLS,2,194,,,,,,,PR,1
02-2013-2067,02,L'EIXAMPLE,07,la Dreta de l'Eixample,Carrer,TRAFALGAR,1,9,,,,,,,03,2
02-2013-2071,02,L'EIXAMPLE,08,l'Antiga Esquerra de l'Eixample,Carrer,ARIBAU,2,82,,,,,,,04,2
02-2013-2113,02,L'EIXAMPLE,07,la Dreta de l'Eixample,Ronda,SANT PERE,1,3,,,,,,,01,2
02-2013-2123,02,L'EIXAMPLE,05,el Fort Pienc,Carrer,SICILIA,1,159,,,,,,,PR,3
02-2013-2126,02,L'EIXAMPLE,05,el Fort Pienc,Carrer,SICILIA,1,159,,,,,,,03,3
02-2013-2141,02,L'EIXAMPLE,10,Sant Antoni,Carrer,CALABRIA,1,3,,,,,,,1,
02-2013-2144,02,L'EIXAMPLE,10,Sant Antoni,Carrer,CALABRIA,1,3,,,,,,,4,
02-2013-2145,02,L'EIXAMPLE,10,Sant Antoni,Carrer,CALABRIA,1,3,,,,,,,5,
02-2013-2169,02,L'EIXAMPLE,05,el Fort Pienc,Carrer,MARINA,2,124,,,,,,,01,3
02-2013-2185,02,L'EIXAMPLE,08,l'Antiga Esquerra de l'Eixample,Carrer,MUNTANER,2,102,,,,,,,03,1
02-2013-2209,02,L'EIXAMPLE,07,la Dreta de l'Eixample,Carrer,ROGER DE LLURIA,2,40,,,,,,,04,1
02-2013-2220,02,L'EIXAMPLE,07,la Dreta de l'Eixample,Carrer,NAPOLS,1,213,,,,,,,01,1
02-2013-2258,02,L'EIXAMPLE,06,la Sagrada Família,Avinguda,GAUDI,1,63,,,,,,,03,1
02-2013-2269,02,L'EIXAMPLE,06,la Sagrada Família,Carrer,CORSEGA,2,524,,,,,,,01,2
02-2013-2282,02,L'EIXAMPLE,06,la Sagrada Família,Carrer,MARINA,2,254,,,,,,,05,
02-2013-2283,02,L'EIXAMPLE,07,la Dreta de l'Eixample,Avinguda,DIAGONAL,1,325,,,,,,,6,
02-2013-2300,02,L'EIXAMPLE,08,l'Antiga Esquerra de l'Eixample,Carrer,ARIBAU,2,82,,,,,,,05,2
02-2013-2308,02,L'EIXAMPLE,10,Sant Antoni,Carrer,SEPULVEDA,1,157,,,,,,,03,2
02-2013-2348,02,L'EIXAMPLE,10,Sant Antoni,Gran Via,CORTS CATALANES,2,384,,,,,,,05,4
02-2013-2358,02,L'EIXAMPLE,08,l'Antiga Esquerra de l'Eixample,Carrer,ROSSELLO,2,134,,,,,,,05,4
02-2013-2379,02,L'EIXAMPLE,07,la Dreta de l'Eixample,Carrer,ROSSELLO,2,282,,,,,,,PR,1
02-2013-2389,02,L'EIXAMPLE,08,l'Antiga Esquerra de l'Eixample,Carrer,PARIS,2,178,,,,,,,03,1
02-2013-2411,02,L'EIXAMPLE,07,la Dreta de l'Eixample,Plaça,TETUAN,2,8,,,,,,,04,1
02-2013-2417,02,L'EIXAMPLE,07,la Dreta de l'Eixample,Plaça,TETUAN,1,11,,,,,,,05,1
02-2013-2428,02,L'EIXAMPLE,06,la Sagrada Família,Carrer,ROSSELLO,2,448,,,,,,,01,1
02-2013-2438,02,L'EIXAMPLE,06,la Sagrada Família,Carrer,SICILIA,1,219,,,,,,,03,2
02-2013-2455,02,L'EIXAMPLE,05,el Fort Pienc,Avinguda,DIAGONAL,1,285,,,,,,,BJ,3
02-2013-2474,02,L'EIXAMPLE,09,la Nova Esquerra de l'Eixample,Carrer,CONSELL DE CENT,1,71,,,,,,,05,2
02-2014-0022,02,L'EIXAMPLE,07,la Dreta de l'Eixample,Ronda,SANT PERE,1,11,,,,,,,3,1
02-2014-0024,02,L'EIXAMPLE,05,el Fort Pienc,Gran Via,CORTS CATALANES,1,691,,,,,,,AT,4
02-2014-0054,02,L'EIXAMPLE,09,la Nova Esquerra de l'Eixample,Carrer,DIPUTACIO,2,120,,,,,,,02,1
02-2014-0057,02,L'EIXAMPLE,07,la Dreta de l'Eixample,Gran Via,CORTS CATALANES,2,634,,,,,,,06,4
02-2014-0083,02,L'EIXAMPLE,07,la Dreta de l'Eixample,Carrer,ARAGO,2,250,,,,,,B,PR,1
02-2014-0105,02,L'EIXAMPLE,08,l'Antiga Esquerra de l'Eixample,Carrer,DIPUTACIO,2,182,,,,,,,1,2B
02-2014-0107,02,L'EIXAMPLE,07,la Dreta de l'Eixample,Passeig,GRACIA,2,46,,,,,,,06,1
02-2014-0111,02,L'EIXAMPLE,05,el Fort Pienc,Carrer,SARDENYA,1,151,,,,,,,7,30
02-2014-0113,02,L'EIXAMPLE,07,la Dreta de l'Eixample,Passeig,SANT JOAN,2,62,,,,,,,6,1
02-2014-0117,02,L'EIXAMPLE,07,la Dreta de l'Eixample,Ronda,UNIVERSITAT,1,35,,,,,,,05,2
02-2014-0124,02,L'EIXAMPLE,10,Sant Antoni,Carrer,SEPULVEDA,1,169,,,,,,,1,2
02-2014-0155,02,L'EIXAMPLE,07,la Dreta de l'Eixample,Carrer,BAILEN,2,22,,,,,,,02,1D
02-2014-0161,02,L'EIXAMPLE,08,l'Antiga Esquerra de l'Eixample,Avinguda,DIAGONAL,1,411,,,,,,,01,
02-2014-0176,02,L'EIXAMPLE,10,Sant Antoni,Carrer,PARLAMENT,2,46,,,,,,,01,1
02-2014-0186,02,L'EIXAMPLE,07,la Dreta de l'Eixample,Carrer,MALLORCA,2,304,,,,,,,03,1
02-2014-0207,02,L'EIXAMPLE,07,la Dreta de l'Eixample,Plaça,TETUAN,1,33,,,,,,,SA,2
02-2014-0210,02,L'EIXAMPLE,07,la Dreta de l'Eixample,Carrer,FONTANELLA,1,15,,,,,,B,01,1
02-2014-0214,02,L'EIXAMPLE,05,el Fort Pienc,Avinguda,DIAGONAL,1,259,,,,,,,EN,2
02-2014-0232,02,L'EIXAMPLE,10,Sant Antoni,Carrer,CALABRIA,1,5,,,,,,,02,
02-2014-0235,02,L'EIXAMPLE,06,la Sagrada Família,Carrer,PROVENÇA,1,441,,,,,,,01,2
02-2014-0253,02,L'EIXAMPLE,08,l'Antiga Esquerra de l'Eixample,Carrer,PARIS,1,165,,,,,,,01,2
02-2014-0264,02,L'EIXAMPLE,06,la Sagrada Família,Carrer,VALENCIA,1,455,,,,,,,6,2
02-2014-0276,02,L'EIXAMPLE,05,el Fort Pienc,Carrer,LEPANT,1,137,,,,,,,03,2
02-2014-0303,02,L'EIXAMPLE,07,la Dreta de l'Eixample,Carrer,VALENCIA,2,308,,,,,,,PR,2
02-2014-0310,02,L'EIXAMPLE,07,la Dreta de l'Eixample,Ronda,SANT PERE,1,33,,,,,,,02,4
02-2014-0360,02,L'EIXAMPLE,09,la Nova Esquerra de l'Eixample,Carrer,ROCAFORT,1,89,,,,,,,AT,1
02-2014-0387,02,L'EIXAMPLE,05,el Fort Pienc,Carrer,MARINA,2,212,,,,,,,04,2
02-2014-0427,02,L'EIXAMPLE,06,la Sagrada Família,Carrer,SICILIA,2,296,,,,,,,2,
02-2014-0453,02,L'EIXAMPLE,07,la Dreta de l'Eixample,Carrer,MALLORCA,2,360,,,,,,,2,2
02-2014-0476,02,L'EIXAMPLE,07,la Dreta de l'Eixample,Carrer,MALLORCA,2,360,,,,,,,5,2
02-2014-0490,02,L'EIXAMPLE,07,la Dreta de l'Eixample,Carrer,TRAFALGAR,1,33,,,,,,,03,2
02-2014-0499,02,L'EIXAMPLE,06,la Sagrada Família,Carrer,MARINA,2,240,,,,,,,01,5
02-2014-0506,02,L'EIXAMPLE,07,la Dreta de l'Eixample,Carrer,PAU CLARIS,1,87,,,,,,,PR,1
02-2014-0512,02,L'EIXAMPLE,07,la Dreta de l'Eixample,Carrer,PAU CLARIS,1,87,,,,,,,PR,4
02-2014-0519,02,L'EIXAMPLE,07,la Dreta de l'Eixample,Passeig,GRACIA,1,51,,,,,,,03,2B
02-2014-0524,02,L'EIXAMPLE,09,la Nova Esquerra de l'Eixample,Carrer,ROCAFORT,1,163,,,,,,,01,2
02-2014-0545,02,L'EIXAMPLE,06,la Sagrada Família,Carrer,MARINA,2,260,,,,,,,03,1
02-2014-0546,02,L'EIXAMPLE,06,la Sagrada Família,Carrer,PROVENÇA,1,487,,,,,,,AT,1
02-2014-0560,02,L'EIXAMPLE,07,la Dreta de l'Eixample,Carrer,CONSELL DE CENT,2,354,,,,,,,02,2
02-2014-0592,02,L'EIXAMPLE,07,la Dreta de l'Eixample,Carrer,ARAGO,2,364,,,,,,,3,
02-2014-0606,02,L'EIXAMPLE,06,la Sagrada Família,Carrer,PADILLA,1,323,,,,,,,1,8
02-2014-0608,02,L'EIXAMPLE,08,l'Antiga Esquerra de l'Eixample,Carrer,PROVENÇA,1,131,,,,,,,02,3
02-2014-0630,02,L'EIXAMPLE,07,la Dreta de l'Eixample,Gran Via,CORTS CATALANES,1,657,,,,,,,01,2B
02-2014-0648,02,L'EIXAMPLE,07,la Dreta de l'Eixample,Carrer,GIRONA,1,17,,,,,,,01,1
02-2014-0668,02,L'EIXAMPLE,08,l'Antiga Esquerra de l'Eixample,Carrer,CASANOVA,2,78,,,,,,,AT,4
02-2014-0671,02,L'EIXAMPLE,10,Sant Antoni,Carrer,COMTE D'URGELL,2,52,,54,,,,,4,3
02-2014-0673,02,L'EIXAMPLE,07,la Dreta de l'Eixample,Carrer,PROVENÇA,2,304,,,,,,,EN,1B
02-2014-0674,02,L'EIXAMPLE,07,la Dreta de l'Eixample,Avinguda,DIAGONAL,1,325,,,,,,,SA,
02-2014-0692,02,L'EIXAMPLE,08,l'Antiga Esquerra de l'Eixample,Carrer,PARIS,2,178,,,,,,,02,2
02-2014-0713,02,L'EIXAMPLE,10,Sant Antoni,Carrer,COMTE BORRELL,2,38,,,,,,,04,2
02-2014-0760,02,L'EIXAMPLE,06,la Sagrada Família,Carrer,VALENCIA,1,381,,,,,,,02,4
02-2014-0775,02,L'EIXAMPLE,07,la Dreta de l'Eixample,Carrer,GIRONA,1,167,,169,,,,,PR,2
02-2014-0811,02,L'EIXAMPLE,07,la Dreta de l'Eixample,Passeig,GRACIA,1,67,,,,,,,02,1
02-2014-0814,02,L'EIXAMPLE,07,la Dreta de l'Eixample,Passeig,GRACIA,1,67,,,,,,,03,2
02-2014-0820,02,L'EIXAMPLE,07,la Dreta de l'Eixample,Passeig,GRACIA,1,67,,,,,,,PR,1
02-2014-0833,02,L'EIXAMPLE,07,la Dreta de l'Eixample,Gran Via,CORTS CATALANES,1,637,,,,,,,4,
02-2014-0840,02,L'EIXAMPLE,07,la Dreta de l'Eixample,Carrer,VALENCIA,2,352,,,,,,,02,1
02-2014-0879,02,L'EIXAMPLE,07,la Dreta de l'Eixample,Carrer,ROGER DE FLOR,2,136,,,,,,,01,2
02-2014-0888,02,L'EIXAMPLE,07,la Dreta de l'Eixample,Carrer,ROGER DE FLOR,2,136,,,,,,,04,2
02-2014-0910,02,L'EIXAMPLE,08,l'Antiga Esquerra de l'Eixample,Carrer,PARIS,1,127,,,,,,,02,2
02-2014-0929,02,L'EIXAMPLE,10,Sant Antoni,Carrer,PARLAMENT,1,29,,,,,,,EN,2
02-2014-0936,02,L'EIXAMPLE,10,Sant Antoni,Plaça,UNIVERSITAT,1,1,,,,,,,05,2
02-2014-0975,02,L'EIXAMPLE,07,la Dreta de l'Eixample,Carrer,GIRONA,1,39,,,,,,,03,2
02-2014-0984,02,L'EIXAMPLE,06,la Sagrada Família,Carrer,CASTILLEJOS,1,243,,,,,,,6,1
02-2014-0988,02,L'EIXAMPLE,10,Sant Antoni,Carrer,CALABRIA,2,62,,,,,,,01,2
02-2014-1011,02,L'EIXAMPLE,10,Sant Antoni,Carrer,SEPULVEDA,1,157,,,,,,,PR,2
02-2014-1013,02,L'EIXAMPLE,08,l'Antiga Esquerra de l'Eixample,Carrer,CONSELL DE CENT,1,217,,,,,,,02,3
02-2014-1033,02,L'EIXAMPLE,07,la Dreta de l'Eixample,Carrer,BAILEN,1,125,,,,,,,04,2
02-2014-1040,02,L'EIXAMPLE,07,la Dreta de l'Eixample,Carrer,VALENCIA,2,284,,,,,,,03,2A
02-2014-1042,02,L'EIXAMPLE,07,la Dreta de l'Eixample,Passatge,PERMANYER,1,1,,,,,,,,
02-2014-1043,02,L'EIXAMPLE,07,la Dreta de l'Eixample,Ronda,UNIVERSITAT,1,23,,,,,,,06,2
02-2014-1072,02,L'EIXAMPLE,07,la Dreta de l'Eixample,Carrer,BAILEN,1,81,,83,,,,,1,2
02-2014-1083,02,L'EIXAMPLE,06,la Sagrada Família,Passatge,VILARET,1,23,,,,,,,01,2
02-2014-1087,02,L'EIXAMPLE,07,la Dreta de l'Eixample,Carrer,BAILEN,1,81,,83,,,,,03,3
02-2014-1095,02,L'EIXAMPLE,07,la Dreta de l'Eixample,Carrer,BAILEN,1,81,,83,,,,,5,2
02-2014-1117,02,L'EIXAMPLE,07,la Dreta de l'Eixample,Carrer,PAU CLARIS,2,104,,,,,,,EN,1
02-2014-1130,02,L'EIXAMPLE,07,la Dreta de l'Eixample,Carrer,ARAGO,1,321,,,,,,,07,2
02-2014-1141,02,L'EIXAMPLE,07,la Dreta de l'Eixample,Carrer,BAILEN,2,22,,,,,,,04,1B
02-2014-1142,02,L'EIXAMPLE,07,la Dreta de l'Eixample,Carrer,BAILEN,2,22,,,,,,,02,1A
02-2014-1150,02,L'EIXAMPLE,07,la Dreta de l'Eixample,Carrer,BAILEN,2,22,,,,,,,AT,1
02-2014-1174,02,L'EIXAMPLE,07,la Dreta de l'Eixample,Gran Via,CORTS CATALANES,2,682,,,,,,,5,2B
02-2014-1178,02,L'EIXAMPLE,07,la Dreta de l'Eixample,Carrer,ARAGO,1,321,,,,,,,03,1
02-2014-1182,02,L'EIXAMPLE,07,la Dreta de l'Eixample,Carrer,ARAGO,1,321,,,,,,,06,3
02-2014-1185,02,L'EIXAMPLE,08,l'Antiga Esquerra de l'Eixample,Carrer,BALMES,1,137,,,,,,,05,2
02-2014-1189,02,L'EIXAMPLE,06,la Sagrada Família,Passatge,VILARET,1,23,,,,,,,01,1
02-2014-1206,02,L'EIXAMPLE,07,la Dreta de l'Eixample,Carrer,MALLORCA,1,337,,,,,,,02,2
02-2014-1213,02,L'EIXAMPLE,07,la Dreta de l'Eixample,Carrer,BALMES,1,9,,,,,,,PR,2
02-2014-1228,02,L'EIXAMPLE,10,Sant Antoni,Carrer,SEPULVEDA,1,101,,,,,,,5,4
02-2014-1268,02,L'EIXAMPLE,05,el Fort Pienc,Carrer,ALI BEI,2,22,,,,,,,03,3
02-2014-1275,02,L'EIXAMPLE,08,l'Antiga Esquerra de l'Eixample,Carrer,PARIS,2,172,,,,,,E,04,1
02-2014-1283,02,L'EIXAMPLE,06,la Sagrada Família,Avinguda,GAUDI,2,26,,28,,,,,AT,1
02-2014-1287,02,L'EIXAMPLE,06,la Sagrada Família,Avinguda,GAUDI,2,26,,28,,,,,04,3
02-2014-1290,02,L'EIXAMPLE,10,Sant Antoni,Avinguda,PARAL.LEL,2,114,,,,,,D,04,1
02-2014-1296,02,L'EIXAMPLE,07,la Dreta de l'Eixample,Passeig,GRACIA,2,16,,,,,,,03,2
02-2014-1311,02,L'EIXAMPLE,07,la Dreta de l'Eixample,Carrer,CORSEGA,2,402,,,,,,,2,2
02-2014-1316,02,L'EIXAMPLE,07,la Dreta de l'Eixample,Carrer,DIPUTACIO,1,337,,,,,,,AT,
02-2014-1336,02,L'EIXAMPLE,07,la Dreta de l'Eixample,Ronda,UNIVERSITAT,1,31,,,,,,,06,1B
02-2014-1342,02,L'EIXAMPLE,07,la Dreta de l'Eixample,Ronda,SANT PERE,1,35,,,,,,,04,1
02-2014-1361,02,L'EIXAMPLE,06,la Sagrada Família,Carrer,PROVENÇA,1,529,,,,,,,AT,3
02-2014-1380,02,L'EIXAMPLE,06,la Sagrada Família,Carrer,PROVENÇA,1,529,,,,,,,03,3
02-2014-1389,02,L'EIXAMPLE,05,el Fort Pienc,Carrer,MARINA,1,189,,,,,,,1,2
02-2014-1423,02,L'EIXAMPLE,06,la Sagrada Família,Carrer,PROVENÇA,1,529,,,,,,,01,2
02-2014-1445,02,L'EIXAMPLE,08,l'Antiga Esquerra de l'Eixample,Carrer,ENRIC GRANADOS,1,115,,,,,,,02,2
02-2014-1452,02,L'EIXAMPLE,05,el Fort Pienc,Carrer,MARINA,1,189,,,,,,,03,4
02-2014-1453,02,L'EIXAMPLE,08,l'Antiga Esquerra de l'Eixample,Carrer,PROVENÇA,2,242,,,,,,,04,2
02-2014-1464,02,L'EIXAMPLE,05,el Fort Pienc,Carrer,MARINA,1,189,,,,,,,04,2
02-2014-1483,02,L'EIXAMPLE,08,l'Antiga Esquerra de l'Eixample,Carrer,MUNTANER,2,202,,,,,,,08,A
02-2014-1508,02,L'EIXAMPLE,07,la Dreta de l'Eixample,Carrer,VALENCIA,1,247,,,,,,,PR,1B
02-2014-1509,02,L'EIXAMPLE,10,Sant Antoni,Carrer,VILADOMAT,2,58,,,,,,,05,2
02-2014-1519,02,L'EIXAMPLE,06,la Sagrada Família,Carrer,LEPANT,1,295,,,,,,,01,2
02-2014-1521,02,L'EIXAMPLE,07,la Dreta de l'Eixample,Carrer,VALENCIA,1,353,,,,,,,02,1
02-2014-1522,02,L'EIXAMPLE,06,la Sagrada Família,Carrer,LEPANT,1,295,,,,,,,1,1
02-2014-1540,02,L'EIXAMPLE,07,la Dreta de l'Eixample,Carrer,ROGER DE LLURIA,1,81,,,,,,,2,2
02-2014-1550,02,L'EIXAMPLE,07,la Dreta de l'Eixample,Carrer,BRUC,1,17,,,,,,A,03,6
02-2014-1556,02,L'EIXAMPLE,07,la Dreta de l'Eixample,Carrer,PAU CLARIS,1,99,,,,,,2,3,4
02-2014-1568,02,L'EIXAMPLE,07,la Dreta de l'Eixample,Carrer,PAU CLARIS,1,99,,,,,,2,4,4
02-2014-1579,02,L'EIXAMPLE,07,la Dreta de l'Eixample,Carrer,PAU CLARIS,1,99,,,,,,2,3,1
02-2014-1584,02,L'EIXAMPLE,07,la Dreta de l'Eixample,Carrer,PAU CLARIS,1,99,,,,,,2,5,2
02-2014-1610,02,L'EIXAMPLE,06,la Sagrada Família,Carrer,INDUSTRIA,2,116,,,,,,,PR,2
02-2014-1617,02,L'EIXAMPLE,07,la Dreta de l'Eixample,Carrer,CASP,1,41,,,,,,,PR,2
02-2014-1622,02,L'EIXAMPLE,08,l'Antiga Esquerra de l'Eixample,Carrer,ARAGO,2,156,,,,,,,03,2
02-2014-1624,02,L'EIXAMPLE,05,el Fort Pienc,Carrer,CASP,2,150,,,,,,,05,
02-2014-1664,02,L'EIXAMPLE,07,la Dreta de l'Eixample,Carrer,CONSELL DE CENT,2,318,,,,,,,AT,
02-2014-1680,02,L'EIXAMPLE,06,la Sagrada Família,Carrer,SARDENYA,2,306,,,,,,,1,
02-2014-1694,02,L'EIXAMPLE,09,la Nova Esquerra de l'Eixample,Carrer,COMTE D'URGELL,1,131,,,,,,,PR,3
02-2014-1697,02,L'EIXAMPLE,09,la Nova Esquerra de l'Eixample,Carrer,LLANÇA,2,54,,,,,,,AT,2
02-2014-1699,02,L'EIXAMPLE,09,la Nova Esquerra de l'Eixample,Carrer,COMTE D'URGELL,1,131,,,,,,,PR,1
02-2014-1705,02,L'EIXAMPLE,09,la Nova Esquerra de l'Eixample,Carrer,COMTE D'URGELL,1,131,,,,,,,02,1
02-2014-1710,02,L'EIXAMPLE,08,l'Antiga Esquerra de l'Eixample,Carrer,CASANOVA,1,193,,,,,,,01,1
02-2014-1714,02,L'EIXAMPLE,09,la Nova Esquerra de l'Eixample,Carrer,COMTE D'URGELL,1,131,,,,,,,2,4
02-2014-1744,02,L'EIXAMPLE,07,la Dreta de l'Eixample,Carrer,CONSELL DE CENT,2,290,,,,,,,03,2
02-2014-1747,02,L'EIXAMPLE,09,la Nova Esquerra de l'Eixample,Carrer,COMTE D'URGELL,1,63,,65,,,,E,04,
02-2014-1768,02,L'EIXAMPLE,06,la Sagrada Família,Carrer,CORSEGA,2,518,,,,,,,01,1
02-2014-1769,02,L'EIXAMPLE,07,la Dreta de l'Eixample,Carrer,DIPUTACIO,2,354,,,,,,,01,2
02-2014-1772,02,L'EIXAMPLE,06,la Sagrada Família,Carrer,CORSEGA,2,518,,,,,,,01,3
02-2014-1777,02,L'EIXAMPLE,06,la Sagrada Família,Carrer,CORSEGA,2,518,,,,,,,02,3
02-2014-1786,02,L'EIXAMPLE,06,la Sagrada Família,Carrer,CORSEGA,2,518,,,,,,,05,3
02-2014-1796,02,L'EIXAMPLE,07,la Dreta de l'Eixample,Carrer,DIPUTACIO,2,354,,,,,,,2,3
02-2014-1797,02,L'EIXAMPLE,07,la Dreta de l'Eixample,Carrer,DIPUTACIO,2,354,,,,,,,02,4
02-2014-1800,02,L'EIXAMPLE,07,la Dreta de l'Eixample,Carrer,DIPUTACIO,2,354,,,,,,,04,1
02-2014-1807,02,L'EIXAMPLE,06,la Sagrada Família,Avinguda,GAUDI,2,44,,,,,,,5,3
02-2014-1829,02,L'EIXAMPLE,10,Sant Antoni,Carrer,VILLARROEL,2,50,,,,,,,1,1
02-2014-1831,02,L'EIXAMPLE,10,Sant Antoni,Carrer,VILLARROEL,2,50,,,,,,,2,2
02-2014-2019,02,L'EIXAMPLE,07,la Dreta de l'Eixample,Carrer,VALENCIA,2,306,,,,,,,03,1
02-2014-2056,02,L'EIXAMPLE,07,la Dreta de l'Eixample,Carrer,ROGER DE LLURIA,2,8,,10,,,,,01,1
02-2014-2070,02,L'EIXAMPLE,10,Sant Antoni,Carrer,FLORIDABLANCA,1,71,,73,,,,,06,2
02-2014-2088,02,L'EIXAMPLE,06,la Sagrada Família,Carrer,VALENCIA,1,439,,,,,,,EN,1
02-2014-2134,02,L'EIXAMPLE,07,la Dreta de l'Eixample,Carrer,MALLORCA,1,319,,,,,,,01,2
02-2014-2162,02,L'EIXAMPLE,07,la Dreta de l'Eixample,Ronda,SANT PERE,2,14,,,,,,,01,1
02-2014-2173,02,L'EIXAMPLE,08,l'Antiga Esquerra de l'Eixample,Carrer,VILLARROEL,2,136,,,,,,,EN,1
02-2014-2192,02,L'EIXAMPLE,07,la Dreta de l'Eixample,Carrer,ARAGO,1,303,,,,,,,04,
02-2014-2460,02,L'EIXAMPLE,10,Sant Antoni,Carrer,CALABRIA,1,65,,,,,,,AT,3
02-2016-0570,02,L'EIXAMPLE,06,la Sagrada Família,Avinguda,GAUDI,1,27,,29,,,,,3,3
02-2016-0574,02,L'EIXAMPLE,06,la Sagrada Família,Avinguda,GAUDI,1,27,,29,,,,,4,3
02-2016-0649,02,L'EIXAMPLE,06,la Sagrada Família,Avinguda,GAUDI,1,27,,29,,,,,1,4
02-2016-0712,02,L'EIXAMPLE,07,la Dreta de l'Eixample,Passeig,GRACIA,2,46,,,,,B,,1,2
02-2016-0716,02,L'EIXAMPLE,07,la Dreta de l'Eixample,Carrer,VALENCIA,1,277,,,,,,,2,1
02-2016-0738,02,L'EIXAMPLE,06,la Sagrada Família,Carrer,PROVENÇA,2,504,,,,,,,2,13
02-2016-0769,02,L'EIXAMPLE,09,la Nova Esquerra de l'Eixample,Carrer,LLANÇA,2,52,,,,,,,AT,4
02-2016-0786,02,L'EIXAMPLE,07,la Dreta de l'Eixample,Carrer,PAU CLARIS,1,99,,101,,,,1,5,2
02-2016-1312,02,L'EIXAMPLE,09,la Nova Esquerra de l'Eixample,Carrer,ROCAFORT,1,141,,,,,,,1,3
02-2017-0040,02,L'EIXAMPLE,05,el Fort Pienc,Gran Via,CORTS CATALANES,1,759,,,,,,,3,B
02-2019-1013,02,L'EIXAMPLE,07,la Dreta de l'Eixample,Carrer,GIRONA,1,101,,,,,,,AT,1
02-2020-0141,02,L'EIXAMPLE,09,la Nova Esquerra de l'Eixample,Carrer,CALABRIA,2,198,,,,,,,3,1
02-2020-0232,02,L'EIXAMPLE,05,el Fort Pienc,Carrer,CONSELL DE CENT,2,506,,,,,,,1,1
02-2020-0238,02,L'EIXAMPLE,05,el Fort Pienc,Carrer,CONSELL DE CENT,2,506,,,,,,,4,1
02-2020-0245,02,L'EIXAMPLE,07,la Dreta de l'Eixample,Carrer,VALENCIA,2,284,,,,,,,2,2B
02-2022-0522,02,L'EIXAMPLE,09,la Nova Esquerra de l'Eixample,Carrer,TARRAGONA,2,84,,,,,,B,4,3
02-2023-0479,02,L'EIXAMPLE,09,la Nova Esquerra de l'Eixample,Carrer,CORSEGA,2,68,,,,,A,,1,1
02-2023-0591,02,L'EIXAMPLE,07,la Dreta de l'Eixample,Carrer,VALENCIA,2,358,,,,,,,PR,2I
02-2023-0616,02,L'EIXAMPLE,09,la Nova Esquerra de l'Eixample,Carrer,CORSEGA,2,68,,,,,A,,1,2
02-2023-0617,02,L'EIXAMPLE,09,la Nova Esquerra de l'Eixample,Carrer,CORSEGA,2,68,,,,,A,,2,1
02-2023-0633,02,L'EIXAMPLE,09,la Nova Esquerra de l'Eixample,Carrer,CORSEGA,2,68,,,,,A,,AT,2
02-2023-0635,02,L'EIXAMPLE,09,la Nova Esquerra de l'Eixample,Carrer,CORSEGA,2,68,,,,,B,,1,1
02-2023-0643,02,L'EIXAMPLE,09,la Nova Esquerra de l'Eixample,Carrer,CORSEGA,2,68,,,,,B,,4,2
02-2023-0645,02,L'EIXAMPLE,09,la Nova Esquerra de l'Eixample,Carrer,CORSEGA,2,68,,,,,B,,5,1
02-2023-0650,02,L'EIXAMPLE,09,la Nova Esquerra de l'Eixample,Carrer,CORSEGA,2,68,,,,,B,,7,2
02-2023-0651,02,L'EIXAMPLE,09,la Nova Esquerra de l'Eixample,Carrer,CORSEGA,2,68,,,,,B,,AT,1
02-2023-0654,02,L'EIXAMPLE,09,la Nova Esquerra de l'Eixample,Carrer,CORSEGA,2,68,,,,,B,,AT,2
02-2023-0655,02,L'EIXAMPLE,09,la Nova Esquerra de l'Eixample,Carrer,CORSEGA,2,68,,,,,,,SA,
02-2023-0713,02,L'EIXAMPLE,08,l'Antiga Esquerra de l'Eixample,Carrer,LONDRES,2,80,,,,,,,AT,1
02-2023-0938,02,L'EIXAMPLE,10,Sant Antoni,Carrer,COMTE D'URGELL,2,60,,,,,,,EN,3
02-2023-0946,02,L'EIXAMPLE,08,l'Antiga Esquerra de l'Eixample,Carrer,PROVENÇA,1,203,,,,,,,2,1
02-2023-0967,02,L'EIXAMPLE,07,la Dreta de l'Eixample,Carrer,BAILEN,1,125,,,,,,,4,3
02-2023-0991,02,L'EIXAMPLE,09,la Nova Esquerra de l'Eixample,Carrer,ENTENÇA,2,140,,,,,,,5,2
02-2023-1015,02,L'EIXAMPLE,08,l'Antiga Esquerra de l'Eixample,Carrer,COMTE D'URGELL,2,122,,,,,,,5,2
02-2023-1017,02,L'EIXAMPLE,07,la Dreta de l'Eixample,Carrer,PELAI,1,11,,,,,,,PR,D2
02-2023-1019,02,L'EIXAMPLE,10,Sant Antoni,Carrer,VILADOMAT,1,3,,,,,,,5,A
02-2024-0027,02,L'EIXAMPLE,10,Sant Antoni,Carrer,ENTENÇA,1,33,,,,,,,5,2
02-2024-0060,02,L'EIXAMPLE,10,Sant Antoni,Gran Via,CORTS CATALANES,2,536,,,,,,,4,2B
02-2024-0090,02,L'EIXAMPLE,08,l'Antiga Esquerra de l'Eixample,Carrer,COMTE D'URGELL,2,122,,,,,,,2,1
02-2024-0091,02,L'EIXAMPLE,08,l'Antiga Esquerra de l'Eixample,Carrer,COMTE D'URGELL,2,122,,,,,,,PR,2
02-2024-0122,02,L'EIXAMPLE,07,la Dreta de l'Eixample,Ronda,SANT PERE,1,11,,,,,,,PR,1
02-2024-0174,02,L'EIXAMPLE,08,l'Antiga Esquerra de l'Eixample,Carrer,ENRIC GRANADOS,1,131,,,,,,,7,2
02-2024-0182,02,L'EIXAMPLE,10,Sant Antoni,Carrer,CALABRIA,1,11,,,,,,,AT,3
02-2024-0187,02,L'EIXAMPLE,06,la Sagrada Família,Carrer,MALLORCA,1,447,,,,,,,EN,2
02-2024-0190,02,L'EIXAMPLE,06,la Sagrada Família,Carrer,MALLORCA,1,447,,,,,,,4,3
02-2024-0193,02,L'EIXAMPLE,06,la Sagrada Família,Carrer,MALLORCA,1,447,,,,,,,EN,3
02-2024-0317,02,L'EIXAMPLE,10,Sant Antoni,Gran Via,CORTS CATALANES,2,558,,,,,,,4,2
02-2024-0370,02,L'EIXAMPLE,05,el Fort Pienc,Passeig,SANT JOAN,2,4,,,,,,,1,1
02-2024-0372,02,L'EIXAMPLE,05,el Fort Pienc,Passeig,SANT JOAN,2,4,,,,,,,PR,2
02-2024-0472,02,L'EIXAMPLE,07,la Dreta de l'Eixample,Rambla,CATALUNYA,2,52,,,,,,,SA,2
03-2008-0399,03,SANTS-MONTJUÏC,18,Sants,Carrer,GALILEU,1,151,,153,,,,,03,1
03-2008-0464,03,SANTS-MONTJUÏC,11,el Poble Sec,Passeig,MONTJUIC,2,22,,24,,,,,05,1
03-2008-0475,03,SANTS-MONTJUÏC,18,Sants,Carrer,RIEGO,1,39,,,,,,,BJ,1
03-2008-0476,03,SANTS-MONTJUÏC,18,Sants,Carrer,RIEGO,1,39,,,,,,,BJ,2
03-2008-0479,03,SANTS-MONTJUÏC,18,Sants,Carrer,RIEGO,1,39,,,,,,,2,3
03-2008-0481,03,SANTS-MONTJUÏC,18,Sants,Carrer,RIEGO,1,39,,,,,,,3,2
03-2009-0144,03,SANTS-MONTJUÏC,15,Hostafrancs,Carrer,TORRE D'EN DAMIANS,2,4,,,,,,,2,2
03-2009-0150,03,SANTS-MONTJUÏC,17,Sants - Badal,Carrer,CARRERAS I CANDI,1,19,,,,,,,04,2
03-2009-0170,03,SANTS-MONTJUÏC,18,Sants,Passeig,SANT ANTONI,2,30,,,,,,,06,1
03-2009-0174,03,SANTS-MONTJUÏC,18,Sants,Passeig,SANT ANTONI,2,30,,,,,,,04,4
03-2009-0185,03,SANTS-MONTJUÏC,18,Sants,Passeig,SANT ANTONI,2,30,,,,,,,03,3
03-2009-0190,03,SANTS-MONTJUÏC,11,el Poble Sec,Carrer,ROSER,1,37,,,,,,,01,2
03-2009-0201,03,SANTS-MONTJUÏC,11,el Poble Sec,Carrer,VILA I VILA,1,53,,,,,,,05,3
03-2009-0432,03,SANTS-MONTJUÏC,11,el Poble Sec,Avinguda,PARAL.LEL,1,15,,,,,,,07,3
03-2009-0484,03,SANTS-MONTJUÏC,14,la Font de la Guatlla,Carrer,AMPOSTA,2,20,,,,,,,PR,2
03-2010-0090,03,SANTS-MONTJUÏC,15,Hostafrancs,Carrer,RECTOR TRIADO,2,48,,50,,,,B,02,4
03-2010-0101,03,SANTS-MONTJUÏC,15,Hostafrancs,Carrer,RECTOR TRIADO,2,48,,50,,,,A,02,4
03-2010-0109,03,SANTS-MONTJUÏC,15,Hostafrancs,Carrer,RECTOR TRIADO,2,48,,50,,,,A,01,2
03-2010-0147,03,SANTS-MONTJUÏC,11,el Poble Sec,Carrer,NOU DE LA RAMBLA,2,144,,,,,,,02,3
03-2010-0165,03,SANTS-MONTJUÏC,11,el Poble Sec,Carrer,PEDRERES,2,6,,,,,,,02,
03-2010-0312,03,SANTS-MONTJUÏC,11,el Poble Sec,Carrer,MARGARIT,1,19,,,,,,,02,1
03-2010-0360,03,SANTS-MONTJUÏC,11,el Poble Sec,Carrer,HORTES,2,4,,,,,,,BJ,1
03-2010-0437,03,SANTS-MONTJUÏC,16,la Bordeta,Carrer,CONSTITUCIO,1,127,,129,,,,,04,2
03-2010-0483,03,SANTS-MONTJUÏC,15,Hostafrancs,Carrer,CREU COBERTA,1,15,,,,,,,01,
03-2010-0487,03,SANTS-MONTJUÏC,15,Hostafrancs,Carrer,CREU COBERTA,1,15,,,,,,,AT,
03-2011-0012,03,SANTS-MONTJUÏC,11,el Poble Sec,Carrer,BLESA,1,35,,,,,,,PR,3
03-2011-0166,03,SANTS-MONTJUÏC,11,el Poble Sec,Carrer,NOU DE LA RAMBLA,2,114,,116,,,,,01,2
03-2011-0173,03,SANTS-MONTJUÏC,11,el Poble Sec,Carrer,NOU DE LA RAMBLA,2,114,,116,,,,,04,1
03-2011-0177,03,SANTS-MONTJUÏC,11,el Poble Sec,Avinguda,PARAL.LEL,1,65,,,,,,,03,3
03-2011-0202,03,SANTS-MONTJUÏC,11,el Poble Sec,Avinguda,PARAL.LEL,1,65,,,,,,,07,1
03-2011-0326,03,SANTS-MONTJUÏC,11,el Poble Sec,Carrer,MATA,2,24,,,,,,,1,1
03-2012-0096,03,SANTS-MONTJUÏC,11,el Poble Sec,Carrer,TAPIOLES,2,36,,,,,,,BJ,1
03-2012-0127,03,SANTS-MONTJUÏC,11,el Poble Sec,Carrer,ROSER,2,72,,,,,,,03,1
03-2012-0158,03,SANTS-MONTJUÏC,16,la Bordeta,Carrer,JOCS FLORALS,2,172,,174,,,,,01,2
03-2012-0166,03,SANTS-MONTJUÏC,15,Hostafrancs,Carrer,CREU COBERTA,1,121,,,,,,,2,2
03-2012-0252,03,SANTS-MONTJUÏC,11,el Poble Sec,Carrer,POETA CABANYES,1,9,,,,,,,02,1
03-2012-0268,03,SANTS-MONTJUÏC,11,el Poble Sec,Carrer,MURILLO,2,6,,,,,,,01,01
03-2012-0302,03,SANTS-MONTJUÏC,15,Hostafrancs,Carrer,FARELL,1,25,,,,,,,01,2
03-2012-0352,03,SANTS-MONTJUÏC,15,Hostafrancs,Carrer,CREU COBERTA,2,48,,,,,,,3,1
03-2012-0368,03,SANTS-MONTJUÏC,11,el Poble Sec,Carrer,MARGARIT,2,44,,,,,,,02,1
03-2012-0394,03,SANTS-MONTJUÏC,11,el Poble Sec,Carrer,VILA I VILA,1,77,,,,,,,01,2
03-2012-0400,03,SANTS-MONTJUÏC,11,el Poble Sec,Carrer,VILA I VILA,1,77,,,,,,,01,1
03-2012-0427,03,SANTS-MONTJUÏC,18,Sants,Carrer,JACQUARD,2,14,,18,,,,,01,5
03-2012-0434,03,SANTS-MONTJUÏC,14,la Font de la Guatlla,Carrer,SANT FRUCTUOS,2,64,,74,,,,,01,27
03-2012-0463,03,SANTS-MONTJUÏC,11,el Poble Sec,Carrer,PEDRERES,1,35,,,,,,,4,2
03-2012-0467,03,SANTS-MONTJUÏC,15,Hostafrancs,Carrer,BEJAR,2,28,,,,,,,BJ,
03-2012-0487,03,SANTS-MONTJUÏC,14,la Font de la Guatlla,Carrer,SANT PAULI DE NOLA,1,3,,,,,,B,EN,2
03-2012-0527,03,SANTS-MONTJUÏC,11,el Poble Sec,Carrer,MARE DE DEU DEL REMEI,1,43,,45,,,,,BJ,2
03-2012-0529,03,SANTS-MONTJUÏC,11,el Poble Sec,Carrer,BLASCO DE GARAY,1,39,,,,,,,EN,1
03-2013-0001,03,SANTS-MONTJUÏC,16,la Bordeta,Carrer,ROSSEND ARUS,2,78,,,,,,,01,2
03-2013-0031,03,SANTS-MONTJUÏC,11,el Poble Sec,Carrer,TAPIOLES,2,38,,,,,,,PR,2
03-2013-0033,03,SANTS-MONTJUÏC,11,el Poble Sec,Avinguda,PARAL.LEL,1,15,,,,,,,05,3
03-2013-0066,03,SANTS-MONTJUÏC,16,la Bordeta,Avinguda,CARRILET,2,16,A,,,,,A,EN,2
03-2013-0068,03,SANTS-MONTJUÏC,11,el Poble Sec,Carrer,LLEIDA,1,25,,,,,,,01,3
03-2013-0095,03,SANTS-MONTJUÏC,11,el Poble Sec,Carrer,CREU DELS MOLERS,2,22,,,,,,,2,1
03-2013-0098,03,SANTS-MONTJUÏC,15,Hostafrancs,Carrer,CONSELL DE CENT,1,49,B,,,,,,03,2
03-2013-0114,03,SANTS-MONTJUÏC,15,Hostafrancs,Carrer,MOIANES,2,50,B,,,,,,04,2
03-2013-0134,03,SANTS-MONTJUÏC,17,Sants - Badal,Carrer,SANTS,1,387,,,,,,,04,7
03-2013-0143,03,SANTS-MONTJUÏC,17,Sants - Badal,Carrer,SANTS,1,387,,,,,,,05,6
03-2013-0157,03,SANTS-MONTJUÏC,17,Sants - Badal,Carrer,SANTS,1,387,,,,,,,07,4
03-2013-0213,03,SANTS-MONTJUÏC,15,Hostafrancs,Carrer,LEIVA,2,94,,,,,,,01,2
03-2013-0275,03,SANTS-MONTJUÏC,11,el Poble Sec,Carrer,CREU DELS MOLERS,1,57,,,,,,,2,2
03-2013-0276,03,SANTS-MONTJUÏC,11,el Poble Sec,Carrer,CABANES,1,27,,29,,,,,03,1
03-2013-0307,03,SANTS-MONTJUÏC,11,el Poble Sec,Carrer,SALVA,2,52,,,,,,,3,
03-2013-0344,03,SANTS-MONTJUÏC,15,Hostafrancs,Carrer,CREU COBERTA,2,50,,,,,,,02,2
03-2013-0366,03,SANTS-MONTJUÏC,11,el Poble Sec,Plaça,SANTA MADRONA,2,6,,,,,,,05,1
03-2013-0404,03,SANTS-MONTJUÏC,11,el Poble Sec,Carrer,BLAI,2,28,,,,,,,03,3
03-2013-0445,03,SANTS-MONTJUÏC,11,el Poble Sec,Carrer,MURILLO,2,18,,,,,,,BJ,
03-2013-0504,03,SANTS-MONTJUÏC,11,el Poble Sec,Carrer,MARGARIT,2,52,,,,,,,03,3
03-2013-0506,03,SANTS-MONTJUÏC,11,el Poble Sec,Carrer,MARGARIT,1,51,,,,,,,01,
03-2013-0510,03,SANTS-MONTJUÏC,11,el Poble Sec,Carrer,MARGARIT,1,53,,,,,,,2,
03-2013-0554,03,SANTS-MONTJUÏC,11,el Poble Sec,Carrer,NOU DE LA RAMBLA,2,154,,,,,,,01,3
03-2013-0582,03,SANTS-MONTJUÏC,11,el Poble Sec,Carrer,RADAS,1,45,,,,,,,2,1
03-2013-0623,03,SANTS-MONTJUÏC,11,el Poble Sec,Carrer,MARGARIT,1,11,,,,,,,01,
03-2013-0629,03,SANTS-MONTJUÏC,14,la Font de la Guatlla,Gran Via,CORTS CATALANES,2,320,,,,,,,AT,3
03-2013-0660,03,SANTS-MONTJUÏC,11,el Poble Sec,Carrer,BLAI,1,31,,,,,,,03,1
03-2013-0689,03,SANTS-MONTJUÏC,18,Sants,Riera,ESCUDER,1,33,,,,,,,02,3
03-2013-0702,03,SANTS-MONTJUÏC,18,Sants,Carrer,SANT CRIST,1,43,,,,,,,BJ,
03-2013-0712,03,SANTS-MONTJUÏC,17,Sants - Badal,Carrer,PAVIA,2,34,,,,,,,PR,2
03-2013-0715,03,SANTS-MONTJUÏC,11,el Poble Sec,Carrer,POETA CABANYES,1,27,,,,,,,02,
03-2013-0755,03,SANTS-MONTJUÏC,18,Sants,Passeig,SANT ANTONI,1,35,,,,,,,AT,
03-2013-0761,03,SANTS-MONTJUÏC,11,el Poble Sec,Carrer,TAPIOLES,2,20,,,,,,,02,3
03-2014-0022,03,SANTS-MONTJUÏC,11,el Poble Sec,Carrer,CONCORDIA,1,59,,,,,,,SA,2
03-2014-0026,03,SANTS-MONTJUÏC,11,el Poble Sec,Carrer,PIQUER,1,31,,,,,,,04,3
03-2014-0052,03,SANTS-MONTJUÏC,11,el Poble Sec,Avinguda,PARAL.LEL,1,113,,,,,,,02,3
03-2014-0061,03,SANTS-MONTJUÏC,11,el Poble Sec,Plaça,SORTIDOR,1,3,,,,,,,1,1
03-2014-0063,03,SANTS-MONTJUÏC,11,el Poble Sec,Carrer,BLASCO DE GARAY,1,7,,,,,,,PR,2
03-2014-0087,03,SANTS-MONTJUÏC,11,el Poble Sec,Carrer,BLASCO DE GARAY,1,7,,,,,,,03,2
03-2014-0106,03,SANTS-MONTJUÏC,11,el Poble Sec,Avinguda,PARAL.LEL,1,21,,,,,,,EN,4
03-2014-0118,03,SANTS-MONTJUÏC,15,Hostafrancs,Carrer,CALLAO,2,8,,,,,,,EN,
03-2014-0119,03,SANTS-MONTJUÏC,14,la Font de la Guatlla,Carrer,SANT FRUCTUOS,2,90,,,,,,,02,3
03-2014-0153,03,SANTS-MONTJUÏC,18,Sants,Carrer,VALLADOLID,1,19,,,,,,,03,1
03-2014-0167,03,SANTS-MONTJUÏC,17,Sants - Badal,Carrer,SUGRANYES,2,28,,,,,,,4,3
03-2014-0168,03,SANTS-MONTJUÏC,17,Sants - Badal,Carrer,SUGRANYES,2,28,,,,,,,2,3
03-2014-0169,03,SANTS-MONTJUÏC,17,Sants - Badal,Carrer,SUGRANYES,2,28,,,,,,,BJ,1
03-2014-0213,03,SANTS-MONTJUÏC,18,Sants,Carrer,PUIGGARI,1,9,,,,,,A,AT,4
03-2014-0223,03,SANTS-MONTJUÏC,11,el Poble Sec,Avinguda,PARAL.LEL,1,75,,,,,,,EN,
03-2014-0229,03,SANTS-MONTJUÏC,16,la Bordeta,Plaça,FENIX,1,7,,,,,,,01,
03-2014-0232,03,SANTS-MONTJUÏC,11,el Poble Sec,Carrer,POETA CABANYES,1,45,,,,,,,01,1
03-2014-0234,03,SANTS-MONTJUÏC,15,Hostafrancs,Carrer,RECTOR TRIADO,2,40,,,,,,,02,2
03-2014-0247,03,SANTS-MONTJUÏC,16,la Bordeta,Carrer,VILADECANS,2,22,,,,,,,01,2
03-2014-0261,03,SANTS-MONTJUÏC,15,Hostafrancs,Carrer,MOIANES,1,73,,75,,,,,BJ,1
03-2014-0268,03,SANTS-MONTJUÏC,15,Hostafrancs,Carrer,MOIANES,1,73,,75,,,,,01,8
03-2014-0276,03,SANTS-MONTJUÏC,15,Hostafrancs,Carrer,MOIANES,1,73,,75,,,,,02,6
03-2014-0278,03,SANTS-MONTJUÏC,15,Hostafrancs,Carrer,MOIANES,1,73,,75,,,,,02,8
03-2014-0302,03,SANTS-MONTJUÏC,11,el Poble Sec,Carrer,SALVA,2,64,,,,,,,01,2
03-2014-0311,03,SANTS-MONTJUÏC,11,el Poble Sec,Carrer,FONTRODONA,2,70,,,,,,,PR,1
03-2014-0316,03,SANTS-MONTJUÏC,11,el Poble Sec,Carrer,MARGARIT,2,28,,,,,,,EN,1
03-2014-0317,03,SANTS-MONTJUÏC,11,el Poble Sec,Carrer,SALVA,2,90,,,,,,,4,2
03-2014-0325,03,SANTS-MONTJUÏC,11,el Poble Sec,Carrer,BLASCO DE GARAY,1,47,,,,,,,01,1
03-2014-0340,03,SANTS-MONTJUÏC,11,el Poble Sec,Avinguda,PARAL.LEL,1,141,,,,,,,06,2
03-2014-0349,03,SANTS-MONTJUÏC,17,Sants - Badal,Carrer,BONSOMS,1,21,,,,,,,03,1
03-2014-0359,03,SANTS-MONTJUÏC,15,Hostafrancs,Carrer,BEJAR,2,28,,,,,,,EN,
03-2014-0385,03,SANTS-MONTJUÏC,11,el Poble Sec,Carrer,ELKANO,2,22,,,,,,,03,1
03-2014-0394,03,SANTS-MONTJUÏC,11,el Poble Sec,Carrer,SALVA,1,37,,,,,,,03,3
03-2014-0399,03,SANTS-MONTJUÏC,18,Sants,Carrer,GALILEU,1,155,,,,,,,02,1
03-2014-0410,03,SANTS-MONTJUÏC,16,la Bordeta,Carrer,GAVA,2,32,,,,,,,BJ,1
03-2014-0419,03,SANTS-MONTJUÏC,16,la Bordeta,Carrer,GAVA,2,32,,,,,,,BJ,2
03-2014-0429,03,SANTS-MONTJUÏC,16,la Bordeta,Carrer,ALPENS,2,6,,,,,,,04,
03-2014-0430,03,SANTS-MONTJUÏC,11,el Poble Sec,Carrer,POETA CABANYES,1,17,,,,,,,PR,1
03-2014-0439,03,SANTS-MONTJUÏC,11,el Poble Sec,Carrer,MAGALHAES,1,57,,59,,,,,03,2
03-2014-0449,03,SANTS-MONTJUÏC,15,Hostafrancs,Carrer,MALLORCA,2,20,,22,,,,,EN,2
03-2014-0466,03,SANTS-MONTJUÏC,18,Sants,Carrer,VALLESPIR,1,97,,,,,,,BJ,1
03-2014-0468,03,SANTS-MONTJUÏC,18,Sants,Carrer,VALLESPIR,1,97,,,,,,,03,4
03-2014-0469,03,SANTS-MONTJUÏC,18,Sants,Carrer,VALLESPIR,1,97,,,,,,,05,2
03-2014-0476,03,SANTS-MONTJUÏC,16,la Bordeta,Carrer,GAVA,2,32,,,,,,,01,1
03-2014-0479,03,SANTS-MONTJUÏC,11,el Poble Sec,Carrer,VILA I VILA,1,77,,,,,,,02,1
03-2014-0553,03,SANTS-MONTJUÏC,18,Sants,Carrer,SANTS,1,137,,,,,,,PR,1
03-2014-0578,03,SANTS-MONTJUÏC,11,el Poble Sec,Carrer,SALVA,2,2,,,,,,,03,1
03-2014-0594,03,SANTS-MONTJUÏC,14,la Font de la Guatlla,Carrer,MEXIC,2,24,,,,,,,2,3
03-2014-0600,03,SANTS-MONTJUÏC,14,la Font de la Guatlla,Carrer,MEXIC,2,24,,,,,,,4,3
03-2014-0671,03,SANTS-MONTJUÏC,18,Sants,Carrer,MIQUEL ANGEL,1,79,,,,,,,02,1
03-2014-0704,03,SANTS-MONTJUÏC,18,Sants,Carrer,JOAN GUELL,1,91,,,,,,,6,
03-2014-0720,03,SANTS-MONTJUÏC,18,Sants,Carrer,GALILEU,1,1,,3,,,,,09,1
03-2014-0785,03,SANTS-MONTJUÏC,18,Sants,Carrer,TINENT FLOMESTA,1,37,,,,,,,BJ,2
03-2014-0788,03,SANTS-MONTJUÏC,18,Sants,Carrer,TINENT FLOMESTA,1,37,,,,,,,BJ,1
03-2014-0790,03,SANTS-MONTJUÏC,18,Sants,Carrer,TINENT FLOMESTA,1,37,,,,,,,1,2
03-2014-0794,03,SANTS-MONTJUÏC,18,Sants,Carrer,TINENT FLOMESTA,1,37,,,,,,,AT,2
03-2014-0829,03,SANTS-MONTJUÏC,18,Sants,Carrer,VALLESPIR,2,90,,,,,,,03,2
03-2014-0835,03,SANTS-MONTJUÏC,18,Sants,Carrer,IBERIA,2,16,,,,,,,02,1
03-2014-0839,03,SANTS-MONTJUÏC,18,Sants,Carrer,IBERIA,2,16,,,,,,,03,1
03-2023-0235,03,SANTS-MONTJUÏC,11,el Poble Sec,Avinguda,PARAL.LEL,1,159,,,,,,,PR,3
03-2023-0239,03,SANTS-MONTJUÏC,11,el Poble Sec,Avinguda,PARAL.LEL,1,159,,,,,,,2,1
03-2023-0244,03,SANTS-MONTJUÏC,11,el Poble Sec,Avinguda,PARAL.LEL,1,159,,,,,,,3,3
03-2023-0249,03,SANTS-MONTJUÏC,11,el Poble Sec,Avinguda,PARAL.LEL,1,159,,,,,,,5,2
03-2023-0347,03,SANTS-MONTJUÏC,14,la Font de la Guatlla,Carrer,SANT FRUCTUOS,2,64,,74,,,,,2,2
03-2023-0355,03,SANTS-MONTJUÏC,14,la Font de la Guatlla,Carrer,SANT FRUCTUOS,2,64,,74,,,,,2,9
03-2023-0358,03,SANTS-MONTJUÏC,14,la Font de la Guatlla,Carrer,SANT FRUCTUOS,2,64,,74,,,,,2,12
03-2023-0359,03,SANTS-MONTJUÏC,14,la Font de la Guatlla,Carrer,SANT FRUCTUOS,2,64,,74,,,,,2,13
03-2023-0369,03,SANTS-MONTJUÏC,14,la Font de la Guatlla,Carrer,SANT FRUCTUOS,2,64,,74,,,,,2,23
03-2023-0395,03,SANTS-MONTJUÏC,14,la Font de la Guatlla,Carrer,SANT FRUCTUOS,2,64,,74,,,,,3,21
03-2023-0396,03,SANTS-MONTJUÏC,14,la Font de la Guatlla,Carrer,SANT FRUCTUOS,2,64,,74,,,,,3,22
03-2023-0398,03,SANTS-MONTJUÏC,14,la Font de la Guatlla,Carrer,SANT FRUCTUOS,2,64,,74,,,,,3,24
03-2024-0058,03,SANTS-MONTJUÏC,11,el Poble Sec,Carrer,FONT HONRADA,1,37,,,,,,,2,2
03-2024-0097,03,SANTS-MONTJUÏC,11,el Poble Sec,Carrer,MARGARIT,1,21,,,,,,,1,2
03-2024-0141,03,SANTS-MONTJUÏC,11,el Poble Sec,Carrer,NOU DE LA RAMBLA,1,147,,,,,,,2,2
04-2009-0256,04,LES CORTS,21,Pedralbes,Carrer,DOCTOR FERRAN,1,15,,,,,,,05,1
04-2010-0169,04,LES CORTS,19,les Corts,Carrer,JOAN GUELL,1,169,,,,,,,BJ,1
04-2010-0176,04,LES CORTS,19,les Corts,Carrer,JOAN GUELL,1,169,,,,,,,01,4
04-2010-0183,04,LES CORTS,19,les Corts,Carrer,JOAN GUELL,1,169,,,,,,,02,3
04-2010-0185,04,LES CORTS,19,les Corts,Carrer,JOAN GUELL,1,169,,,,,,,02,5
04-2010-0187,04,LES CORTS,19,les Corts,Carrer,JOAN GUELL,1,169,,,,,,,02,7
04-2010-0188,04,LES CORTS,19,les Corts,Carrer,JOAN GUELL,1,169,,,,,,,02,8
04-2010-0191,04,LES CORTS,19,les Corts,Carrer,JOAN GUELL,1,169,,,,,,,03,1
04-2010-0195,04,LES CORTS,19,les Corts,Carrer,JOAN GUELL,1,169,,,,,,,03,4
04-2010-0211,04,LES CORTS,19,les Corts,Carrer,JOAN GUELL,1,169,,,,,,,05,4
04-2010-0214,04,LES CORTS,19,les Corts,Carrer,JOAN GUELL,1,169,,,,,,,05,7
04-2010-0265,04,LES CORTS,19,les Corts,Carrer,ANGLESOLA,1,13,,,,,,,01,1
04-2010-0299,04,LES CORTS,19,les Corts,Carrer,NUMANCIA,2,126,,,,,,,01,2
04-2010-0300,04,LES CORTS,19,les Corts,Carrer,NUMANCIA,2,126,,,,,,,02,1
04-2011-0270,04,LES CORTS,19,les Corts,Carrer,EQUADOR,1,31,,,,,,,03,2
04-2011-0272,04,LES CORTS,19,les Corts,Carrer,EQUADOR,1,31,,,,,,,04,2
04-2011-0275,04,LES CORTS,19,les Corts,Carrer,EQUADOR,1,31,,,,,,,01,2
04-2011-0276,04,LES CORTS,19,les Corts,Carrer,EQUADOR,1,31,,,,,,,01,3
04-2012-0200,04,LES CORTS,21,Pedralbes,Carrer,BELTRAN I ROZPIDE,1,7,,9,,,,,10,6
04-2012-0354,04,LES CORTS,19,les Corts,Carrer,LORETO,2,42,,,,,,,01,4
04-2013-0044,04,LES CORTS,20,la Maternitat i Sant Ramon,Carrer,COMTE DE GUELL,2,30,,,,,,,02,2
04-2013-0164,04,LES CORTS,19,les Corts,Carrer,EQUADOR,2,18,,,,,,,01,
04-2013-0211,04,LES CORTS,19,les Corts,Carrer,REMEI,2,2,,8,,,,B,AT,2
04-2013-0225,04,LES CORTS,19,les Corts,Carrer,GALILEU,2,316,,,,,,,1,6
04-2013-0307,04,LES CORTS,19,les Corts,Carrer,NUMANCIA,2,84,,,,,,,05,2
04-2013-0389,04,LES CORTS,19,les Corts,Carrer,GALILEU,2,294,,,,,,D,05,1
04-2013-0436,04,LES CORTS,20,la Maternitat i Sant Ramon,Carrer,COMANDANT BENITEZ,2,20,,,,,,,04,1
04-2014-0125,04,LES CORTS,19,les Corts,Avinguda,JOSEP TARRADELLAS,1,147,,,,,,,03,1
04-2014-0138,04,LES CORTS,20,la Maternitat i Sant Ramon,Travessera,CORTS,2,118,,120,,,,,01,2
04-2014-0147,04,LES CORTS,19,les Corts,Carrer,GANDESA,2,6,,,,,,,06,1
04-2014-0164,04,LES CORTS,19,les Corts,Carrer,DEU I MATA,2,96,,,,,,,04,1
04-2014-0195,04,LES CORTS,19,les Corts,Carrer,DEU I MATA,1,141,,,,,,,02,
04-2014-0259,04,LES CORTS,20,la Maternitat i Sant Ramon,Carrer,MEJIA LEQUERICA,2,8,,,,,,,AT,1
04-2014-0399,04,LES CORTS,20,la Maternitat i Sant Ramon,Travessera,CORTS,2,122,,,,,,,01,4
04-2014-0400,04,LES CORTS,20,la Maternitat i Sant Ramon,Travessera,CORTS,2,122,,,,,,,01,2
04-2015-0138,04,LES CORTS,19,les Corts,Passatge,PLANELL,1,9,,,,,,A,BJ,
04-2023-0159,04,LES CORTS,19,les Corts,Passatge,PLANELL,1,11,,,,,,,BJ,B
04-2023-0234,04,LES CORTS,20,la Maternitat i Sant Ramon,Carrer,CARDENAL REIG,2,4,,,,,,,4,2
04-2023-0235,04,LES CORTS,20,la Maternitat i Sant Ramon,Carrer,PISUERGA,2,14,,,,,,,4,1
05-2008-0329,05,SARRIA-SANT GERVASI,27,el Putxet i el Farró,Ronda,GENERAL MITRE,2,226,,,,,,,01,2
05-2010-0152,05,SARRIA-SANT GERVASI,27,el Putxet i el Farró,Carrer,VALLIRANA,2,58,,,,,,,AT,4
05-2010-0207,05,SARRIA-SANT GERVASI,27,el Putxet i el Farró,Carrer,GUILLEM TELL,1,15,,,,,,,1,4
05-2010-0497,05,SARRIA-SANT GERVASI,27,el Putxet i el Farró,Carrer,SARAGOSSA,2,28,,,,,,,03,2
05-2011-0296,05,SARRIA-SANT GERVASI,27,el Putxet i el Farró,Carrer,BALLESTER,2,32,,,,,,,BJ,1
05-2011-0306,05,SARRIA-SANT GERVASI,27,el Putxet i el Farró,Carrer,BALLESTER,2,28,,,,,,,BJ,2
05-2012-0101,05,SARRIA-SANT GERVASI,26,Sant Gervasi - Galvany,Carrer,LAFORJA,1,89,,,,,,,EN,3
05-2012-0131,05,SARRIA-SANT GERVASI,26,Sant Gervasi - Galvany,Avinguda,DIAGONAL,2,506,,,,,,,07,1C
05-2012-0174,05,SARRIA-SANT GERVASI,26,Sant Gervasi - Galvany,Avinguda,DIAGONAL,2,594,,,,,,,07,2
05-2012-0175,05,SARRIA-SANT GERVASI,26,Sant Gervasi - Galvany,Avinguda,DIAGONAL,2,594,,,,,,,06,2
05-2012-0187,05,SARRIA-SANT GERVASI,26,Sant Gervasi - Galvany,Carrer,ARIBAU,2,226,,,,,,E,4,1
05-2012-0236,05,SARRIA-SANT GERVASI,26,Sant Gervasi - Galvany,Travessera,GRACIA,2,32,,,,,,,04,2
05-2012-0284,05,SARRIA-SANT GERVASI,27,el Putxet i el Farró,Carrer,BALLESTER,2,46,,,,,,,BJ,4
05-2012-0289,05,SARRIA-SANT GERVASI,27,el Putxet i el Farró,Carrer,BALLESTER,2,46,,,,,,,01,4
05-2012-0292,05,SARRIA-SANT GERVASI,27,el Putxet i el Farró,Carrer,BALLESTER,2,34,,,,,,,2,4
05-2012-0293,05,SARRIA-SANT GERVASI,27,el Putxet i el Farró,Carrer,BALLESTER,2,34,,,,,,,2,3
05-2012-0303,05,SARRIA-SANT GERVASI,24,les Tres Torres,Carrer,ALT DE GIRONELLA,1,5,,,,,,D,03,3
05-2012-0353,05,SARRIA-SANT GERVASI,26,Sant Gervasi - Galvany,Carrer,CALVET,1,17,,,,,,,05,1
05-2012-0357,05,SARRIA-SANT GERVASI,26,Sant Gervasi - Galvany,Carrer,CALVET,1,17,,,,,,,06,4
05-2012-0368,05,SARRIA-SANT GERVASI,26,Sant Gervasi - Galvany,Carrer,GANDUXER,2,50,,,,,,,03,2
05-2012-0370,05,SARRIA-SANT GERVASI,26,Sant Gervasi - Galvany,Carrer,GANDUXER,2,50,,,,,,,03,4
05-2012-0385,05,SARRIA-SANT GERVASI,25,Sant Gervasi - la Bonanova,Carrer,PINTOR GIMENO,1,7,,9,,,,,PR,5
05-2012-0430,05,SARRIA-SANT GERVASI,26,Sant Gervasi - Galvany,Carrer,SANTALO,2,138,,,,,,,03,2
05-2012-0435,05,SARRIA-SANT GERVASI,26,Sant Gervasi - Galvany,Carrer,ARIBAU,2,226,,,,,,E,2,2
05-2012-0527,05,SARRIA-SANT GERVASI,27,el Putxet i el Farró,Carrer,FRANCOLI,1,55,,,,,,,2,2
05-2012-0530,05,SARRIA-SANT GERVASI,27,el Putxet i el Farró,Carrer,FRANCOLI,1,55,,,,,,,1,3
05-2012-0541,05,SARRIA-SANT GERVASI,27,el Putxet i el Farró,Carrer,FRANCOLI,1,55,,,,,,,3,4
05-2012-0547,05,SARRIA-SANT GERVASI,24,les Tres Torres,Carrer,DOCTOR ROUX,1,5,,7,,,,,AT,
05-2012-0561,05,SARRIA-SANT GERVASI,25,Sant Gervasi - la Bonanova,Carrer,BISBE SIVILLA,1,27,,,,,,,01,1
05-2012-0609,05,SARRIA-SANT GERVASI,26,Sant Gervasi - Galvany,Carrer,GANDUXER,2,50,,,,,,,01,1
05-2012-0622,05,SARRIA-SANT GERVASI,26,Sant Gervasi - Galvany,Plaça,GAL.LA PLACIDIA,1,5,,7,,,,C,18,1
05-2012-0630,05,SARRIA-SANT GERVASI,26,Sant Gervasi - Galvany,Carrer,CALVET,1,17,,,,,,,06,3
05-2013-0002,05,SARRIA-SANT GERVASI,26,Sant Gervasi - Galvany,Ronda,GENERAL MITRE,2,132,,,,,,,AT,4
05-2013-0086,05,SARRIA-SANT GERVASI,26,Sant Gervasi - Galvany,Carrer,CALVET,1,17,,,,,,,07,1
05-2013-0113,05,SARRIA-SANT GERVASI,24,les Tres Torres,Ronda,GENERAL MITRE,1,65,,,,,,,01,4
05-2013-0177,05,SARRIA-SANT GERVASI,27,el Putxet i el Farró,Ronda,GENERAL MITRE,2,238,,,,,,,04,1
05-2013-0218,05,SARRIA-SANT GERVASI,26,Sant Gervasi - Galvany,Carrer,LAFORJA,1,101,,,,,,,AT,1
05-2013-0300,05,SARRIA-SANT GERVASI,26,Sant Gervasi - Galvany,Carrer,BALMES,2,246,,,,,,,04,1
05-2013-0315,05,SARRIA-SANT GERVASI,27,el Putxet i el Farró,Carrer,BALLESTER,1,21,,23,,,,,03,2
05-2013-0352,05,SARRIA-SANT GERVASI,26,Sant Gervasi - Galvany,Carrer,CASANOVA,1,211,,,,,,,PR,2
05-2013-0353,05,SARRIA-SANT GERVASI,24,les Tres Torres,Ronda,GENERAL MITRE,1,7,,,,,,,05,1
05-2013-0498,05,SARRIA-SANT GERVASI,26,Sant Gervasi - Galvany,Carrer,ARIBAU,2,228,,,,,,D,PR,2
05-2013-0637,05,SARRIA-SANT GERVASI,26,Sant Gervasi - Galvany,Carrer,REGAS,1,17,,,,,,,1,2
05-2013-0664,05,SARRIA-SANT GERVASI,25,Sant Gervasi - la Bonanova,Carrer,CIUTAT DE BALAGUER,1,25,,,,,,,3,3
05-2014-0029,05,SARRIA-SANT GERVASI,27,el Putxet i el Farró,Carrer,COSTA,1,47,,49,,,,,AT,1
05-2014-0053,05,SARRIA-SANT GERVASI,26,Sant Gervasi - Galvany,Carrer,ARIBAU,2,304,,,,,,,AT,1
05-2014-0074,05,SARRIA-SANT GERVASI,26,Sant Gervasi - Galvany,Via,AUGUSTA,2,122,,,,,,,01,3
05-2014-0089,05,SARRIA-SANT GERVASI,26,Sant Gervasi - Galvany,Carrer,ARIBAU,2,226,,,,,,I,EN,1
05-2014-0109,05,SARRIA-SANT GERVASI,27,el Putxet i el Farró,Carrer,FRANCOLI,1,29,,,,,,,AT,2
05-2014-0146,05,SARRIA-SANT GERVASI,26,Sant Gervasi - Galvany,Carrer,ARIBAU,1,207,,,,,,,1,1
05-2014-0166,05,SARRIA-SANT GERVASI,26,Sant Gervasi - Galvany,Carrer,MUNTANER,2,256,,,,,,,PR,1
05-2014-0187,05,SARRIA-SANT GERVASI,26,Sant Gervasi - Galvany,Via,AUGUSTA,1,17,,19,,,,,05,2
05-2014-0198,05,SARRIA-SANT GERVASI,26,Sant Gervasi - Galvany,Carrer,TUSET,1,13,,,,,,I,PR,1
05-2014-0215,05,SARRIA-SANT GERVASI,27,el Putxet i el Farró,Carrer,BERTRAN,2,4,,,,,,,03,
05-2014-0289,05,SARRIA-SANT GERVASI,23,Sarrià,Via,AUGUSTA,1,339,,,,,,C,04,1
05-2014-0390,05,SARRIA-SANT GERVASI,23,Sarrià,Carrer,MAJOR DE SARRIA,1,183,,,,,,,BJ,3
05-2014-0396,05,SARRIA-SANT GERVASI,25,Sant Gervasi - la Bonanova,Carrer,CAMP,1,77,,,,,,,2,B
05-2014-0397,05,SARRIA-SANT GERVASI,25,Sant Gervasi - la Bonanova,Carrer,CAMP,1,77,,,,,,,2,A
05-2014-0440,05,SARRIA-SANT GERVASI,25,Sant Gervasi - la Bonanova,Carrer,CAMP,2,52,,56,,,,,03,3
05-2014-0460,05,SARRIA-SANT GERVASI,24,les Tres Torres,Carrer,GOSOL,1,5,,,,,,,BJ,2
05-2014-0494,05,SARRIA-SANT GERVASI,23,Sarrià,Carrer,JORDA,1,11,,,,,,,02,
05-2014-0515,05,SARRIA-SANT GERVASI,24,les Tres Torres,Via,AUGUSTA,1,293,,,,,,,BJ,1
05-2014-0547,05,SARRIA-SANT GERVASI,24,les Tres Torres,Via,AUGUSTA,2,290,,,,,,,05,2
05-2016-0310,05,SARRIA-SANT GERVASI,26,Sant Gervasi - Galvany,Carrer,ARIBAU,2,228,,,,,,D,2,1
05-2016-0325,05,SARRIA-SANT GERVASI,26,Sant Gervasi - Galvany,Carrer,ARIBAU,2,228,,,,,,E,PR,2
05-2016-0326,05,SARRIA-SANT GERVASI,26,Sant Gervasi - Galvany,Carrer,ARIBAU,2,228,,,,,,,BJ,D
05-2016-0364,05,SARRIA-SANT GERVASI,26,Sant Gervasi - Galvany,Carrer,ARIBAU,2,228,,,,,,E,3,2
05-2019-0444,05,SARRIA-SANT GERVASI,26,Sant Gervasi - Galvany,Carrer,MADRAZO,2,68,,,,,,,1,2
05-2023-0090,05,SARRIA-SANT GERVASI,25,Sant Gervasi - la Bonanova,Carrer,CASTANYER,1,5,,,,,,,1,3
05-2023-0094,05,SARRIA-SANT GERVASI,25,Sant Gervasi - la Bonanova,Carrer,CASTANYER,1,5,,,,,,,2,4
05-2023-0099,05,SARRIA-SANT GERVASI,27,el Putxet i el Farró,Carrer,PUTXET,2,26,,,,,,,1,2
05-2023-0308,05,SARRIA-SANT GERVASI,26,Sant Gervasi - Galvany,Carrer,BALMES,1,327,,329,,,,,PR,4
05-2023-0326,05,SARRIA-SANT GERVASI,26,Sant Gervasi - Galvany,Carrer,BALMES,1,327,,329,,,,,4,3
05-2023-0339,05,SARRIA-SANT GERVASI,26,Sant Gervasi - Galvany,Carrer,BALMES,1,327,,329,,,,,AT,2
05-2023-0415,05,SARRIA-SANT GERVASI,27,el Putxet i el Farró,Avinguda,REPUBLICA ARGENTINA,1,5,,7,,,,,1,1
05-2023-0417,05,SARRIA-SANT GERVASI,27,el Putxet i el Farró,Avinguda,REPUBLICA ARGENTINA,1,5,,7,,,,,1,3
05-2023-0418,05,SARRIA-SANT GERVASI,27,el Putxet i el Farró,Avinguda,REPUBLICA ARGENTINA,1,5,,7,,,,,1,4
05-2023-0423,05,SARRIA-SANT GERVASI,27,el Putxet i el Farró,Avinguda,REPUBLICA ARGENTINA,1,5,,7,,,,,2,3
06-2008-0195,06,GRACIA,31,la Vila de Gràcia,Carrer,BONAVISTA,2,4,,,,,,,02,3
06-2008-0259,06,GRACIA,31,la Vila de Gràcia,Passeig,GRACIA,1,115,,,,,,,03,3
06-2008-0280,06,GRACIA,31,la Vila de Gràcia,Carrer,VERDI,1,53,,55,,,,,01,1
06-2008-0438,06,GRACIA,31,la Vila de Gràcia,Travessera,GRACIA,1,133,,,,,,,04,1
06-2009-0190,06,GRACIA,31,la Vila de Gràcia,Carrer,BRUNIQUER,1,51,,,,,,,03,2
06-2009-0397,06,GRACIA,31,la Vila de Gràcia,Carrer,TORRENT DE L'OLLA,1,161,,,,,,,02,2
06-2010-0140,06,GRACIA,31,la Vila de Gràcia,Carrer,SANT PERE MARTIR,1,39,,,,,,,04,2
06-2010-0161,06,GRACIA,31,la Vila de Gràcia,Passeig,GRACIA,2,128,,,,,,,PR,1
06-2010-0170,06,GRACIA,31,la Vila de Gràcia,Passeig,GRACIA,2,128,,,,,,,03,1
06-2010-0173,06,GRACIA,31,la Vila de Gràcia,Passeig,GRACIA,2,128,,,,,,,04,1
06-2010-0175,06,GRACIA,31,la Vila de Gràcia,Passeig,GRACIA,2,128,,,,,,,04,3
06-2010-0211,06,GRACIA,32,el Camp d'en Grassot i Gràcia Nova,Carrer,GRASSOT,2,4,,,,,,,AT,1
06-2010-0214,06,GRACIA,32,el Camp d'en Grassot i Gràcia Nova,Carrer,GRASSOT,2,4,,,,,,,01,2
06-2010-0229,06,GRACIA,32,el Camp d'en Grassot i Gràcia Nova,Carrer,GRASSOT,2,4,,,,,,,EN,2
06-2010-0234,06,GRACIA,32,el Camp d'en Grassot i Gràcia Nova,Carrer,BALCELLS,1,41,,,,,,,EN,
06-2010-0240,06,GRACIA,31,la Vila de Gràcia,Carrer,MARTINEZ DE LA ROSA,1,11,,,,,,,02,1
06-2010-0244,06,GRACIA,31,la Vila de Gràcia,Carrer,MARTINEZ DE LA ROSA,1,11,,,,,,,01,3
06-2010-0328,06,GRACIA,31,la Vila de Gràcia,Carrer,SANTA TECLA,1,3,,,,,,,PR,3
06-2010-0479,06,GRACIA,31,la Vila de Gràcia,Passeig,GRACIA,1,115,,,,,,,04,2
06-2010-0522,06,GRACIA,31,la Vila de Gràcia,Carrer,SANTA TECLA,1,3,,,,,,,01,1
06-2010-0534,06,GRACIA,31,la Vila de Gràcia,Carrer,SANTA TECLA,1,3,,,,,,,01,2
06-2010-0544,06,GRACIA,31,la Vila de Gràcia,Carrer,MOZART,1,7,,,,,,,04,2
06-2011-0111,06,GRACIA,31,la Vila de Gràcia,Carrer,TORRIJOS,1,21,,,,,,,EN,
06-2011-0114,06,GRACIA,31,la Vila de Gràcia,Carrer,TORRIJOS,1,21,,,,,,,01,2
06-2011-0147,06,GRACIA,31,la Vila de Gràcia,Carrer,CORSEGA,1,395,,,,1,,1,04,1
06-2011-0253,06,GRACIA,32,el Camp d'en Grassot i Gràcia Nova,Carrer,PROVIDENCIA,1,113,,,,,,,BJ,2
06-2011-0255,06,GRACIA,32,el Camp d'en Grassot i Gràcia Nova,Carrer,PARE LAINEZ,1,55,,,,,,,01,1
06-2011-0369,06,GRACIA,31,la Vila de Gràcia,Carrer,SENECA,1,15,,,,,,,02,D
06-2012-0074,06,GRACIA,28,Vallcarca i els Penitents,Carrer,REPARTIDOR,2,26,,,,,,,02,2
06-2012-0128,06,GRACIA,31,la Vila de Gràcia,Rambla,PRAT,1,9,,,,,,,1,2
06-2012-0183,06,GRACIA,31,la Vila de Gràcia,Carrer,VILAFRANCA,2,2,,4,,,,,01,3
06-2012-0198,06,GRACIA,31,la Vila de Gràcia,Carrer,SANT PERE MARTIR,2,4,,,,,,,01,2
06-2012-0232,06,GRACIA,31,la Vila de Gràcia,Carrer,TORRENT DE LES FLORS,1,139,,141,,,,,04,4
06-2012-0243,06,GRACIA,31,la Vila de Gràcia,Carrer,TRILLA,2,2,,,,,,,01,2
06-2012-0263,06,GRACIA,31,la Vila de Gràcia,Carrer,ENCARNACIO,1,71,,,,,,,BJ,
06-2012-0272,06,GRACIA,31,la Vila de Gràcia,Carrer,TRES SENYORES,1,21,,,,,,,BJ,D
06-2012-0311,06,GRACIA,31,la Vila de Gràcia,Plaça,NORD,2,12,,,,,,,02,3
06-2012-0346,06,GRACIA,32,el Camp d'en Grassot i Gràcia Nova,Carrer,GRASSOT,2,100,,,,,,,01,1
06-2012-0347,06,GRACIA,31,la Vila de Gràcia,Carrer,GOYA,2,16,,,,,,,04,1
06-2012-0353,06,GRACIA,31,la Vila de Gràcia,Carrer,FRANCISCO GINER,1,47,,,,,,,02,2
06-2012-0355,06,GRACIA,31,la Vila de Gràcia,Plaça,VILA DE GRACIA,1,19,,,,,,,03,1
06-2012-0361,06,GRACIA,31,la Vila de Gràcia,Plaça,VILA DE GRACIA,1,19,,,,,,,01,1
06-2012-0383,06,GRACIA,32,el Camp d'en Grassot i Gràcia Nova,Carrer,CORSEGA,2,446,,,,,,I,03,2
06-2012-0389,06,GRACIA,32,el Camp d'en Grassot i Gràcia Nova,Carrer,PARE LAINEZ,1,55,,,,,,,03,2
06-2012-0397,06,GRACIA,32,el Camp d'en Grassot i Gràcia Nova,Carrer,ESCORIAL,2,152,,,,,,,02,1
06-2012-0401,06,GRACIA,31,la Vila de Gràcia,Via,AUGUSTA,2,40,,,,,,,01,1
06-2012-0418,06,GRACIA,31,la Vila de Gràcia,Avinguda,RIERA DE CASSOLES,2,2,,,,,,,04,1
06-2012-0419,06,GRACIA,32,el Camp d'en Grassot i Gràcia Nova,Carrer,PI I MARGALL,2,42,,,,,,,SA,2
06-2012-0445,06,GRACIA,31,la Vila de Gràcia,Carrer,DOCTOR RIZAL,1,15,,,,,,,04,1
06-2012-0446,06,GRACIA,32,el Camp d'en Grassot i Gràcia Nova,Carrer,SICILIA,2,352,,,,,,,03,2
06-2012-0449,06,GRACIA,31,la Vila de Gràcia,Carrer,ALZINA,2,26,,,,,,,01,
06-2012-0466,06,GRACIA,31,la Vila de Gràcia,Carrer,VALLFOGONA,1,29,,,,,,,BJ,2
06-2012-0481,06,GRACIA,31,la Vila de Gràcia,Carrer,SANTA PERPETUA,1,13,,,,,,,02,1
06-2012-0490,06,GRACIA,32,el Camp d'en Grassot i Gràcia Nova,Carrer,GRASSOT,2,38,,,,,,,3,1
06-2012-0502,06,GRACIA,30,la Salut,Carrer,CA L'ALEGRE DE DALT,2,112,,,,,,,01,4
06-2012-0526,06,GRACIA,32,el Camp d'en Grassot i Gràcia Nova,Carrer,INDUSTRIA,1,81,,,,,,,01,3
06-2012-0529,06,GRACIA,32,el Camp d'en Grassot i Gràcia Nova,Carrer,SANT ANTONI MARIA CLARET,1,3,,,,,,,01,4
06-2012-0530,06,GRACIA,32,el Camp d'en Grassot i Gràcia Nova,Carrer,SANT ANTONI MARIA CLARET,1,3,,,,,,,02,2
06-2012-0590,06,GRACIA,32,el Camp d'en Grassot i Gràcia Nova,Carrer,ENCARNACIO,2,142,,,,,,,02,2
06-2012-0591,06,GRACIA,32,el Camp d'en Grassot i Gràcia Nova,Carrer,ENCARNACIO,2,142,,,,,,,03,1
06-2012-0614,06,GRACIA,31,la Vila de Gràcia,Carrer,SAMSO,2,2,,,,,,,01,1
06-2012-0633,06,GRACIA,31,la Vila de Gràcia,Carrer,SALINAS,1,13,,15,,,,,PR,2
06-2012-0649,06,GRACIA,31,la Vila de Gràcia,Carrer,BANYOLES,1,7,,,,,,A,01,3
06-2013-0012,06,GRACIA,31,la Vila de Gràcia,Avinguda,RIERA DE CASSOLES,2,2,,,,,,,01,2
06-2013-0016,06,GRACIA,31,la Vila de Gràcia,Carrer,LLIBERTAT,1,47,,,,,,,01,2
06-2013-0033,06,GRACIA,30,la Salut,Carrer,MARE DE DEU DE LA SALUT,2,92,,,,,,,BJ,4
06-2013-0049,06,GRACIA,31,la Vila de Gràcia,Via,AUGUSTA,2,58,,,,,,,01,1
06-2013-0053,06,GRACIA,31,la Vila de Gràcia,Via,AUGUSTA,2,58,,,,,,,03,1
06-2013-0058,06,GRACIA,31,la Vila de Gràcia,Carrer,GUILLERIES,2,22,,,,,,,01,
06-2013-0067,06,GRACIA,31,la Vila de Gràcia,Carrer,SANT PERE MARTIR,2,52,,,,,,,02,2
06-2013-0151,06,GRACIA,32,el Camp d'en Grassot i Gràcia Nova,Carrer,SARDENYA,1,493,,,,,,,03,2
06-2013-0177,06,GRACIA,31,la Vila de Gràcia,Plaça,LESSEPS,2,8,,,,,,,02,1
06-2013-0189,06,GRACIA,31,la Vila de Gràcia,Carrer,PEREZ GALDOS,2,32,,,,,,,PR,2
06-2013-0205,06,GRACIA,31,la Vila de Gràcia,Carrer,RIERA DE SANT MIQUEL,1,49,,,,,,,01,2
06-2013-0221,06,GRACIA,29,el Coll,Carrer,FONT DEL COLL,1,15,,,,,,,AT,3
06-2013-0259,06,GRACIA,31,la Vila de Gràcia,Carrer,SAMSO,2,2,,,,,,,01,2
06-2013-0266,06,GRACIA,31,la Vila de Gràcia,Carrer,FERRER DE BLANES,1,11,,,,,,,02,
06-2013-0275,06,GRACIA,31,la Vila de Gràcia,Carrer,ENCARNACIO,1,35,,,,,,,02,2
06-2013-0319,06,GRACIA,31,la Vila de Gràcia,Carrer,ASTURIES,2,36,,,,,,,02,
06-2013-0322,06,GRACIA,31,la Vila de Gràcia,Carrer,VERNTALLAT,2,8,,,,,,,BJ,1
06-2013-0324,06,GRACIA,32,el Camp d'en Grassot i Gràcia Nova,Travessera,GRACIA,2,274,,,,,,A,01,1
06-2013-0335,06,GRACIA,31,la Vila de Gràcia,Carrer,GRAN DE GRACIA,2,44,,,,,,,01,
06-2013-0417,06,GRACIA,31,la Vila de Gràcia,Carrer,MILA I FONTANALS,1,55,,,,,,,03,2
06-2013-0422,06,GRACIA,31,la Vila de Gràcia,Travessera,GRACIA,1,233,,,,,,,2,
06-2013-0427,06,GRACIA,32,el Camp d'en Grassot i Gràcia Nova,Carrer,GRASSOT,1,59,,63,,,,,01,2
06-2013-0438,06,GRACIA,31,la Vila de Gràcia,Carrer,RAMON Y CAJAL,1,5,,,,,,,02,2
06-2013-0486,06,GRACIA,31,la Vila de Gràcia,Carrer,GRAN DE GRACIA,2,16,,,,,,,02,3
06-2013-0492,06,GRACIA,31,la Vila de Gràcia,Carrer,LLIBERTAT,2,6,,,,,,,01,2
06-2013-0532,06,GRACIA,31,la Vila de Gràcia,Carrer,CORSEGA,1,335,,,,,,,02,2
06-2013-0567,06,GRACIA,31,la Vila de Gràcia,Carrer,CAMPRODON,1,27,,,,,,,02,1
06-2013-0568,06,GRACIA,31,la Vila de Gràcia,Carrer,CAMPRODON,1,27,,,,,,,03,1
06-2013-0573,06,GRACIA,32,el Camp d'en Grassot i Gràcia Nova,Carrer,INDUSTRIA,1,19,,,,,,,EN,
06-2013-0593,06,GRACIA,31,la Vila de Gràcia,Carrer,SAMSO,2,4,,,,,,,03,1
06-2013-0613,06,GRACIA,32,el Camp d'en Grassot i Gràcia Nova,Carrer,GRASSOT,2,22,,,,,,,01,1
06-2013-0635,06,GRACIA,30,la Salut,Passatge,SANT JOSEP DE LA MUNTANYA,1,13,,,,,,,01,2
06-2013-0663,06,GRACIA,31,la Vila de Gràcia,Carrer,MAURICI SERRAHIMA,2,22,,,,,,,BJ,2
06-2013-0671,06,GRACIA,31,la Vila de Gràcia,Carrer,TORDERA,1,47,,,,,,,3,3
06-2013-0683,06,GRACIA,31,la Vila de Gràcia,Carrer,PERILL,1,33,,,,,,,01,4
06-2013-0738,06,GRACIA,31,la Vila de Gràcia,Carrer,GRAN DE GRACIA,1,231,,,,,,A,02,1
06-2013-0760,06,GRACIA,31,la Vila de Gràcia,Carrer,TORRENT DE L'OLLA,2,28,,,,,,,PR,2
06-2013-0761,06,GRACIA,31,la Vila de Gràcia,Carrer,LLIBERTAT,1,5,B,,,,,,03,1
06-2013-0762,06,GRACIA,31,la Vila de Gràcia,Carrer,LLIBERTAT,1,5,B,,,,,,04,2
06-2014-0017,06,GRACIA,28,Vallcarca i els Penitents,Carrer,REPARTIDOR,1,29,,,,,,,BJ,1
06-2014-0030,06,GRACIA,31,la Vila de Gràcia,Carrer,SIRACUSA,2,16,,,,,,,BJ,2
06-2014-0063,06,GRACIA,32,el Camp d'en Grassot i Gràcia Nova,Carrer,ROSSELLO,1,415,B,,,,,,03,1
06-2014-0132,06,GRACIA,28,Vallcarca i els Penitents,Avinguda,REPUBLICA ARGENTINA,2,36,,,,,,,01,1
06-2014-0141,06,GRACIA,32,el Camp d'en Grassot i Gràcia Nova,Travessera,GRACIA,2,288,,,,,,,EN,1
06-2014-0146,06,GRACIA,31,la Vila de Gràcia,Carrer,LUIS ANTUNEZ,2,14,,,,,,,PR,
06-2014-0152,06,GRACIA,29,el Coll,Carrer,TORRENT DEL REMEI,1,3,,,,,,,BJ,
06-2014-0162,06,GRACIA,31,la Vila de Gràcia,Carrer,CORSEGA,1,367,,,,,,,01,1
06-2014-0171,06,GRACIA,31,la Vila de Gràcia,Carrer,TORDERA,1,55,,,,,,,01,3
06-2014-0190,06,GRACIA,31,la Vila de Gràcia,Carrer,CAMPRODON,1,23,,,,,,,02,1
06-2014-0199,06,GRACIA,31,la Vila de Gràcia,Carrer,TORRIJOS,2,30,,,,,,,EN,2
06-2014-0231,06,GRACIA,31,la Vila de Gràcia,Avinguda,DIAGONAL,2,478,,,,,,,PR,2
06-2014-0240,06,GRACIA,31,la Vila de Gràcia,Avinguda,DIAGONAL,2,478,,,,,,,04,1
06-2014-0271,06,GRACIA,30,la Salut,Avinguda,COLL DEL PORTELL,1,57,,,,,,,EN,1
06-2014-0277,06,GRACIA,31,la Vila de Gràcia,Carrer,SANT GABRIEL,1,15,,,,,,,PR,3
06-2014-0281,06,GRACIA,31,la Vila de Gràcia,Carrer,JOSEP TORRES,2,26,,,,,,,04,2
06-2014-0292,06,GRACIA,32,el Camp d'en Grassot i Gràcia Nova,Carrer,SARDENYA,1,529,,531,,,,D,11,1
06-2014-0299,06,GRACIA,28,Vallcarca i els Penitents,Avinguda,REPUBLICA ARGENTINA,2,36,,,,,,,02,2
06-2014-0309,06,GRACIA,31,la Vila de Gràcia,Carrer,MILA I FONTANALS,1,31,,,,,,,02,2
06-2014-0337,06,GRACIA,32,el Camp d'en Grassot i Gràcia Nova,Carrer,PARE LAINEZ,1,55,,,,,,,PR,1
06-2014-0354,06,GRACIA,32,el Camp d'en Grassot i Gràcia Nova,Carrer,CORSEGA,1,491,,,,,,,3,3
06-2014-0363,06,GRACIA,32,el Camp d'en Grassot i Gràcia Nova,Carrer,PAU ALSINA,1,71,,73,,,,,05,4
06-2014-0372,06,GRACIA,31,la Vila de Gràcia,Carrer,TORRENT DE LES FLORS,2,48,,,,,,,02,
06-2014-0377,06,GRACIA,31,la Vila de Gràcia,Carrer,SANT SALVADOR,2,96,,,,,,,EN,2
06-2014-0379,06,GRACIA,31,la Vila de Gràcia,Carrer,DOCTOR RIZAL,2,8,,,,,,,01,3
06-2014-0395,06,GRACIA,31,la Vila de Gràcia,Carrer,VERDI,1,111,,,,,,,1,1
06-2014-0398,06,GRACIA,31,la Vila de Gràcia,Carrer,MARIA,2,2,,4,,,,,04,2
06-2014-0417,06,GRACIA,31,la Vila de Gràcia,Carrer,RAMON Y CAJAL,1,95,,,,,,,01,2
06-2014-0425,06,GRACIA,28,Vallcarca i els Penitents,Avinguda,REPUBLICA ARGENTINA,2,52,,,,,,,01,2
06-2014-0437,06,GRACIA,31,la Vila de Gràcia,Carrer,TEROL,2,30,,,,,,,2,1
06-2014-0481,06,GRACIA,29,el Coll,Carrer,FONT DEL REMEI,1,27,,,,,,,01,1
06-2014-0507,06,GRACIA,31,la Vila de Gràcia,Carrer,LLIBERTAT,1,5,B,,,,,,1,4
06-2014-0521,06,GRACIA,29,el Coll,Carrer,TIRSO,1,17,,,,,,,02,2
06-2014-0542,06,GRACIA,31,la Vila de Gràcia,Carrer,SANTA CREU,1,5,,,,,,E,BJ,ES
06-2014-0545,06,GRACIA,31,la Vila de Gràcia,Carrer,SANTA CREU,1,5,,,,,,E,03,3
06-2014-0548,06,GRACIA,32,el Camp d'en Grassot i Gràcia Nova,Passeig,SANT JOAN,1,163,,,,,,,03,3
06-2023-0142,06,GRACIA,31,la Vila de Gràcia,Carrer,RIERA DE SANT MIQUEL,2,38,,,,,,,1,1
06-2023-0157,06,GRACIA,31,la Vila de Gràcia,Carrer,CONGOST,2,26,,,,,,,BJ,
06-2023-0330,06,GRACIA,31,la Vila de Gràcia,Carrer,CORSEGA,1,351,,,,,,,SA,
06-2023-0339,06,GRACIA,31,la Vila de Gràcia,Carrer,SANTA ROSA,2,10,,,,,,,1,2
06-2023-0364,06,GRACIA,31,la Vila de Gràcia,Carrer,RIERA DE SANT MIQUEL,2,74,,,,,,,3,2
06-2024-0041,06,GRACIA,31,la Vila de Gràcia,Carrer,OR,1,19,,,,,,,EN,2
06-2024-0110,06,GRACIA,31,la Vila de Gràcia,Carrer,LLIBERTAT,1,5,B,,B,,,,PR,2
06-2024-0128,06,GRACIA,31,la Vila de Gràcia,Carrer,LLIBERTAT,1,5,B,,,,,,4,1
06-2024-0130,06,GRACIA,31,la Vila de Gràcia,Carrer,LLIBERTAT,1,5,B,,,,,,5,2
06-2024-0167,06,GRACIA,31,la Vila de Gràcia,Carrer,ASTURIES,1,43,,,,,,,1,2
06-2024-0168,06,GRACIA,31,la Vila de Gràcia,Travessera,GRACIA,2,164,,,,,,,3,2
07-2008-0257,07,HORTA-GUINARDÓ,33,el Baix Guinardó,Travessera,GRACIA,1,441,,443,,,,,PR,02
07-2008-0262,07,HORTA-GUINARDÓ,35,el Guinardó,Carrer,RENAIXENÇA,2,54,,56,,,,,BJ,B
07-2008-0282,07,HORTA-GUINARDÓ,33,el Baix Guinardó,Travessera,GRACIA,1,441,,,,,,,1,3
07-2009-0172,07,HORTA-GUINARDÓ,33,el Baix Guinardó,Travessera,GRACIA,1,441,,443,,,,,5,2
07-2009-0174,07,HORTA-GUINARDÓ,33,el Baix Guinardó,Travessera,GRACIA,1,441,,,,,,,5,4
07-2012-0131,07,HORTA-GUINARDÓ,37,el Carmel,Carrer,CALDERON DE LA BARCA,2,112,,114,,,,,2,3
07-2012-0133,07,HORTA-GUINARDÓ,37,el Carmel,Carrer,CALDERON DE LA BARCA,2,112,,114,,,,,3,2
07-2013-0074,07,HORTA-GUINARDÓ,35,el Guinardó,Carrer,VARSOVIA,1,113,B,,,,,,1,
07-2013-0144,07,HORTA-GUINARDÓ,33,el Baix Guinardó,Carrer,BERGNES DE LAS CASAS,2,22,,,,,,,BJ,
07-2013-0257,07,HORTA-GUINARDÓ,33,el Baix Guinardó,Carrer,PI I MARGALL,1,93,,95,,,,,EN,2
07-2013-0316,07,HORTA-GUINARDÓ,33,el Baix Guinardó,Carrer,SANT ANTONI MARIA CLARET,1,79,,,,,,,3,2
07-2013-0317,07,HORTA-GUINARDÓ,33,el Baix Guinardó,Carrer,SANT ANTONI MARIA CLARET,1,79,,,,,,,2,2
07-2014-0008,07,HORTA-GUINARDÓ,35,el Guinardó,Avinguda,MARE DE DEU DE MONTSERRAT,1,243,,,,,,,4,1
07-2014-0121,07,HORTA-GUINARDÓ,34,Can Baró,Avinguda,CAN BARO,1,3,,,,,,,1,2
07-2014-0162,07,HORTA-GUINARDÓ,35,el Guinardó,Carrer,TEODOR LLORENTE,1,1,,5,,,,,EN,1A
07-2014-0163,07,HORTA-GUINARDÓ,35,el Guinardó,Carrer,TEODOR LLORENTE,1,1,,5,,,,,EN,1B
07-2014-0286,07,HORTA-GUINARDÓ,41,la Vall d'Hebron,Plaça,JOSEP PALLACH,1,5,,,,,,,3,2
07-2014-0296,07,HORTA-GUINARDÓ,35,el Guinardó,Passatge,GARROFERS,2,8,,,,,,,EN,3
07-2014-0316,07,HORTA-GUINARDÓ,35,el Guinardó,Carrer,VARSOVIA,1,91,,,,,,,1,2
07-2014-0325,07,HORTA-GUINARDÓ,33,el Baix Guinardó,Passatge,REDEMPTOR,1,5,,,,,,,BJ,
07-2014-0350,07,HORTA-GUINARDÓ,34,Can Baró,Carrer,BISMARCK,2,10,,,,,,,EN,2
07-2016-0133,07,HORTA-GUINARDÓ,33,el Baix Guinardó,Carrer,ALCALDE DE MOSTOLES,2,52,,,,,,,BJ,
07-2023-0033,07,HORTA-GUINARDÓ,35,el Guinardó,Carrer,GARROTXA,1,33,,,,,,,1,1
07-2023-0036,07,HORTA-GUINARDÓ,35,el Guinardó,Carrer,GARROTXA,1,33,,,,,,,2,2
07-2023-0037,07,HORTA-GUINARDÓ,33,el Baix Guinardó,Carrer,LLORENS I BARBA,1,61,,63,,,,,EN,2
07-2023-0099,07,HORTA-GUINARDÓ,33,el Baix Guinardó,Travessera,GRACIA,1,429,,,,,,,5,1
08-2014-0155,08,NOU BARRIS,44,Vilapicina i la Torre Llobeta,Avinguda,MERIDIANA,1,363,,,,,,,02,2
08-2023-0132,08,NOU BARRIS,44,Vilapicina i la Torre Llobeta,Passeig,FABRA I PUIG,1,97,,,,,,,1,2
08-2023-0151,08,NOU BARRIS,45,Porta,Passeig,FABRA I PUIG,2,192,,,,,,,EN,3
08-2023-0217,08,NOU BARRIS,46,el Turó de la Peira,Carrer,NIL,2,4,,,,,,,1,1
09-2011-0065,09,SANT ANDREU,63,Navas,Carrer,BOFARULL,1,7,,,,,,,05,2
09-2011-0250,09,SANT ANDREU,57,la Trinitat Vella,Carrer,MARE DE DEU DE LORDA,1,45,,47,,,,,03,
09-2011-0397,09,SANT ANDREU,60,Sant Andreu,Carrer,MOSSEN QUINTI MALLOFRE,2,22,,,,,,,01,
09-2013-0112,09,SANT ANDREU,61,la Sagrera,Carrer,MONLAU,1,1,,,,,,,02,
09-2013-0113,09,SANT ANDREU,61,la Sagrera,Carrer,MONLAU,1,1,,,,,,,03,
09-2013-0115,09,SANT ANDREU,61,la Sagrera,Carrer,MONLAU,1,1,,,,,,,04,
09-2013-0265,09,SANT ANDREU,61,la Sagrera,Carrer,FELIP II,2,128,,130,,,,,04,1
09-2014-0134,09,SANT ANDREU,60,Sant Andreu,Carrer,BORRIANA,2,136,,,,,,,06,3
09-2014-0145,09,SANT ANDREU,59,el Bon Pastor,Carrer,FOC FOLLET,1,51,,,,,,,01,2
09-2014-0186,09,SANT ANDREU,60,Sant Andreu,Carrer,GRAN DE SANT ANDREU,1,275,,,,,,,5,2
09-2014-0233,09,SANT ANDREU,60,Sant Andreu,Carrer,CINCA,2,40,,42,,,,A,2,1
09-2014-0304,09,SANT ANDREU,60,Sant Andreu,Carrer,IGNASI IGLESIAS,2,110,,,,,,,02,3
09-2023-0215,09,SANT ANDREU,63,Navas,Carrer,LAS NAVAS DE TOLOSA,1,379,,,,,,,1,A
09-2024-0127,09,SANT ANDREU,61,la Sagrera,Carrer,SANT ANTONI MARIA CLARET,1,385,,,,,,,5,3
10-2008-0260,10,SANT MARTI,64,el Camp de l'Arpa del Clot,Carrer,INDEPENDENCIA,2,350,,,,,,,2,
10-2008-0272,10,SANT MARTI,64,el Camp de l'Arpa del Clot,Carrer,INDEPENDENCIA,2,350,,,,,,,AT,
10-2008-0384,10,SANT MARTI,69,Diagonal Mar i el Front Marítim del Poblenou,Carrer,PELLAIRES,1,25,,,,,,,01,A
10-2008-0387,10,SANT MARTI,69,Diagonal Mar i el Front Marítim del Poblenou,Carrer,PELLAIRES,1,25,,,,,,,01,C
10-2008-0586,10,SANT MARTI,64,el Camp de l'Arpa del Clot,Carrer,ARAGO,1,565,,,,,,,02,1
10-2008-0590,10,SANT MARTI,64,el Camp de l'Arpa del Clot,Carrer,ARAGO,1,565,,,,,,,04,1
10-2009-0069,10,SANT MARTI,69,Diagonal Mar i el Front Marítim del Poblenou,Carrer,PELLAIRES,1,25,,,,,,,BJ,A
10-2009-0111,10,SANT MARTI,66,el Parc i la Llacuna del Poblenou,Carrer,ROGER DE FLOR,2,24,,,,,,,05,
10-2009-0322,10,SANT MARTI,64,el Camp de l'Arpa del Clot,Carrer,INDEPENDENCIA,1,297,,299,,,,,02,2
10-2009-0330,10,SANT MARTI,64,el Camp de l'Arpa del Clot,Carrer,INDEPENDENCIA,1,297,,299,,,,,04,3
10-2010-0101,10,SANT MARTI,68,el Poblenou,Rambla,POBLENOU,2,16,,,,,,,02,1
10-2010-0125,10,SANT MARTI,65,el Clot,Avinguda,MERIDIANA,1,109,,,,,,,BJ,1
10-2010-0274,10,SANT MARTI,68,el Poblenou,Carrer,CASTANYS,1,5,,,,,,,01,2
10-2010-0356,10,SANT MARTI,68,el Poblenou,Carrer,AMISTAT,2,44,,,,,,,01,4
10-2010-0491,10,SANT MARTI,68,el Poblenou,Passeig,CALVELL,1,45,,,,,,A,03,2
10-2010-0573,10,SANT MARTI,64,el Camp de l'Arpa del Clot,Carrer,FRESER,2,78,,,,,,,04,
10-2010-0603,10,SANT MARTI,69,Diagonal Mar i el Front Marítim del Poblenou,Passeig,GARCIA FARIA,1,75,,,,,,,04,1
10-2010-0608,10,SANT MARTI,69,Diagonal Mar i el Front Marítim del Poblenou,Passeig,GARCIA FARIA,1,77,,,,,,,07,1
10-2010-0610,10,SANT MARTI,69,Diagonal Mar i el Front Marítim del Poblenou,Passeig,GARCIA FARIA,1,77,,,,,,,09,3
10-2011-0212,10,SANT MARTI,68,el Poblenou,Carrer,PUJADES,2,120,,122,,,,,02,5
10-2011-0241,10,SANT MARTI,64,el Camp de l'Arpa del Clot,Carrer,INDUSTRIA,1,201,,,,,,,03,1
10-2011-0327,10,SANT MARTI,68,el Poblenou,Carrer,PUJADES,1,143,,,,,,,PR,1
10-2011-0423,10,SANT MARTI,68,el Poblenou,Carrer,VENERO,2,8,,,,,,,BJ,2
10-2011-0539,10,SANT MARTI,68,el Poblenou,Carrer,PUJADES,2,120,,122,,,,,02,2
10-2011-0563,10,SANT MARTI,66,el Parc i la Llacuna del Poblenou,Carrer,LLULL,1,23,,,,,,,EN,2
10-2012-0040,10,SANT MARTI,65,el Clot,Carrer,SEQUIA COMTAL,2,10,,12,,,,,1,1
10-2012-0042,10,SANT MARTI,68,el Poblenou,Carrer,BAC DE RODA,1,35,,,,,,,BJ,1
10-2012-0074,10,SANT MARTI,68,el Poblenou,Carrer,BAC DE RODA,1,43,,,,,,,02,2
10-2012-0106,10,SANT MARTI,67,la Vila Olímpica del Poblenou,Carrer,MARINA,2,70,,,,,,,4,2
10-2012-0163,10,SANT MARTI,68,el Poblenou,Carrer,TAULAT,1,1,,,,,,,04,2
10-2012-0184,10,SANT MARTI,64,el Camp de l'Arpa del Clot,Carrer,ROGENT,2,26,,,,,,,PR,2
10-2012-0195,10,SANT MARTI,68,el Poblenou,Carrer,FERROCARRIL,1,27,,,,,,,04,5
10-2012-0197,10,SANT MARTI,68,el Poblenou,Carrer,FERROCARRIL,1,27,,,,,,,04,6
10-2012-0221,10,SANT MARTI,64,el Camp de l'Arpa del Clot,Carrer,INDUSTRIA,2,326,,,,,,,02,1
10-2012-0223,10,SANT MARTI,68,el Poblenou,Carrer,RAMON TURRO,2,226,,,,,,,05,3
10-2012-0279,10,SANT MARTI,68,el Poblenou,Carrer,FERROCARRIL,1,27,,,,,,,01,3
10-2012-0281,10,SANT MARTI,68,el Poblenou,Carrer,FERROCARRIL,1,27,,,,,,,01,6
10-2012-0294,10,SANT MARTI,67,la Vila Olímpica del Poblenou,Carrer,SALVADOR ESPRIU,1,25,,,,,,,05,2
10-2012-0307,10,SANT MARTI,64,el Camp de l'Arpa del Clot,Carrer,MALLORCA,2,616,,,,,,,3,2
10-2012-0335,10,SANT MARTI,66,el Parc i la Llacuna del Poblenou,Carrer,ROGER DE FLOR,2,24,,,,,,,AT,
10-2012-0346,10,SANT MARTI,64,el Camp de l'Arpa del Clot,Carrer,CORSEGA,1,703,,,,,,,2,3
10-2012-0381,10,SANT MARTI,67,la Vila Olímpica del Poblenou,Carrer,ANVERS,1,3,,,,,,,,
10-2012-0383,10,SANT MARTI,68,el Poblenou,Carrer,CASTELLA,1,1,,,,,,,AT,
10-2012-0386,10,SANT MARTI,69,Diagonal Mar i el Front Marítim del Poblenou,Passeig,GARCIA FARIA,1,81,,,,,,E,23,3
10-2012-0445,10,SANT MARTI,67,la Vila Olímpica del Poblenou,Carrer,HELSINKI,1,19,,,,,,,BJ,
10-2012-0450,10,SANT MARTI,68,el Poblenou,Carrer,PALLARS,1,171,,,,,,,03,2
10-2012-0461,10,SANT MARTI,68,el Poblenou,Carrer,SANT FRANCESC,2,8,,,,,,,BJ,2
10-2012-0470,10,SANT MARTI,68,el Poblenou,Passatge,PIQUER,2,2,,6,,,,,01,2
10-2012-0475,10,SANT MARTI,69,Diagonal Mar i el Front Marítim del Poblenou,Passeig,GARCIA FARIA,1,57,,,,,,,09,2
10-2012-0478,10,SANT MARTI,69,Diagonal Mar i el Front Marítim del Poblenou,Passeig,GARCIA FARIA,1,75,,,,,,A,07,6
10-2012-0492,10,SANT MARTI,69,Diagonal Mar i el Front Marítim del Poblenou,Passeig,GARCIA FARIA,1,75,,,,,,A,02,4
10-2012-0516,10,SANT MARTI,68,el Poblenou,Carrer,TAULAT,1,105,,,,,,,03,1
10-2012-0526,10,SANT MARTI,66,el Parc i la Llacuna del Poblenou,Carrer,MARINA,2,104,,,,,,,7,6
10-2012-0532,10,SANT MARTI,67,la Vila Olímpica del Poblenou,Carrer,SALVADOR ESPRIU,1,77,,,,,,,,
10-2012-0540,10,SANT MARTI,64,el Camp de l'Arpa del Clot,Carrer,INDEPENDENCIA,1,317,,,,,,,5,2
10-2012-0544,10,SANT MARTI,64,el Camp de l'Arpa del Clot,Carrer,INDEPENDENCIA,1,317,,,,,,,6,4
10-2012-0557,10,SANT MARTI,68,el Poblenou,Carrer,BILBAO,1,137,,,,,,,01,1
10-2012-0562,10,SANT MARTI,69,Diagonal Mar i el Front Marítim del Poblenou,Passeig,GARCIA FARIA,1,77,,,,,,,04,1
10-2012-0571,10,SANT MARTI,67,la Vila Olímpica del Poblenou,Carrer,RAMON TURRO,1,89,,,,,,,02,4
10-2012-0574,10,SANT MARTI,68,el Poblenou,Carrer,RAMON TURRO,2,120,,,,,,,01,1
10-2012-0591,10,SANT MARTI,69,Diagonal Mar i el Front Marítim del Poblenou,Passeig,GARCIA FARIA,1,57,,59,,,,,5,3
10-2013-0037,10,SANT MARTI,70,el Besòs i el Maresme,Avinguda,DIAGONAL,2,8,,,,,,,3,1
10-2013-0084,10,SANT MARTI,68,el Poblenou,Carrer,FERROCARRIL,1,27,,,,,,1,03,5
10-2013-0104,10,SANT MARTI,68,el Poblenou,Passeig,CALVELL,1,45,,,,,,A,06,2
10-2013-0109,10,SANT MARTI,68,el Poblenou,Passeig,CALVELL,1,45,,,,,,D,02,2
10-2013-0174,10,SANT MARTI,64,el Camp de l'Arpa del Clot,Carrer,CORSEGA,2,668,,,,,,,04,4
10-2013-0189,10,SANT MARTI,64,el Camp de l'Arpa del Clot,Carrer,VALENCIA,2,564,,,,,,,05,4
10-2013-0190,10,SANT MARTI,68,el Poblenou,Carrer,LLULL,2,248,,,,,,,BJ,IN
10-2013-0216,10,SANT MARTI,68,el Poblenou,Carrer,TANGER,2,148,,,,,,D,05,1
10-2013-0236,10,SANT MARTI,64,el Camp de l'Arpa del Clot,Carrer,INDEPENDENCIA,1,283,,285,,,,D,02,2
10-2013-0246,10,SANT MARTI,67,la Vila Olímpica del Poblenou,Carrer,RAMON TURRO,1,69,,,,,,,02,2
10-2013-0259,10,SANT MARTI,66,el Parc i la Llacuna del Poblenou,Passatge,ALI BEI,1,7,,,,,,,01,1
10-2013-0260,10,SANT MARTI,66,el Parc i la Llacuna del Poblenou,Passatge,ALI BEI,1,7,,,,,,,02,1
10-2013-0302,10,SANT MARTI,68,el Poblenou,Carrer,BILBAO,2,24,,32,,2,,C,01,3
10-2013-0310,10,SANT MARTI,64,el Camp de l'Arpa del Clot,Carrer,INDUSTRIA,1,211,,,,,,,01,1
10-2013-0398,10,SANT MARTI,65,el Clot,Carrer,INDEPENDENCIA,1,257,,,,,,,02,4
10-2013-0428,10,SANT MARTI,68,el Poblenou,Carrer,ESPRONCEDA,2,88,,,,,,,02,1
10-2013-0443,10,SANT MARTI,65,el Clot,Carrer,INDEPENDENCIA,1,257,,259,,,,,01,3
10-2013-0478,10,SANT MARTI,68,el Poblenou,Passeig,CALVELL,1,45,,,,,,D,04,3
10-2013-0486,10,SANT MARTI,66,el Parc i la Llacuna del Poblenou,Carrer,PAMPLONA,1,59,,,,,,,2,1
10-2013-0495,10,SANT MARTI,65,el Clot,Carrer,ARAGO,2,604,,,,,,,EN,3
10-2013-0503,10,SANT MARTI,68,el Poblenou,Carrer,PALLARS,1,171,,,,,,,PR,2
10-2013-0516,10,SANT MARTI,64,el Camp de l'Arpa del Clot,Carrer,CORSEGA,1,703,,,,,,,EN,4
10-2013-0588,10,SANT MARTI,67,la Vila Olímpica del Poblenou,Plaça,TIRANT LO BLANC,2,2,,,,,,,02,2
10-2013-0595,10,SANT MARTI,68,el Poblenou,Carrer,LLACUNA,1,49,,,,,,,03,2
10-2013-0599,10,SANT MARTI,67,la Vila Olímpica del Poblenou,Carrer,SALVADOR ESPRIU,1,33,,,,,,,02,1
10-2013-0601,10,SANT MARTI,68,el Poblenou,Carrer,BADAJOZ,1,63,,,,,,,01,3
10-2013-0613,10,SANT MARTI,69,Diagonal Mar i el Front Marítim del Poblenou,Carrer,PROVENÇALS,1,5,,,,,,,02,2
10-2013-0621,10,SANT MARTI,64,el Camp de l'Arpa del Clot,Carrer,RUIZ DE PADRON,2,42,,,,,,,BJ,1
10-2013-0626,10,SANT MARTI,67,la Vila Olímpica del Poblenou,Carrer,SALVADOR ESPRIU,1,47,,49,,,,,5,2
10-2013-0628,10,SANT MARTI,68,el Poblenou,Passatge,MAS DE RODA,2,26,,,,,,B,01,1
10-2013-0690,10,SANT MARTI,68,el Poblenou,Carrer,BADAJOZ,2,10,,,,,,,2,
10-2013-0692,10,SANT MARTI,68,el Poblenou,Carrer,BADAJOZ,2,10,,,,,,,4,
10-2013-0714,10,SANT MARTI,68,el Poblenou,Carrer,ROC BORONAT,2,48,,,,,,,PR,3
10-2013-0722,10,SANT MARTI,68,el Poblenou,Passeig,CALVELL,1,13,,,,,,,2,2
10-2013-0751,10,SANT MARTI,66,el Parc i la Llacuna del Poblenou,Carrer,MARINA,1,91,,95,,,,D,EN,1
10-2013-0780,10,SANT MARTI,71,Provençals del Poblenou,Avinguda,DIAGONAL,2,162,,,,,,,04,2
10-2013-0819,10,SANT MARTI,64,el Camp de l'Arpa del Clot,Carrer,XIFRE,1,39,,,,,,,BJ,C
10-2013-0830,10,SANT MARTI,64,el Camp de l'Arpa del Clot,Carrer,FINESTRAT,1,15,,,,,,,BJ,
10-2013-0846,10,SANT MARTI,64,el Camp de l'Arpa del Clot,Carrer,INDEPENDENCIA,2,284,,,,,,,BJ,2
10-2014-0010,10,SANT MARTI,68,el Poblenou,Passatge,MAS DE RODA,2,26,,,,,,A,BJ,2
10-2014-0026,10,SANT MARTI,68,el Poblenou,Rambla,POBLENOU,1,27,,,,,,,04,1
10-2014-0064,10,SANT MARTI,66,el Parc i la Llacuna del Poblenou,Carrer,SARDENYA,1,37,,39,,,,,01,2
10-2014-0069,10,SANT MARTI,64,el Camp de l'Arpa del Clot,Carrer,INDEPENDENCIA,2,362,,,,,,,2,2
10-2014-0107,10,SANT MARTI,68,el Poblenou,Passatge,MAS DE RODA,1,5,,9,,,,,BJ,G
10-2014-0123,10,SANT MARTI,64,el Camp de l'Arpa del Clot,Carrer,CONCA,2,4,,,,,,,04,2
10-2014-0216,10,SANT MARTI,64,el Camp de l'Arpa del Clot,Carrer,INDUSTRIA,2,218,,,,,,,03,2
10-2014-0219,10,SANT MARTI,68,el Poblenou,Rambla,POBLENOU,2,86,,,,,,,03,1
10-2014-0220,10,SANT MARTI,65,el Clot,Carrer,SOLER I ROVIROSA,2,14,,,,,,,02,2
10-2014-0242,10,SANT MARTI,68,el Poblenou,Passeig,CALVELL,1,45,,,,,,D,05,2
10-2014-0246,10,SANT MARTI,71,Provençals del Poblenou,Carrer,BAC DE RODA,2,100,,108,,,,1,08,D
10-2014-0256,10,SANT MARTI,69,Diagonal Mar i el Front Marítim del Poblenou,Passeig,TAULAT,2,196,,200,,,,,BJ,1
10-2014-0263,10,SANT MARTI,68,el Poblenou,Carrer,BILBAO,2,98,,,,,,,04,3
10-2014-0264,10,SANT MARTI,66,el Parc i la Llacuna del Poblenou,Carrer,PERE IV,1,121,,,,,,,01,2
10-2014-0303,10,SANT MARTI,64,el Camp de l'Arpa del Clot,Carrer,CORSEGA,2,668,,,,,,,03,4
10-2014-0315,10,SANT MARTI,65,el Clot,Avinguda,MERIDIANA,2,88,,,,,,,01,1
10-2014-0344,10,SANT MARTI,71,Provençals del Poblenou,Avinguda,DIAGONAL,2,160,,,,,,C,02,1
10-2014-0355,10,SANT MARTI,68,el Poblenou,Carrer,ESPRONCEDA,2,38,,,,,,,BJ,3
10-2014-0367,10,SANT MARTI,69,Diagonal Mar i el Front Marítim del Poblenou,Carrer,BAC DE RODA,1,5,,,,,,,05,A
10-2014-0372,10,SANT MARTI,67,la Vila Olímpica del Poblenou,Carrer,DOCTOR TRUETA,1,53,,55,,,,,5,2
10-2014-0389,10,SANT MARTI,68,el Poblenou,Carrer,FERROCARRIL,1,27,,,,,,,2,1
10-2014-0390,10,SANT MARTI,66,el Parc i la Llacuna del Poblenou,Carrer,PERE IV,1,83,,,,,,,5,3
10-2014-0395,10,SANT MARTI,69,Diagonal Mar i el Front Marítim del Poblenou,Passeig,GARCIA FARIA,1,75,,,,,,,24,1
10-2014-0406,10,SANT MARTI,68,el Poblenou,Carrer,TAULAT,1,63,,,,,,,BJ,
10-2014-0408,10,SANT MARTI,67,la Vila Olímpica del Poblenou,Carrer,ARQUITECTE SERT,1,7,,9,,,,,5,2
10-2014-0410,10,SANT MARTI,68,el Poblenou,Carrer,FERROCARRIL,1,27,,,,,,,2,3
10-2014-0419,10,SANT MARTI,68,el Poblenou,Carrer,VIDAL I DE VALENCIANO,1,19,,,,,,,6,3
10-2014-0447,10,SANT MARTI,67,la Vila Olímpica del Poblenou,Avinguda,ICARIA,2,144,,,,,,,2,2
10-2014-0457,10,SANT MARTI,66,el Parc i la Llacuna del Poblenou,Carrer,PERE IV,2,44,,46,,,,,03,3
10-2014-0479,10,SANT MARTI,68,el Poblenou,Carrer,FERROCARRIL,1,27,,,,,,,01,4
10-2014-0481,10,SANT MARTI,66,el Parc i la Llacuna del Poblenou,Carrer,BUENAVENTURA MUÑOZ,2,26,,,,,,,BJ,
10-2014-0497,10,SANT MARTI,68,el Poblenou,Passeig,CALVELL,1,45,,,,,,A,04,1
10-2014-0509,10,SANT MARTI,68,el Poblenou,Rambla,POBLENOU,2,16,,,,,,,04,4
10-2014-0512,10,SANT MARTI,68,el Poblenou,Rambla,POBLENOU,2,16,,,,,,,04,5
10-2014-0530,10,SANT MARTI,64,el Camp de l'Arpa del Clot,Carrer,INDUSTRIA,1,213,,,,,,,3,4
10-2014-0538,10,SANT MARTI,64,el Camp de l'Arpa del Clot,Carrer,INDUSTRIA,1,213,,,,,,,04,4
10-2014-0550,10,SANT MARTI,64,el Camp de l'Arpa del Clot,Carrer,INDUSTRIA,1,213,,,,,,,6,2
10-2014-0551,10,SANT MARTI,68,el Poblenou,Passeig,CALVELL,1,45,,,,,,B,5,2
10-2014-0561,10,SANT MARTI,64,el Camp de l'Arpa del Clot,Carrer,INDUSTRIA,1,213,,,,,,,8,2
10-2014-0571,10,SANT MARTI,68,el Poblenou,Passeig,CALVELL,1,45,,,,,,A,4,2
10-2014-0575,10,SANT MARTI,68,el Poblenou,Passeig,CALVELL,1,45,,,,,,A,04,6
10-2014-0581,10,SANT MARTI,65,el Clot,Rambla,GUIPUSCOA,2,16,,,,,,,03,2
10-2014-0627,10,SANT MARTI,70,el Besòs i el Maresme,Rambla,PRIM,1,19,,,,,,,02,3
10-2014-0716,10,SANT MARTI,70,el Besòs i el Maresme,Carrer,MESSINA,1,1,,,,,,,03,1
10-2014-0718,10,SANT MARTI,70,el Besòs i el Maresme,Carrer,CONSTANTINOBLE,2,6,,,,,,,3,3
10-2014-0737,10,SANT MARTI,70,el Besòs i el Maresme,Rambla,PRIM,1,35,,,,,,,EN,1
10-2014-0942,10,SANT MARTI,72,Sant Martí de Provençals,Carrer,ANDRADE,2,88,,,,,,,03,2
10-2016-0415,10,SANT MARTI,64,el Camp de l'Arpa del Clot,Carrer,PROVENÇA,1,563,,,,,,,1,2
10-2016-0423,10,SANT MARTI,64,el Camp de l'Arpa del Clot,Carrer,PROVENÇA,1,563,,,,,,,4,1
10-2016-0424,10,SANT MARTI,64,el Camp de l'Arpa del Clot,Carrer,PROVENÇA,1,563,,,,,,,4,2
10-2016-0473,10,SANT MARTI,68,el Poblenou,Carrer,LOPE DE VEGA,2,54,,,,,,,PR,2
10-2016-0475,10,SANT MARTI,68,el Poblenou,Carrer,LOPE DE VEGA,2,54,,,,,,,1,2
10-2019-0007,10,SANT MARTI,68,el Poblenou,Carrer,PALLARS,2,164,,,,,,,2,1
10-2019-0014,10,SANT MARTI,68,el Poblenou,Carrer,ESPRONCEDA,1,39,,,,,,,3,1
10-2022-0437,10,SANT MARTI,66,el Parc i la Llacuna del Poblenou,Carrer,AVILA,1,99,,,,,,,1,3
10-2023-0442,10,SANT MARTI,68,el Poblenou,Carrer,BILBAO,1,3,,,,,,,BJ,C
10-2023-0456,10,SANT MARTI,68,el Poblenou,Carrer,BILBAO,1,3,,,,,,,4,2
10-2023-0483,10,SANT MARTI,64,el Camp de l'Arpa del Clot,Carrer,COLL I VEHI,2,16,,,,,,,2,2
10-2023-0490,10,SANT MARTI,64,el Camp de l'Arpa del Clot,Carrer,COLL I VEHI,2,16,,,,,,,3,2
10-2023-0521,10,SANT MARTI,64,el Camp de l'Arpa del Clot,Carrer,ROGENT,1,37,,,,,,,3,
10-2024-0081,10,SANT MARTI,69,Diagonal Mar i el Front Marítim del Poblenou,Passeig,GARCIA FARIA,1,77,,,,,,,4,3
10-2024-0210,10,SANT MARTI,69,Diagonal Mar i el Front Marítim del Poblenou,Passeig,TAULAT,2,128,,,,,,,6,1
01-2011-0160,01,CIUTAT VELLA,01,el Raval,Carrer,JOVELLANOS,1,1,,,,,,,PR,2
01-2012-0203,01,CIUTAT VELLA,04,Sant Pere, Santa Caterina i la Ribera,Carrer,PORTAL NOU,1,35,,,,,,,03,2
01-2012-0567,01,CIUTAT VELLA,03,la Barceloneta,Passeig,JOAN BORBO COMTE BARCELONA,2,50,,,,,,,04,1
01-2012-0578,01,CIUTAT VELLA,01,el Raval,Carrer,SALVADOR,1,1,,,,,,,02,2
01-2012-0595,01,CIUTAT VELLA,02,el Barri Gòtic,Carrer,ESPOLSA-SACS,2,4,,,,,,,EN,1
01-2012-0642,01,CIUTAT VELLA,02,el Barri Gòtic,Carrer,SALOMO BEN ADRET,2,14,,,,,,,EN,2
01-2012-0653,01,CIUTAT VELLA,01,el Raval,Carrer,NOU DE LA RAMBLA,2,10,,,,,,,02,1A
01-2012-0684,01,CIUTAT VELLA,02,el Barri Gòtic,Carrer,DURAN I BAS,1,7,,,,,,,1,1
01-2012-0687,01,CIUTAT VELLA,02,el Barri Gòtic,Carrer,DURAN I BAS,1,7,,,,,,,2,2
01-2013-0109,01,CIUTAT VELLA,02,el Barri Gòtic,Plaça,REIAL,1,3,,,,,,,3,1
01-2013-0213,01,CIUTAT VELLA,01,el Raval,Carrer,GUARDIA,2,8,,,,,,,EN,1
01-2013-0223,01,CIUTAT VELLA,01,el Raval,Carrer,GUARDIA,2,8,,,,,,,PR,2
01-2013-0229,01,CIUTAT VELLA,01,el Raval,Carrer,GUARDIA,2,8,,,,,,,1,2
01-2013-0249,01,CIUTAT VELLA,04,Sant Pere, Santa Caterina i la Ribera,Carrer,ARGENTERIA,2,6,,,,,,,EN,2
01-2013-0301,01,CIUTAT VELLA,04,Sant Pere, Santa Caterina i la Ribera,Carrer,SANT ANTONI DELS SOMBRERERS,2,4,,,,,,,02,1
01-2013-0304,01,CIUTAT VELLA,04,Sant Pere, Santa Caterina i la Ribera,Carrer,SANT ANTONI DELS SOMBRERERS,2,4,,,,,,,02,2
01-2013-0362,01,CIUTAT VELLA,04,Sant Pere, Santa Caterina i la Ribera,Carrer,MONEC,1,25,,,,,,,04,1
01-2013-0411,01,CIUTAT VELLA,02,el Barri Gòtic,Carrer,SERRA,2,8,,,,,,,02,
01-2013-0423,01,CIUTAT VELLA,01,el Raval,Carrer,CARME,2,10,,,,,,,PR,1
01-2013-0442,01,CIUTAT VELLA,02,el Barri Gòtic,Carrer,ESCUDELLERS,2,18,,,,,,,1,
01-2013-0444,01,CIUTAT VELLA,02,el Barri Gòtic,Carrer,ESCUDELLERS,2,18,,,,,,,3,
01-2013-0595,01,CIUTAT VELLA,02,el Barri Gòtic,Carrer,RIPOLL,1,27,,,,,,,3,
01-2013-0621,01,CIUTAT VELLA,01,el Raval,Carrer,UNIO,1,21,,,,,,,02,2
01-2013-0624,01,CIUTAT VELLA,01,el Raval,Carrer,UNIO,1,21,,,,,,,04,1
01-2013-0682,01,CIUTAT VELLA,02,el Barri Gòtic,Carrer,FERRAN,2,2,,,,,,,AT,1
01-2013-0733,01,CIUTAT VELLA,02,el Barri Gòtic,Carrer,RAMBLA,2,36,,,,,,,02,
01-2013-0751,01,CIUTAT VELLA,04,Sant Pere, Santa Caterina i la Ribera,Carrer,MARQUESA,1,9,,,,,,,04,
01-2013-0754,01,CIUTAT VELLA,02,el Barri Gòtic,Carrer,HEURES,2,4,,10,,,,D,04,2
01-2013-0769,01,CIUTAT VELLA,02,el Barri Gòtic,Carrer,FERRAN,2,24,,,,,,,2,
01-2013-0776,01,CIUTAT VELLA,02,el Barri Gòtic,Passatge,MAGAROLA,2,4,,,,,,,EN,1
01-2013-0797,01,CIUTAT VELLA,02,el Barri Gòtic,Carrer,FLOR,1,5,,,,,,,01,1
01-2013-0805,01,CIUTAT VELLA,02,el Barri Gòtic,Carrer,MILANS,1,7,,,,,,,2,2
01-2013-0822,01,CIUTAT VELLA,04,Sant Pere, Santa Caterina i la Ribera,Carrer,ESPARTERIA,1,1,,,,,,,PR,2
01-2013-0837,01,CIUTAT VELLA,01,el Raval,Carrer,NOU DE LA RAMBLA,2,20,,,,,,,01,2
01-2013-0840,01,CIUTAT VELLA,01,el Raval,Carrer,NOU DE LA RAMBLA,2,20,,,,,,,03,2
01-2013-0852,01,CIUTAT VELLA,03,la Barceloneta,Carrer,SANT MIQUEL,1,107,,,,,,,01,2
01-2013-0905,01,CIUTAT VELLA,03,la Barceloneta,Carrer,VINAROS,1,47,,,,,,,BJ,2
01-2013-0908,01,CIUTAT VELLA,02,el Barri Gòtic,Carrer,BOTERS,1,3,,,,,,,PR,
01-2013-0919,01,CIUTAT VELLA,02,el Barri Gòtic,Passeig,COLOM,1,5,,,,,,,05,1
01-2013-0926,01,CIUTAT VELLA,02,el Barri Gòtic,Carrer,CORREU VELL,2,2,,,,,,,03,
01-2013-0950,01,CIUTAT VELLA,02,el Barri Gòtic,Passatge,BACARDI,1,1,,,,,,,01,3
01-2013-0958,01,CIUTAT VELLA,02,el Barri Gòtic,Carrer,SANTA ANNA,1,35,,,,,,,1,
01-2013-0971,01,CIUTAT VELLA,04,Sant Pere, Santa Caterina i la Ribera,Carrer,PESCATERIA,1,1,,,,,,,02,1
01-2013-0977,01,CIUTAT VELLA,04,Sant Pere, Santa Caterina i la Ribera,Carrer,PESCATERIA,1,1,,,,,,,03,3
01-2013-0982,01,CIUTAT VELLA,04,Sant Pere, Santa Caterina i la Ribera,Carrer,REC,2,38,,,,,,,01,
01-2013-1000,01,CIUTAT VELLA,02,el Barri Gòtic,Carrer,SERRA,2,8,,,,,,,03,
01-2013-1020,01,CIUTAT VELLA,01,el Raval,Carrer,NOU DE LA RAMBLA,2,20,,,,,,,EN,2
01-2013-1025,01,CIUTAT VELLA,01,el Raval,Carrer,MONTSERRAT,1,1,,,,,,,02,
01-2013-1028,01,CIUTAT VELLA,02,el Barri Gòtic,Carrer,AMPLE,2,42,,,,,,,PR,B
01-2013-1037,01,CIUTAT VELLA,04,Sant Pere, Santa Caterina i la Ribera,Carrer,JONQUERES,1,13,,,,,,,03,1
01-2014-0038,01,CIUTAT VELLA,01,el Raval,Carrer,HOSPITAL,2,2,,,,,,,PR,1
01-2014-0047,01,CIUTAT VELLA,01,el Raval,Carrer,SANTA MONICA,2,4,,,,,,,02,
01-2014-0107,01,CIUTAT VELLA,01,el Raval,Carrer,TIGRE,2,10,,,,,,,2,2
01-2014-0224,01,CIUTAT VELLA,04,Sant Pere, Santa Caterina i la Ribera,Carrer,SANT PERE MES ALT,1,21,,,,,,,PR,1
01-2014-0227,01,CIUTAT VELLA,04,Sant Pere, Santa Caterina i la Ribera,Carrer,SANT PERE MES ALT,1,21,,,,,,,01,2
01-2014-0236,01,CIUTAT VELLA,02,el Barri Gòtic,Carrer,SERRA,2,8,,,,,,,BJ,
01-2014-0519,01,CIUTAT VELLA,04,Sant Pere, Santa Caterina i la Ribera,Carrer,COMERCIAL,1,15,,,,,,,1,1
01-2015-0110,01,CIUTAT VELLA,04,Sant Pere, Santa Caterina i la Ribera,Carrer,BOU DE SANT PERE,1,15,,,,,,,,
01-2016-0420,01,CIUTAT VELLA,01,el Raval,Carrer,JOAQUIN COSTA,1,53,,,,,,,1,
01-2017-0011,01,CIUTAT VELLA,02,el Barri Gòtic,Carrer,SANT SEVER,2,4,,,,,,,3,1
01-2018-0113,01,CIUTAT VELLA,02,el Barri Gòtic,Carrer,RAMBLA,2,102,,,,,,,1,4
01-2018-0266,01,CIUTAT VELLA,04,Sant Pere, Santa Caterina i la Ribera,Carrer,ARGENTERIA,1,21,,,,,,,1,
01-2018-0446,01,CIUTAT VELLA,01,el Raval,Carrer,MONTSERRAT,1,1,,,,,,,1,
01-2018-0449,01,CIUTAT VELLA,04,Sant Pere, Santa Caterina i la Ribera,Carrer,AGULLERS,2,22,,,,,,,3,
01-2019-0021,01,CIUTAT VELLA,01,el Raval,Carrer,CARME,1,61,,,,,,,3,
01-2019-0352,01,CIUTAT VELLA,01,el Raval,Carrer,SANT PAU,1,41,,,,,,,4,
01-2019-0368,01,CIUTAT VELLA,02,el Barri Gòtic,Carrer,ESCUDELLERS,1,31,,,,,,,1,2
01-2019-0369,01,CIUTAT VELLA,02,el Barri Gòtic,Carrer,PARC,1,1,,,,,,,4,2
01-2020-0030,01,CIUTAT VELLA,03,la Barceloneta,Carrer,BERENGUER MALLOL,1,19,,,,,,,3,
01-2022-0076,01,CIUTAT VELLA,04,Sant Pere, Santa Caterina i la Ribera,Carrer,CARDERS,2,22,,,,,,,,
01-2022-0091,01,CIUTAT VELLA,04,Sant Pere, Santa Caterina i la Ribera,Carrer,CONSELLERS,2,2,,,,,,,2,1
01-2022-0094,01,CIUTAT VELLA,03,la Barceloneta,Carrer,DOCTOR GINE I PARTAGAS,2,8,,10,,,,,5,1
01-2022-0099,01,CIUTAT VELLA,03,la Barceloneta,Carrer,VILA JOIOSA,2,14,,,,,,,3,1
01-2022-0115,01,CIUTAT VELLA,03,la Barceloneta,Carrer,SALAMANCA,2,32,,,,,,,5,3
01-2022-0366,01,CIUTAT VELLA,01,el Raval,Carrer,EST,1,19,,,,,,,1,2
01-2022-0370,01,CIUTAT VELLA,01,el Raval,Carrer,EST,1,19,,,,,,,3,1
01-2023-0016,01,CIUTAT VELLA,01,el Raval,Carrer,RAMBLA,1,89,,,,,,,AT,
01-2023-0167,01,CIUTAT VELLA,01,el Raval,Carrer,SANT PAU,1,47,,,,,,,2,1
01-2023-0168,01,CIUTAT VELLA,01,el Raval,Carrer,SANT PAU,1,47,,,,,,,2,2
01-2023-0173,01,CIUTAT VELLA,01,el Raval,Carrer,SANT PAU,1,47,,,,,,,5,1
01-2023-0517,01,CIUTAT VELLA,01,el Raval,Carrer,GUARDIA,2,2,,,,,,,PR,2
01-2023-0540,01,CIUTAT VELLA,04,Sant Pere, Santa Caterina i la Ribera,Carrer,SANT PERE MITJA,2,4,,,,,,,5,1
01-2023-0550,01,CIUTAT VELLA,04,Sant Pere, Santa Caterina i la Ribera,Carrer,SANT PERE MITJA,2,4,,,,,,,4,1
01-2024-0041,01,CIUTAT VELLA,02,el Barri Gòtic,Carrer,OBRADORS,1,9,,,,,,,4,1
01-2024-0056,01,CIUTAT VELLA,03,la Barceloneta,Carrer,BALUARD,1,1,,,,,,,4,1
01-2024-0146,01,CIUTAT VELLA,03,la Barceloneta,Carrer,VILA JOIOSA,2,22,,,,,,,5,1
01-2024-0162,01,CIUTAT VELLA,03,la Barceloneta,Carrer,ALMIRALL BARCELO,1,3,,,,,,,1,1
01-2024-0164,01,CIUTAT VELLA,02,el Barri Gòtic,Carrer,AMPLE,2,22,,,,,,,PR,2
01-2024-0175,01,CIUTAT VELLA,03,la Barceloneta,Carrer,ALMIRALL BARCELO,1,3,,,,,,,BJ,2
02-2008-0366,02,L'EIXAMPLE,07,la Dreta de l'Eixample,Carrer,BRUC,1,65,,,,,,,04,1
02-2008-0422,02,L'EIXAMPLE,07,la Dreta de l'Eixample,Carrer,VALENCIA,2,366,,,,,,,03,1
02-2008-0535,02,L'EIXAMPLE,06,la Sagrada Família,Avinguda,DIAGONAL,2,320,B,,,,,,04,2
02-2008-0554,02,L'EIXAMPLE,05,el Fort Pienc,Carrer,AUSIAS MARC,1,95,,,,,,,03,2
02-2008-0555,02,L'EIXAMPLE,05,el Fort Pienc,Carrer,AUSIAS MARC,1,95,,,,,,,04,1
02-2008-0557,02,L'EIXAMPLE,05,el Fort Pienc,Carrer,AUSIAS MARC,1,95,,,,,,,04,2
02-2008-0559,02,L'EIXAMPLE,05,el Fort Pienc,Carrer,AUSIAS MARC,1,95,,,,,,,05,1
02-2008-0563,02,L'EIXAMPLE,08,l'Antiga Esquerra de l'Eixample,Carrer,CONSELL DE CENT,1,283,,,,,,,PR,2
02-2008-0720,02,L'EIXAMPLE,07,la Dreta de l'Eixample,Gran Via,CORTS CATALANES,2,662,,,,,,,4,2B
02-2008-0741,02,L'EIXAMPLE,06,la Sagrada Família,Carrer,PROVENÇA,1,419,,,,,,,01,1
02-2008-0798,02,L'EIXAMPLE,07,la Dreta de l'Eixample,Passeig,SANT JOAN,2,66,,,,,,,03,2
02-2008-0850,02,L'EIXAMPLE,07,la Dreta de l'Eixample,Ronda,SANT PERE,1,29,,,,,,,03,2A
02-2008-0920,02,L'EIXAMPLE,07,la Dreta de l'Eixample,Carrer,GIRONA,1,97,,,,,,,03,2
02-2008-0965,02,L'EIXAMPLE,07,la Dreta de l'Eixample,Passeig,GRACIA,1,23,,,,,,B,1,2
02-2008-1037,02,L'EIXAMPLE,06,la Sagrada Família,Carrer,MARINA,2,306,,,,,,C,02,2
02-2008-1045,02,L'EIXAMPLE,06,la Sagrada Família,Carrer,MARINA,2,306,,,,,,C,04,2
02-2009-0007,02,L'EIXAMPLE,09,la Nova Esquerra de l'Eixample,Carrer,ENTENÇA,2,98,,,,,,,01,3
02-2009-0010,02,L'EIXAMPLE,09,la Nova Esquerra de l'Eixample,Carrer,ENTENÇA,2,98,,,,,,,03,1
02-2009-0011,02,L'EIXAMPLE,09,la Nova Esquerra de l'Eixample,Carrer,ENTENÇA,2,98,,,,,,,03,2
02-2009-0013,02,L'EIXAMPLE,09,la Nova Esquerra de l'Eixample,Carrer,ENTENÇA,2,98,,,,,,,04,3
02-2009-0023,02,L'EIXAMPLE,05,el Fort Pienc,Avinguda,DIAGONAL,1,243,,,,,,,BJ,3
02-2009-0028,02,L'EIXAMPLE,08,l'Antiga Esquerra de l'Eixample,Plaça,DOCTOR LETAMENDI,2,26,,,,,,,PR,2
02-2009-0256,02,L'EIXAMPLE,07,la Dreta de l'Eixample,Carrer,PAU CLARIS,2,74,,,,,,,05,2
02-2009-0310,02,L'EIXAMPLE,07,la Dreta de l'Eixample,Carrer,PELAI,1,11,,,,,,,2,4
02-2009-0315,02,L'EIXAMPLE,07,la Dreta de l'Eixample,Carrer,PELAI,1,11,,,,,,,3,3
02-2009-0354,02,L'EIXAMPLE,08,l'Antiga Esquerra de l'Eixample,Gran Via,CORTS CATALANES,1,561,,,,,,D,PR,A
02-2009-0426,02,L'EIXAMPLE,06,la Sagrada Família,Carrer,ARAGO,1,469,,473,,,,,01,5
02-2009-0540,02,L'EIXAMPLE,05,el Fort Pienc,Carrer,SARDENYA,1,195,,,,,,,02,6
02-2009-0653,02,L'EIXAMPLE,07,la Dreta de l'Eixample,Passeig,GRACIA,1,83,,,,,,,04,1
02-2009-0681,02,L'EIXAMPLE,07,la Dreta de l'Eixample,Passeig,SANT JOAN,2,60,,,,,,,01,2
02-2009-0751,02,L'EIXAMPLE,08,l'Antiga Esquerra de l'Eixample,Carrer,VILLARROEL,1,163,,,,,,,05,2
02-2009-0754,02,L'EIXAMPLE,08,l'Antiga Esquerra de l'Eixample,Carrer,VILLARROEL,1,163,,,,,,,07,1
02-2009-0773,02,L'EIXAMPLE,07,la Dreta de l'Eixample,Carrer,ALI BEI,1,29,,,,,,,01,2
02-2009-0860,02,L'EIXAMPLE,09,la Nova Esquerra de l'Eixample,Carrer,ENTENÇA,2,140,B,,,,,,4,1
02-2009-0938,02,L'EIXAMPLE,07,la Dreta de l'Eixample,Passeig,GRACIA,1,83,,,,,,,03,6
02-2009-0962,02,L'EIXAMPLE,10,Sant Antoni,Carrer,FLORIDABLANCA,2,24,,,,,,,EN,
02-2009-0970,02,L'EIXAMPLE,07,la Dreta de l'Eixample,Carrer,CASP,2,74,,,,,,,02,2
02-2009-0977,02,L'EIXAMPLE,06,la Sagrada Família,Carrer,PROVENÇA,1,469,,,,,,,EN,1
02-2009-1006,02,L'EIXAMPLE,07,la Dreta de l'Eixample,Carrer,DIPUTACIO,1,335,,,,,,,2,1
02-2009-1052,02,L'EIXAMPLE,06,la Sagrada Família,Carrer,INDUSTRIA,1,165,,,,,,,PR,2
02-2009-1077,02,L'EIXAMPLE,05,el Fort Pienc,Carrer,MARINA,2,142,,,,,,,EN,3
02-2009-1078,02,L'EIXAMPLE,10,Sant Antoni,Gran Via,CORTS CATALANES,2,448,,,,,,,EN,2
02-2009-1098,02,L'EIXAMPLE,06,la Sagrada Família,Carrer,INDUSTRIA,1,165,,,,,,,03,3
02-2009-1130,02,L'EIXAMPLE,06,la Sagrada Família,Avinguda,GAUDI,2,14,,,,,,,03,1
02-2009-1133,02,L'EIXAMPLE,09,la Nova Esquerra de l'Eixample,Carrer,ROCAFORT,1,113,,,,,,,02,1
02-2009-1137,02,L'EIXAMPLE,08,l'Antiga Esquerra de l'Eixample,Carrer,VALENCIA,1,115,,,,,,,02,2
02-2009-1138,02,L'EIXAMPLE,08,l'Antiga Esquerra de l'Eixample,Carrer,VALENCIA,1,115,,,,,,,03,1
02-2009-1153,02,L'EIXAMPLE,06,la Sagrada Família,Carrer,INDUSTRIA,1,165,,,,,,,04,2
02-2009-1154,02,L'EIXAMPLE,06,la Sagrada Família,Carrer,INDUSTRIA,1,165,,,,,,,03,2
02-2009-1191,02,L'EIXAMPLE,10,Sant Antoni,Carrer,VILADOMAT,2,70,,,,,,,4,2
02-2009-1200,02,L'EIXAMPLE,07,la Dreta de l'Eixample,Gran Via,CORTS CATALANES,2,602,,,,,,,03,
02-2009-1204,02,L'EIXAMPLE,08,l'Antiga Esquerra de l'Eixample,Carrer,VALENCIA,1,115,,,,,,,01,2
02-2009-1245,02,L'EIXAMPLE,07,la Dreta de l'Eixample,Passeig,GRACIA,1,83,,,,,,,PR,2
02-2009-1250,02,L'EIXAMPLE,07,la Dreta de l'Eixample,Passeig,GRACIA,1,83,,,,,,,03,3
02-2010-0034,02,L'EIXAMPLE,07,la Dreta de l'Eixample,Ronda,SANT PERE,1,3,,,,,,,01,3
02-2010-0565,02,L'EIXAMPLE,10,Sant Antoni,Carrer,ROCAFORT,2,46,,,,,,,1,1
02-2010-0623,02,L'EIXAMPLE,08,l'Antiga Esquerra de l'Eixample,Carrer,CONSELL DE CENT,1,221,,,,,,D,02,2
02-2010-0714,02,L'EIXAMPLE,10,Sant Antoni,Carrer,SEPULVEDA,1,125,,,,,,,01,1
02-2010-0720,02,L'EIXAMPLE,10,Sant Antoni,Carrer,SEPULVEDA,1,125,,,,,,,03,2B
02-2010-0728,02,L'EIXAMPLE,06,la Sagrada Família,Carrer,VALENCIA,1,423,,,,,,,PR,1
02-2010-0731,02,L'EIXAMPLE,06,la Sagrada Família,Carrer,VALENCIA,1,423,,,,,,,01,1
02-2010-0739,02,L'EIXAMPLE,06,la Sagrada Família,Carrer,VALENCIA,1,423,,,,,,,03,2
02-2010-0803,02,L'EIXAMPLE,08,l'Antiga Esquerra de l'Eixample,Carrer,VALENCIA,2,168,,170,,,,,02,2
02-2010-0813,02,L'EIXAMPLE,07,la Dreta de l'Eixample,Carrer,ARAGO,2,252,,,,,,,03,2
02-2010-0892,02,L'EIXAMPLE,05,el Fort Pienc,Carrer,SICILIA,1,159,,,,,,,04,3
02-2010-0896,02,L'EIXAMPLE,07,la Dreta de l'Eixample,Carrer,VALENCIA,1,347,,,,,,,02,4
02-2010-0918,02,L'EIXAMPLE,07,la Dreta de l'Eixample,Passeig,GRACIA,1,69,,,,,,,01,A
02-2010-0935,02,L'EIXAMPLE,07,la Dreta de l'Eixample,Passeig,GRACIA,1,69,,,,,,,02,B
02-2010-0939,02,L'EIXAMPLE,07,la Dreta de l'Eixample,Passeig,GRACIA,1,69,,,,,,,02,D
02-2010-0945,02,L'EIXAMPLE,07,la Dreta de l'Eixample,Passeig,GRACIA,1,69,,,,,,,07,A
02-2010-0982,02,L'EIXAMPLE,07,la Dreta de l'Eixample,Avinguda,DIAGONAL,1,345,,,,,,,PR,
02-2010-1018,02,L'EIXAMPLE,06,la Sagrada Família,Carrer,SICILIA,1,255,,,,,,,04,1
02-2010-1206,02,L'EIXAMPLE,06,la Sagrada Família,Carrer,VALENCIA,1,469,,,,,,,04,2
02-2010-1212,02,L'EIXAMPLE,06,la Sagrada Família,Carrer,VALENCIA,1,469,,,,,,,05,3
02-2010-1267,02,L'EIXAMPLE,07,la Dreta de l'Eixample,Carrer,ARAGO,1,367,,,,,,,2,2
02-2010-1297,02,L'EIXAMPLE,10,Sant Antoni,Carrer,TAMARIT,1,89,,,,,,,4,1
02-2010-1319,02,L'EIXAMPLE,07,la Dreta de l'Eixample,Passeig,GRACIA,2,64,,,,,,,PR,2
02-2010-1324,02,L'EIXAMPLE,07,la Dreta de l'Eixample,Passeig,GRACIA,2,64,,,,,,,3,4
02-2010-1326,02,L'EIXAMPLE,07,la Dreta de l'Eixample,Passeig,GRACIA,2,64,,,,,,,1,2
02-2010-1358,02,L'EIXAMPLE,07,la Dreta de l'Eixample,Ronda,SANT PERE,1,3,,,,,,,02,3
02-2010-1406,02,L'EIXAMPLE,08,l'Antiga Esquerra de l'Eixample,Carrer,ARAGO,1,155,,,,,,,3,C
02-2011-0005,02,L'EIXAMPLE,10,Sant Antoni,Carrer,VILADOMAT,1,107,,,,,,,02,2
02-2011-0109,02,L'EIXAMPLE,05,el Fort Pienc,Carrer,ROGER DE FLOR,1,69,,71,,,,,SA,3
02-2011-0120,02,L'EIXAMPLE,09,la Nova Esquerra de l'Eixample,Carrer,ENTENÇA,2,140,B,,,,,,PR,1
02-2011-0238,02,L'EIXAMPLE,08,l'Antiga Esquerra de l'Eixample,Carrer,ARIBAU,1,25,,,,,,,03,1
02-2011-0294,02,L'EIXAMPLE,10,Sant Antoni,Gran Via,CORTS CATALANES,2,454,,,,,,,3,3
02-2011-0298,02,L'EIXAMPLE,10,Sant Antoni,Gran Via,CORTS CATALANES,2,454,,,,,,,4,3
02-2011-0427,02,L'EIXAMPLE,07,la Dreta de l'Eixample,Carrer,MALLORCA,2,362,,,,,,,02,2
02-2011-0430,02,L'EIXAMPLE,07,la Dreta de l'Eixample,Carrer,MALLORCA,2,362,,,,,,,04,1
02-2011-0490,02,L'EIXAMPLE,07,la Dreta de l'Eixample,Ronda,UNIVERSITAT,1,11,,,,,,,02,1B
02-2011-0544,02,L'EIXAMPLE,07,la Dreta de l'Eixample,Carrer,GIRONA,2,110,,,,,,,01,1
02-2011-0545,02,L'EIXAMPLE,07,la Dreta de l'Eixample,Carrer,GIRONA,2,110,,,,,,,01,2
02-2011-0549,02,L'EIXAMPLE,07,la Dreta de l'Eixample,Carrer,GIRONA,2,110,,,,,,,02,3
02-2011-0564,02,L'EIXAMPLE,05,el Fort Pienc,Carrer,SARDENYA,1,199,,,,,,,PR,1
02-2011-0712,02,L'EIXAMPLE,10,Sant Antoni,Avinguda,PARAL.LEL,2,136,,,,,,,EN,4
02-2011-0765,02,L'EIXAMPLE,09,la Nova Esquerra de l'Eixample,Carrer,CALABRIA,2,216,,218,,,,D,EN,5
02-2011-0850,02,L'EIXAMPLE,10,Sant Antoni,Avinguda,PARAL.LEL,2,106,,,,,,,AT,2
02-2011-0884,02,L'EIXAMPLE,07,la Dreta de l'Eixample,Rambla,CATALUNYA,2,98,B,,,,,,02,3
02-2011-0893,02,L'EIXAMPLE,10,Sant Antoni,Carrer,COMTE BORRELL,1,73,,,,,,A,02,1
02-2011-0908,02,L'EIXAMPLE,07,la Dreta de l'Eixample,Carrer,VALENCIA,1,329,,,,,,,EN,2
02-2011-1000,02,L'EIXAMPLE,10,Sant Antoni,Carrer,VILLARROEL,2,28,,,,,,D,4,3
02-2011-1097,02,L'EIXAMPLE,06,la Sagrada Família,Avinguda,GAUDI,2,26,,28,,,,A,02,3
02-2011-1174,02,L'EIXAMPLE,07,la Dreta de l'Eixample,Carrer,VALENCIA,2,358,,,,,,I,02,1
02-2011-1221,02,L'EIXAMPLE,08,l'Antiga Esquerra de l'Eixample,Carrer,PROVENÇA,2,232,,,,,,,03,1
02-2011-1266,02,L'EIXAMPLE,07,la Dreta de l'Eixample,Carrer,AUSIAS MARC,2,20,,,,,,,04,1
02-2011-1307,02,L'EIXAMPLE,07,la Dreta de l'Eixample,Carrer,ROGER DE LLURIA,2,40,,,,,,,02,1
02-2011-1309,02,L'EIXAMPLE,08,l'Antiga Esquerra de l'Eixample,Gran Via,CORTS CATALANES,1,561,,,,,,D,EN,
02-2011-1341,02,L'EIXAMPLE,06,la Sagrada Família,Avinguda,GAUDI,2,28,,28,,,,,PR,3
02-2011-1383,02,L'EIXAMPLE,07,la Dreta de l'Eixample,Carrer,CONSELL DE CENT,2,324,,,,,,,01,2
02-2012-0016,02,L'EIXAMPLE,06,la Sagrada Família,Carrer,VALENCIA,2,544,,,,,,,06,3
02-2012-0121,02,L'EIXAMPLE,09,la Nova Esquerra de l'Eixample,Carrer,ARAGO,2,58,,,,,,,05,1
02-2012-0151,02,L'EIXAMPLE,09,la Nova Esquerra de l'Eixample,Gran Via,CORTS CATALANES,1,415,,,,,,A,6,3
02-2012-0185,02,L'EIXAMPLE,07,la Dreta de l'Eixample,Ronda,UNIVERSITAT,2,10,,,,,,,03,2
02-2012-0195,02,L'EIXAMPLE,08,l'Antiga Esquerra de l'Eixample,Avinguda,ROMA,2,138,,,,,,,1,B
02-2012-0197,02,L'EIXAMPLE,08,l'Antiga Esquerra de l'Eixample,Avinguda,ROMA,2,138,,,,,,,2,B
02-2012-0199,02,L'EIXAMPLE,08,l'Antiga Esquerra de l'Eixample,Avinguda,ROMA,2,138,,,,,,,3,B
02-2012-0247,02,L'EIXAMPLE,10,Sant Antoni,Carrer,LLANÇA,1,9,,,,,,,AT,3
02-2012-0258,02,L'EIXAMPLE,06,la Sagrada Família,Carrer,VALENCIA,1,437,,,,,,,03,2
02-2012-0302,02,L'EIXAMPLE,09,la Nova Esquerra de l'Eixample,Carrer,ENTENÇA,2,140,,,,,,,3,1
02-2012-0323,02,L'EIXAMPLE,06,la Sagrada Família,Carrer,ROSSELLO,2,446,,,,,,,SA,1
02-2012-0344,02,L'EIXAMPLE,05,el Fort Pienc,Gran Via,CORTS CATALANES,1,751,E,,,,,,04,2
02-2012-0366,02,L'EIXAMPLE,06,la Sagrada Família,Carrer,VALENCIA,2,404,,,,,,,05,1
02-2012-0445,02,L'EIXAMPLE,08,l'Antiga Esquerra de l'Eixample,Carrer,VALENCIA,1,127,,,,,,,05,2
02-2012-0457,02,L'EIXAMPLE,06,la Sagrada Família,Carrer,ROSSELLO,2,380,,382,,,,,02,1
02-2012-0476,02,L'EIXAMPLE,06,la Sagrada Família,Carrer,ROSSELLO,2,380,,382,,,,,05,2
02-2012-0515,02,L'EIXAMPLE,10,Sant Antoni,Carrer,COMTE D'URGELL,2,62,,,,,,,PR,2
02-2012-0575,02,L'EIXAMPLE,09,la Nova Esquerra de l'Eixample,Carrer,ARAGO,1,63,,,,,,,04,2
02-2012-0608,02,L'EIXAMPLE,06,la Sagrada Família,Carrer,ENAMORATS,2,76,,,,,,,5,3
02-2012-0638,02,L'EIXAMPLE,06,la Sagrada Família,Carrer,MARINA,2,240,,,,,,,01,6
02-2012-0658,02,L'EIXAMPLE,08,l'Antiga Esquerra de l'Eixample,Carrer,CASANOVA,2,136,,138,,,,A,3,2
02-2012-0659,02,L'EIXAMPLE,06,la Sagrada Família,Carrer,SICILIA,2,322,,,,,,,02,1
02-2012-0662,02,L'EIXAMPLE,06,la Sagrada Família,Carrer,SICILIA,2,322,,,,,,,03,2
02-2012-0670,02,L'EIXAMPLE,05,el Fort Pienc,Carrer,SARDENYA,2,160,,,,,,,04,3
02-2012-0708,02,L'EIXAMPLE,10,Sant Antoni,Carrer,PARLAMENT,2,50,,,,,,,EN,1
02-2012-0711,02,L'EIXAMPLE,10,Sant Antoni,Ronda,SANT PAU,1,1,,,,,,,03,2
02-2012-0714,02,L'EIXAMPLE,10,Sant Antoni,Ronda,SANT PAU,1,1,,,,,,,04,1
02-2012-0721,02,L'EIXAMPLE,08,l'Antiga Esquerra de l'Eixample,Carrer,CONSELL DE CENT,1,203,,,,,,,01,3
02-2012-0722,02,L'EIXAMPLE,08,l'Antiga Esquerra de l'Eixample,Carrer,CONSELL DE CENT,1,203,,,,,,,01,2
02-2012-0728,02,L'EIXAMPLE,08,l'Antiga Esquerra de l'Eixample,Carrer,CONSELL DE CENT,1,203,,,,,,,04,1
02-2012-0730,02,L'EIXAMPLE,08,l'Antiga Esquerra de l'Eixample,Carrer,CONSELL DE CENT,1,203,,,,,,,04,2
02-2012-0741,02,L'EIXAMPLE,09,la Nova Esquerra de l'Eixample,Carrer,ARAGO,1,95,,,,,,,AT,2
02-2012-0748,02,L'EIXAMPLE,08,l'Antiga Esquerra de l'Eixample,Carrer,CONSELL DE CENT,2,200,,,,,,,03,2
02-2012-0763,02,L'EIXAMPLE,07,la Dreta de l'Eixample,Carrer,BRUC,1,55,,,,,,,PR,2
02-2012-0764,02,L'EIXAMPLE,07,la Dreta de l'Eixample,Carrer,BRUC,1,55,,,,,,A,03,2
02-2012-0770,02,L'EIXAMPLE,09,la Nova Esquerra de l'Eixample,Carrer,ENTENÇA,2,132,,,,,,,3,1
02-2012-0773,02,L'EIXAMPLE,09,la Nova Esquerra de l'Eixample,Carrer,ROCAFORT,1,251,,,,,,,AT,4
02-2012-0781,02,L'EIXAMPLE,07,la Dreta de l'Eixample,Carrer,ROGER DE FLOR,2,148,,,,,,A,04,2
02-2012-0801,02,L'EIXAMPLE,07,la Dreta de l'Eixample,Carrer,BAILEN,1,125,,,,,,,PR,4
02-2012-0831,02,L'EIXAMPLE,07,la Dreta de l'Eixample,Carrer,BRUC,1,55,,,,,,,PR,1A
02-2012-0843,02,L'EIXAMPLE,09,la Nova Esquerra de l'Eixample,Carrer,CALABRIA,2,130,,,,,,,03,1
02-2012-0844,02,L'EIXAMPLE,07,la Dreta de l'Eixample,Ronda,SANT PERE,1,27,,,,,,,3,2
02-2012-0852,02,L'EIXAMPLE,08,l'Antiga Esquerra de l'Eixample,Carrer,LONDRES,1,77,,,,,,,EN,
02-2012-0857,02,L'EIXAMPLE,06,la Sagrada Família,Carrer,PROVENÇA,1,529,,,,,,,AT,2
02-2012-0872,02,L'EIXAMPLE,05,el Fort Pienc,Carrer,ROGER DE FLOR,2,70,,,,,,,03,
02-2012-0905,02,L'EIXAMPLE,10,Sant Antoni,Carrer,CALABRIA,1,69,,,,,,,AT,1
02-2012-0930,02,L'EIXAMPLE,06,la Sagrada Família,Carrer,MARINA,1,223,,,,,,,05,4
02-2012-0936,02,L'EIXAMPLE,06,la Sagrada Família,Avinguda,DIAGONAL,2,318,,,,,,,04,1
02-2012-0971,02,L'EIXAMPLE,10,Sant Antoni,Carrer,COMTE BORRELL,2,98,,,,,,,PR,2
02-2012-0997,02,L'EIXAMPLE,05,el Fort Pienc,Carrer,SICILIA,1,109,,,,,,,1,C
02-2012-1003,02,L'EIXAMPLE,05,el Fort Pienc,Carrer,SICILIA,1,109,,,,,,,3,C
02-2012-1031,02,L'EIXAMPLE,09,la Nova Esquerra de l'Eixample,Carrer,CALABRIA,2,218,,,,,,,EN,2
02-2012-1092,02,L'EIXAMPLE,06,la Sagrada Família,Avinguda,GAUDI,2,8,,,,,,,03,2
02-2012-1094,02,L'EIXAMPLE,07,la Dreta de l'Eixample,Carrer,PAU CLARIS,2,178,,,,,,,02,1A
02-2012-1099,02,L'EIXAMPLE,07,la Dreta de l'Eixample,Passeig,GRACIA,2,44,,,,,,,7,B
02-2012-1113,02,L'EIXAMPLE,07,la Dreta de l'Eixample,Carrer,VALENCIA,2,290,,,,,,,01,2
02-2012-1118,02,L'EIXAMPLE,07,la Dreta de l'Eixample,Carrer,VALENCIA,2,290,,,,,,,BJ,1
02-2012-1133,02,L'EIXAMPLE,07,la Dreta de l'Eixample,Carrer,VALENCIA,2,290,,,,,,,04,1
02-2012-1143,02,L'EIXAMPLE,08,l'Antiga Esquerra de l'Eixample,Carrer,CONSELL DE CENT,1,207,,,,,,,01,2
02-2012-1154,02,L'EIXAMPLE,07,la Dreta de l'Eixample,Passeig,GRACIA,2,64,,,,,,,2,3
02-2012-1195,02,L'EIXAMPLE,10,Sant Antoni,Carrer,TAMARIT,1,185,,,,,,,1,D
02-2012-1199,02,L'EIXAMPLE,09,la Nova Esquerra de l'Eixample,Carrer,TARRAGONA,2,96,,,,,,,EN,4
02-2012-1210,02,L'EIXAMPLE,07,la Dreta de l'Eixample,Carrer,BRUC,1,25,,,,,,,02,1
02-2012-1212,02,L'EIXAMPLE,07,la Dreta de l'Eixample,Carrer,ROSSELLO,2,266,,,,,,,PR,1
02-2012-1221,02,L'EIXAMPLE,07,la Dreta de l'Eixample,Carrer,VALENCIA,1,365,,,,,,,3,2
02-2012-1233,02,L'EIXAMPLE,07,la Dreta de l'Eixample,Carrer,CORSEGA,1,293,,,,,,,06,3
02-2012-1235,02,L'EIXAMPLE,08,l'Antiga Esquerra de l'Eixample,Carrer,LONDRES,2,90,,,,,,,PR,1
02-2012-1258,02,L'EIXAMPLE,06,la Sagrada Família,Carrer,MARINA,1,245,,,,,,,EN,3
02-2012-1277,02,L'EIXAMPLE,07,la Dreta de l'Eixample,Carrer,BAILEN,1,125,,,,,,,PR,3
02-2012-1295,02,L'EIXAMPLE,07,la Dreta de l'Eixample,Carrer,GIRONA,2,80,,,,,,,5,1
02-2012-1306,02,L'EIXAMPLE,07,la Dreta de l'Eixample,Carrer,GIRONA,2,80,,,,,,,1,2
02-2012-1325,02,L'EIXAMPLE,07,la Dreta de l'Eixample,Ronda,UNIVERSITAT,1,35,,,,,,,02,3
02-2012-1372,02,L'EIXAMPLE,06,la Sagrada Família,Carrer,INDUSTRIA,1,105,,,,,,,05,3
02-2012-1380,02,L'EIXAMPLE,07,la Dreta de l'Eixample,Carrer,ROGER DE LLURIA,2,40,,,,,,,02,2
02-2012-1383,02,L'EIXAMPLE,07,la Dreta de l'Eixample,Ronda,UNIVERSITAT,1,11,,,,,,,PR,1
02-2012-1390,02,L'EIXAMPLE,07,la Dreta de l'Eixample,Carrer,ARAGO,2,312,,,,,,,7,1
02-2012-1395,02,L'EIXAMPLE,07,la Dreta de l'Eixample,Carrer,ROGER DE FLOR,2,228,,,,,,,05,2
02-2012-1401,02,L'EIXAMPLE,10,Sant Antoni,Carrer,VILADOMAT,1,11,,,,,,,04,1
02-2012-1403,02,L'EIXAMPLE,08,l'Antiga Esquerra de l'Eixample,Carrer,VALENCIA,1,183,,,,,,,EN,1
02-2012-1418,02,L'EIXAMPLE,07,la Dreta de l'Eixample,Carrer,CONSELL DE CENT,1,389,,,,,,,04,1
02-2012-1427,02,L'EIXAMPLE,08,l'Antiga Esquerra de l'Eixample,Carrer,ARAGO,2,130,,,,,,,04,2
02-2012-1441,02,L'EIXAMPLE,08,l'Antiga Esquerra de l'Eixample,Carrer,ARIBAU,1,47,,,,,,,AT,1
02-2012-1465,02,L'EIXAMPLE,07,la Dreta de l'Eixample,Carrer,PAU CLARIS,2,76,,,,,,,1,3
02-2012-1471,02,L'EIXAMPLE,10,Sant Antoni,Carrer,FLORIDABLANCA,2,128,,,,,,,03,1
02-2012-1500,02,L'EIXAMPLE,07,la Dreta de l'Eixample,Carrer,ROSSELLO,2,202,,,,,,,PR,1
02-2012-1504,02,L'EIXAMPLE,08,l'Antiga Esquerra de l'Eixample,Carrer,COMTE D'URGELL,2,106,,,,,,,03,
02-2012-1518,02,L'EIXAMPLE,09,la Nova Esquerra de l'Eixample,Carrer,CALABRIA,2,102,,,,,,,PR,
02-2012-1520,02,L'EIXAMPLE,10,Sant Antoni,Gran Via,CORTS CATALANES,2,460,,,,,,,04,1A
02-2012-1521,02,L'EIXAMPLE,10,Sant Antoni,Gran Via,CORTS CATALANES,2,460,,,,,,,05,1A
02-2012-1523,02,L'EIXAMPLE,06,la Sagrada Família,Carrer,DOS DE MAIG,1,225,,,,,,,01,2
02-2012-1524,02,L'EIXAMPLE,07,la Dreta de l'Eixample,Carrer,ARAGO,2,312,,,,,,,1,1
02-2012-1538,02,L'EIXAMPLE,10,Sant Antoni,Carrer,MANSO,2,58,,,,,,,04,2
02-2012-1542,02,L'EIXAMPLE,10,Sant Antoni,Carrer,MANSO,2,58,,,,,,,05,1
02-2012-1556,02,L'EIXAMPLE,07,la Dreta de l'Eixample,Carrer,ARAGO,2,312,,,,,,,4,1
02-2012-1558,02,L'EIXAMPLE,07,la Dreta de l'Eixample,Carrer,ARAGO,2,312,,,,,,,4,2
02-2012-1589,02,L'EIXAMPLE,07,la Dreta de l'Eixample,Carrer,ARAGO,2,312,,,,,,,8,1
02-2012-1594,02,L'EIXAMPLE,06,la Sagrada Família,Carrer,PROVENÇA,1,443,,,,,,,01,1
02-2012-1597,02,L'EIXAMPLE,05,el Fort Pienc,Carrer,NAPOLS,2,94,,,,,,,03,2
02-2012-1643,02,L'EIXAMPLE,07,la Dreta de l'Eixample,Passeig,SANT JOAN,1,3,,,,,,,02,2A
02-2012-1674,02,L'EIXAMPLE,06,la Sagrada Família,Carrer,DOS DE MAIG,1,225,,,,,,,02,3
02-2012-1715,02,L'EIXAMPLE,07,la Dreta de l'Eixample,Rambla,CATALUNYA,2,42,,,,,,,AT,2B
02-2012-1721,02,L'EIXAMPLE,08,l'Antiga Esquerra de l'Eixample,Carrer,CASANOVA,2,96,,,,,,,AT,1
02-2012-1746,02,L'EIXAMPLE,08,l'Antiga Esquerra de l'Eixample,Carrer,CASANOVA,2,96,,,,,,,2,2
02-2012-1780,02,L'EIXAMPLE,06,la Sagrada Família,Carrer,CASTILLEJOS,1,251,,,,,,,PR,4
02-2012-1784,02,L'EIXAMPLE,07,la Dreta de l'Eixample,Ronda,UNIVERSITAT,1,35,,,,,,,3,2
02-2012-1785,02,L'EIXAMPLE,08,l'Antiga Esquerra de l'Eixample,Carrer,BALMES,1,119,,,,,,,PR,3
02-2012-1794,02,L'EIXAMPLE,08,l'Antiga Esquerra de l'Eixample,Carrer,PROVENÇA,1,211,,,,,,,PR,2
02-2012-1807,02,L'EIXAMPLE,08,l'Antiga Esquerra de l'Eixample,Carrer,BALMES,1,119,,,,,,,3,1
02-2012-1825,02,L'EIXAMPLE,07,la Dreta de l'Eixample,Carrer,DIPUTACIO,2,268,,,,,,,2,1
02-2012-1838,02,L'EIXAMPLE,07,la Dreta de l'Eixample,Carrer,NAPOLS,1,229,,,,,,,03,3
02-2012-1839,02,L'EIXAMPLE,07,la Dreta de l'Eixample,Carrer,PELAI,1,9,,,,,,,03,1
02-2012-1847,02,L'EIXAMPLE,06,la Sagrada Família,Avinguda,GAUDI,2,14,,,,,,,01,1
02-2012-1852,02,L'EIXAMPLE,06,la Sagrada Família,Avinguda,GAUDI,2,14,,,,,,,02,2
02-2012-1870,02,L'EIXAMPLE,07,la Dreta de l'Eixample,Carrer,PELAI,1,5,,,,,,,AT,
02-2012-1877,02,L'EIXAMPLE,09,la Nova Esquerra de l'Eixample,Carrer,COMTE D'URGELL,1,91,,,,,,,01,2
02-2012-1893,02,L'EIXAMPLE,07,la Dreta de l'Eixample,Carrer,CONSELL DE CENT,1,343,,,,,,,01,2B
02-2012-1897,02,L'EIXAMPLE,09,la Nova Esquerra de l'Eixample,Carrer,CALABRIA,2,142,,,,,,,AT,2
02-2012-1900,02,L'EIXAMPLE,07,la Dreta de l'Eixample,Carrer,ROSSELLO,2,328,,,,,,,02,2
02-2012-1902,02,L'EIXAMPLE,07,la Dreta de l'Eixample,Carrer,ROSSELLO,2,328,,,,,,,03,2
02-2012-1903,02,L'EIXAMPLE,07,la Dreta de l'Eixample,Carrer,ROSSELLO,2,328,,,,,,,04,1
02-2012-1905,02,L'EIXAMPLE,07,la Dreta de l'Eixample,Carrer,ROSSELLO,2,328,,,,,,,06,1
02-2012-1944,02,L'EIXAMPLE,06,la Sagrada Família,Carrer,ARAGO,1,497,,,,,,,02,2
02-2012-1945,02,L'EIXAMPLE,09,la Nova Esquerra de l'Eixample,Carrer,COMTE BORRELL,2,164,,,,,,I,02,1
02-2012-1978,02,L'EIXAMPLE,07,la Dreta de l'Eixample,Rambla,CATALUNYA,2,8,,,,,,,02,3
02-2012-1988,02,L'EIXAMPLE,06,la Sagrada Família,Carrer,PROVENÇA,1,503,B,,,,,,03,
02-2012-2012,02,L'EIXAMPLE,10,Sant Antoni,Carrer,PARLAMENT,1,35,,,,,,,04,1
02-2012-2027,02,L'EIXAMPLE,09,la Nova Esquerra de l'Eixample,Carrer,DIPUTACIO,2,130,,132,,,,,AT,1
02-2012-2041,02,L'EIXAMPLE,08,l'Antiga Esquerra de l'Eixample,Carrer,ARAGO,1,151,,,,,,,2,
02-2013-0034,02,L'EIXAMPLE,08,l'Antiga Esquerra de l'Eixample,Carrer,CORSEGA,1,209,,,,,,,06,1
02-2013-0038,02,L'EIXAMPLE,10,Sant Antoni,Carrer,SEPULVEDA,1,181,,,,,,,01,2B
02-2013-0053,02,L'EIXAMPLE,05,el Fort Pienc,Passatge,PAGES,1,9,,,,,,,BJ,2
02-2013-0062,02,L'EIXAMPLE,06,la Sagrada Família,Avinguda,GAUDI,2,26,,28,,,,,01,2
02-2013-0066,02,L'EIXAMPLE,08,l'Antiga Esquerra de l'Eixample,Carrer,PROVENÇA,1,131,,133,,,,,04,1
02-2013-0072,02,L'EIXAMPLE,08,l'Antiga Esquerra de l'Eixample,Carrer,COMTE D'URGELL,1,237,,239,,,,,3,1
02-2013-0073,02,L'EIXAMPLE,07,la Dreta de l'Eixample,Carrer,ROGER DE LLURIA,2,96,,,,,,,BJ,1
02-2013-0087,02,L'EIXAMPLE,10,Sant Antoni,Carrer,SEPULVEDA,2,156,,160,,,,,05,5
02-2013-0127,02,L'EIXAMPLE,07,la Dreta de l'Eixample,Carrer,VALENCIA,2,284,,,,,,,03,2B
02-2013-0145,02,L'EIXAMPLE,07,la Dreta de l'Eixample,Gran Via,CORTS CATALANES,2,662,,,,,,,01,1A
02-2013-0146,02,L'EIXAMPLE,07,la Dreta de l'Eixample,Gran Via,CORTS CATALANES,2,662,,,,,,,01,1B
02-2013-0176,02,L'EIXAMPLE,08,l'Antiga Esquerra de l'Eixample,Carrer,DIPUTACIO,1,197,,,,,,,01,2
02-2013-0195,02,L'EIXAMPLE,07,la Dreta de l'Eixample,Carrer,VALENCIA,2,334,,,,,,,02,1
02-2013-0197,02,L'EIXAMPLE,05,el Fort Pienc,Carrer,CONSELL DE CENT,1,477,,,,,,,PR,2
02-2013-0207,02,L'EIXAMPLE,06,la Sagrada Família,Carrer,INDUSTRIA,1,175,,,,,,,02,2
02-2013-0226,02,L'EIXAMPLE,06,la Sagrada Família,Carrer,SARDENYA,2,332,,,,,,,3,2
02-2013-0230,02,L'EIXAMPLE,08,l'Antiga Esquerra de l'Eixample,Carrer,CORSEGA,1,163,,169,,,,,04,1D
02-2013-0247,02,L'EIXAMPLE,06,la Sagrada Família,Avinguda,GAUDI,1,37,,,,,,,4,4
02-2013-0283,02,L'EIXAMPLE,05,el Fort Pienc,Carrer,LEPANT,2,222,,,,,,,PR,1
02-2013-0284,02,L'EIXAMPLE,06,la Sagrada Família,Carrer,MARINA,2,240,,,,,,,PR,1
02-2013-0297,02,L'EIXAMPLE,06,la Sagrada Família,Carrer,PROVENÇA,1,435,,,,,,,06,2
02-2013-0310,02,L'EIXAMPLE,08,l'Antiga Esquerra de l'Eixample,Carrer,MUNTANER,1,95,,,,,,,01,1
02-2013-0324,02,L'EIXAMPLE,07,la Dreta de l'Eixample,Carrer,ARAGO,2,284,B,,,,,,05,2D
02-2013-0327,02,L'EIXAMPLE,10,Sant Antoni,Carrer,COMTE BORRELL,1,41,,,,,,,01,2
02-2013-0369,02,L'EIXAMPLE,09,la Nova Esquerra de l'Eixample,Carrer,ROCAFORT,2,246,,,,,,,05,1
02-2013-0370,02,L'EIXAMPLE,05,el Fort Pienc,Carrer,LEPANT,1,149,,,,,,,04,4
02-2013-0375,02,L'EIXAMPLE,09,la Nova Esquerra de l'Eixample,Carrer,CORSEGA,2,74,,,,,,,EN,1
02-2013-0405,02,L'EIXAMPLE,07,la Dreta de l'Eixample,Carrer,GIRONA,1,111,,,,,,,1,1B
02-2013-0429,02,L'EIXAMPLE,07,la Dreta de l'Eixample,Carrer,NAPOLS,1,229,,,,,,,02,3
02-2013-0433,02,L'EIXAMPLE,07,la Dreta de l'Eixample,Carrer,CONSELL DE CENT,2,430,,,,,,,03,1
02-2013-0440,02,L'EIXAMPLE,06,la Sagrada Família,Carrer,PROVENÇA,1,483,,,,,,,06,4
02-2013-0479,02,L'EIXAMPLE,07,la Dreta de l'Eixample,Carrer,DIPUTACIO,1,291,,,,,,,02,2
02-2013-0481,02,L'EIXAMPLE,07,la Dreta de l'Eixample,Carrer,DIPUTACIO,1,291,,,,,,,02,3
02-2013-0505,02,L'EIXAMPLE,06,la Sagrada Família,Carrer,VALENCIA,1,465,,,,,,,PR,1
02-2013-0506,02,L'EIXAMPLE,06,la Sagrada Família,Carrer,VALENCIA,1,465,,,,,,,PR,2
02-2013-0507,02,L'EIXAMPLE,07,la Dreta de l'Eixample,Carrer,BAILEN,1,77,,,,,,,01,1
02-2013-0510,02,L'EIXAMPLE,09,la Nova Esquerra de l'Eixample,Carrer,ARAGO,2,116,,,,,,,SA,1
02-2013-0529,02,L'EIXAMPLE,08,l'Antiga Esquerra de l'Eixample,Carrer,PROVENÇA,2,238,,,,,,,AT,8
02-2013-0551,02,L'EIXAMPLE,07,la Dreta de l'Eixample,Carrer,CASP,1,41,,,,,,,01,1A
02-2013-0555,02,L'EIXAMPLE,08,l'Antiga Esquerra de l'Eixample,Carrer,BALMES,1,87,,,,,,,EN,1A
02-2013-0598,02,L'EIXAMPLE,08,l'Antiga Esquerra de l'Eixample,Carrer,PROVENÇA,1,131,,133,,,,,06,4
02-2013-0677,02,L'EIXAMPLE,08,l'Antiga Esquerra de l'Eixample,Carrer,DIPUTACIO,2,154,,,,,,,5,3
02-2013-0699,02,L'EIXAMPLE,07,la Dreta de l'Eixample,Gran Via,CORTS CATALANES,2,620,,,,,,,01,3B
02-2013-0723,02,L'EIXAMPLE,07,la Dreta de l'Eixample,Carrer,BALMES,2,64,,,,,,,02,1
02-2013-0728,02,L'EIXAMPLE,07,la Dreta de l'Eixample,Rambla,CATALUNYA,2,52,,,,,,,6,1
02-2013-0729,02,L'EIXAMPLE,07,la Dreta de l'Eixample,Rambla,CATALUNYA,2,52,,,,,,,6,5
02-2013-0769,02,L'EIXAMPLE,07,la Dreta de l'Eixample,Carrer,CONSELL DE CENT,2,376,,,,,,,01,1
02-2013-0799,02,L'EIXAMPLE,08,l'Antiga Esquerra de l'Eixample,Carrer,CORSEGA,1,211,,,,,,,3,1
02-2013-0803,02,L'EIXAMPLE,08,l'Antiga Esquerra de l'Eixample,Carrer,MUNTANER,1,145,,,,,,,02,1
02-2013-0820,02,L'EIXAMPLE,09,la Nova Esquerra de l'Eixample,Carrer,COMTE D'URGELL,1,139,,,,,,,5,1
02-2013-0838,02,L'EIXAMPLE,07,la Dreta de l'Eixample,Passeig,GRACIA,1,101,,,,,,,SA,1
02-2013-0842,02,L'EIXAMPLE,07,la Dreta de l'Eixample,Ronda,SANT PERE,2,44,,,,,,,PR,2B
02-2013-0849,02,L'EIXAMPLE,08,l'Antiga Esquerra de l'Eixample,Carrer,MUNTANER,1,83,,,,,,,02,3
02-2013-0852,02,L'EIXAMPLE,09,la Nova Esquerra de l'Eixample,Carrer,COMTE BORRELL,2,178,B,,,,,,04,4
02-2013-0856,02,L'EIXAMPLE,09,la Nova Esquerra de l'Eixample,Carrer,ARAGO,1,39,,,,,,,2,1
02-2013-0880,02,L'EIXAMPLE,10,Sant Antoni,Avinguda,PARAL.LEL,2,82,,,,,,,3,1
02-2013-0889,02,L'EIXAMPLE,08,l'Antiga Esquerra de l'Eixample,Avinguda,ROMA,1,113,,,,,,,7,C
02-2013-0923,02,L'EIXAMPLE,06,la Sagrada Família,Carrer,MALLORCA,2,470,,,,,,,1,2
02-2013-0928,02,L'EIXAMPLE,10,Sant Antoni,Carrer,COMTE BORRELL,2,40,,,,,,,01,1
02-2013-0944,02,L'EIXAMPLE,07,la Dreta de l'Eixample,Carrer,FONTANELLA,1,11,,,,,,,01,1B
02-2013-0950,02,L'EIXAMPLE,10,Sant Antoni,Carrer,SEPULVEDA,1,93,,,,,,,01,1
02-2013-0960,02,L'EIXAMPLE,06,la Sagrada Família,Carrer,MARINA,2,240,,,,,,,03,6
02-2013-1006,02,L'EIXAMPLE,07,la Dreta de l'Eixample,Carrer,VALENCIA,1,261,,,,,,,01,1
02-2013-1013,02,L'EIXAMPLE,10,Sant Antoni,Avinguda,MISTRAL,1,61,,,,,,,01,2
02-2013-1023,02,L'EIXAMPLE,10,Sant Antoni,Avinguda,MISTRAL,1,61,,,,,,,04,1
02-2013-1025,02,L'EIXAMPLE,10,Sant Antoni,Avinguda,MISTRAL,1,61,,,,,,,05,1
02-2013-1030,02,L'EIXAMPLE,07,la Dreta de l'Eixample,Ronda,SANT PERE,1,35,,,,,,,PR,
02-2013-1031,02,L'EIXAMPLE,07,la Dreta de l'Eixample,Ronda,SANT PERE,1,35,,,,,,,01,1
02-2013-1033,02,L'EIXAMPLE,10,Sant Antoni,Carrer,TAMARIT,2,90,,,,,,,04,
02-2013-1058,02,L'EIXAMPLE,07,la Dreta de l'Eixample,Rambla,CATALUNYA,2,100,,,,,,,05,1
02-2013-1074,02,L'EIXAMPLE,07,la Dreta de l'Eixample,Passeig,GRACIA,1,15,,,,,,,6,1A
02-2013-1075,02,L'EIXAMPLE,06,la Sagrada Família,Carrer,MALLORCA,1,371,,,,,,,05,2
02-2013-1082,02,L'EIXAMPLE,10,Sant Antoni,Carrer,MUNTANER,1,7,,,,,,,PR,1
02-2013-1084,02,L'EIXAMPLE,10,Sant Antoni,Carrer,MUNTANER,1,7,,,,,,,02,2
02-2013-1101,02,L'EIXAMPLE,09,la Nova Esquerra de l'Eixample,Gran Via,CORTS CATALANES,1,439,,,,,,,06,1
02-2013-1175,02,L'EIXAMPLE,06,la Sagrada Família,Carrer,INDUSTRIA,2,140,,,,,,,03,2
02-2013-1192,02,L'EIXAMPLE,06,la Sagrada Família,Carrer,CONSELL DE CENT,1,545,,,,,,,05,2
02-2013-1196,02,L'EIXAMPLE,06,la Sagrada Família,Carrer,CONSELL DE CENT,1,545,,,,,,,03,1
02-2013-1197,02,L'EIXAMPLE,06,la Sagrada Família,Carrer,CONSELL DE CENT,1,545,,,,,,,06,4
02-2013-1198,02,L'EIXAMPLE,06,la Sagrada Família,Carrer,CONSELL DE CENT,1,545,,,,,,,05,4
02-2013-1205,02,L'EIXAMPLE,07,la Dreta de l'Eixample,Carrer,CONSELL DE CENT,1,343,,,,,,,PR,1A
02-2013-1206,02,L'EIXAMPLE,07,la Dreta de l'Eixample,Carrer,CONSELL DE CENT,1,343,,,,,,,PR,1B
02-2013-1214,02,L'EIXAMPLE,07,la Dreta de l'Eixample,Passeig,SANT JOAN,2,128,,,,,,,05,1
02-2013-1216,02,L'EIXAMPLE,05,el Fort Pienc,Carrer,SICILIA,2,264,,,,,,2,02,B
02-2013-1226,02,L'EIXAMPLE,07,la Dreta de l'Eixample,Carrer,ROSSELLO,2,266,,,,,,,05,1
02-2013-1237,02,L'EIXAMPLE,08,l'Antiga Esquerra de l'Eixample,Carrer,CASANOVA,2,148,,,,,,2,04,2
02-2013-1264,02,L'EIXAMPLE,10,Sant Antoni,Carrer,TAMARIT,1,161,,,,,,,3,
02-2013-1276,02,L'EIXAMPLE,06,la Sagrada Família,Carrer,LEPANT,1,315,,,,,,,PR,1
02-2013-1294,02,L'EIXAMPLE,10,Sant Antoni,Carrer,CASANOVA,1,9,,,,,,,EN,2
02-2013-1307,02,L'EIXAMPLE,07,la Dreta de l'Eixample,Carrer,MALLORCA,1,337,,,,,,,02,1A
02-2013-1319,02,L'EIXAMPLE,06,la Sagrada Família,Carrer,DOS DE MAIG,1,327,,329,,,,,02,2
02-2013-1380,02,L'EIXAMPLE,07,la Dreta de l'Eixample,Carrer,ROGER DE FLOR,2,240,,,,,,,04,2
02-2013-1388,02,L'EIXAMPLE,06,la Sagrada Família,Carrer,CARTAGENA,1,315,,,,,,,PR,3
02-2013-1396,02,L'EIXAMPLE,07,la Dreta de l'Eixample,Passeig,SANT JOAN,1,3,,,,,,,AT,
02-2013-1411,02,L'EIXAMPLE,07,la Dreta de l'Eixample,Carrer,VALENCIA,2,334,,,,,,,05,4
02-2013-1423,02,L'EIXAMPLE,05,el Fort Pienc,Carrer,CASP,2,108,,,,,,,02,A
02-2013-1436,02,L'EIXAMPLE,09,la Nova Esquerra de l'Eixample,Carrer,TARRAGONA,2,114,,,,,,,09,2
02-2013-1439,02,L'EIXAMPLE,07,la Dreta de l'Eixample,Carrer,CONSELL DE CENT,2,290,,,,,,,2,2
02-2013-1457,02,L'EIXAMPLE,09,la Nova Esquerra de l'Eixample,Carrer,ARAGO,1,83,,,,,,,05,4
02-2013-1465,02,L'EIXAMPLE,09,la Nova Esquerra de l'Eixample,Carrer,ARAGO,1,39,,,,,,,4,2
02-2013-1466,02,L'EIXAMPLE,09,la Nova Esquerra de l'Eixample,Carrer,ROCAFORT,2,102,,,,,,,03,2
02-2013-1467,02,L'EIXAMPLE,09,la Nova Esquerra de l'Eixample,Carrer,ROCAFORT,2,102,,,,,,,05,3
02-2013-1482,02,L'EIXAMPLE,09,la Nova Esquerra de l'Eixample,Carrer,ARAGO,1,39,,,,,,,4,1
02-2013-1494,02,L'EIXAMPLE,06,la Sagrada Família,Carrer,LEPANT,1,317,,,,,,,01,
02-2013-1535,02,L'EIXAMPLE,10,Sant Antoni,Gran Via,CORTS CATALANES,2,500,,,,,,,01,B
02-2013-1556,02,L'EIXAMPLE,06,la Sagrada Família,Carrer,ROSSELLO,2,444,,,,,,,BJ,1
02-2013-1557,02,L'EIXAMPLE,06,la Sagrada Família,Avinguda,GAUDI,2,44,,,,,,,05,1
02-2013-1559,02,L'EIXAMPLE,10,Sant Antoni,Ronda,SANT PAU,1,71,,,,,,,05,2
02-2013-1583,02,L'EIXAMPLE,09,la Nova Esquerra de l'Eixample,Carrer,CONSELL DE CENT,2,138,,,,,,,1,3
02-2013-1593,02,L'EIXAMPLE,07,la Dreta de l'Eixample,Rambla,CATALUNYA,2,8,,,,,,,AT,7
02-2013-1595,02,L'EIXAMPLE,09,la Nova Esquerra de l'Eixample,Carrer,DIPUTACIO,1,79,,,,,,,01,4
02-2013-1618,02,L'EIXAMPLE,07,la Dreta de l'Eixample,Rambla,CATALUNYA,1,41,,,,,,,02,
02-2013-1633,02,L'EIXAMPLE,09,la Nova Esquerra de l'Eixample,Carrer,ARAGO,1,39,,,,,,,1,2
02-2013-1637,02,L'EIXAMPLE,07,la Dreta de l'Eixample,Carrer,ROGER DE FLOR,2,148,,,,,,E,02,3
02-2013-1672,02,L'EIXAMPLE,05,el Fort Pienc,Carrer,AUSIAS MARC,2,136,,,,,,,04,2
02-2013-1677,02,L'EIXAMPLE,09,la Nova Esquerra de l'Eixample,Carrer,ARAGO,1,39,,,,,,,3,2
02-2013-1678,02,L'EIXAMPLE,09,la Nova Esquerra de l'Eixample,Carrer,ARAGO,1,39,,,,,,,2,3
02-2013-1701,02,L'EIXAMPLE,07,la Dreta de l'Eixample,Carrer,DIPUTACIO,2,268,,,,,,,3,3
02-2013-1735,02,L'EIXAMPLE,06,la Sagrada Família,Carrer,LEPANT,1,315,,,,,,,04,2
02-2013-1770,02,L'EIXAMPLE,07,la Dreta de l'Eixample,Carrer,CASP,1,19,,,,,,,03,3
02-2013-1777,02,L'EIXAMPLE,09,la Nova Esquerra de l'Eixample,Carrer,ROCAFORT,2,102,,,,,,,02,1
02-2013-1778,02,L'EIXAMPLE,09,la Nova Esquerra de l'Eixample,Carrer,ROCAFORT,2,102,,,,,,,02,2
02-2013-1785,02,L'EIXAMPLE,07,la Dreta de l'Eixample,Carrer,DIPUTACIO,1,307,,,,,,,04,1
02-2013-1799,02,L'EIXAMPLE,07,la Dreta de l'Eixample,Carrer,ROSSELLO,1,229,,,,,,,02,1B
02-2013-1825,02,L'EIXAMPLE,09,la Nova Esquerra de l'Eixample,Carrer,ROCAFORT,2,102,,,,,,,02,4
02-2013-1843,02,L'EIXAMPLE,07,la Dreta de l'Eixample,Carrer,BAILEN,2,8,,,,,,,4,1
02-2013-1849,02,L'EIXAMPLE,08,l'Antiga Esquerra de l'Eixample,Carrer,VALENCIA,1,189,,,,,,,PR,1
02-2013-1850,02,L'EIXAMPLE,07,la Dreta de l'Eixample,Carrer,PELAI,1,9,,,,,,,02,1
02-2013-1852,02,L'EIXAMPLE,07,la Dreta de l'Eixample,Gran Via,CORTS CATALANES,1,649,,,,,,,05,2
02-2013-1853,02,L'EIXAMPLE,07,la Dreta de l'Eixample,Avinguda,DIAGONAL,2,434,,,,,,,02,3
02-2013-1886,02,L'EIXAMPLE,09,la Nova Esquerra de l'Eixample,Carrer,VILADOMAT,1,261,,,,,,,PR,2
02-2013-1920,02,L'EIXAMPLE,07,la Dreta de l'Eixample,Ronda,UNIVERSITAT,2,16,,,,,,,03,3
02-2013-1932,02,L'EIXAMPLE,06,la Sagrada Família,Carrer,MARINA,1,257,,,,,,,EN,3
02-2013-1947,02,L'EIXAMPLE,10,Sant Antoni,Ronda,SANT PAU,1,21,,,,,,,01,2
02-2013-1957,02,L'EIXAMPLE,08,l'Antiga Esquerra de l'Eixample,Carrer,PROVENÇA,1,131,,133,,,,,01,2
02-2013-1974,02,L'EIXAMPLE,09,la Nova Esquerra de l'Eixample,Carrer,ROCAFORT,2,102,,,,,,,PR,1
02-2013-1975,02,L'EIXAMPLE,09,la Nova Esquerra de l'Eixample,Carrer,ROCAFORT,2,102,,,,,,,07,1
02-2013-1976,02,L'EIXAMPLE,09,la Nova Esquerra de l'Eixample,Carrer,ROCAFORT,2,102,,,,,,,07,2
02-2013-1989,02,L'EIXAMPLE,08,l'Antiga Esquerra de l'Eixample,Carrer,CONSELL DE CENT,1,221,,,,,,E,PR,2
02-2013-1991,02,L'EIXAMPLE,05,el Fort Pienc,Carrer,MARINA,1,177,,,,,,,1,2
02-2013-2008,02,L'EIXAMPLE,10,Sant Antoni,Ronda,SANT PAU,1,17,,,,,,E,05,2
02-2013-2026,02,L'EIXAMPLE,05,el Fort Pienc,Carrer,AUSIAS MARC,2,136,,,,,,,02,2
02-2013-2037,02,L'EIXAMPLE,07,la Dreta de l'Eixample,Carrer,NAPOLS,1,149,,,,,,,3,1
02-2013-2043,02,L'EIXAMPLE,06,la Sagrada Família,Avinguda,GAUDI,1,51,,53,,,,,EN,2
02-2013-2070,02,L'EIXAMPLE,10,Sant Antoni,Ronda,SANT PAU,1,59,,,,,,,EN,2
02-2013-2083,02,L'EIXAMPLE,07,la Dreta de l'Eixample,Carrer,PELAI,1,11,,,,,,,05,B
02-2013-2104,02,L'EIXAMPLE,07,la Dreta de l'Eixample,Rambla,CATALUNYA,1,5,,,,,,,02,3
02-2013-2121,02,L'EIXAMPLE,05,el Fort Pienc,Carrer,SICILIA,1,159,,,,,,,06,2
02-2013-2125,02,L'EIXAMPLE,05,el Fort Pienc,Carrer,SICILIA,1,159,,,,,,,06,1
02-2013-2136,02,L'EIXAMPLE,08,l'Antiga Esquerra de l'Eixample,Carrer,VILLARROEL,2,86,,,,,,,04,2
02-2013-2142,02,L'EIXAMPLE,10,Sant Antoni,Carrer,CALABRIA,1,3,,,,,,,2,
02-2013-2157,02,L'EIXAMPLE,06,la Sagrada Família,Avinguda,GAUDI,2,42,,,,,,,06,3
02-2013-2161,02,L'EIXAMPLE,06,la Sagrada Família,Carrer,LEPANT,1,255,,,,,,,05,6
02-2013-2205,02,L'EIXAMPLE,09,la Nova Esquerra de l'Eixample,Carrer,DIPUTACIO,2,118,,,,,,D,03,2
02-2013-2215,02,L'EIXAMPLE,07,la Dreta de l'Eixample,Carrer,VALENCIA,1,261,,,,,,,02,3
02-2013-2219,02,L'EIXAMPLE,07,la Dreta de l'Eixample,Carrer,NAPOLS,1,213,,,,,,,PR,2
02-2013-2225,02,L'EIXAMPLE,07,la Dreta de l'Eixample,Carrer,NAPOLS,1,213,,,,,,,03,1
02-2013-2227,02,L'EIXAMPLE,07,la Dreta de l'Eixample,Carrer,NAPOLS,1,213,,,,,,,04,2
02-2013-2250,02,L'EIXAMPLE,10,Sant Antoni,Carrer,MANSO,2,60,,,,,,,02,2
02-2013-2256,02,L'EIXAMPLE,07,la Dreta de l'Eixample,Carrer,FONTANELLA,1,11,,,,,,,05,2
02-2013-2263,02,L'EIXAMPLE,05,el Fort Pienc,Gran Via,CORTS CATALANES,2,752,,,,,,,04,1
02-2013-2275,02,L'EIXAMPLE,07,la Dreta de l'Eixample,Carrer,ROGER DE LLURIA,2,82,,,,,,,02,1
02-2013-2288,02,L'EIXAMPLE,08,l'Antiga Esquerra de l'Eixample,Carrer,ARIBAU,1,159,,,,,,,PR,2
02-2013-2293,02,L'EIXAMPLE,09,la Nova Esquerra de l'Eixample,Carrer,CONSELL DE CENT,2,170,,,,,,,2,A
02-2013-2305,02,L'EIXAMPLE,10,Sant Antoni,Carrer,SEPULVEDA,1,157,,,,,,,2,1
02-2013-2309,02,L'EIXAMPLE,10,Sant Antoni,Carrer,SEPULVEDA,1,157,,,,,,,04,2
02-2013-2384,02,L'EIXAMPLE,08,l'Antiga Esquerra de l'Eixample,Carrer,PARIS,2,178,,,,,,,04,1
02-2013-2386,02,L'EIXAMPLE,08,l'Antiga Esquerra de l'Eixample,Carrer,PARIS,2,178,,,,,,,PR,1
02-2013-2403,02,L'EIXAMPLE,07,la Dreta de l'Eixample,Plaça,TETUAN,2,8,,,,,,,01,2
02-2013-2404,02,L'EIXAMPLE,07,la Dreta de l'Eixample,Plaça,TETUAN,2,8,,,,,,,02,1
02-2013-2414,02,L'EIXAMPLE,07,la Dreta de l'Eixample,Plaça,TETUAN,2,8,,,,,,,04,2
02-2013-2419,02,L'EIXAMPLE,07,la Dreta de l'Eixample,Plaça,TETUAN,2,8,,,,,,,AT,
02-2013-2429,02,L'EIXAMPLE,06,la Sagrada Família,Carrer,ROSSELLO,2,448,,,,,,,01,2
02-2013-2432,02,L'EIXAMPLE,06,la Sagrada Família,Carrer,ROSSELLO,2,448,,,,,,,03,1
02-2013-2437,02,L'EIXAMPLE,06,la Sagrada Família,Carrer,ROSSELLO,2,448,,,,,,,05,2
02-2013-2460,02,L'EIXAMPLE,07,la Dreta de l'Eixample,Rambla,CATALUNYA,2,42,,,,,,,05,1
02-2013-2465,02,L'EIXAMPLE,07,la Dreta de l'Eixample,Passeig,GRACIA,1,65,B,,,,,,02,
02-2014-0008,02,L'EIXAMPLE,06,la Sagrada Família,Carrer,SARDENYA,1,281,,,,,,,EN,
02-2014-0032,02,L'EIXAMPLE,07,la Dreta de l'Eixample,Carrer,VALENCIA,2,284,,,,,,,02,1A
02-2014-0033,02,L'EIXAMPLE,08,l'Antiga Esquerra de l'Eixample,Carrer,CASANOVA,1,87,,,,,,,01,A
02-2014-0034,02,L'EIXAMPLE,07,la Dreta de l'Eixample,Carrer,VALENCIA,2,284,,,,,,,02,1B
02-2014-0044,02,L'EIXAMPLE,08,l'Antiga Esquerra de l'Eixample,Carrer,CASANOVA,1,87,,,,,,,05,B
02-2014-0063,02,L'EIXAMPLE,07,la Dreta de l'Eixample,Carrer,ARAGO,2,360,,,,,,,05,2
02-2014-0069,02,L'EIXAMPLE,07,la Dreta de l'Eixample,Carrer,ROSSELLO,2,244,,,,,,,04,2B
02-2014-0071,02,L'EIXAMPLE,07,la Dreta de l'Eixample,Carrer,ROSSELLO,2,244,,,,,,,AT,1
02-2014-0072,02,L'EIXAMPLE,07,la Dreta de l'Eixample,Carrer,ROSSELLO,2,244,,,,,,,02,1
02-2014-0078,02,L'EIXAMPLE,09,la Nova Esquerra de l'Eixample,Carrer,VILADOMAT,1,281,,,,,,A,05,3
02-2014-0081,02,L'EIXAMPLE,06,la Sagrada Família,Carrer,CARTAGENA,1,299,,,,,,,02,2
02-2014-0092,02,L'EIXAMPLE,07,la Dreta de l'Eixample,Carrer,PELAI,1,5,,,,,,,01,1A
02-2014-0112,02,L'EIXAMPLE,06,la Sagrada Família,Carrer,MARINA,2,240,,,,,,,01,2
02-2014-0132,02,L'EIXAMPLE,08,l'Antiga Esquerra de l'Eixample,Carrer,COMTE D'URGELL,2,172,,,,,,,06,2
02-2014-0142,02,L'EIXAMPLE,06,la Sagrada Família,Carrer,LEPANT,1,321,,,,,,,PR,1
02-2014-0160,02,L'EIXAMPLE,07,la Dreta de l'Eixample,Carrer,BRUC,2,116,,,,,,,EN,1
02-2014-0185,02,L'EIXAMPLE,07,la Dreta de l'Eixample,Carrer,MALLORCA,2,304,,,,,,,03,2
02-2014-0195,02,L'EIXAMPLE,07,la Dreta de l'Eixample,Carrer,BRUC,1,69,,,,,,,EN,1
02-2014-0205,02,L'EIXAMPLE,09,la Nova Esquerra de l'Eixample,Carrer,PARIS,1,111,,,,,,,06,2
02-2014-0234,02,L'EIXAMPLE,10,Sant Antoni,Carrer,CALABRIA,1,5,,,,,,,04,
02-2014-0248,02,L'EIXAMPLE,06,la Sagrada Família,Carrer,MALLORCA,2,468,,,,,,,05,1
02-2014-0268,02,L'EIXAMPLE,07,la Dreta de l'Eixample,Rambla,CATALUNYA,1,103,,,,,,,3,B
02-2014-0269,02,L'EIXAMPLE,07,la Dreta de l'Eixample,Rambla,CATALUNYA,1,103,,,,,,,4,A
02-2014-0274,02,L'EIXAMPLE,06,la Sagrada Família,Avinguda,GAUDI,1,45,,,,,,,EN,
02-2014-0290,02,L'EIXAMPLE,05,el Fort Pienc,Carrer,ALI BEI,2,38,,,,,,,EN,4
02-2014-0305,02,L'EIXAMPLE,06,la Sagrada Família,Carrer,ROSSELLO,1,429,,,,,,,AT,2
02-2014-0313,02,L'EIXAMPLE,09,la Nova Esquerra de l'Eixample,Gran Via,CORTS CATALANES,1,479,,,,,,,4,2
02-2014-0325,02,L'EIXAMPLE,07,la Dreta de l'Eixample,Gran Via,CORTS CATALANES,2,600,,,,,,,PR,2
02-2014-0330,02,L'EIXAMPLE,06,la Sagrada Família,Carrer,MALLORCA,2,494,,,,,,,02,4
02-2014-0335,02,L'EIXAMPLE,06,la Sagrada Família,Avinguda,GAUDI,1,51,,,,,,,01,1
02-2014-0337,02,L'EIXAMPLE,07,la Dreta de l'Eixample,Carrer,ROSSELLO,2,210,,,,,,,01,3
02-2014-0351,02,L'EIXAMPLE,06,la Sagrada Família,Passatge,CENTELLES,2,22,,,,,,,AT,
02-2014-0364,02,L'EIXAMPLE,08,l'Antiga Esquerra de l'Eixample,Carrer,ENRIC GRANADOS,1,115,,117,,,,,04,1
02-2014-0384,02,L'EIXAMPLE,05,el Fort Pienc,Carrer,MARINA,2,212,,,,,,,PR,2
02-2014-0403,02,L'EIXAMPLE,09,la Nova Esquerra de l'Eixample,Carrer,ARAGO,1,85,,,,,,,PR,4
02-2014-0413,02,L'EIXAMPLE,09,la Nova Esquerra de l'Eixample,Carrer,ROCAFORT,2,192,,,,,,,SA,
02-2014-0417,02,L'EIXAMPLE,06,la Sagrada Família,Carrer,VALENCIA,1,381,,,,,,,05,2
02-2014-0425,02,L'EIXAMPLE,08,l'Antiga Esquerra de l'Eixample,Carrer,MUNTANER,2,40,,,,,,,AT,4
02-2014-0446,02,L'EIXAMPLE,07,la Dreta de l'Eixample,Carrer,VALENCIA,1,273,,,,,,,04,3
02-2014-0455,02,L'EIXAMPLE,07,la Dreta de l'Eixample,Carrer,MALLORCA,2,360,,,,,,,3,2
02-2014-0471,02,L'EIXAMPLE,07,la Dreta de l'Eixample,Carrer,MALLORCA,2,360,,,,,,,4,2
02-2014-0477,02,L'EIXAMPLE,08,l'Antiga Esquerra de l'Eixample,Carrer,ROSSELLO,2,118,,,,,,,04,2
02-2014-0483,02,L'EIXAMPLE,09,la Nova Esquerra de l'Eixample,Carrer,VILADOMAT,1,261,,,,,,,BJ,2
02-2014-0484,02,L'EIXAMPLE,07,la Dreta de l'Eixample,Carrer,VALENCIA,2,286,,,,,,,02,2A
02-2014-0485,02,L'EIXAMPLE,07,la Dreta de l'Eixample,Carrer,TRAFALGAR,1,33,,,,,,,01,1
02-2014-0486,02,L'EIXAMPLE,07,la Dreta de l'Eixample,Carrer,TRAFALGAR,1,33,,,,,,,01,3
02-2014-0495,02,L'EIXAMPLE,06,la Sagrada Família,Carrer,PROVENÇA,2,474,,,,,,B,SA,2
02-2014-0581,02,L'EIXAMPLE,06,la Sagrada Família,Carrer,MARINA,2,334,,,,,,,SA,4
02-2014-0602,02,L'EIXAMPLE,09,la Nova Esquerra de l'Eixample,Carrer,DIPUTACIO,2,52,,,,,,,02,4
02-2014-0611,02,L'EIXAMPLE,10,Sant Antoni,Carrer,FLORIDABLANCA,1,133,,,,,,,EN,2
02-2014-0612,02,L'EIXAMPLE,06,la Sagrada Família,Carrer,ARAGO,1,423,,,,,,,PR,1
02-2014-0654,02,L'EIXAMPLE,08,l'Antiga Esquerra de l'Eixample,Carrer,ARIBAU,2,82,,,,,,,04,1
02-2014-0714,02,L'EIXAMPLE,10,Sant Antoni,Carrer,COMTE BORRELL,2,38,,,,,,,04,1
02-2014-0727,02,L'EIXAMPLE,06,la Sagrada Família,Avinguda,GAUDI,1,31,,,,,,,4,2
02-2014-0730,02,L'EIXAMPLE,08,l'Antiga Esquerra de l'Eixample,Carrer,PROVENÇA,1,131,,,,,,,EN,4
02-2014-0734,02,L'EIXAMPLE,08,l'Antiga Esquerra de l'Eixample,Carrer,PROVENÇA,1,131,,,,,,,04,3
02-2014-0736,02,L'EIXAMPLE,06,la Sagrada Família,Carrer,LEPANT,1,349,,,,,,,03,2
02-2014-0767,02,L'EIXAMPLE,05,el Fort Pienc,Carrer,CONSELL DE CENT,2,474,,,,,,,6,C
02-2014-0789,02,L'EIXAMPLE,08,l'Antiga Esquerra de l'Eixample,Carrer,VALENCIA,1,191,,,,,,,02,2
02-2014-0790,02,L'EIXAMPLE,08,l'Antiga Esquerra de l'Eixample,Carrer,VALENCIA,1,191,,,,,,,03,1
02-2014-0791,02,L'EIXAMPLE,08,l'Antiga Esquerra de l'Eixample,Carrer,VALENCIA,1,191,,,,,,,03,2
02-2014-0799,02,L'EIXAMPLE,08,l'Antiga Esquerra de l'Eixample,Carrer,PROVENÇA,1,205,,,,,,,04,2
02-2014-0801,02,L'EIXAMPLE,10,Sant Antoni,Carrer,TAMARIT,2,106,,,,,,,SA,1
02-2014-0803,02,L'EIXAMPLE,05,el Fort Pienc,Carrer,AUSIAS MARC,1,157,,159,,,,D,01,1
02-2014-0818,02,L'EIXAMPLE,07,la Dreta de l'Eixample,Passeig,GRACIA,1,67,,,,,,,05,1
02-2014-0823,02,L'EIXAMPLE,07,la Dreta de l'Eixample,Rambla,CATALUNYA,2,52,,,,,,,SA,1
02-2014-0834,02,L'EIXAMPLE,07,la Dreta de l'Eixample,Carrer,GIRONA,1,33,,,,,,,05,2
02-2014-0855,02,L'EIXAMPLE,08,l'Antiga Esquerra de l'Eixample,Carrer,ARIBAU,2,66,,,,,,,EN,1
02-2014-0856,02,L'EIXAMPLE,05,el Fort Pienc,Carrer,DIPUTACIO,2,470,,,,,,,04,1
02-2014-0857,02,L'EIXAMPLE,08,l'Antiga Esquerra de l'Eixample,Carrer,MUNTANER,2,32,,,,,,,02,
02-2014-0871,02,L'EIXAMPLE,09,la Nova Esquerra de l'Eixample,Carrer,ARAGO,1,19,,,,,,,02,1
02-2014-0886,02,L'EIXAMPLE,07,la Dreta de l'Eixample,Carrer,ROGER DE FLOR,2,136,,,,,,,04,1
02-2014-0895,02,L'EIXAMPLE,07,la Dreta de l'Eixample,Carrer,PELAI,1,9,,,,H3,,,03,2
02-2014-0905,02,L'EIXAMPLE,10,Sant Antoni,Carrer,TAMARIT,1,109,,,,,,,4,2
02-2014-0909,02,L'EIXAMPLE,10,Sant Antoni,Carrer,TAMARIT,1,109,,,,,,,PR,2
02-2014-0925,02,L'EIXAMPLE,10,Sant Antoni,Carrer,TAMARIT,1,109,,,,,,,03,2
02-2014-0932,02,L'EIXAMPLE,08,l'Antiga Esquerra de l'Eixample,Carrer,PROVENÇA,1,131,,,,,,,02,4
02-2014-0944,02,L'EIXAMPLE,07,la Dreta de l'Eixample,Carrer,VALENCIA,1,321,,,,,,,02,3
02-2014-0953,02,L'EIXAMPLE,07,la Dreta de l'Eixample,Carrer,AUSIAS MARC,2,14,,,,,,,05,C
02-2014-0959,02,L'EIXAMPLE,10,Sant Antoni,Carrer,FLORIDABLANCA,1,133,,,,,,,PR,1
02-2014-0961,02,L'EIXAMPLE,10,Sant Antoni,Carrer,FLORIDABLANCA,1,133,,,,,,,EN,1
02-2014-0962,02,L'EIXAMPLE,10,Sant Antoni,Carrer,FLORIDABLANCA,1,133,,,,,,,EN,4
02-2014-0973,02,L'EIXAMPLE,07,la Dreta de l'Eixample,Carrer,BALMES,2,82,,84,,,,,02,2
02-2014-0989,02,L'EIXAMPLE,06,la Sagrada Família,Avinguda,DIAGONAL,2,310,,,,,,,1,3
02-2014-1002,02,L'EIXAMPLE,08,l'Antiga Esquerra de l'Eixample,Carrer,VILLARROEL,1,125,,,,,,,01,2
02-2014-1009,02,L'EIXAMPLE,10,Sant Antoni,Carrer,SEPULVEDA,1,157,,,,,,,EN,2
02-2014-1014,02,L'EIXAMPLE,08,l'Antiga Esquerra de l'Eixample,Carrer,CASANOVA,2,72,,,,,,,3,1
02-2014-1027,02,L'EIXAMPLE,06,la Sagrada Família,Carrer,SANT ANTONI MARIA CLARET,2,224,,,,,,,05,1
02-2014-1035,02,L'EIXAMPLE,07,la Dreta de l'Eixample,Carrer,BAILEN,1,125,,,,,,,02,1
02-2014-1049,02,L'EIXAMPLE,07,la Dreta de l'Eixample,Carrer,CONSELL DE CENT,1,343,,,,,,,02,2
02-2014-1059,02,L'EIXAMPLE,10,Sant Antoni,Carrer,COMTE BORRELL,1,65,,,,,,,PR,3
02-2014-1071,02,L'EIXAMPLE,07,la Dreta de l'Eixample,Carrer,BAILEN,1,81,,83,,,,,BJ,1
02-2014-1073,02,L'EIXAMPLE,07,la Dreta de l'Eixample,Carrer,BAILEN,1,81,,83,,,,,1,3
02-2014-1076,02,L'EIXAMPLE,06,la Sagrada Família,Passatge,VILARET,1,23,,,,,,,EN,2
02-2014-1080,02,L'EIXAMPLE,06,la Sagrada Família,Passatge,VILARET,1,23,,,,,,,EN,1
02-2014-1081,02,L'EIXAMPLE,07,la Dreta de l'Eixample,Carrer,BAILEN,1,81,,83,,,,,02,3
02-2014-1082,02,L'EIXAMPLE,06,la Sagrada Família,Passatge,VILARET,1,23,,,,,,,03,2
02-2014-1102,02,L'EIXAMPLE,05,el Fort Pienc,Carrer,CASP,1,141,B,,,,,,06,4
02-2014-1107,02,L'EIXAMPLE,06,la Sagrada Família,Carrer,ROSSELLO,2,478,,,,,,,01,2
02-2014-1126,02,L'EIXAMPLE,07,la Dreta de l'Eixample,Gran Via,CORTS CATALANES,2,682,,,,,,,AT,2
02-2014-1139,02,L'EIXAMPLE,05,el Fort Pienc,Avinguda,DIAGONAL,1,285,,,,,,,01,4
02-2014-1152,02,L'EIXAMPLE,06,la Sagrada Família,Avinguda,GAUDI,2,8,,,,,,,EN,2
02-2014-1158,02,L'EIXAMPLE,08,l'Antiga Esquerra de l'Eixample,Carrer,MUNTANER,2,64,,,,,,,4,1
02-2014-1170,02,L'EIXAMPLE,08,l'Antiga Esquerra de l'Eixample,Carrer,ARIBAU,2,134,,,,,,,PR,2
02-2014-1176,02,L'EIXAMPLE,07,la Dreta de l'Eixample,Gran Via,CORTS CATALANES,2,682,,,,,,,SA,1
02-2014-1179,02,L'EIXAMPLE,07,la Dreta de l'Eixample,Carrer,PROVENÇA,2,268,,,,,,,03,3
02-2014-1192,02,L'EIXAMPLE,10,Sant Antoni,Gran Via,CORTS CATALANES,2,384,,390,,,,I,SA,1
02-2014-1204,02,L'EIXAMPLE,06,la Sagrada Família,Carrer,SARDENYA,2,354,,,,,,,04,2
02-2014-1205,02,L'EIXAMPLE,07,la Dreta de l'Eixample,Carrer,MALLORCA,1,337,,,,,,,03,1
02-2014-1214,02,L'EIXAMPLE,10,Sant Antoni,Carrer,PARLAMENT,1,25,,,,,,,03,A
02-2014-1216,02,L'EIXAMPLE,07,la Dreta de l'Eixample,Carrer,BALMES,2,104,,,,,,,03,2
02-2014-1225,02,L'EIXAMPLE,08,l'Antiga Esquerra de l'Eixample,Carrer,ARIBAU,2,58,,,,,,,AT,2
02-2014-1245,02,L'EIXAMPLE,05,el Fort Pienc,Carrer,MARINA,1,189,,,,,,,1,3
02-2014-1258,02,L'EIXAMPLE,07,la Dreta de l'Eixample,Passeig,GRACIA,2,46,,,,,,,4,1
02-2014-1272,02,L'EIXAMPLE,06,la Sagrada Família,Passatge,MAIOL,2,10,,,,,,,EN,1
02-2014-1293,02,L'EIXAMPLE,09,la Nova Esquerra de l'Eixample,Carrer,COMTE BORRELL,2,218,,,,,,,05,2
02-2014-1295,02,L'EIXAMPLE,06,la Sagrada Família,Avinguda,GAUDI,2,26,,28,,,,,01,1
02-2014-1302,02,L'EIXAMPLE,08,l'Antiga Esquerra de l'Eixample,Carrer,CASANOVA,1,165,,,,,,,PR,1
02-2014-1317,02,L'EIXAMPLE,07,la Dreta de l'Eixample,Carrer,CORSEGA,2,402,,,,,,,4,1
02-2014-1327,02,L'EIXAMPLE,07,la Dreta de l'Eixample,Carrer,FONTANELLA,1,15,,,,,,A,3,1
02-2014-1335,02,L'EIXAMPLE,07,la Dreta de l'Eixample,Passeig,SANT JOAN,1,3,,,,,,,PR,1
02-2014-1352,02,L'EIXAMPLE,06,la Sagrada Família,Carrer,VALENCIA,2,494,,,,,,B,01,1
02-2014-1353,02,L'EIXAMPLE,07,la Dreta de l'Eixample,Avinguda,DIAGONAL,2,370,,,,,,,04,2
02-2014-1360,02,L'EIXAMPLE,05,el Fort Pienc,Carrer,MARINA,2,212,,,,,,,06,4
02-2014-1362,02,L'EIXAMPLE,05,el Fort Pienc,Carrer,MARINA,1,189,,,,,,,1,1
02-2014-1365,02,L'EIXAMPLE,06,la Sagrada Família,Carrer,PROVENÇA,1,529,,,,,,,AT,1
02-2014-1369,02,L'EIXAMPLE,08,l'Antiga Esquerra de l'Eixample,Carrer,PARIS,2,170,,,,,,,PR,1
02-2014-1377,02,L'EIXAMPLE,06,la Sagrada Família,Carrer,SARDENYA,2,334,,,,,,,PR,1
02-2014-1386,02,L'EIXAMPLE,06,la Sagrada Família,Carrer,SARDENYA,2,334,,,,,,,PR,2
02-2014-1407,02,L'EIXAMPLE,06,la Sagrada Família,Carrer,SARDENYA,2,334,,,,,,,2,
02-2014-1409,02,L'EIXAMPLE,05,el Fort Pienc,Carrer,MARINA,2,212,,,,,,,PR,4
02-2014-1410,02,L'EIXAMPLE,08,l'Antiga Esquerra de l'Eixample,Carrer,ARIBAU,2,184,,,,,,,04,2
02-2014-1411,02,L'EIXAMPLE,07,la Dreta de l'Eixample,Carrer,AUSIAS MARC,2,24,,,,,,,02,1
02-2014-1418,02,L'EIXAMPLE,06,la Sagrada Família,Carrer,PROVENÇA,1,529,,,,,,,01,3
02-2014-1419,02,L'EIXAMPLE,10,Sant Antoni,Carrer,FLORIDABLANCA,1,89,,,,,,,PR,2
02-2014-1421,02,L'EIXAMPLE,05,el Fort Pienc,Carrer,MARINA,1,189,,,,,,,5,3
02-2014-1422,02,L'EIXAMPLE,06,la Sagrada Família,Carrer,SARDENYA,2,334,,,,,,,3,2
02-2014-1425,02,L'EIXAMPLE,07,la Dreta de l'Eixample,Carrer,AUSIAS MARC,2,24,,,,,,,04,2
02-2014-1438,02,L'EIXAMPLE,06,la Sagrada Família,Carrer,SARDENYA,2,334,,,,,,,AT,
02-2014-1439,02,L'EIXAMPLE,07,la Dreta de l'Eixample,Carrer,BAILEN,1,77,,,,,,,PR,1
02-2014-1441,02,L'EIXAMPLE,06,la Sagrada Família,Carrer,PROVENÇA,1,529,,,,,,,PR,3
02-2014-1456,02,L'EIXAMPLE,05,el Fort Pienc,Carrer,MARINA,1,189,,,,,,,PR,2
02-2014-1457,02,L'EIXAMPLE,06,la Sagrada Família,Carrer,SARDENYA,2,398,,,,,,,01,1
02-2014-1459,02,L'EIXAMPLE,10,Sant Antoni,Carrer,CASANOVA,1,11,,,,,,,EN,
02-2014-1461,02,L'EIXAMPLE,08,l'Antiga Esquerra de l'Eixample,Carrer,PROVENÇA,2,242,,,,,,,03,2
02-2014-1485,02,L'EIXAMPLE,08,l'Antiga Esquerra de l'Eixample,Carrer,CORSEGA,2,244,,,,,,,03,1
02-2014-1488,02,L'EIXAMPLE,10,Sant Antoni,Carrer,ENTENÇA,2,34,,,,,,,2,2
02-2014-1501,02,L'EIXAMPLE,07,la Dreta de l'Eixample,Carrer,ARAGO,2,266,,,,,,,07,
02-2014-1525,02,L'EIXAMPLE,09,la Nova Esquerra de l'Eixample,Avinguda,SARRIA,1,31,,,,,,,PR,4
02-2014-1528,02,L'EIXAMPLE,06,la Sagrada Família,Carrer,CORSEGA,2,526,,,,,,,5,1
02-2014-1531,02,L'EIXAMPLE,08,l'Antiga Esquerra de l'Eixample,Carrer,PROVENÇA,2,192,,194,,,,,5,3
02-2014-1532,02,L'EIXAMPLE,09,la Nova Esquerra de l'Eixample,Avinguda,SARRIA,1,31,,,,,,,01,3
02-2014-1534,02,L'EIXAMPLE,09,la Nova Esquerra de l'Eixample,Avinguda,SARRIA,1,31,,,,,,,04,1
02-2014-1542,02,L'EIXAMPLE,08,l'Antiga Esquerra de l'Eixample,Carrer,ENRIC GRANADOS,1,23,,,,,,,PR,1
02-2014-1545,02,L'EIXAMPLE,09,la Nova Esquerra de l'Eixample,Carrer,ENTENÇA,2,58,,,,,,,EN,1
02-2014-1547,02,L'EIXAMPLE,06,la Sagrada Família,Carrer,SARDENYA,1,263,,,,,,,EN,2
02-2014-1552,02,L'EIXAMPLE,06,la Sagrada Família,Passatge,VILARET,2,38,,,,,,,02,2
02-2014-1553,02,L'EIXAMPLE,07,la Dreta de l'Eixample,Carrer,CASP,1,41,,,,,,,02,1B
02-2014-1554,02,L'EIXAMPLE,08,l'Antiga Esquerra de l'Eixample,Carrer,LONDRES,1,85,,,,,,,05,2
02-2014-1559,02,L'EIXAMPLE,07,la Dreta de l'Eixample,Carrer,ROSSELLO,2,210,,,,,,,03,1
02-2014-1570,02,L'EIXAMPLE,07,la Dreta de l'Eixample,Carrer,PAU CLARIS,1,99,,,,,,2,5,1
02-2014-1587,02,L'EIXAMPLE,07,la Dreta de l'Eixample,Carrer,PAU CLARIS,1,99,,,,,,2,2,2
02-2014-1592,02,L'EIXAMPLE,05,el Fort Pienc,Carrer,CASP,2,150,,,,,,,03,1
02-2014-1602,02,L'EIXAMPLE,10,Sant Antoni,Carrer,FLORIDABLANCA,1,49,,,,,,,PR,2
02-2014-1655,02,L'EIXAMPLE,09,la Nova Esquerra de l'Eixample,Carrer,ENTENÇA,2,84,,,,,,,07,4
02-2014-1658,02,L'EIXAMPLE,10,Sant Antoni,Carrer,COMTE D'URGELL,1,47,,,,,,,07,6
02-2014-1663,02,L'EIXAMPLE,07,la Dreta de l'Eixample,Carrer,ROGER DE FLOR,2,146,,,,,,B,01,3
02-2014-1704,02,L'EIXAMPLE,08,l'Antiga Esquerra de l'Eixample,Carrer,CONSELL DE CENT,2,254,,,,,,,04,3
02-2014-1706,02,L'EIXAMPLE,09,la Nova Esquerra de l'Eixample,Carrer,COMTE D'URGELL,1,131,,,,,,,02,2
02-2014-1723,02,L'EIXAMPLE,09,la Nova Esquerra de l'Eixample,Carrer,COMTE D'URGELL,1,131,,,,,,,04,4
02-2014-1727,02,L'EIXAMPLE,09,la Nova Esquerra de l'Eixample,Carrer,COMTE D'URGELL,1,131,,,,,,,06,1
02-2014-1732,02,L'EIXAMPLE,09,la Nova Esquerra de l'Eixample,Carrer,COMTE D'URGELL,1,131,,,,,,,07,1
02-2014-1735,02,L'EIXAMPLE,09,la Nova Esquerra de l'Eixample,Carrer,COMTE D'URGELL,1,131,,,,,,,06,3
02-2014-1739,02,L'EIXAMPLE,08,l'Antiga Esquerra de l'Eixample,Carrer,VILLARROEL,2,90,,,,,,,PR,1
02-2014-1741,02,L'EIXAMPLE,09,la Nova Esquerra de l'Eixample,Carrer,COMTE D'URGELL,1,131,,,,,,,03,4
02-2014-1755,02,L'EIXAMPLE,06,la Sagrada Família,Carrer,CORSEGA,2,518,,,,,,,03,2
02-2014-1757,02,L'EIXAMPLE,09,la Nova Esquerra de l'Eixample,Carrer,COMTE D'URGELL,1,63,,,,,,D,PR,2B
02-2014-1767,02,L'EIXAMPLE,06,la Sagrada Família,Carrer,CORSEGA,2,518,,,,,,,PR,4
02-2014-1781,02,L'EIXAMPLE,06,la Sagrada Família,Carrer,CORSEGA,2,518,,,,,,,04,4
02-2014-1819,02,L'EIXAMPLE,07,la Dreta de l'Eixample,Carrer,DIPUTACIO,2,360,,,,,,,03,1
02-2014-2025,02,L'EIXAMPLE,06,la Sagrada Família,Carrer,CORSEGA,2,570,,,,,,,03,1
02-2014-2026,02,L'EIXAMPLE,07,la Dreta de l'Eixample,Passeig,GRACIA,1,3,,,,,,,03,4
02-2014-2072,02,L'EIXAMPLE,08,l'Antiga Esquerra de l'Eixample,Carrer,CASANOVA,2,160,,,,,,,04,2
02-2014-2080,02,L'EIXAMPLE,10,Sant Antoni,Carrer,FLORIDABLANCA,1,31,,,,,,E,1,4
02-2014-2081,02,L'EIXAMPLE,06,la Sagrada Família,Carrer,ROSSELLO,2,450,,,,,,,BJ,
02-2014-2142,02,L'EIXAMPLE,07,la Dreta de l'Eixample,Rambla,CATALUNYA,2,42,,,,,,,AT,1A
02-2014-2143,02,L'EIXAMPLE,06,la Sagrada Família,Carrer,CASTILLEJOS,1,241,,,,,,,02,2
02-2014-2147,02,L'EIXAMPLE,05,el Fort Pienc,Gran Via,CORTS CATALANES,1,701,,,,,,,SA,1
02-2014-2149,02,L'EIXAMPLE,08,l'Antiga Esquerra de l'Eixample,Carrer,COMTE D'URGELL,2,126,,,,,,,05,
02-2014-2174,02,L'EIXAMPLE,08,l'Antiga Esquerra de l'Eixample,Carrer,VILLARROEL,2,136,,,,,,,EN,2
02-2014-2208,02,L'EIXAMPLE,10,Sant Antoni,Carrer,COMTE D'URGELL,2,18,,,,,,,03,1
02-2014-2447,02,L'EIXAMPLE,10,Sant Antoni,Carrer,CALABRIA,1,65,,,,,,,02,3
02-2016-0549,02,L'EIXAMPLE,07,la Dreta de l'Eixample,Carrer,BALMES,2,64,,,,,,,PR,2
02-2016-0555,02,L'EIXAMPLE,08,l'Antiga Esquerra de l'Eixample,Carrer,ENRIC GRANADOS,2,30,,,,,B,,4,2
02-2016-0568,02,L'EIXAMPLE,06,la Sagrada Família,Avinguda,GAUDI,1,27,,29,,,,,2,2
02-2016-0688,02,L'EIXAMPLE,07,la Dreta de l'Eixample,Carrer,VALENCIA,1,277,,,,,,,4,1
02-2016-0703,02,L'EIXAMPLE,07,la Dreta de l'Eixample,Carrer,VALENCIA,1,277,,,,,,,3,1
02-2016-0717,02,L'EIXAMPLE,07,la Dreta de l'Eixample,Carrer,VALENCIA,1,277,,,,,,,2,2
02-2016-0718,02,L'EIXAMPLE,07,la Dreta de l'Eixample,Carrer,VALENCIA,1,277,,,,,,,2,3
02-2016-0728,02,L'EIXAMPLE,07,la Dreta de l'Eixample,Carrer,VALENCIA,1,277,,,,,,,PR,2
02-2016-0779,02,L'EIXAMPLE,07,la Dreta de l'Eixample,Carrer,PAU CLARIS,1,99,,101,,,,1,3,1
02-2016-0860,02,L'EIXAMPLE,07,la Dreta de l'Eixample,Carrer,PAU CLARIS,1,99,,101,,,,2,2,1
02-2016-0861,02,L'EIXAMPLE,07,la Dreta de l'Eixample,Carrer,PAU CLARIS,1,99,,101,,,,2,2,3
02-2016-0862,02,L'EIXAMPLE,07,la Dreta de l'Eixample,Carrer,PAU CLARIS,1,99,,101,,,,1,5,4
02-2016-0945,02,L'EIXAMPLE,07,la Dreta de l'Eixample,Passeig,GRACIA,1,99,,,,,,,5,B
02-2016-0946,02,L'EIXAMPLE,07,la Dreta de l'Eixample,Passeig,GRACIA,1,89,,,,,,,4,1
02-2020-0236,02,L'EIXAMPLE,05,el Fort Pienc,Carrer,CONSELL DE CENT,2,506,,,,,,,3,1
02-2020-0244,02,L'EIXAMPLE,05,el Fort Pienc,Carrer,CONSELL DE CENT,2,506,,,,,,,7,
02-2022-0159,02,L'EIXAMPLE,07,la Dreta de l'Eixample,Ronda,UNIVERSITAT,1,17,,,,,,,4,3
02-2022-0512,02,L'EIXAMPLE,09,la Nova Esquerra de l'Eixample,Carrer,TARRAGONA,2,84,,,,,,A,12,1
02-2022-0533,02,L'EIXAMPLE,09,la Nova Esquerra de l'Eixample,Carrer,TARRAGONA,2,84,,,,,,B,7,2
02-2022-0569,02,L'EIXAMPLE,09,la Nova Esquerra de l'Eixample,Carrer,TARRAGONA,2,84,,,,,,C,6,2
02-2022-0577,02,L'EIXAMPLE,09,la Nova Esquerra de l'Eixample,Carrer,TARRAGONA,2,84,,,,,,C,8,2
02-2022-0593,02,L'EIXAMPLE,09,la Nova Esquerra de l'Eixample,Carrer,TARRAGONA,2,84,,,,,,C,12,2
02-2023-0518,02,L'EIXAMPLE,08,l'Antiga Esquerra de l'Eixample,Carrer,COMTE D'URGELL,2,122,,,,,,,3,1
02-2023-0519,02,L'EIXAMPLE,09,la Nova Esquerra de l'Eixample,Avinguda,JOSEP TARRADELLAS,2,40,,,,,,,AT,1
02-2023-0588,02,L'EIXAMPLE,07,la Dreta de l'Eixample,Avinguda,DIAGONAL,2,438,,,,,,,8,
02-2023-0622,02,L'EIXAMPLE,09,la Nova Esquerra de l'Eixample,Carrer,CORSEGA,2,68,,,,,A,,4,2
02-2023-0626,02,L'EIXAMPLE,09,la Nova Esquerra de l'Eixample,Carrer,CORSEGA,2,68,,,,,A,,6,1
02-2023-0638,02,L'EIXAMPLE,09,la Nova Esquerra de l'Eixample,Carrer,CORSEGA,2,68,,,,,B,,2,1
02-2023-0646,02,L'EIXAMPLE,09,la Nova Esquerra de l'Eixample,Carrer,CORSEGA,2,68,,,,,B,,5,2
02-2023-0648,02,L'EIXAMPLE,09,la Nova Esquerra de l'Eixample,Carrer,CORSEGA,2,68,,,,,B,,6,2
02-2023-0729,02,L'EIXAMPLE,09,la Nova Esquerra de l'Eixample,Carrer,ENTENÇA,2,178,,,,,,,2,6
02-2023-0940,02,L'EIXAMPLE,10,Sant Antoni,Carrer,COMTE D'URGELL,2,60,,,,,,,3,3
02-2023-0943,02,L'EIXAMPLE,10,Sant Antoni,Carrer,SEPULVEDA,2,174,,,,,,,2,1
02-2023-0945,02,L'EIXAMPLE,10,Sant Antoni,Carrer,SEPULVEDA,2,174,,,,,,,1,1
02-2023-0966,02,L'EIXAMPLE,07,la Dreta de l'Eixample,Carrer,BAILEN,1,125,,,,,,,2,4
02-2023-0995,02,L'EIXAMPLE,10,Sant Antoni,Carrer,VILLARROEL,2,52,,56,,,,,1,3
02-2023-0997,02,L'EIXAMPLE,08,l'Antiga Esquerra de l'Eixample,Carrer,PARIS,1,125,,,,,,,5,4
02-2023-1018,02,L'EIXAMPLE,09,la Nova Esquerra de l'Eixample,Gran Via,CORTS CATALANES,1,439,,,,,,,6,2
02-2024-0028,02,L'EIXAMPLE,10,Sant Antoni,Carrer,ENTENÇA,1,33,,,,,,,1,1
02-2024-0063,02,L'EIXAMPLE,10,Sant Antoni,Gran Via,CORTS CATALANES,2,536,,,,,,,1,4
02-2024-0069,02,L'EIXAMPLE,10,Sant Antoni,Gran Via,CORTS CATALANES,2,536,,,,,,,3,1
02-2024-0083,02,L'EIXAMPLE,07,la Dreta de l'Eixample,Carrer,VALENCIA,2,358,,,,,,,PR,2E
02-2024-0092,02,L'EIXAMPLE,09,la Nova Esquerra de l'Eixample,Carrer,ENTENÇA,2,140,,,,,,,5,1
02-2024-0208,02,L'EIXAMPLE,06,la Sagrada Família,Carrer,MALLORCA,1,447,,,,,,,3,1
02-2024-0209,02,L'EIXAMPLE,06,la Sagrada Família,Carrer,MALLORCA,1,447,,,,,,,EN,1
02-2024-0212,02,L'EIXAMPLE,06,la Sagrada Família,Carrer,MALLORCA,1,447,,,,,,,4,1
02-2024-0213,02,L'EIXAMPLE,06,la Sagrada Família,Carrer,MALLORCA,1,447,,,,,,,3,4
02-2024-0339,02,L'EIXAMPLE,06,la Sagrada Família,Carrer,VALENCIA,2,446,,,,,,,EN,2
02-2024-0374,02,L'EIXAMPLE,05,el Fort Pienc,Passeig,SANT JOAN,2,4,,,,,,,2,3
02-2024-0376,02,L'EIXAMPLE,05,el Fort Pienc,Passeig,SANT JOAN,2,4,,,,,,,2,1
02-2024-0428,02,L'EIXAMPLE,05,el Fort Pienc,Passeig,SANT JOAN,2,4,,,,,,,3,2
02-2024-0465,02,L'EIXAMPLE,05,el Fort Pienc,Carrer,MARINA,2,212,,,,,,,7,1
02-2024-0466,02,L'EIXAMPLE,05,el Fort Pienc,Carrer,MARINA,2,212,,,,,,,6,2
02-2024-0469,02,L'EIXAMPLE,05,el Fort Pienc,Carrer,MARINA,2,212,,,,,,,4,1
02-2024-0471,02,L'EIXAMPLE,07,la Dreta de l'Eixample,Rambla,CATALUNYA,2,52,,,,,,,SA,3
03-2008-0326,03,SANTS-MONTJUÏC,18,Sants,Rambla,BADAL,2,148,,,,,,,03,2
03-2008-0459,03,SANTS-MONTJUÏC,11,el Poble Sec,Carrer,BLASCO DE GARAY,1,31,,,,,,,01,2
03-2009-0046,03,SANTS-MONTJUÏC,18,Sants,Carrer,ROBRENYO,1,33,,,,,,,BJ,A
03-2009-0128,03,SANTS-MONTJUÏC,15,Hostafrancs,Carrer,TORRE D'EN DAMIANS,2,4,,,,,,,1,1
03-2009-0171,03,SANTS-MONTJUÏC,18,Sants,Passeig,SANT ANTONI,2,30,,,,,,,02,1
03-2009-0175,03,SANTS-MONTJUÏC,18,Sants,Passeig,SANT ANTONI,2,30,,,,,,,02,4
03-2009-0176,03,SANTS-MONTJUÏC,18,Sants,Passeig,SANT ANTONI,2,30,,,,,,,05,1
03-2009-0179,03,SANTS-MONTJUÏC,18,Sants,Passeig,SANT ANTONI,2,30,,,,,,,05,2
03-2009-0183,03,SANTS-MONTJUÏC,18,Sants,Passeig,SANT ANTONI,2,30,,,,,,,07,3
03-2009-0262,03,SANTS-MONTJUÏC,11,el Poble Sec,Carrer,OLIVERA,1,35,,,,,,,01,1
03-2010-0102,03,SANTS-MONTJUÏC,15,Hostafrancs,Carrer,RECTOR TRIADO,2,48,,50,,,,A,02,3
03-2010-0110,03,SANTS-MONTJUÏC,15,Hostafrancs,Carrer,RECTOR TRIADO,2,48,,50,,,,A,01,1
03-2010-0111,03,SANTS-MONTJUÏC,15,Hostafrancs,Carrer,RECTOR TRIADO,2,48,,50,,,,A,BJ,1
03-2010-0469,03,SANTS-MONTJUÏC,11,el Poble Sec,Carrer,VILA I VILA,1,69,,,,,,,04,1
03-2011-0183,03,SANTS-MONTJUÏC,11,el Poble Sec,Avinguda,PARAL.LEL,1,65,,,,,,,04,3
03-2011-0188,03,SANTS-MONTJUÏC,11,el Poble Sec,Avinguda,PARAL.LEL,1,65,,,,,,,02,1
03-2011-0205,03,SANTS-MONTJUÏC,11,el Poble Sec,Avinguda,PARAL.LEL,1,65,,,,,,,06,2
03-2012-0088,03,SANTS-MONTJUÏC,15,Hostafrancs,Carrer,CALLAO,2,20,,,,,,,BJ,1
03-2012-0090,03,SANTS-MONTJUÏC,15,Hostafrancs,Carrer,CALLAO,2,20,,,,,,,01,2
03-2012-0133,03,SANTS-MONTJUÏC,11,el Poble Sec,Carrer,ELKANO,1,73,,,,,,,01,2
03-2012-0181,03,SANTS-MONTJUÏC,11,el Poble Sec,Carrer,ELKANO,2,58,,,,,,,04,1
03-2012-0196,03,SANTS-MONTJUÏC,14,la Font de la Guatlla,Gran Via,CORTS CATALANES,2,312,,,,,,,3,1
03-2012-0236,03,SANTS-MONTJUÏC,11,el Poble Sec,Carrer,OLIVERA,1,23,,,,,,,02,3
03-2012-0250,03,SANTS-MONTJUÏC,15,Hostafrancs,Carrer,CREU COBERTA,2,94,,,,,,,02,2
03-2012-0260,03,SANTS-MONTJUÏC,11,el Poble Sec,Carrer,PIQUER,1,51,,,,,,,01,2
03-2012-0269,03,SANTS-MONTJUÏC,11,el Poble Sec,Carrer,MURILLO,2,6,,,,,,,01,2
03-2012-0271,03,SANTS-MONTJUÏC,11,el Poble Sec,Avinguda,PARAL.LEL,1,17,,19,,,,,07,2
03-2012-0278,03,SANTS-MONTJUÏC,11,el Poble Sec,Carrer,SALVA,1,37,,,,,,,04,2
03-2012-0286,03,SANTS-MONTJUÏC,11,el Poble Sec,Carrer,POETA CABANYES,1,23,,,,,,,02,2
03-2012-0329,03,SANTS-MONTJUÏC,11,el Poble Sec,Carrer,CONCORDIA,2,26,,,,,,,03,3
03-2012-0340,03,SANTS-MONTJUÏC,15,Hostafrancs,Carrer,TORRE D'EN DAMIANS,2,14,B,,,,,,BJ,
03-2012-0374,03,SANTS-MONTJUÏC,18,Sants,Carrer,VALLADOLID,1,21,,,,,,,01,
03-2012-0377,03,SANTS-MONTJUÏC,11,el Poble Sec,Carrer,RADAS,1,59,,,,,,,03,1
03-2012-0384,03,SANTS-MONTJUÏC,18,Sants,Carrer,VALLADOLID,1,21,,,,,,,03,
03-2012-0386,03,SANTS-MONTJUÏC,11,el Poble Sec,Carrer,POETA CABANYES,2,20,B,,,,,,3,1
03-2012-0389,03,SANTS-MONTJUÏC,16,la Bordeta,Rambla,BADAL,2,20,,22,,,,B,AT,3
03-2012-0438,03,SANTS-MONTJUÏC,14,la Font de la Guatlla,Carrer,SANT FRUCTUOS,2,64,,74,,,,,01,4
03-2012-0451,03,SANTS-MONTJUÏC,11,el Poble Sec,Carrer,ROSER,1,7,,,,,,,03,1
03-2012-0471,03,SANTS-MONTJUÏC,13,la Marina de Port,Carrer,FERROCARRILS CATALANS,1,41,,,,,,3,03,A
03-2013-0005,03,SANTS-MONTJUÏC,15,Hostafrancs,Carrer,CREU COBERTA,2,90,,,,,,,01,1
03-2013-0130,03,SANTS-MONTJUÏC,17,Sants - Badal,Carrer,SANTS,1,387,,,,,,,03,7
03-2013-0132,03,SANTS-MONTJUÏC,17,Sants - Badal,Carrer,SANTS,1,387,,,,,,,04,6
03-2013-0156,03,SANTS-MONTJUÏC,17,Sants - Badal,Carrer,SANTS,1,387,,,,,,,07,3
03-2013-0175,03,SANTS-MONTJUÏC,11,el Poble Sec,Carrer,BLASCO DE GARAY,1,33,,,,,,,4,1
03-2013-0181,03,SANTS-MONTJUÏC,15,Hostafrancs,Carrer,CALLAO,2,8,,,,,,,AT,
03-2013-0184,03,SANTS-MONTJUÏC,11,el Poble Sec,Carrer,RADAS,2,38,,40,,,,,AT,2
03-2013-0187,03,SANTS-MONTJUÏC,11,el Poble Sec,Avinguda,PARAL.LEL,1,103,B,,,,,,04,1
03-2013-0212,03,SANTS-MONTJUÏC,15,Hostafrancs,Carrer,PRINCEP JORDI,2,6,,,,,,,01,1
03-2013-0231,03,SANTS-MONTJUÏC,18,Sants,Avinguda,JOSEP TARRADELLAS,1,3,,,,,,,03,2
03-2013-0265,03,SANTS-MONTJUÏC,17,Sants - Badal,Rambla,BADAL,1,123,,,,,,,01,4
03-2013-0272,03,SANTS-MONTJUÏC,11,el Poble Sec,Carrer,PIQUER,1,55,,,,,,,02,3
03-2013-0309,03,SANTS-MONTJUÏC,17,Sants - Badal,Riera,BLANCA,1,119,,,,,,,02,
03-2013-0315,03,SANTS-MONTJUÏC,11,el Poble Sec,Carrer,TAPIOLES,1,9,,,,,,,4,4
03-2013-0345,03,SANTS-MONTJUÏC,15,Hostafrancs,Carrer,CREU COBERTA,2,50,,,,,,,02,1
03-2013-0397,03,SANTS-MONTJUÏC,11,el Poble Sec,Avinguda,PARAL.LEL,1,135,,,,,,,05,4
03-2013-0399,03,SANTS-MONTJUÏC,11,el Poble Sec,Carrer,SALVA,1,73,,,,,,,04,1
03-2013-0402,03,SANTS-MONTJUÏC,11,el Poble Sec,Carrer,FONTRODONA,1,17,,,,,,,01,2
03-2013-0448,03,SANTS-MONTJUÏC,11,el Poble Sec,Carrer,MATA,2,24,,,,,,,2,2
03-2013-0455,03,SANTS-MONTJUÏC,18,Sants,Carrer,VALLESPIR,2,18,,,,,,,3,2
03-2013-0481,03,SANTS-MONTJUÏC,11,el Poble Sec,Carrer,SALVA,2,46,,,,,,,01,1
03-2013-0488,03,SANTS-MONTJUÏC,14,la Font de la Guatlla,Gran Via,CORTS CATALANES,2,290,,,,,,,03,3
03-2013-0499,03,SANTS-MONTJUÏC,11,el Poble Sec,Carrer,FONTRODONA,1,17,,,,,,,04,1
03-2013-0548,03,SANTS-MONTJUÏC,11,el Poble Sec,Carrer,TAPIOLES,1,53,,,,,,,PR,1
03-2013-0655,03,SANTS-MONTJUÏC,18,Sants,Carrer,SANTS,1,19,,,,,,,03,
03-2013-0673,03,SANTS-MONTJUÏC,11,el Poble Sec,Carrer,LAFONT,2,4,,,,,,,02,2
03-2013-0697,03,SANTS-MONTJUÏC,11,el Poble Sec,Plaça,SORTIDOR,2,4,,,,,,,2,3
03-2013-0721,03,SANTS-MONTJUÏC,11,el Poble Sec,Carrer,NOU DE LA RAMBLA,2,152,,,,,,,02,4
03-2013-0734,03,SANTS-MONTJUÏC,15,Hostafrancs,Carrer,PRINCEP JORDI,1,7,,,,,,,EN,3
03-2013-0747,03,SANTS-MONTJUÏC,11,el Poble Sec,Carrer,MAGALHAES,1,39,,,,,,,02,1
03-2013-0756,03,SANTS-MONTJUÏC,11,el Poble Sec,Carrer,ROSER,2,30,,,,,,,01,3
03-2013-0767,03,SANTS-MONTJUÏC,15,Hostafrancs,Carrer,ALIGA,2,28,,,,,,,AT,
03-2013-0770,03,SANTS-MONTJUÏC,11,el Poble Sec,Carrer,CREU DELS MOLERS,2,20,,,,,,,04,3
03-2014-0023,03,SANTS-MONTJUÏC,16,la Bordeta,Carrer,JOCS FLORALS,2,150,,,,,,,BJ,
03-2014-0033,03,SANTS-MONTJUÏC,11,el Poble Sec,Carrer,VILA I VILA,2,80,,,,,,,PR,2
03-2014-0046,03,SANTS-MONTJUÏC,11,el Poble Sec,Carrer,PALMA,2,10,,,,,,,03,2
03-2014-0076,03,SANTS-MONTJUÏC,11,el Poble Sec,Carrer,HORTES,1,3,,,,,,,BJ,1
03-2014-0077,03,SANTS-MONTJUÏC,18,Sants,Carrer,SANTS,2,60,,,,,,,EN,
03-2014-0090,03,SANTS-MONTJUÏC,11,el Poble Sec,Carrer,BLASCO DE GARAY,1,7,,,,,,,01,2
03-2014-0124,03,SANTS-MONTJUÏC,11,el Poble Sec,Carrer,ROSER,2,28,,,,,,,EN,A
03-2014-0202,03,SANTS-MONTJUÏC,15,Hostafrancs,Carrer,MIQUEL BLEACH,2,16,,,,,,,01,2
03-2014-0206,03,SANTS-MONTJUÏC,11,el Poble Sec,Carrer,ROSER,2,18,,,,,,,01,2
03-2014-0209,03,SANTS-MONTJUÏC,18,Sants,Carrer,DAOIZ I VELARDE,1,5,,,,,,,EN,
03-2014-0217,03,SANTS-MONTJUÏC,12,la Marina del Prat Vermell,Carrer,GABRIEL MIRO,2,14,,,,,,,BJ,
03-2014-0231,03,SANTS-MONTJUÏC,11,el Poble Sec,Avinguda,PARAL.LEL,1,105,,,,,,,05,3
03-2014-0236,03,SANTS-MONTJUÏC,11,el Poble Sec,Carrer,PIQUER,2,52,,,,,,,04,1
03-2014-0241,03,SANTS-MONTJUÏC,15,Hostafrancs,Carrer,MOIANES,1,73,,75,,,,,01,4
03-2014-0262,03,SANTS-MONTJUÏC,15,Hostafrancs,Carrer,MOIANES,1,73,,75,,,,,01,1
03-2014-0264,03,SANTS-MONTJUÏC,15,Hostafrancs,Carrer,MOIANES,1,73,,75,,,,,01,3
03-2014-0265,03,SANTS-MONTJUÏC,15,Hostafrancs,Carrer,MOIANES,1,73,,75,,,,,01,5
03-2014-0270,03,SANTS-MONTJUÏC,15,Hostafrancs,Carrer,MOIANES,1,73,,75,,,,,02,1
03-2014-0271,03,SANTS-MONTJUÏC,15,Hostafrancs,Carrer,MOIANES,1,73,,75,,,,,02,2
03-2014-0272,03,SANTS-MONTJUÏC,15,Hostafrancs,Carrer,MOIANES,1,73,,75,,,,,02,3
03-2014-0345,03,SANTS-MONTJUÏC,11,el Poble Sec,Carrer,BOBILA,1,13,,,,,,,01,4
03-2014-0356,03,SANTS-MONTJUÏC,11,el Poble Sec,Carrer,FONTRODONA,1,13,B,,,,,,PR,3
03-2014-0358,03,SANTS-MONTJUÏC,11,el Poble Sec,Carrer,FONTRODONA,1,13,B,,,,,,BJ,1
03-2014-0380,03,SANTS-MONTJUÏC,11,el Poble Sec,Carrer,RADAS,1,61,,,,,,,04,1
03-2014-0383,03,SANTS-MONTJUÏC,11,el Poble Sec,Carrer,CONCORDIA,2,28,,,,,,,03,1
03-2014-0392,03,SANTS-MONTJUÏC,11,el Poble Sec,Carrer,SALVA,1,37,,,,,,,02,3
03-2014-0395,03,SANTS-MONTJUÏC,17,Sants - Badal,Carrer,MIQUEL ANGEL,2,118,,,,,,,04,2
03-2014-0398,03,SANTS-MONTJUÏC,14,la Font de la Guatlla,Gran Via,CORTS CATALANES,2,224,,,,,,,AT,4
03-2014-0434,03,SANTS-MONTJUÏC,11,el Poble Sec,Avinguda,RIUS I TAULET,1,1,B,,,,,,3,3
03-2014-0441,03,SANTS-MONTJUÏC,11,el Poble Sec,Carrer,MATA,1,13,,,,,,,3,4
03-2014-0461,03,SANTS-MONTJUÏC,14,la Font de la Guatlla,Carrer,AMPOSTA,2,20,,,,,,,BJ,
03-2014-0462,03,SANTS-MONTJUÏC,11,el Poble Sec,Carrer,SALVA,1,1,,,,,,,03,12
03-2014-0485,03,SANTS-MONTJUÏC,11,el Poble Sec,Carrer,POETA CABANYES,2,22,,,,,,,02,2
03-2014-0538,03,SANTS-MONTJUÏC,18,Sants,Carrer,MELCIOR DE PALAU,1,35,,,,,,A,6,2
03-2014-0595,03,SANTS-MONTJUÏC,14,la Font de la Guatlla,Carrer,MEXIC,2,24,,,,,,,3,1
03-2014-0604,03,SANTS-MONTJUÏC,14,la Font de la Guatlla,Carrer,MEXIC,2,24,,,,,,,5,2
03-2014-0611,03,SANTS-MONTJUÏC,14,la Font de la Guatlla,Carrer,MEXIC,2,26,,,,,,,02,1
03-2014-0619,03,SANTS-MONTJUÏC,14,la Font de la Guatlla,Carrer,MEXIC,2,26,,,,,,,04,2
03-2014-0629,03,SANTS-MONTJUÏC,11,el Poble Sec,Passatge,PRUNERA,2,12,,,,,,,04,2
03-2014-0682,03,SANTS-MONTJUÏC,13,la Marina de Port,Carrer,GAIA,2,6,,,,,,,01,3
03-2014-0684,03,SANTS-MONTJUÏC,16,la Bordeta,Carrer,GAVA,2,24,,,,,,,02,4
03-2014-0740,03,SANTS-MONTJUÏC,18,Sants,Carrer,NOGUERA PALLARESA,1,13,,,,,,,BJ,1
03-2014-0749,03,SANTS-MONTJUÏC,18,Sants,Carrer,IBERIA,1,1,,,,,,,1,3
03-2014-0752,03,SANTS-MONTJUÏC,18,Sants,Carrer,IBERIA,1,1,,,,,,,2,2
03-2014-0760,03,SANTS-MONTJUÏC,18,Sants,Carrer,SANTS,2,138,,,,,,,3,1
03-2014-0777,03,SANTS-MONTJUÏC,18,Sants,Carrer,CANALEJAS,1,7,,,,,,,01,
03-2014-0793,03,SANTS-MONTJUÏC,18,Sants,Carrer,TINENT FLOMESTA,1,37,,,,,,,AT,1
03-2014-0801,03,SANTS-MONTJUÏC,18,Sants,Carrer,RIERA DE TENA,1,37,,,,,,,BJ,1
03-2014-0823,03,SANTS-MONTJUÏC,18,Sants,Carrer,VALLESPIR,2,90,,,,,,,1,1
03-2014-0824,03,SANTS-MONTJUÏC,18,Sants,Carrer,VALLESPIR,2,90,,,,,,,01,2
03-2014-0864,03,SANTS-MONTJUÏC,17,Sants - Badal,Carrer,ROGER,2,32,,,,,,,05,1
03-2023-0245,03,SANTS-MONTJUÏC,11,el Poble Sec,Avinguda,PARAL.LEL,1,159,,,,,,,4,1
03-2023-0252,03,SANTS-MONTJUÏC,11,el Poble Sec,Avinguda,PARAL.LEL,1,159,,,,,,,6,2
03-2023-0353,03,SANTS-MONTJUÏC,14,la Font de la Guatlla,Carrer,SANT FRUCTUOS,2,64,,74,,,,,2,7
03-2023-0361,03,SANTS-MONTJUÏC,14,la Font de la Guatlla,Carrer,SANT FRUCTUOS,2,64,,74,,,,,2,15
03-2023-0367,03,SANTS-MONTJUÏC,14,la Font de la Guatlla,Carrer,SANT FRUCTUOS,2,64,,74,,,,,2,21
03-2023-0380,03,SANTS-MONTJUÏC,14,la Font de la Guatlla,Carrer,SANT FRUCTUOS,2,64,,74,,,,,3,6
03-2023-0382,03,SANTS-MONTJUÏC,14,la Font de la Guatlla,Carrer,SANT FRUCTUOS,2,64,,74,,,,,3,8
03-2023-0387,03,SANTS-MONTJUÏC,14,la Font de la Guatlla,Carrer,SANT FRUCTUOS,2,64,,74,,,,,3,13
03-2023-0401,03,SANTS-MONTJUÏC,14,la Font de la Guatlla,Carrer,SANT FRUCTUOS,2,64,,74,,,,,3,27
03-2024-0057,03,SANTS-MONTJUÏC,11,el Poble Sec,Carrer,FONT HONRADA,1,37,,,,,,,2,1
03-2024-0138,03,SANTS-MONTJUÏC,11,el Poble Sec,Carrer,MARGARIT,1,21,,,,,,,PR,1
03-2024-0142,03,SANTS-MONTJUÏC,11,el Poble Sec,Carrer,MARGARIT,1,21,,,,,,,EN,2
03-2024-0143,03,SANTS-MONTJUÏC,11,el Poble Sec,Carrer,NOU DE LA RAMBLA,1,147,,,,,,,PR,1
03-2024-0146,03,SANTS-MONTJUÏC,11,el Poble Sec,Plaça,SANTA MADRONA,2,2,,,,,,,4,2
04-2010-0170,04,LES CORTS,19,les Corts,Carrer,JOAN GUELL,1,169,,,,,,,BJ,2
04-2010-0173,04,LES CORTS,19,les Corts,Carrer,JOAN GUELL,1,169,,,,,,,01,2
04-2010-0181,04,LES CORTS,19,les Corts,Carrer,JOAN GUELL,1,169,,,,,,,02,1
04-2010-0182,04,LES CORTS,19,les Corts,Carrer,JOAN GUELL,1,169,,,,,,,02,2
04-2010-0202,04,LES CORTS,19,les Corts,Carrer,JOAN GUELL,1,169,,,,,,,04,3
04-2010-0208,04,LES CORTS,19,les Corts,Carrer,JOAN GUELL,1,169,,,,,,,05,1
04-2010-0303,04,LES CORTS,19,les Corts,Carrer,NUMANCIA,2,126,,,,,,,03,1
04-2010-0306,04,LES CORTS,19,les Corts,Carrer,NUMANCIA,2,126,,,,,,,04,1
04-2011-0231,04,LES CORTS,19,les Corts,Carrer,DEU I MATA,2,142,,,,,,,01,
04-2011-0282,04,LES CORTS,19,les Corts,Carrer,EQUADOR,1,31,,,,,,,05,1
04-2012-0228,04,LES CORTS,19,les Corts,Carrer,GERARD PIERA,1,5,,11,,,,,BJ,3
04-2012-0266,04,LES CORTS,20,la Maternitat i Sant Ramon,Travessera,CORTS,2,114,,,,,,,02,1
04-2013-0038,04,LES CORTS,19,les Corts,Avinguda,DIAGONAL,1,537,,,,,,,06,C
04-2013-0142,04,LES CORTS,19,les Corts,Travessera,CORTS,1,293,,,,,,,01,2
04-2013-0229,04,LES CORTS,19,les Corts,Carrer,GALILEU,2,316,,,,,,,5,4
04-2013-0249,04,LES CORTS,19,les Corts,Avinguda,DIAGONAL,1,489,,,,,,,03,1
04-2013-0257,04,LES CORTS,19,les Corts,Carrer,EUROPA,2,34,,36,,,,,01,1
04-2013-0303,04,LES CORTS,20,la Maternitat i Sant Ramon,Travessera,CORTS,2,136,,,,,,,BJ,2
04-2013-0356,04,LES CORTS,19,les Corts,Carrer,BERLIN,1,51,,,,,,,05,5
04-2013-0357,04,LES CORTS,19,les Corts,Carrer,BERLIN,1,51,,,,,,,01,4
04-2013-0371,04,LES CORTS,19,les Corts,Carrer,POBLA DE LILLET,2,22,,,,,,,BJ,B
04-2013-0444,04,LES CORTS,19,les Corts,Avinguda,MADRID,1,179,,,,,,,05,1
04-2014-0088,04,LES CORTS,19,les Corts,Carrer,JOAN GUELL,1,157,,,,,,,02,1
04-2014-0112,04,LES CORTS,19,les Corts,Carrer,VALLESPIR,1,163,,,,,,,04,1
04-2014-0158,04,LES CORTS,20,la Maternitat i Sant Ramon,Carrer,CARDENAL REIG,2,4,,,,,,,EN,4
04-2014-0191,04,LES CORTS,21,Pedralbes,Avinguda,PEDRALBES,2,16,,,,,,,1,
04-2014-0196,04,LES CORTS,19,les Corts,Carrer,AVIACIO,2,16,,,,,,,01,1
04-2014-0206,04,LES CORTS,19,les Corts,Travessera,CORTS,1,261,,,,,,,AT,2
04-2014-0245,04,LES CORTS,19,les Corts,Carrer,VALLESPIR,1,163,,,,,,,01,2
04-2014-0271,04,LES CORTS,19,les Corts,Carrer,GALILEU,2,316,,,,,,,1,5
04-2014-0274,04,LES CORTS,19,les Corts,Carrer,GALILEU,2,316,,,,,,,1,4
04-2014-0278,04,LES CORTS,19,les Corts,Carrer,GALILEU,2,316,,,,,,,3,5
04-2014-0284,04,LES CORTS,19,les Corts,Carrer,GALILEU,2,316,,,,,,,EN,5
04-2014-0298,04,LES CORTS,20,la Maternitat i Sant Ramon,Avinguda,MADRID,1,99,,101,,,,,01,1
04-2014-0306,04,LES CORTS,19,les Corts,Travessera,CORTS,1,299,,301,,,,B,EN,2
04-2014-0339,04,LES CORTS,20,la Maternitat i Sant Ramon,Riera,BLANCA,1,13,,,,,,,04,4
04-2014-0357,04,LES CORTS,19,les Corts,Carrer,BERLIN,1,99,,,,,,,SA,1
04-2014-0375,04,LES CORTS,19,les Corts,Travessera,CORTS,2,272,,,,,,B,11,1
04-2014-0379,04,LES CORTS,21,Pedralbes,Carrer,DOCTOR FERRAN,2,26,,,,,,,08,3
04-2023-0134,04,LES CORTS,20,la Maternitat i Sant Ramon,Carrer,SANTS,2,388,,,,,,,4,2
04-2023-0150,04,LES CORTS,19,les Corts,Carrer,LORETO,2,22,,,,,,,3,2
04-2024-0078,04,LES CORTS,19,les Corts,Carrer,GUITARD,2,80,,,,,,,6,4
04-2024-0080,04,LES CORTS,19,les Corts,Gran Via,CARLES III,2,58,,60,,,,,6,1
05-2008-0142,05,SARRIA-SANT GERVASI,26,Sant Gervasi - Galvany,Carrer,CALVET,1,17,,,,,,,07,2
05-2008-0323,05,SARRIA-SANT GERVASI,26,Sant Gervasi - Galvany,Passatge,MARIMON,1,11,,,,,,,03,2
05-2008-0330,05,SARRIA-SANT GERVASI,27,el Putxet i el Farró,Ronda,GENERAL MITRE,2,226,,,,,,,02,2
05-2008-0332,05,SARRIA-SANT GERVASI,27,el Putxet i el Farró,Ronda,GENERAL MITRE,2,226,,,,,,,3,2
05-2008-0420,05,SARRIA-SANT GERVASI,23,Sarrià,Carrer,BENET MATEU,2,26,,,,,,,03,2
05-2008-0461,05,SARRIA-SANT GERVASI,26,Sant Gervasi - Galvany,Carrer,LAFORJA,2,128,,,,,,,EN,2
05-2008-0462,05,SARRIA-SANT GERVASI,26,Sant Gervasi - Galvany,Carrer,LAFORJA,2,128,,,,,,,EN,3
05-2008-0466,05,SARRIA-SANT GERVASI,26,Sant Gervasi - Galvany,Carrer,LAFORJA,2,128,,,,,,,03,1
05-2008-0469,05,SARRIA-SANT GERVASI,26,Sant Gervasi - Galvany,Carrer,LAFORJA,2,128,,,,,,,03,4
05-2010-0017,05,SARRIA-SANT GERVASI,26,Sant Gervasi - Galvany,Carrer,BALMES,1,295,,,,,,,01,1
05-2010-0075,05,SARRIA-SANT GERVASI,27,el Putxet i el Farró,Carrer,ESCIPIO,2,36,B,38,,,,A,01,3
05-2010-0501,05,SARRIA-SANT GERVASI,26,Sant Gervasi - Galvany,Carrer,AMIGO,2,14,,,,,,,02,3
05-2011-0109,05,SARRIA-SANT GERVASI,27,el Putxet i el Farró,Avinguda,REPUBLICA ARGENTINA,1,21,,25,,,,,03,3
05-2011-0203,05,SARRIA-SANT GERVASI,24,les Tres Torres,Carrer,DOCTOR ROUX,2,34,,,,,,,BJ,
05-2011-0305,05,SARRIA-SANT GERVASI,27,el Putxet i el Farró,Carrer,HOMER,1,37,,,,,,,BJ,1
05-2011-0381,05,SARRIA-SANT GERVASI,27,el Putxet i el Farró,Carrer,GUILLEM TELL,1,21,,,,,,,02,1
05-2011-0416,05,SARRIA-SANT GERVASI,26,Sant Gervasi - Galvany,Carrer,ARIBAU,2,226,,,,,,D,3,
05-2012-0181,05,SARRIA-SANT GERVASI,26,Sant Gervasi - Galvany,Avinguda,DIAGONAL,2,594,,,,,,,02,1
05-2012-0201,05,SARRIA-SANT GERVASI,27,el Putxet i el Farró,Carrer,GUILLEM TELL,2,34,,,,,,,06,1
05-2012-0279,05,SARRIA-SANT GERVASI,27,el Putxet i el Farró,Carrer,BALLESTER,2,46,,,,,,,BJ,5
05-2012-0283,05,SARRIA-SANT GERVASI,27,el Putxet i el Farró,Carrer,BALLESTER,2,46,,,,,,,BJ,3
05-2012-0295,05,SARRIA-SANT GERVASI,27,el Putxet i el Farró,Carrer,BALLESTER,2,34,,,,,,,BJ,4
05-2012-0309,05,SARRIA-SANT GERVASI,26,Sant Gervasi - Galvany,Carrer,PRATS DE MOLLO,2,18,,,,,,,BJ,1
05-2012-0331,05,SARRIA-SANT GERVASI,26,Sant Gervasi - Galvany,Carrer,ARIBAU,2,226,,,,,,E,PR,2
05-2012-0355,05,SARRIA-SANT GERVASI,26,Sant Gervasi - Galvany,Carrer,CALVET,1,17,,,,,,,05,4
05-2012-0361,05,SARRIA-SANT GERVASI,27,el Putxet i el Farró,Carrer,GUILLEM TELL,1,21,,,,,,,AT,2
05-2012-0405,05,SARRIA-SANT GERVASI,24,les Tres Torres,Ronda,GENERAL MITRE,1,7,,,,,,,06,1
05-2012-0415,05,SARRIA-SANT GERVASI,26,Sant Gervasi - Galvany,Carrer,BALMES,1,331,,,,,,,04,1
05-2012-0456,05,SARRIA-SANT GERVASI,24,les Tres Torres,Ronda,GENERAL MITRE,1,15,,17,,,,A,09,2
05-2012-0462,05,SARRIA-SANT GERVASI,25,Sant Gervasi - la Bonanova,Carrer,MUNTANER,2,510,,,,,,,04,
05-2012-0488,05,SARRIA-SANT GERVASI,27,el Putxet i el Farró,Carrer,BERTRAN,2,88,,,,,,,,
05-2012-0529,05,SARRIA-SANT GERVASI,27,el Putxet i el Farró,Carrer,FRANCOLI,1,55,,,,,,,1,4
05-2012-0531,05,SARRIA-SANT GERVASI,27,el Putxet i el Farró,Carrer,FRANCOLI,1,55,,,,,,,1,2
05-2012-0585,05,SARRIA-SANT GERVASI,26,Sant Gervasi - Galvany,Travessera,GRACIA,1,81,,,,,,,06,1
05-2013-0127,05,SARRIA-SANT GERVASI,26,Sant Gervasi - Galvany,Carrer,JULIAN ROMEA,2,8,,,,,,,02,6
05-2013-0161,05,SARRIA-SANT GERVASI,27,el Putxet i el Farró,Ronda,GENERAL MITRE,2,238,,,,,,,BJ,1
05-2013-0165,05,SARRIA-SANT GERVASI,27,el Putxet i el Farró,Ronda,GENERAL MITRE,2,238,,,,,,,01,3
05-2013-0221,05,SARRIA-SANT GERVASI,26,Sant Gervasi - Galvany,Carrer,CALVET,1,17,,,,,,,08,1
05-2013-0229,05,SARRIA-SANT GERVASI,26,Sant Gervasi - Galvany,Carrer,CASANOVA,1,211,,,,,,,SA,1
05-2013-0240,05,SARRIA-SANT GERVASI,27,el Putxet i el Farró,Carrer,MARE DE DEU DEL CARMEL,1,25,,,,,,,02,2
05-2013-0258,05,SARRIA-SANT GERVASI,25,Sant Gervasi - la Bonanova,Passeig,BONANOVA,2,54,,,,,,,01,C
05-2013-0283,05,SARRIA-SANT GERVASI,27,el Putxet i el Farró,Avinguda,REPUBLICA ARGENTINA,1,57,,,,,,,02,
05-2013-0287,05,SARRIA-SANT GERVASI,25,Sant Gervasi - la Bonanova,Carrer,BISBE SIVILLA,1,41,,,,,,,EN,2
05-2013-0295,05,SARRIA-SANT GERVASI,26,Sant Gervasi - Galvany,Carrer,SAGUES,1,49,,,,,,,03,1
05-2013-0437,05,SARRIA-SANT GERVASI,26,Sant Gervasi - Galvany,Carrer,ARIBAU,2,304,,,,,,,05,2
05-2013-0497,05,SARRIA-SANT GERVASI,26,Sant Gervasi - Galvany,Carrer,ARIBAU,2,228,,,,,,D,4,1
05-2013-0528,05,SARRIA-SANT GERVASI,27,el Putxet i el Farró,Passeig,SANT GERVASI,2,90,,,,,,,01,5
05-2013-0531,05,SARRIA-SANT GERVASI,26,Sant Gervasi - Galvany,Carrer,BALMES,2,176,,,,,,B,04,2
05-2013-0538,05,SARRIA-SANT GERVASI,23,Sarrià,Carrer,GRAUS,2,8,,,,,,,01,2
05-2013-0541,05,SARRIA-SANT GERVASI,26,Sant Gervasi - Galvany,Carrer,SANT ELIES,1,1,,,,,,,AT,2
05-2013-0650,05,SARRIA-SANT GERVASI,27,el Putxet i el Farró,Carrer,ESCIPIO,2,36,B,,,,,B,03,3
05-2013-0658,05,SARRIA-SANT GERVASI,27,el Putxet i el Farró,Carrer,SANT EUSEBI,2,10,,,,,,,3,2
05-2013-0665,05,SARRIA-SANT GERVASI,25,Sant Gervasi - la Bonanova,Carrer,CIUTAT DE BALAGUER,1,25,,,,,,,3,1
05-2013-0666,05,SARRIA-SANT GERVASI,25,Sant Gervasi - la Bonanova,Carrer,CIUTAT DE BALAGUER,1,25,,,,,,,3,2
05-2014-0015,05,SARRIA-SANT GERVASI,27,el Putxet i el Farró,Carrer,BERTRAN,2,156,,,,,,,EN,1
05-2014-0016,05,SARRIA-SANT GERVASI,27,el Putxet i el Farró,Carrer,BERTRAN,2,156,,,,,,,SA,2
05-2014-0063,05,SARRIA-SANT GERVASI,26,Sant Gervasi - Galvany,Carrer,ARIBAU,2,228,,,,,,D,3,1
05-2014-0077,05,SARRIA-SANT GERVASI,27,el Putxet i el Farró,Carrer,BALMES,2,382,,384,,,,,01,2
05-2014-0090,05,SARRIA-SANT GERVASI,27,el Putxet i el Farró,Avinguda,REPUBLICA ARGENTINA,1,41,,,,,,,PR,1
05-2014-0126,05,SARRIA-SANT GERVASI,26,Sant Gervasi - Galvany,Carrer,MUNTANER,1,443,,,,,,,AT,2
05-2014-0170,05,SARRIA-SANT GERVASI,26,Sant Gervasi - Galvany,Plaça,ADRIA,1,5,,,,,,,01,1
05-2014-0195,05,SARRIA-SANT GERVASI,25,Sant Gervasi - la Bonanova,Carrer,BERLINES,1,19,,,,,,,01,2
05-2014-0201,05,SARRIA-SANT GERVASI,23,Sarrià,Carrer,BONAPLATA,2,20,,,,,,,01,2
05-2014-0205,05,SARRIA-SANT GERVASI,23,Sarrià,Carrer,BONAPLATA,2,20,,,,,,,03,2
05-2014-0233,05,SARRIA-SANT GERVASI,26,Sant Gervasi - Galvany,Carrer,SANT EUSEBI,2,32,,,,,,,03,
05-2014-0246,05,SARRIA-SANT GERVASI,26,Sant Gervasi - Galvany,Carrer,FRANCESC PEREZ-CABRERO,2,6,,,,,,,04,C
05-2014-0277,05,SARRIA-SANT GERVASI,23,Sarrià,Passeig,SANT JOAN BOSCO,1,59,,,,,,,06,4
05-2014-0291,05,SARRIA-SANT GERVASI,24,les Tres Torres,Ronda,GENERAL MITRE,1,7,,,,,,,08,3
05-2014-0380,05,SARRIA-SANT GERVASI,23,Sarrià,Carrer,JORDA,2,6,,,,,,,BJ,2
05-2016-0328,05,SARRIA-SANT GERVASI,26,Sant Gervasi - Galvany,Carrer,ARIBAU,2,228,,,,,,,BJ,E
05-2016-0368,05,SARRIA-SANT GERVASI,26,Sant Gervasi - Galvany,Carrer,ARIBAU,2,228,,,,,,D,4,2
05-2019-0443,05,SARRIA-SANT GERVASI,27,el Putxet i el Farró,Carrer,SARAGOSSA,2,68,,,,,,,2,4
05-2023-0251,05,SARRIA-SANT GERVASI,26,Sant Gervasi - Galvany,Carrer,AMIGO,1,79,,81,,,,,EN,2
05-2023-0334,05,SARRIA-SANT GERVASI,26,Sant Gervasi - Galvany,Carrer,BALMES,1,327,,329,,,,,6,1
05-2023-0338,05,SARRIA-SANT GERVASI,26,Sant Gervasi - Galvany,Carrer,BALMES,1,327,,329,,,,,AT,1
05-2023-0341,05,SARRIA-SANT GERVASI,26,Sant Gervasi - Galvany,Carrer,BALMES,1,327,,329,,,,,AT,4
05-2023-0343,05,SARRIA-SANT GERVASI,26,Sant Gervasi - Galvany,Carrer,BALMES,1,327,,329,,,,,SA,2
05-2023-0395,05,SARRIA-SANT GERVASI,25,Sant Gervasi - la Bonanova,Carrer,MUNTANER,2,496,,,,,,,4,3
05-2023-0398,05,SARRIA-SANT GERVASI,25,Sant Gervasi - la Bonanova,Carrer,MUNTANER,2,496,,,,,,,5,1
05-2023-0399,05,SARRIA-SANT GERVASI,25,Sant Gervasi - la Bonanova,Carrer,MUNTANER,2,496,,,,,,,5,3
05-2023-0401,05,SARRIA-SANT GERVASI,25,Sant Gervasi - la Bonanova,Carrer,MUNTANER,2,496,,,,,,,7,3
05-2023-0409,05,SARRIA-SANT GERVASI,26,Sant Gervasi - Galvany,Carrer,MUNTANER,1,425,,,,,,,EN,2
05-2023-0424,05,SARRIA-SANT GERVASI,27,el Putxet i el Farró,Avinguda,REPUBLICA ARGENTINA,1,5,,7,,,,,2,4
05-2023-0523,05,SARRIA-SANT GERVASI,25,Sant Gervasi - la Bonanova,Carrer,CERIGNOLA,1,11,,,,,,,2,1
05-2024-0134,05,SARRIA-SANT GERVASI,26,Sant Gervasi - Galvany,Carrer,MESTRE NICOLAU,1,21,,,,,,,4,2
06-2008-0138,06,GRACIA,32,el Camp d'en Grassot i Gràcia Nova,Carrer,NAPOLS,2,282,,284,,,,,01,4
06-2008-0208,06,GRACIA,32,el Camp d'en Grassot i Gràcia Nova,Carrer,INDUSTRIA,2,16,,,,,,,07,1
06-2008-0232,06,GRACIA,32,el Camp d'en Grassot i Gràcia Nova,Carrer,VENTALLO,2,48,,,,,,,EN,2
06-2008-0235,06,GRACIA,32,el Camp d'en Grassot i Gràcia Nova,Carrer,VENTALLO,2,48,,,,,,,02,1
06-2008-0242,06,GRACIA,32,el Camp d'en Grassot i Gràcia Nova,Carrer,VENTALLO,2,48,,,,,,,02,2
06-2008-0251,06,GRACIA,31,la Vila de Gràcia,Carrer,VERDI,2,14,,,,,,,2,2
06-2008-0261,06,GRACIA,31,la Vila de Gràcia,Passeig,GRACIA,1,115,,,,,,,04,1
06-2008-0284,06,GRACIA,31,la Vila de Gràcia,Carrer,VERDI,1,53,,55,,,,,02,1
06-2008-0305,06,GRACIA,32,el Camp d'en Grassot i Gràcia Nova,Carrer,INDUSTRIA,2,16,,,,,,,07,2
06-2008-0406,06,GRACIA,31,la Vila de Gràcia,Passeig,GRACIA,1,115,,,,,,,01,3
06-2008-0407,06,GRACIA,31,la Vila de Gràcia,Passeig,GRACIA,1,115,,,,,,,01,4
06-2008-0410,06,GRACIA,31,la Vila de Gràcia,Passeig,GRACIA,1,115,,,,,,,03,4
06-2008-0435,06,GRACIA,31,la Vila de Gràcia,Travessera,GRACIA,1,133,,,,,,,02,2
06-2009-0063,06,GRACIA,32,el Camp d'en Grassot i Gràcia Nova,Carrer,VENTALLO,2,12,,,,,,,2,
06-2009-0107,06,GRACIA,32,el Camp d'en Grassot i Gràcia Nova,Carrer,SARDENYA,1,359,,,,,,,03,3
06-2009-0178,06,GRACIA,32,el Camp d'en Grassot i Gràcia Nova,Carrer,INDUSTRIA,2,18,,,,,,,PR,B
06-2009-0391,06,GRACIA,31,la Vila de Gràcia,Carrer,TORRENT DE L'OLLA,1,161,,,,,,,03,4
06-2009-0396,06,GRACIA,31,la Vila de Gràcia,Carrer,TORRENT DE L'OLLA,1,161,,,,,,,02,3
06-2009-0400,06,GRACIA,31,la Vila de Gràcia,Carrer,TORRENT DE L'OLLA,1,161,,,,,,,01,3
06-2010-0206,06,GRACIA,31,la Vila de Gràcia,Carrer,MARTINEZ DE LA ROSA,1,53,,,,,,,1,2
06-2010-0303,06,GRACIA,32,el Camp d'en Grassot i Gràcia Nova,Carrer,GRASSOT,2,66,,,,,,,02,
06-2010-0329,06,GRACIA,31,la Vila de Gràcia,Carrer,SANTA TECLA,1,3,,,,,,,PR,4
06-2010-0430,06,GRACIA,31,la Vila de Gràcia,Carrer,LLUIS VIVES,2,4,,,,,,,03,2
06-2010-0523,06,GRACIA,31,la Vila de Gràcia,Carrer,SANTA TECLA,1,3,,,,,,,03,4
06-2010-0527,06,GRACIA,31,la Vila de Gràcia,Carrer,FRANCISCO GINER,2,16,,,,,,,PR,1
06-2010-0539,06,GRACIA,31,la Vila de Gràcia,Carrer,MOZART,1,7,,,,,,,BJ,3
06-2010-0540,06,GRACIA,31,la Vila de Gràcia,Carrer,MOZART,1,7,,,,,,,01,3
06-2011-0036,06,GRACIA,31,la Vila de Gràcia,Carrer,MOZART,2,12,,,,,,,02,1
06-2011-0258,06,GRACIA,32,el Camp d'en Grassot i Gràcia Nova,Carrer,ROGER DE FLOR,2,282,,,,,,,04,1
06-2012-0019,06,GRACIA,31,la Vila de Gràcia,Carrer,SANT JOAQUIM,1,19,,21,,,,,BJ,5
06-2012-0031,06,GRACIA,31,la Vila de Gràcia,Carrer,SANT DOMENEC,1,11,,,,,,,03,2
06-2012-0108,06,GRACIA,31,la Vila de Gràcia,Carrer,GRAN DE GRACIA,1,205,,,,,,,03,2
06-2012-0227,06,GRACIA,31,la Vila de Gràcia,Carrer,GRAN DE GRACIA,2,54,,,,,,,3,1
06-2012-0252,06,GRACIA,32,el Camp d'en Grassot i Gràcia Nova,Carrer,ROMANS,1,1,,,,,,,01,2
06-2012-0255,06,GRACIA,31,la Vila de Gràcia,Carrer,RIERA DE SANT MIQUEL,1,75,,,,,,,PR,3
06-2012-0268,06,GRACIA,31,la Vila de Gràcia,Carrer,MARE DEU DELS DESEMPARATS,1,23,,,,,,,EN,2
06-2012-0280,06,GRACIA,31,la Vila de Gràcia,Carrer,SANT SALVADOR,2,20,,,,,,,BJ,2
06-2012-0288,06,GRACIA,31,la Vila de Gràcia,Carrer,SANT SALVADOR,2,20,,,,,,,02,3
06-2012-0349,06,GRACIA,31,la Vila de Gràcia,Carrer,LLIBERTAT,1,15,,,,,,,AT,
06-2012-0406,06,GRACIA,31,la Vila de Gràcia,Carrer,TORRIJOS,2,12,,,,,,,02,1
06-2012-0433,06,GRACIA,32,el Camp d'en Grassot i Gràcia Nova,Carrer,INDUSTRIA,2,18,,,,,,,01,2
06-2012-0453,06,GRACIA,32,el Camp d'en Grassot i Gràcia Nova,Carrer,PAU ALSINA,1,57,,,,,,,3,1
06-2012-0462,06,GRACIA,32,el Camp d'en Grassot i Gràcia Nova,Carrer,PAU ALSINA,1,57,,,,,,,05,4
06-2012-0464,06,GRACIA,32,el Camp d'en Grassot i Gràcia Nova,Carrer,ROGER DE FLOR,2,254,,,,,,,03,1
06-2012-0486,06,GRACIA,31,la Vila de Gràcia,Carrer,FERRER DE BLANES,2,14,,,,,,,03,2
06-2012-0491,06,GRACIA,32,el Camp d'en Grassot i Gràcia Nova,Carrer,GRASSOT,1,35,,,,,,,BJ,2
06-2012-0500,06,GRACIA,30,la Salut,Carrer,CA L'ALEGRE DE DALT,2,112,,,,,,,01,2
06-2012-0535,06,GRACIA,32,el Camp d'en Grassot i Gràcia Nova,Carrer,PI I MARGALL,2,40,,,,,,,EN,2
06-2012-0578,06,GRACIA,31,la Vila de Gràcia,Carrer,GRAN DE GRACIA,2,12,,,,,,,03,
06-2012-0618,06,GRACIA,30,la Salut,Carrer,MAIGNON,2,32,,,,,,,01,2
06-2013-0031,06,GRACIA,31,la Vila de Gràcia,Carrer,MAURICI SERRAHIMA,2,6,,,,,,,BJ,1
06-2013-0050,06,GRACIA,31,la Vila de Gràcia,Via,AUGUSTA,2,58,,,,,,,01,2
06-2013-0062,06,GRACIA,31,la Vila de Gràcia,Carrer,BENET MERCADE,1,15,,,,,,,BJ,1
06-2013-0149,06,GRACIA,32,el Camp d'en Grassot i Gràcia Nova,Passeig,AMUNT,2,18,,,,,,,AT,2
06-2013-0202,06,GRACIA,32,el Camp d'en Grassot i Gràcia Nova,Carrer,CA L'ALEGRE DE DALT,1,79,,,,,,,BJ,1
06-2013-0206,06,GRACIA,31,la Vila de Gràcia,Carrer,RIERA DE SANT MIQUEL,1,49,,,,,,,1,3
06-2013-0220,06,GRACIA,31,la Vila de Gràcia,Carrer,TORDERA,1,37,,,,,,,01,1
06-2013-0249,06,GRACIA,32,el Camp d'en Grassot i Gràcia Nova,Carrer,CA L'ALEGRE DE DALT,1,79,,,,,,,BJ,5
06-2013-0253,06,GRACIA,31,la Vila de Gràcia,Carrer,PROVIDENCIA,2,46,,,,,,,BJ,1
06-2013-0279,06,GRACIA,32,el Camp d'en Grassot i Gràcia Nova,Passatge,NOGUES,2,2,,4,,,,,BJ,3
06-2013-0313,06,GRACIA,31,la Vila de Gràcia,Carrer,MASSENS,1,23,,,,,,,01,1
06-2013-0347,06,GRACIA,32,el Camp d'en Grassot i Gràcia Nova,Carrer,CA L'ALEGRE DE DALT,2,18,,,,,,,01,1
06-2013-0348,06,GRACIA,32,el Camp d'en Grassot i Gràcia Nova,Carrer,CA L'ALEGRE DE DALT,2,18,,,,,,,3,2
06-2013-0384,06,GRACIA,31,la Vila de Gràcia,Carrer,JOAN BLANQUES,1,67,,69,,,,,EN,2
06-2013-0396,06,GRACIA,31,la Vila de Gràcia,Carrer,PROGRES,1,7,,,,,,,01,1
06-2013-0404,06,GRACIA,32,el Camp d'en Grassot i Gràcia Nova,Travessera,GRACIA,2,228,,,,,,,02,2
06-2013-0419,06,GRACIA,31,la Vila de Gràcia,Carrer,MILA I FONTANALS,1,55,,,,,,,04,2
06-2013-0476,06,GRACIA,31,la Vila de Gràcia,Passeig,GRACIA,2,126,,,,,,,6,
06-2013-0483,06,GRACIA,31,la Vila de Gràcia,Carrer,BONAVISTA,2,6,,,,,,I,02,3
06-2013-0506,06,GRACIA,31,la Vila de Gràcia,Carrer,PERE SERAFI,2,36,,,,,,,02,1
06-2013-0518,06,GRACIA,32,el Camp d'en Grassot i Gràcia Nova,Carrer,GRASSOT,1,75,,,,,,,3,
06-2013-0615,06,GRACIA,31,la Vila de Gràcia,Carrer,MARTINEZ DE LA ROSA,2,46,,,,,,,03,2
06-2013-0709,06,GRACIA,31,la Vila de Gràcia,Carrer,MARTINEZ DE LA ROSA,1,51,,,,,,,1,1
06-2013-0736,06,GRACIA,31,la Vila de Gràcia,Carrer,SANTA EULALIA,2,32,,,,,,,BJ,
06-2014-0022,06,GRACIA,31,la Vila de Gràcia,Carrer,MONTSENY,1,45,,,,,,,03,2
06-2014-0032,06,GRACIA,30,la Salut,Carrer,LARRARD,2,40,,,,,,,PR,3
06-2014-0065,06,GRACIA,31,la Vila de Gràcia,Carrer,BELLVER,2,10,,,,,,,02,2
06-2014-0096,06,GRACIA,31,la Vila de Gràcia,Carrer,GRANJA,1,13,,,,,,,02,2
06-2014-0098,06,GRACIA,31,la Vila de Gràcia,Plaça,VILA DE GRACIA,1,19,,,,,,,04,1
06-2014-0170,06,GRACIA,31,la Vila de Gràcia,Carrer,PENEDES,1,11,,,,,,,PR,3
06-2014-0191,06,GRACIA,31,la Vila de Gràcia,Carrer,CAMPRODON,1,23,,,,,,,01,1
06-2014-0192,06,GRACIA,31,la Vila de Gràcia,Carrer,CAMPRODON,1,23,,,,,,,02,4
06-2014-0210,06,GRACIA,32,el Camp d'en Grassot i Gràcia Nova,Travessera,GRACIA,1,333,,,,,,,1,2
06-2014-0251,06,GRACIA,31,la Vila de Gràcia,Carrer,TORRENT DE L'OLLA,2,136,,,,,,,2,1
06-2014-0256,06,GRACIA,31,la Vila de Gràcia,Carrer,CIUDAD REAL,2,22,,,,,,,01,
06-2014-0266,06,GRACIA,30,la Salut,Avinguda,COLL DEL PORTELL,1,57,,,,,,,01,3
06-2014-0279,06,GRACIA,31,la Vila de Gràcia,Carrer,SANT GABRIEL,1,15,,,,,,,02,4
06-2014-0294,06,GRACIA,31,la Vila de Gràcia,Carrer,TORRENT DE L'OLLA,2,28,,,,,,,03,1
06-2014-0300,06,GRACIA,32,el Camp d'en Grassot i Gràcia Nova,Carrer,NAPOLS,1,285,,,,,,,PR,
06-2014-0301,06,GRACIA,31,la Vila de Gràcia,Carrer,RAMON Y CAJAL,2,14,,,,,,,02,2
06-2014-0302,06,GRACIA,31,la Vila de Gràcia,Carrer,RIERA DE SANT MIQUEL,1,47,,,,,,,PR,1
06-2014-0312,06,GRACIA,31,la Vila de Gràcia,Carrer,ABDO TERRADAS,1,15,,17,,,,,BJ,A
06-2014-0322,06,GRACIA,31,la Vila de Gràcia,Carrer,MARE DEU DELS DESEMPARATS,1,23,,,,,,,01,1
06-2014-0340,06,GRACIA,30,la Salut,Carrer,PAU ALSINA,2,142,,,,,,,04,4
06-2014-0351,06,GRACIA,31,la Vila de Gràcia,Carrer,ASTURIES,1,87,,,,,,,02,1
06-2014-0376,06,GRACIA,32,el Camp d'en Grassot i Gràcia Nova,Carrer,PI I MARGALL,1,71,,,,,,,03,1
06-2014-0378,06,GRACIA,31,la Vila de Gràcia,Carrer,GRAN DE GRACIA,1,51,,,,,,,3,2
06-2014-0402,06,GRACIA,32,el Camp d'en Grassot i Gràcia Nova,Carrer,PAU ALSINA,2,8,,,,,,,01,2
06-2014-0412,06,GRACIA,31,la Vila de Gràcia,Carrer,TRES SENYORES,1,27,,,,,,,02,2
06-2014-0414,06,GRACIA,31,la Vila de Gràcia,Carrer,SANT AGUSTI,2,10,,,,,,,EN,1
06-2014-0419,06,GRACIA,31,la Vila de Gràcia,Carrer,TORRENT DE LES FLORS,2,52,,,,,,,01,2
06-2014-0426,06,GRACIA,31,la Vila de Gràcia,Carrer,SANTA AGATA,2,38,,,,,,,AT,
06-2014-0552,06,GRACIA,31,la Vila de Gràcia,Carrer,RIERA DE SANT MIQUEL,1,15,,,,,,,BJ,3
06-2014-0615,06,GRACIA,31,la Vila de Gràcia,Carrer,SANT DOMENEC,1,9,,,,,,,01,2
06-2014-0633,06,GRACIA,29,el Coll,Carrer,FONT DEL REMEI,1,29,,,,,,,01,1
06-2016-0228,06,GRACIA,32,el Camp d'en Grassot i Gràcia Nova,Passeig,SANT JOAN,2,144,,,,,,,EN,3
06-2023-0145,06,GRACIA,31,la Vila de Gràcia,Carrer,RIERA DE SANT MIQUEL,2,38,,,,,,,1,2
06-2023-0226,06,GRACIA,31,la Vila de Gràcia,Passeig,GRACIA,2,126,,,,,,,4,
06-2023-0252,06,GRACIA,32,el Camp d'en Grassot i Gràcia Nova,Carrer,VENTALLO,2,48,,,,,,,AT,2
06-2023-0258,06,GRACIA,31,la Vila de Gràcia,Carrer,ASTURIES,1,87,,,,,,,1,2
06-2023-0263,06,GRACIA,31,la Vila de Gràcia,Carrer,ASTURIES,1,87,,,,,,,AT,2
06-2024-0032,06,GRACIA,31,la Vila de Gràcia,Carrer,OR,1,19,,,,,,,3,1
06-2024-0101,06,GRACIA,32,el Camp d'en Grassot i Gràcia Nova,Passatge,ALIO,2,38,,,,,,,AT,1
06-2024-0115,06,GRACIA,31,la Vila de Gràcia,Carrer,RIERA DE SANT MIQUEL,1,15,,,,,,,1,1
06-2024-0155,06,GRACIA,31,la Vila de Gràcia,Carrer,CAMPRODON,1,27,,,,,,,1,2
07-2008-0284,07,HORTA-GUINARDÓ,33,el Baix Guinardó,Travessera,GRACIA,1,441,,,,,,,3,4
07-2009-0029,07,HORTA-GUINARDÓ,33,el Baix Guinardó,Carrer,MARINA,2,366,,,,,,,3,2
07-2009-0061,07,HORTA-GUINARDÓ,35,el Guinardó,Plaça,GUINARDO,2,2,,,,,,,SA,
07-2012-0128,07,HORTA-GUINARDÓ,37,el Carmel,Carrer,CALDERON DE LA BARCA,2,112,,114,,,,,1,3
07-2012-0129,07,HORTA-GUINARDÓ,37,el Carmel,Carrer,CALDERON DE LA BARCA,2,112,,114,,,,,2,1
07-2012-0135,07,HORTA-GUINARDÓ,37,el Carmel,Carrer,CALDERON DE LA BARCA,2,112,,,,,,,4,1
07-2012-0227,07,HORTA-GUINARDÓ,33,el Baix Guinardó,Carrer,NIÇA,1,9,,11,,,,,1,1
07-2012-0240,07,HORTA-GUINARDÓ,33,el Baix Guinardó,Carrer,PADILLA,1,381,,,,,,,2,2
07-2012-0260,07,HORTA-GUINARDÓ,33,el Baix Guinardó,Travessera,GRACIA,1,441,,,,,,,4,1
07-2012-0266,07,HORTA-GUINARDÓ,33,el Baix Guinardó,Travessera,GRACIA,2,322,,,,,,A,1,2
07-2012-0285,07,HORTA-GUINARDÓ,35,el Guinardó,Carrer,TROBADOR,1,51,,,,,,,3,
07-2013-0067,07,HORTA-GUINARDÓ,35,el Guinardó,Carrer,SEGLE XX,1,33,,,,,,,,
07-2013-0184,07,HORTA-GUINARDÓ,35,el Guinardó,Carrer,TROBADOR,2,38,,,,,,,3,1
07-2014-0150,07,HORTA-GUINARDÓ,35,el Guinardó,Avinguda,MARE DE DEU DE MONTSERRAT,1,105,,,,,,A,04,03
07-2014-0152,07,HORTA-GUINARDÓ,35,el Guinardó,Avinguda,MARE DE DEU DE MONTSERRAT,1,105,,,,,,A,1,1
07-2014-0219,07,HORTA-GUINARDÓ,35,el Guinardó,Carrer,GENOVA,1,29,,,,,,,SO,2
07-2014-0238,07,HORTA-GUINARDÓ,37,el Carmel,Carrer,SANT DALMIR,2,2,,,,,,,BJ,8
07-2014-0356,07,HORTA-GUINARDÓ,34,Can Baró,Carrer,TENERIFE,2,8,,,,,,,06,1
07-2024-0021,07,HORTA-GUINARDÓ,34,Can Baró,Carrer,BARO DE SANT LLUIS,2,34,,,,,,,AT,
08-2019-0094,08,NOU BARRIS,45,Porta,Passeig,FABRA I PUIG,2,192,,,,,,,1,2
08-2023-0129,08,NOU BARRIS,44,Vilapicina i la Torre Llobeta,Passeig,FABRA I PUIG,1,97,,,,,,,3,1
08-2023-0131,08,NOU BARRIS,44,Vilapicina i la Torre Llobeta,Passeig,FABRA I PUIG,1,97,,,,,,,1,1
09-2012-0036,09,SANT ANDREU,61,la Sagrera,Carrer,PORTUGAL,1,49,,,,,,,BJ,2
09-2012-0095,09,SANT ANDREU,60,Sant Andreu,Carrer,CASTELLBELL,1,19,,23,,,,,BJ,4
09-2012-0096,09,SANT ANDREU,60,Sant Andreu,Carrer,CASTELLBELL,1,25,,29,,,,2,BJ,3
09-2012-0120,09,SANT ANDREU,61,la Sagrera,Carrer,CORTIT,1,11,,19,,,,,01,1
09-2012-0153,09,SANT ANDREU,61,la Sagrera,Carrer,FELIP II,2,128,,,,,,,01,2
09-2012-0156,09,SANT ANDREU,60,Sant Andreu,Passeig,SANTA COLOMA,1,37,,,,,,,8,3
09-2012-0272,09,SANT ANDREU,60,Sant Andreu,Carrer,CASTELLBELL,1,25,,29,,,,2,01,1
09-2013-0041,09,SANT ANDREU,62,el Congrés i els Indians,Carrer,ACACIES,2,52,,,,,,,PR,2
09-2013-0155,09,SANT ANDREU,61,la Sagrera,Carrer,FELIP II,2,128,,130,,,,,04,2
09-2014-0053,09,SANT ANDREU,62,el Congrés i els Indians,Carrer,GARCILASO,1,207,,,,,,,AT,1
09-2014-0079,09,SANT ANDREU,61,la Sagrera,Carrer,MONLAU,2,12,,,,,,,BJ,
09-2014-0140,09,SANT ANDREU,63,Navas,Carrer,BOFARULL,2,48,,,,,,,05,3
09-2014-0193,09,SANT ANDREU,60,Sant Andreu,Carrer,DRAGO,1,13,,,,,,D,04,4
09-2014-0253,09,SANT ANDREU,63,Navas,Carrer,INDUSTRIA,2,356,,,,,,,01,1
09-2014-0269,09,SANT ANDREU,63,Navas,Carrer,OLESA,2,30,,32,,,,E,01,2
09-2016-0207,09,SANT ANDREU,63,Navas,Avinguda,MERIDIANA,2,232,,,,,,,02,01
09-2023-0071,09,SANT ANDREU,60,Sant Andreu,Carrer,SANTA MARTA,2,16,,,,,,,2,1
09-2023-0114,09,SANT ANDREU,60,Sant Andreu,Carrer,VALLES,1,5,,,,,,,4,
09-2023-0214,09,SANT ANDREU,63,Navas,Carrer,LAS NAVAS DE TOLOSA,1,379,,,,,,,4,A
09-2024-0009,09,SANT ANDREU,63,Navas,Carrer,LAS NAVAS DE TOLOSA,1,379,,,,,,,1,B
10-2008-0527,10,SANT MARTI,68,el Poblenou,Carrer,PERE IV,2,262,,,,,,,05,3
10-2008-0530,10,SANT MARTI,71,Provençals del Poblenou,Carrer,CRISTOBAL DE MOURA,2,38,,42,,,,,07,1
10-2008-0592,10,SANT MARTI,64,el Camp de l'Arpa del Clot,Carrer,ARAGO,1,565,,,,,,,05,1
10-2008-0628,10,SANT MARTI,64,el Camp de l'Arpa del Clot,Carrer,INDEPENDENCIA,1,287,,,,,,,03,1
10-2008-0630,10,SANT MARTI,64,el Camp de l'Arpa del Clot,Carrer,INDEPENDENCIA,1,287,,,,,,,BJ,
10-2008-0644,10,SANT MARTI,67,la Vila Olímpica del Poblenou,Carrer,JOAN D'AUSTRIA,1,51,,,,,,A,05,2
10-2008-0693,10,SANT MARTI,68,el Poblenou,Carrer,VIDAL I DE VALENCIANO,1,19,,,,,,,12,1
10-2009-0029,10,SANT MARTI,66,el Parc i la Llacuna del Poblenou,Carrer,ALMOGAVERS,2,6,,,,,,,PR,4
10-2009-0133,10,SANT MARTI,67,la Vila Olímpica del Poblenou,Carrer,ARQUITECTE SERT,2,20,,,,,,,04,2
10-2009-0193,10,SANT MARTI,68,el Poblenou,Passatge,PIQUER,2,2,,6,,,,,03,2
10-2009-0257,10,SANT MARTI,71,Provençals del Poblenou,Carrer,BAC DE RODA,2,118,,,,,,,11,2
10-2009-0385,10,SANT MARTI,67,la Vila Olímpica del Poblenou,Carrer,RAMON TURRO,2,10,,,,,,,05,2
10-2009-0483,10,SANT MARTI,68,el Poblenou,Avinguda,DIAGONAL,1,137,,,,,,,02,3
10-2009-0484,10,SANT MARTI,64,el Camp de l'Arpa del Clot,Carrer,VALENCIA,2,568,,,,,,,05,1
10-2010-0055,10,SANT MARTI,65,el Clot,Carrer,CORONEL SANFELIU,2,2,,4,,,,,EN,4
10-2010-0340,10,SANT MARTI,64,el Camp de l'Arpa del Clot,Carrer,FRESER,1,5,,,,,,,06,2
10-2010-0342,10,SANT MARTI,64,el Camp de l'Arpa del Clot,Carrer,FRESER,1,5,,,,,,,04,4
10-2010-0346,10,SANT MARTI,64,el Camp de l'Arpa del Clot,Carrer,FRESER,1,5,,,,,,,06,4
10-2010-0358,10,SANT MARTI,68,el Poblenou,Carrer,AMISTAT,2,44,,,,,,,04,2
10-2010-0361,10,SANT MARTI,68,el Poblenou,Carrer,AMISTAT,2,44,,,,,,,03,1
10-2010-0363,10,SANT MARTI,68,el Poblenou,Carrer,AMISTAT,2,44,,,,,,,02,2
10-2010-0366,10,SANT MARTI,68,el Poblenou,Carrer,AMISTAT,2,44,,,,,,,02,1
10-2010-0478,10,SANT MARTI,68,el Poblenou,Carrer,FERROCARRIL,1,27,,,,,,1,05,2
10-2010-0482,10,SANT MARTI,68,el Poblenou,Passeig,CALVELL,1,45,,,,,,A,03,6
10-2011-0209,10,SANT MARTI,68,el Poblenou,Carrer,PUJADES,2,120,,122,,,,,01,2
10-2011-0221,10,SANT MARTI,68,el Poblenou,Rambla,POBLENOU,2,20,,,,,,,03,3
10-2011-0415,10,SANT MARTI,68,el Poblenou,Passatge,PIQUER,2,2,,6,,,,,04,2
10-2011-0424,10,SANT MARTI,68,el Poblenou,Carrer,VENERO,2,8,,,,,,,01,2
10-2011-0514,10,SANT MARTI,64,el Camp de l'Arpa del Clot,Carrer,FRESER,1,5,,,,,,,02,3
10-2011-0518,10,SANT MARTI,64,el Camp de l'Arpa del Clot,Carrer,FRESER,1,5,,,,,,,AT,4
10-2011-0531,10,SANT MARTI,68,el Poblenou,Carrer,FERROCARRIL,1,27,,,,,,,01,1
10-2011-0533,10,SANT MARTI,68,el Poblenou,Carrer,FERROCARRIL,1,27,,,,,,,04,1
10-2012-0099,10,SANT MARTI,67,la Vila Olímpica del Poblenou,Carrer,MARINA,2,70,,,,,,,1,1
10-2012-0269,10,SANT MARTI,66,el Parc i la Llacuna del Poblenou,Carrer,WELLINGTON,2,92,,,,,,,04,3
10-2012-0282,10,SANT MARTI,68,el Poblenou,Carrer,FERROCARRIL,1,27,,,,,,,01,7
10-2012-0310,10,SANT MARTI,64,el Camp de l'Arpa del Clot,Carrer,MALLORCA,2,616,,,,,,,2,2
10-2012-0324,10,SANT MARTI,68,el Poblenou,Carrer,TORTELLA,2,6,,10,,,,,01,1
10-2012-0377,10,SANT MARTI,68,el Poblenou,Carrer,TAULAT,1,1,,,,,,,02,3
10-2012-0448,10,SANT MARTI,68,el Poblenou,Carrer,PALLARS,1,171,,,,,,,01,1
10-2012-0482,10,SANT MARTI,69,Diagonal Mar i el Front Marítim del Poblenou,Carrer,JOSEP PLA,1,19,,,,,,,02,5
10-2012-0495,10,SANT MARTI,69,Diagonal Mar i el Front Marítim del Poblenou,Passeig,GARCIA FARIA,1,77,,,,,,,10,1
10-2012-0496,10,SANT MARTI,64,el Camp de l'Arpa del Clot,Carrer,CORSEGA,2,668,,,,,,,04,3
10-2012-0537,10,SANT MARTI,64,el Camp de l'Arpa del Clot,Carrer,INDEPENDENCIA,1,317,,,,,,,2,3
10-2012-0541,10,SANT MARTI,64,el Camp de l'Arpa del Clot,Carrer,INDEPENDENCIA,1,317,,,,,,,5,4
10-2012-0550,10,SANT MARTI,66,el Parc i la Llacuna del Poblenou,Carrer,ALMOGAVERS,2,56,,,,,,,02,3
10-2012-0594,10,SANT MARTI,69,Diagonal Mar i el Front Marítim del Poblenou,Passeig,GARCIA FARIA,1,83,,,,,,,03,2
10-2013-0001,10,SANT MARTI,67,la Vila Olímpica del Poblenou,Carrer,MARINA,1,25,,,,,,,05,2
10-2013-0007,10,SANT MARTI,69,Diagonal Mar i el Front Marítim del Poblenou,Carrer,BAC DE RODA,2,8,B,,,,,,05,2
10-2013-0064,10,SANT MARTI,71,Provençals del Poblenou,Carrer,CASTELLA,1,33,,,,,,,03,2
10-2013-0101,10,SANT MARTI,68,el Poblenou,Passeig,CALVELL,1,45,,,,,,C,02,4
10-2013-0149,10,SANT MARTI,68,el Poblenou,Carrer,FERROCARRIL,1,27,,,,,,1,03,1
10-2013-0152,10,SANT MARTI,68,el Poblenou,Carrer,FERROCARRIL,1,27,,,,,,1,03,7
10-2013-0163,10,SANT MARTI,68,el Poblenou,Carrer,AMISTAT,2,22,,,,,,,1,1
10-2013-0203,10,SANT MARTI,64,el Camp de l'Arpa del Clot,Carrer,INDEPENDENCIA,2,362,,,,,,,3,1
10-2013-0263,10,SANT MARTI,66,el Parc i la Llacuna del Poblenou,Passatge,ALI BEI,1,7,,,,,,,AT,2
10-2013-0277,10,SANT MARTI,68,el Poblenou,Carrer,PERE IV,2,126,,,,,,,01,3
10-2013-0278,10,SANT MARTI,68,el Poblenou,Carrer,PERE IV,2,126,,,,,,,04,1
10-2013-0282,10,SANT MARTI,65,el Clot,Avinguda,MERIDIANA,1,113,,,,,,,02,
10-2013-0362,10,SANT MARTI,69,Diagonal Mar i el Front Marítim del Poblenou,Carrer,JOSEP PLA,1,21,,,,,,,4,3
10-2013-0409,10,SANT MARTI,64,el Camp de l'Arpa del Clot,Carrer,INDUSTRIA,2,276,B,280,,,,,02,3
10-2013-0411,10,SANT MARTI,64,el Camp de l'Arpa del Clot,Carrer,INDUSTRIA,2,276,B,280,,,,,03,4
10-2013-0427,10,SANT MARTI,68,el Poblenou,Carrer,ESPRONCEDA,2,88,,,,,,,01,1
10-2013-0479,10,SANT MARTI,68,el Poblenou,Passeig,CALVELL,1,45,,,,,,D,04,1
10-2013-0487,10,SANT MARTI,66,el Parc i la Llacuna del Poblenou,Carrer,PAMPLONA,1,59,,,,,,,3,2
10-2013-0489,10,SANT MARTI,71,Provençals del Poblenou,Avinguda,DIAGONAL,2,160,,,,,,,03,4
10-2013-0513,10,SANT MARTI,71,Provençals del Poblenou,Carrer,MARROC,1,105,,,,,,,BJ,1
10-2013-0517,10,SANT MARTI,69,Diagonal Mar i el Front Marítim del Poblenou,Passeig,GARCIA FARIA,1,75,,,,,,,23,1
10-2013-0527,10,SANT MARTI,68,el Poblenou,Carrer,RAMON TURRO,2,184,,,,,,,01,1
10-2013-0558,10,SANT MARTI,64,el Camp de l'Arpa del Clot,Carrer,CORSEGA,1,703,,,,,,,PR,3
10-2013-0573,10,SANT MARTI,67,la Vila Olímpica del Poblenou,Carrer,LLULL,2,16,,,,,,,01,5
10-2013-0578,10,SANT MARTI,71,Provençals del Poblenou,Carrer,BAC DE RODA,2,118,,,,,,,4,2
10-2013-0737,10,SANT MARTI,66,el Parc i la Llacuna del Poblenou,Carrer,TANGER,2,46,,,,,,,07,1
10-2013-0755,10,SANT MARTI,67,la Vila Olímpica del Poblenou,Carrer,SALVADOR ESPRIU,1,89,,,,,,,05,1
10-2013-0796,10,SANT MARTI,69,Diagonal Mar i el Front Marítim del Poblenou,Passeig,GARCIA FARIA,1,69,,71,,,,,2,1
10-2013-0838,10,SANT MARTI,64,el Camp de l'Arpa del Clot,Carrer,ROGENT,2,114,,,,,,B,03,A
10-2014-0055,10,SANT MARTI,68,el Poblenou,Carrer,RAMON TURRO,2,178,,,,,,,01,
10-2014-0062,10,SANT MARTI,66,el Parc i la Llacuna del Poblenou,Carrer,PUJADES,1,11,,,,,,,04,1
10-2014-0065,10,SANT MARTI,64,el Camp de l'Arpa del Clot,Carrer,INDEPENDENCIA,2,362,,,,,,,2,1
10-2014-0067,10,SANT MARTI,64,el Camp de l'Arpa del Clot,Carrer,INDEPENDENCIA,2,362,,,,,,,2,3
10-2014-0073,10,SANT MARTI,64,el Camp de l'Arpa del Clot,Carrer,MALLORCA,1,569,,,,,,4,05,1
10-2014-0149,10,SANT MARTI,64,el Camp de l'Arpa del Clot,Carrer,MALLORCA,2,532,,,,,,,02,4
10-2014-0150,10,SANT MARTI,66,el Parc i la Llacuna del Poblenou,Carrer,JOAN D'AUSTRIA,1,105,,,,,,,08,3
10-2014-0176,10,SANT MARTI,68,el Poblenou,Carrer,SANT FRANCESC,2,4,,,,,,,BJ,2
10-2014-0241,10,SANT MARTI,68,el Poblenou,Passeig,CALVELL,1,45,,,,,,D,05,3
10-2014-0244,10,SANT MARTI,68,el Poblenou,Passeig,CALVELL,1,45,,,,,,B,02,1
10-2014-0255,10,SANT MARTI,69,Diagonal Mar i el Front Marítim del Poblenou,Carrer,PROVENÇALS,1,5,,,,,,,04,1
10-2014-0257,10,SANT MARTI,68,el Poblenou,Carrer,LABERINT,2,2,,4,,,,,01,B
10-2014-0324,10,SANT MARTI,68,el Poblenou,Carrer,LABERINT,1,1,,3,,,,,3,1
10-2014-0330,10,SANT MARTI,65,el Clot,Carrer,INDEPENDENCIA,1,251,,,,,,,02,1
10-2014-0381,10,SANT MARTI,68,el Poblenou,Carrer,TANGER,2,148,,156,,,,,01,3
10-2014-0382,10,SANT MARTI,68,el Poblenou,Carrer,TAULAT,1,1,,,,,,,01,3
10-2014-0396,10,SANT MARTI,68,el Poblenou,Carrer,FERROCARRIL,1,27,,,,,,,2,2
10-2014-0416,10,SANT MARTI,68,el Poblenou,Carrer,PALLARS,2,322,,324,,,,,BJ,3
10-2014-0422,10,SANT MARTI,68,el Poblenou,Carrer,FERROCARRIL,1,27,,,,,,,2,5
10-2014-0431,10,SANT MARTI,64,el Camp de l'Arpa del Clot,Carrer,JOAN DE PEGUERA,1,77,,,,,,,BJ,2
10-2014-0434,10,SANT MARTI,64,el Camp de l'Arpa del Clot,Carrer,JOAN DE PEGUERA,1,77,,,,,,,01,2
10-2014-0443,10,SANT MARTI,66,el Parc i la Llacuna del Poblenou,Carrer,PERE IV,2,44,,46,,,,,05,1
10-2014-0446,10,SANT MARTI,64,el Camp de l'Arpa del Clot,Carrer,VALENCIA,1,547,,,,,,,3,2
10-2014-0448,10,SANT MARTI,66,el Parc i la Llacuna del Poblenou,Carrer,PERE IV,2,44,,46,,,,,04,2
10-2014-0456,10,SANT MARTI,66,el Parc i la Llacuna del Poblenou,Carrer,PERE IV,2,44,,46,,,,,03,4
10-2014-0458,10,SANT MARTI,66,el Parc i la Llacuna del Poblenou,Carrer,PERE IV,2,44,,46,,,,,01,2
10-2014-0468,10,SANT MARTI,66,el Parc i la Llacuna del Poblenou,Carrer,PERE IV,1,83,,,,,,,06,2
10-2014-0469,10,SANT MARTI,68,el Poblenou,Carrer,PUJADES,1,219,,,,,,,4,2
10-2014-0480,10,SANT MARTI,68,el Poblenou,Carrer,PUJADES,1,271,,,,,,,02,1
10-2014-0498,10,SANT MARTI,73,la Verneda i la Pau,Carrer,ANGELS GARRIGA,2,4,,,,,,,02,1
10-2014-0499,10,SANT MARTI,68,el Poblenou,Carrer,PERELLO,1,31,,,,,,,BJ,
10-2014-0514,10,SANT MARTI,68,el Poblenou,Rambla,POBLENOU,2,20,,,,,,,01,1
10-2014-0518,10,SANT MARTI,68,el Poblenou,Rambla,POBLENOU,2,20,,,,,,,01,3
10-2014-0519,10,SANT MARTI,68,el Poblenou,Rambla,POBLENOU,2,20,,,,,,,02,3
10-2014-0520,10,SANT MARTI,64,el Camp de l'Arpa del Clot,Carrer,INDUSTRIA,1,213,,,,,,,2,3
10-2014-0528,10,SANT MARTI,64,el Camp de l'Arpa del Clot,Carrer,INDUSTRIA,1,213,,,,,,,3,3
10-2014-0544,10,SANT MARTI,68,el Poblenou,Passeig,CALVELL,1,45,,,,,,B,4,2
10-2014-0546,10,SANT MARTI,68,el Poblenou,Passeig,CALVELL,1,45,,,,,,B,4,3
10-2014-0547,10,SANT MARTI,64,el Camp de l'Arpa del Clot,Carrer,INDUSTRIA,1,213,,,,,,,5,4
10-2014-0569,10,SANT MARTI,68,el Poblenou,Passeig,CALVELL,1,45,,,,,,A,01,3
10-2014-0570,10,SANT MARTI,68,el Poblenou,Passeig,CALVELL,1,45,,,,,,A,1,4
10-2014-0663,10,SANT MARTI,68,el Poblenou,Carrer,PALLARS,2,232,,236,,,,,01,3
10-2014-0676,10,SANT MARTI,69,Diagonal Mar i el Front Marítim del Poblenou,Avinguda,DIAGONAL,2,54,,,,,,,03,2
10-2014-0678,10,SANT MARTI,73,la Verneda i la Pau,Carrer,CAMP ARRIASSA,1,73,,,,,,,BJ,
10-2014-0722,10,SANT MARTI,64,el Camp de l'Arpa del Clot,Carrer,DOS DE MAIG,2,314,,,,,,,01,1
10-2014-0739,10,SANT MARTI,70,el Besòs i el Maresme,Carrer,EPIR,2,4,,,,,,,BJ,4
10-2014-0740,10,SANT MARTI,73,la Verneda i la Pau,Rambla,PRIM,2,192,,,,,,,05,4
10-2014-0774,10,SANT MARTI,72,Sant Martí de Provençals,Carrer,PROVENÇALS,2,260,,,,,,,02,1
10-2014-0863,10,SANT MARTI,70,el Besòs i el Maresme,Carrer,ALFONS EL MAGNANIM,1,77,B,,,,,,07,2
10-2014-0933,10,SANT MARTI,72,Sant Martí de Provençals,Carrer,CANTABRIA,1,23,A,,,,,,03,B
10-2016-0380,10,SANT MARTI,68,el Poblenou,Carrer,LOPE DE VEGA,2,54,,,,,,,2,2
10-2016-0474,10,SANT MARTI,68,el Poblenou,Carrer,LOPE DE VEGA,2,54,,,,,,,1,1
10-2016-0479,10,SANT MARTI,68,el Poblenou,Carrer,LOPE DE VEGA,2,54,,,,,,,4,1
10-2019-0010,10,SANT MARTI,68,el Poblenou,Carrer,ESPRONCEDA,1,39,,,,,,,1,1
10-2019-0011,10,SANT MARTI,68,el Poblenou,Carrer,ESPRONCEDA,1,39,,,,,,,1,2
10-2019-0015,10,SANT MARTI,68,el Poblenou,Carrer,ESPRONCEDA,1,39,,,,,,,3,2
10-2019-0083,10,SANT MARTI,66,el Parc i la Llacuna del Poblenou,Avinguda,MERIDIANA,1,21,,,,,,E,AT,2
10-2022-0435,10,SANT MARTI,65,el Clot,Plaça,CANONGE RODO,1,7,,,,,,,3,
10-2023-0314,10,SANT MARTI,64,el Camp de l'Arpa del Clot,Carrer,ROGENT,1,37,,,,,,,2,
10-2023-0438,10,SANT MARTI,68,el Poblenou,Carrer,BILBAO,1,3,,,,,,,BJ,A
10-2023-0448,10,SANT MARTI,68,el Poblenou,Carrer,BILBAO,1,3,,,,,,,1,2
10-2023-0449,10,SANT MARTI,68,el Poblenou,Carrer,BILBAO,1,3,,,,,,,2,3
10-2023-0454,10,SANT MARTI,68,el Poblenou,Carrer,BILBAO,1,3,,,,,,,BJ,B
10-2023-0457,10,SANT MARTI,71,Provençals del Poblenou,Carrer,MARROC,1,105,,,,,,,1,2
10-2023-0458,10,SANT MARTI,71,Provençals del Poblenou,Carrer,MARROC,1,105,,,,,,,1,1
10-2023-0469,10,SANT MARTI,68,el Poblenou,Carrer,PERE IV,2,124,,,,,,,1,1
10-2023-0488,10,SANT MARTI,64,el Camp de l'Arpa del Clot,Carrer,COLL I VEHI,2,16,,,,,,,BJ,2
10-2023-0489,10,SANT MARTI,64,el Camp de l'Arpa del Clot,Carrer,COLL I VEHI,2,16,,,,,,,1,1
10-2023-0525,10,SANT MARTI,68,el Poblenou,Carrer,ROC BORONAT,1,57,,,,,,,1,2
10-2024-0094,10,SANT MARTI,71,Provençals del Poblenou,Carrer,MARROC,1,103,,,,,,,1,1
10-2024-0159,10,SANT MARTI,69,Diagonal Mar i el Front Marítim del Poblenou,Carrer,ESPRONCEDA,1,5,,,,,,3,1,1
01-2009-0354,01,CIUTAT VELLA,01,el Raval,Carrer,SANT JOSEP ORIOL,1,19,,,,,,,01,1
01-2011-0170,01,CIUTAT VELLA,02,el Barri Gòtic,Carrer,ROCA,2,8,,,,,,,02,2
01-2012-0158,01,CIUTAT VELLA,02,el Barri Gòtic,Passatge,RELLOTGE,2,2,,,,,,,EN,1
01-2012-0188,01,CIUTAT VELLA,02,el Barri Gòtic,Carrer,FERRAN,1,7,,,,,,,02,1
01-2012-0192,01,CIUTAT VELLA,02,el Barri Gòtic,Carrer,FERRAN,1,7,,,,,,,03,2
01-2012-0212,01,CIUTAT VELLA,02,el Barri Gòtic,Carrer,COMTAL,1,33,,,,,,,01,1
01-2012-0450,01,CIUTAT VELLA,01,el Raval,Carrer,TIGRE,2,4,,,,,,,02,1
01-2012-0464,01,CIUTAT VELLA,04,Sant Pere, Santa Caterina i la Ribera,Carrer,ESQUIROL,2,4,,,,,,,02,2
01-2012-0514,01,CIUTAT VELLA,01,el Raval,Plaça,EMILI VENDRELL,1,1,,,,,,,03,1
01-2012-0559,01,CIUTAT VELLA,01,el Raval,Carrer,TALLERS,2,76,,,,,,,EN,2
01-2012-0598,01,CIUTAT VELLA,04,Sant Pere, Santa Caterina i la Ribera,Carrer,CIRERA,2,2,,,,,,,01,
01-2012-0651,01,CIUTAT VELLA,01,el Raval,Carrer,NOU DE LA RAMBLA,2,10,,,,,,,01,1B
01-2012-0671,01,CIUTAT VELLA,02,el Barri Gòtic,Passatge,DORMITORI DE SANT FRANCESC,2,2,,,,,,,03,1
01-2012-0675,01,CIUTAT VELLA,02,el Barri Gòtic,Plaça,CATALUNYA,1,21,,,,,,,07,2
01-2012-0685,01,CIUTAT VELLA,02,el Barri Gòtic,Carrer,DURAN I BAS,1,7,,,,,,,1,2
01-2013-0051,01,CIUTAT VELLA,03,la Barceloneta,Carrer,GRAU I TORRAS,1,17,,,,,,,BJ,
01-2013-0055,01,CIUTAT VELLA,03,la Barceloneta,Carrer,GRAU I TORRAS,1,17,,,,,,,4,
01-2013-0107,01,CIUTAT VELLA,02,el Barri Gòtic,Plaça,REIAL,1,3,,,,,,,2,2
01-2013-0131,01,CIUTAT VELLA,01,el Raval,Carrer,AURORA,1,11,B,,,,,,02,1
01-2013-0132,01,CIUTAT VELLA,01,el Raval,Carrer,AURORA,1,11,,,,,,,01,1
01-2013-0154,01,CIUTAT VELLA,01,el Raval,Carrer,JOAQUIN COSTA,2,28,,,,,,,4,2
01-2013-0219,01,CIUTAT VELLA,04,Sant Pere, Santa Caterina i la Ribera,Carrer,DAMES,1,1,,,,,,,3,
01-2013-0242,01,CIUTAT VELLA,04,Sant Pere, Santa Caterina i la Ribera,Carrer,ARGENTERIA,2,6,,,,,,,EN,3
01-2013-0248,01,CIUTAT VELLA,04,Sant Pere, Santa Caterina i la Ribera,Carrer,ARGENTERIA,2,6,,,,,,,PR,2
01-2013-0306,01,CIUTAT VELLA,04,Sant Pere, Santa Caterina i la Ribera,Carrer,SANT ANTONI DELS SOMBRERERS,2,4,,,,,,,03,2
01-2013-0311,01,CIUTAT VELLA,02,el Barri Gòtic,Carrer,COLOM,1,1,,,,,,,02,1
01-2013-0367,01,CIUTAT VELLA,04,Sant Pere, Santa Caterina i la Ribera,Carrer,SANT PERE MITJA,1,33,,,,,,,03,1
01-2013-0437,01,CIUTAT VELLA,01,el Raval,Carrer,CARME,2,10,,,,,,,3,2
01-2013-0511,01,CIUTAT VELLA,03,la Barceloneta,Carrer,PAREDES,1,1,,,,,,,01,1
01-2013-0513,01,CIUTAT VELLA,03,la Barceloneta,Carrer,PAREDES,1,1,,,,,,,02,2
01-2013-0514,01,CIUTAT VELLA,03,la Barceloneta,Carrer,PAREDES,1,1,,,,,,,03,1
01-2013-0616,01,CIUTAT VELLA,02,el Barri Gòtic,Carrer,FERRAN,2,2,,,,,,,04,1
01-2013-0618,01,CIUTAT VELLA,01,el Raval,Carrer,UNIO,1,21,,,,,,,01,1
01-2013-0620,01,CIUTAT VELLA,01,el Raval,Carrer,UNIO,1,21,,,,,,,02,1
01-2013-0623,01,CIUTAT VELLA,01,el Raval,Carrer,UNIO,1,21,,,,,,,03,2
01-2013-0631,01,CIUTAT VELLA,02,el Barri Gòtic,Carrer,VIDRE,2,10,,12,,,,,02,3
01-2013-0685,01,CIUTAT VELLA,03,la Barceloneta,Carrer,BERENGUER MALLOL,1,1,,3,,,,3,03,1
01-2013-0725,01,CIUTAT VELLA,02,el Barri Gòtic,Passeig,COLOM,1,3,,,,,,,01,2
01-2013-0741,01,CIUTAT VELLA,02,el Barri Gòtic,Carrer,RAMBLA,2,36,,,,,,,03,2
01-2013-0752,01,CIUTAT VELLA,04,Sant Pere, Santa Caterina i la Ribera,Carrer,MARQUESA,1,9,,,,,,,03,
01-2013-0767,01,CIUTAT VELLA,04,Sant Pere, Santa Caterina i la Ribera,Carrer,FLASSADERS,1,33,,,,,,,03,1
01-2013-0781,01,CIUTAT VELLA,04,Sant Pere, Santa Caterina i la Ribera,Carrer,CARDERS,2,34,,,,,,,03,
01-2013-0811,01,CIUTAT VELLA,04,Sant Pere, Santa Caterina i la Ribera,Carrer,SANT PERE MITJA,2,62,,,,,,,3,A
01-2013-0812,01,CIUTAT VELLA,04,Sant Pere, Santa Caterina i la Ribera,Carrer,SANT PERE MITJA,2,62,,,,,,,3,B
01-2013-0813,01,CIUTAT VELLA,04,Sant Pere, Santa Caterina i la Ribera,Carrer,SANT PERE MITJA,2,62,,,,,,,4,A
01-2013-0815,01,CIUTAT VELLA,04,Sant Pere, Santa Caterina i la Ribera,Carrer,SANT PERE MITJA,2,62,,,,,,,5,B
01-2013-0829,01,CIUTAT VELLA,04,Sant Pere, Santa Caterina i la Ribera,Carrer,ESPARTERIA,1,1,,,,,,,AT,2
01-2013-0832,01,CIUTAT VELLA,04,Sant Pere, Santa Caterina i la Ribera,Carrer,VOLTA D'EN BUFANALLA,1,3,,,,,,,4,
01-2013-0847,01,CIUTAT VELLA,04,Sant Pere, Santa Caterina i la Ribera,Via,LAIETANA,2,46,,,,,,,PR,2
01-2013-0861,01,CIUTAT VELLA,01,el Raval,Carrer,PINTOR FORTUNY,1,33,,,,,,,01,1
01-2013-0882,01,CIUTAT VELLA,01,el Raval,Carrer,NOU DE LA RAMBLA,2,20,,,,,,,PR,2
01-2013-0887,01,CIUTAT VELLA,02,el Barri Gòtic,Carrer,MERCE,1,21,,,,,,,1,2
01-2013-0897,01,CIUTAT VELLA,03,la Barceloneta,Carrer,MESTRANÇA,1,55,,,,,,,03,
01-2013-0902,01,CIUTAT VELLA,01,el Raval,Carrer,BISBE LAGUARDA,2,4,,,,,,,BJ,3
01-2013-0918,01,CIUTAT VELLA,04,Sant Pere, Santa Caterina i la Ribera,Carrer,VOLTA D'EN BUFANALLA,1,3,,,,,,,5,
01-2013-0965,01,CIUTAT VELLA,02,el Barri Gòtic,Carrer,MERCE,1,11,,,,,,,EN,2
01-2013-0973,01,CIUTAT VELLA,04,Sant Pere, Santa Caterina i la Ribera,Carrer,PESCATERIA,1,1,,,,,,,02,3
01-2013-0978,01,CIUTAT VELLA,02,el Barri Gòtic,Carrer,FERRAN,1,43,,,,,,,PR,1
01-2014-0018,01,CIUTAT VELLA,02,el Barri Gòtic,Carrer,FERRAN,2,2,,,,,,,04,2
01-2014-0051,01,CIUTAT VELLA,02,el Barri Gòtic,Carrer,RAMBLA,2,36,,,,,,,04,1
01-2014-0063,01,CIUTAT VELLA,01,el Raval,Carrer,RAMELLERES,1,27,,,,,,,02,4
01-2014-0065,01,CIUTAT VELLA,01,el Raval,Carrer,RAMELLERES,1,27,,,,,,,03,3
01-2014-0073,01,CIUTAT VELLA,01,el Raval,Carrer,JUNTA DE COMERÇ,1,23,,,,,,,02,1A
01-2014-0228,01,CIUTAT VELLA,04,Sant Pere, Santa Caterina i la Ribera,Carrer,SANT PERE MES ALT,1,21,,,,,,,02,1
01-2014-0229,01,CIUTAT VELLA,04,Sant Pere, Santa Caterina i la Ribera,Carrer,SANT PERE MES ALT,1,21,,,,,,,02,2
01-2014-0249,01,CIUTAT VELLA,02,el Barri Gòtic,Carrer,PORTAFERRISSA,1,27,,,,,,,4,
01-2014-0268,01,CIUTAT VELLA,02,el Barri Gòtic,Carrer,PETRITXOL,1,17,,,,,,,PR,2
01-2014-0440,01,CIUTAT VELLA,01,el Raval,Carrer,TIGRE,2,10,,,,,,,3,1
01-2014-0521,01,CIUTAT VELLA,04,Sant Pere, Santa Caterina i la Ribera,Carrer,COMERCIAL,1,15,,,,,,,4,1
01-2016-0417,01,CIUTAT VELLA,03,la Barceloneta,Carrer,PROCLAMACIO,2,12,,,,,,,PR,
01-2016-0478,01,CIUTAT VELLA,02,el Barri Gòtic,Carrer,PETRITXOL,1,17,,,,,,,1,2
01-2017-0012,01,CIUTAT VELLA,02,el Barri Gòtic,Carrer,SANT SEVER,2,4,,,,,,,1,1
01-2017-0063,01,CIUTAT VELLA,04,Sant Pere, Santa Caterina i la Ribera,Carrer,FORMATGERIA,1,3,,,,,,,6,1
01-2017-0201,01,CIUTAT VELLA,02,el Barri Gòtic,Carrer,SANT SEVER,2,4,,,,,,,3,2
01-2018-0011,01,CIUTAT VELLA,02,el Barri Gòtic,Carrer,RAMBLA,2,102,,104,,,,,PR,4
01-2018-0071,01,CIUTAT VELLA,02,el Barri Gòtic,Carrer,REGOMIR,1,25,,27,,,,,2,1
01-2018-0463,01,CIUTAT VELLA,04,Sant Pere, Santa Caterina i la Ribera,Carrer,AGULLERS,2,22,,,,,,,4,
01-2018-0510,01,CIUTAT VELLA,01,el Raval,Carrer,MONTSERRAT,1,5,,,,,,,1,1
01-2018-0512,01,CIUTAT VELLA,01,el Raval,Carrer,MONTSERRAT,1,5,,,,,,,1,1
01-2018-0515,01,CIUTAT VELLA,01,el Raval,Carrer,MONTSERRAT,1,5,,,,,,,2,1
01-2019-0124,01,CIUTAT VELLA,01,el Raval,Carrer,CARME,1,11,,,,,,,PR,2
01-2019-0130,01,CIUTAT VELLA,01,el Raval,Carrer,CARME,1,11,,,,,,,3,2
01-2019-0349,01,CIUTAT VELLA,01,el Raval,Carrer,SANT PAU,1,41,,,,,,,1,
01-2019-0418,01,CIUTAT VELLA,01,el Raval,Rambla,RAVAL,2,26,,,,,,,EN,
01-2019-0420,01,CIUTAT VELLA,01,el Raval,Rambla,RAVAL,2,26,,,,,,,3,
01-2020-0033,01,CIUTAT VELLA,03,la Barceloneta,Carrer,BERENGUER MALLOL,1,19,,,,,,,4,
01-2022-0079,01,CIUTAT VELLA,03,la Barceloneta,Carrer,ATLANTIDA,2,60,,,,,,,BJ,1
01-2022-0087,01,CIUTAT VELLA,03,la Barceloneta,Carrer,ALCANAR,2,30,,32,,,,,1,2
01-2022-0092,01,CIUTAT VELLA,04,Sant Pere, Santa Caterina i la Ribera,Carrer,CONSELLERS,2,2,,,,,,,3,1
01-2022-0093,01,CIUTAT VELLA,04,Sant Pere, Santa Caterina i la Ribera,Carrer,CONSELLERS,2,2,,,,,,,4,1
01-2022-0100,01,CIUTAT VELLA,03,la Barceloneta,Carrer,VILA JOIOSA,2,14,,,,,,,2,1
01-2022-0101,01,CIUTAT VELLA,03,la Barceloneta,Carrer,VILA JOIOSA,2,14,,,,,,,BJ,1
01-2022-0117,01,CIUTAT VELLA,03,la Barceloneta,Carrer,PESCADORS,1,37,,,,,,,4,
01-2022-0131,01,CIUTAT VELLA,03,la Barceloneta,Carrer,ATLANTIDA,2,60,,,,,,,2,1
01-2023-0165,01,CIUTAT VELLA,01,el Raval,Carrer,SANT PAU,1,47,,,,,,,1,1
01-2023-0166,01,CIUTAT VELLA,01,el Raval,Carrer,SANT PAU,1,47,,,,,,,1,2
01-2023-0169,01,CIUTAT VELLA,01,el Raval,Carrer,SANT PAU,1,47,,,,,,,3,1
01-2023-0170,01,CIUTAT VELLA,01,el Raval,Carrer,SANT PAU,1,47,,,,,,,3,2
01-2023-0171,01,CIUTAT VELLA,01,el Raval,Carrer,SANT PAU,1,47,,,,,,,4,1
01-2023-0542,01,CIUTAT VELLA,04,Sant Pere, Santa Caterina i la Ribera,Carrer,SANT PERE MITJA,2,4,,,,,,,PR,1
01-2023-0545,01,CIUTAT VELLA,04,Sant Pere, Santa Caterina i la Ribera,Carrer,SANT PERE MITJA,2,4,,,,,,,4,2
01-2023-0548,01,CIUTAT VELLA,04,Sant Pere, Santa Caterina i la Ribera,Carrer,SANT PERE MITJA,2,4,,,,,,,2,1
01-2023-0549,01,CIUTAT VELLA,04,Sant Pere, Santa Caterina i la Ribera,Carrer,SANT PERE MITJA,2,4,,,,,,,2,2
01-2024-0016,01,CIUTAT VELLA,01,el Raval,Carrer,PEU DE LA CREU,2,28,B,,B,,,,BJ,2
01-2024-0024,01,CIUTAT VELLA,01,el Raval,Carrer,PEU DE LA CREU,2,28,B,,B,,,,3,2
01-2024-0042,01,CIUTAT VELLA,02,el Barri Gòtic,Carrer,OBRADORS,1,9,,,,,,,4,2
01-2024-0044,01,CIUTAT VELLA,02,el Barri Gòtic,Carrer,ROCA,2,10,,,,,,,2,
01-2024-0053,01,CIUTAT VELLA,01,el Raval,Carrer,CABRES,1,9,,,,,,,1,3
01-2024-0141,01,CIUTAT VELLA,03,la Barceloneta,Carrer,SEVILLA,1,65,,,,,,,4,
01-2024-0167,01,CIUTAT VELLA,03,la Barceloneta,Carrer,ALMIRALL BARCELO,1,3,,,,,,,4,1
01-2024-0168,01,CIUTAT VELLA,03,la Barceloneta,Carrer,ALMIRALL BARCELO,1,3,,,,,,,4,2
01-2024-0173,01,CIUTAT VELLA,03,la Barceloneta,Carrer,ALMIRALL BARCELO,1,3,,,,,,,5,1
02-2008-0544,02,L'EIXAMPLE,07,la Dreta de l'Eixample,Carrer,ROGER DE LLURIA,1,27,,,,,,,SA,
02-2008-0569,02,L'EIXAMPLE,08,l'Antiga Esquerra de l'Eixample,Carrer,CONSELL DE CENT,1,283,,,,,,,02,2
02-2008-0690,02,L'EIXAMPLE,07,la Dreta de l'Eixample,Carrer,TRAFALGAR,1,13,,,,,,,PR,
02-2008-0708,02,L'EIXAMPLE,07,la Dreta de l'Eixample,Rambla,CATALUNYA,2,60,,,,,,,SA,
02-2008-0711,02,L'EIXAMPLE,07,la Dreta de l'Eixample,Carrer,PELAI,1,11,,,,,,,1,E
02-2008-0785,02,L'EIXAMPLE,06,la Sagrada Família,Carrer,LEPANT,1,315,,,,,,,1,2
02-2008-0807,02,L'EIXAMPLE,07,la Dreta de l'Eixample,Carrer,ALI BEI,1,29,,,,,,,02,3
02-2008-0831,02,L'EIXAMPLE,06,la Sagrada Família,Carrer,PADILLA,1,215,,,,,,,01,3
02-2008-0890,02,L'EIXAMPLE,07,la Dreta de l'Eixample,Carrer,GIRONA,1,97,,,,,,,PR,2
02-2008-0966,02,L'EIXAMPLE,07,la Dreta de l'Eixample,Ronda,SANT PERE,1,3,,,,,,,05,1
02-2008-1040,02,L'EIXAMPLE,06,la Sagrada Família,Carrer,MARINA,2,306,,,,,,C,03,1
02-2008-1050,02,L'EIXAMPLE,06,la Sagrada Família,Carrer,MARINA,2,306,,,,,,C,05,3
02-2008-1085,02,L'EIXAMPLE,10,Sant Antoni,Carrer,TAMARIT,1,175,,,,,,,PR,1
02-2008-1104,02,L'EIXAMPLE,07,la Dreta de l'Eixample,Carrer,GIRONA,1,15,,,,,,,PR,2
02-2008-1110,02,L'EIXAMPLE,07,la Dreta de l'Eixample,Carrer,GIRONA,1,15,,,,,,,02,1
02-2008-1173,02,L'EIXAMPLE,07,la Dreta de l'Eixample,Ronda,SANT PERE,1,3,,,,,,,04,4
02-2008-1195,02,L'EIXAMPLE,08,l'Antiga Esquerra de l'Eixample,Carrer,VALENCIA,2,194,,,,,,,06,1
02-2008-1227,02,L'EIXAMPLE,07,la Dreta de l'Eixample,Carrer,DIPUTACIO,1,317,,,,,,,03,1
02-2008-1241,02,L'EIXAMPLE,09,la Nova Esquerra de l'Eixample,Gran Via,CORTS CATALANES,1,439,,,,,,,05,1
02-2009-0004,02,L'EIXAMPLE,09,la Nova Esquerra de l'Eixample,Carrer,ENTENÇA,2,98,,,,,,,BJ,2
02-2009-0067,02,L'EIXAMPLE,10,Sant Antoni,Carrer,VILADOMAT,1,71,,,,,,,02,2
02-2009-0153,02,L'EIXAMPLE,09,la Nova Esquerra de l'Eixample,Carrer,DIPUTACIO,2,18,,,,,,,05,B
02-2009-0166,02,L'EIXAMPLE,07,la Dreta de l'Eixample,Carrer,ARAGO,1,373,,,,,,,05,2
02-2009-0220,02,L'EIXAMPLE,07,la Dreta de l'Eixample,Plaça,TETUAN,1,25,,,,,,,AT,2
02-2009-0274,02,L'EIXAMPLE,05,el Fort Pienc,Avinguda,DIAGONAL,1,245,,,,,,,03,2
02-2009-0317,02,L'EIXAMPLE,07,la Dreta de l'Eixample,Carrer,PELAI,1,11,,,,,,,3,5
02-2009-0546,02,L'EIXAMPLE,08,l'Antiga Esquerra de l'Eixample,Carrer,VALENCIA,1,121,,,,,,,02,2
02-2009-0637,02,L'EIXAMPLE,09,la Nova Esquerra de l'Eixample,Carrer,ROSSELLO,1,27,,,,,,,03,1
02-2009-0663,02,L'EIXAMPLE,07,la Dreta de l'Eixample,Plaça,TETUAN,2,10,,,,,,,04,1
02-2009-0731,02,L'EIXAMPLE,10,Sant Antoni,Ronda,SANT PAU,1,75,,,,,,,01,1
02-2009-0747,02,L'EIXAMPLE,08,l'Antiga Esquerra de l'Eixample,Carrer,VILLARROEL,1,163,,,,,,,03,2
02-2009-0762,02,L'EIXAMPLE,07,la Dreta de l'Eixample,Carrer,ALI BEI,1,29,,,,,,,AT,2
02-2009-0813,02,L'EIXAMPLE,08,l'Antiga Esquerra de l'Eixample,Gran Via,CORTS CATALANES,1,539,,,,,,,PR,3
02-2009-0840,02,L'EIXAMPLE,06,la Sagrada Família,Carrer,ENAMORATS,1,5,,,,,,,01,3
02-2009-0934,02,L'EIXAMPLE,07,la Dreta de l'Eixample,Passeig,GRACIA,1,83,,,,,,,PR,6
02-2009-0961,02,L'EIXAMPLE,07,la Dreta de l'Eixample,Carrer,CASP,2,74,,,,,,,BJ,3
02-2009-0968,02,L'EIXAMPLE,07,la Dreta de l'Eixample,Carrer,CASP,2,74,,,,,,,01,5
02-2009-0976,02,L'EIXAMPLE,07,la Dreta de l'Eixample,Carrer,CASP,2,74,,,,,,,03,3
02-2009-0987,02,L'EIXAMPLE,07,la Dreta de l'Eixample,Carrer,CASP,2,74,,,,,,,05,2
02-2009-0990,02,L'EIXAMPLE,07,la Dreta de l'Eixample,Carrer,BAILEN,2,98,,,,,,,1,
02-2009-1014,02,L'EIXAMPLE,07,la Dreta de l'Eixample,Carrer,DIPUTACIO,1,335,,,,,,,6,1
02-2009-1045,02,L'EIXAMPLE,06,la Sagrada Família,Carrer,INDUSTRIA,1,165,,,,,,,PR,1
02-2009-1072,02,L'EIXAMPLE,06,la Sagrada Família,Carrer,INDUSTRIA,1,165,,,,,,,2,1
02-2009-1110,02,L'EIXAMPLE,06,la Sagrada Família,Carrer,INDUSTRIA,1,165,,,,,,,04,1
02-2009-1113,02,L'EIXAMPLE,06,la Sagrada Família,Avinguda,GAUDI,2,14,,,,,,,EN,1
02-2009-1244,02,L'EIXAMPLE,07,la Dreta de l'Eixample,Passeig,GRACIA,1,83,,,,,,,PR,1
02-2010-0016,02,L'EIXAMPLE,07,la Dreta de l'Eixample,Carrer,CONSELL DE CENT,2,306,,,,,,,PR,2
02-2010-0055,02,L'EIXAMPLE,08,l'Antiga Esquerra de l'Eixample,Carrer,PARIS,1,193,,,,,,,05,2
02-2010-0094,02,L'EIXAMPLE,06,la Sagrada Família,Carrer,INDUSTRIA,1,165,,,,,,,05,1
02-2010-0342,02,L'EIXAMPLE,08,l'Antiga Esquerra de l'Eixample,Carrer,CONSELL DE CENT,1,221,,,,,,E,04,2
02-2010-0367,02,L'EIXAMPLE,05,el Fort Pienc,Carrer,DIPUTACIO,1,427,,,,,,,04,1
02-2010-0390,02,L'EIXAMPLE,05,el Fort Pienc,Carrer,ARAGO,1,403,,,,,,B,AT,1
02-2010-0422,02,L'EIXAMPLE,10,Sant Antoni,Carrer,TAMARIT,2,162,,,,,,,03,1
02-2010-0425,02,L'EIXAMPLE,10,Sant Antoni,Carrer,TAMARIT,2,162,,,,,,,05,
02-2010-0472,02,L'EIXAMPLE,05,el Fort Pienc,Carrer,SARDENYA,2,194,,,,,,,EN,2
02-2010-0478,02,L'EIXAMPLE,09,la Nova Esquerra de l'Eixample,Carrer,VALENCIA,2,32,,,,,,,4,2
02-2010-0583,02,L'EIXAMPLE,06,la Sagrada Família,Passatge,MAIOL,2,14,,,,,,,01,2
02-2010-0703,02,L'EIXAMPLE,07,la Dreta de l'Eixample,Gran Via,CORTS CATALANES,2,634,,,,,,,07,4
02-2010-0736,02,L'EIXAMPLE,06,la Sagrada Família,Carrer,VALENCIA,1,423,,,,,,,02,1
02-2010-0800,02,L'EIXAMPLE,08,l'Antiga Esquerra de l'Eixample,Carrer,CASANOVA,2,48,,,,,,,05,2
02-2010-0880,02,L'EIXAMPLE,05,el Fort Pienc,Carrer,SICILIA,1,159,,,,,,,PR,4
02-2010-0898,02,L'EIXAMPLE,07,la Dreta de l'Eixample,Carrer,VALENCIA,1,347,,,,,,,PR,2
02-2010-0902,02,L'EIXAMPLE,05,el Fort Pienc,Carrer,SICILIA,1,159,,,,,,,PR,2
02-2010-0909,02,L'EIXAMPLE,07,la Dreta de l'Eixample,Passeig,GRACIA,1,69,,,,,,,03,C
02-2010-0942,02,L'EIXAMPLE,07,la Dreta de l'Eixample,Passeig,GRACIA,1,69,,,,,,,06,D
02-2010-0964,02,L'EIXAMPLE,07,la Dreta de l'Eixample,Passeig,GRACIA,1,97,,,,,,,03,1
02-2010-1004,02,L'EIXAMPLE,06,la Sagrada Família,Carrer,SICILIA,1,255,,,,,,,01,4
02-2010-1005,02,L'EIXAMPLE,06,la Sagrada Família,Carrer,SICILIA,1,255,,,,,,,02,1
02-2010-1006,02,L'EIXAMPLE,06,la Sagrada Família,Carrer,SICILIA,1,255,,,,,,,02,2
02-2010-1010,02,L'EIXAMPLE,06,la Sagrada Família,Carrer,SICILIA,1,255,,,,,,,03,1
02-2010-1015,02,L'EIXAMPLE,06,la Sagrada Família,Carrer,SICILIA,1,255,,,,,,,03,4
02-2010-1200,02,L'EIXAMPLE,06,la Sagrada Família,Carrer,LEPANT,1,273,,,,,,,02,1
02-2010-1205,02,L'EIXAMPLE,06,la Sagrada Família,Carrer,VALENCIA,1,469,,,,,,,04,1
02-2010-1219,02,L'EIXAMPLE,06,la Sagrada Família,Carrer,VALENCIA,1,469,,,,,,,06,3
02-2010-1221,02,L'EIXAMPLE,07,la Dreta de l'Eixample,Carrer,ARAGO,1,367,,,,,,,PR,1
02-2010-1261,02,L'EIXAMPLE,05,el Fort Pienc,Carrer,AUSIAS MARC,1,83,,,,,,,04,4
02-2010-1266,02,L'EIXAMPLE,06,la Sagrada Família,Avinguda,GAUDI,2,16,,,,,,,AT,4
02-2010-1283,02,L'EIXAMPLE,07,la Dreta de l'Eixample,Carrer,BALMES,2,12,,,,,,,02,2
02-2010-1288,02,L'EIXAMPLE,07,la Dreta de l'Eixample,Carrer,BAILEN,1,43,,,,,,,03,1
02-2010-1299,02,L'EIXAMPLE,07,la Dreta de l'Eixample,Carrer,ARAGO,1,367,,,,,,,EN,2
02-2010-1320,02,L'EIXAMPLE,07,la Dreta de l'Eixample,Passeig,GRACIA,2,64,,,,,,,3,2
02-2010-1322,02,L'EIXAMPLE,07,la Dreta de l'Eixample,Passeig,GRACIA,2,64,,,,,,,PR,4
02-2010-1356,02,L'EIXAMPLE,07,la Dreta de l'Eixample,Rambla,CATALUNYA,2,8,,,,,,,AT,4
02-2010-1360,02,L'EIXAMPLE,07,la Dreta de l'Eixample,Ronda,SANT PERE,1,3,,,,,,,05,6
02-2010-1379,02,L'EIXAMPLE,10,Sant Antoni,Carrer,CASANOVA,1,31,,,,,,,EN,2
02-2010-1402,02,L'EIXAMPLE,08,l'Antiga Esquerra de l'Eixample,Carrer,ARAGO,1,155,,,,,,,1,C
02-2010-1407,02,L'EIXAMPLE,08,l'Antiga Esquerra de l'Eixample,Carrer,ARAGO,1,155,,,,,,,3,D
02-2010-1412,02,L'EIXAMPLE,08,l'Antiga Esquerra de l'Eixample,Carrer,ARAGO,1,155,,,,,,,5,D
02-2010-1473,02,L'EIXAMPLE,07,la Dreta de l'Eixample,Carrer,ROGER DE LLURIA,2,40,,,,,,,04,3
02-2011-0019,02,L'EIXAMPLE,09,la Nova Esquerra de l'Eixample,Gran Via,CORTS CATALANES,1,509,,,,,,,04,2
02-2011-0038,02,L'EIXAMPLE,07,la Dreta de l'Eixample,Rambla,CATALUNYA,1,103,,,,,,,4,C
02-2011-0223,02,L'EIXAMPLE,09,la Nova Esquerra de l'Eixample,Carrer,VALENCIA,2,32,,34,,,,,3,2
02-2011-0293,02,L'EIXAMPLE,10,Sant Antoni,Gran Via,CORTS CATALANES,2,454,,,,,,,3,2
02-2011-0305,02,L'EIXAMPLE,10,Sant Antoni,Gran Via,CORTS CATALANES,2,454,,,,,,,6,3
02-2011-0322,02,L'EIXAMPLE,07,la Dreta de l'Eixample,Passeig,GRACIA,1,83,,,,,,,03,1
02-2011-0385,02,L'EIXAMPLE,06,la Sagrada Família,Carrer,CARTAGENA,2,264,,,,,,,03,4
02-2011-0425,02,L'EIXAMPLE,07,la Dreta de l'Eixample,Carrer,MALLORCA,2,362,,,,,,,01,2
02-2011-0426,02,L'EIXAMPLE,07,la Dreta de l'Eixample,Carrer,MALLORCA,2,362,,,,,,,02,1
02-2011-0431,02,L'EIXAMPLE,07,la Dreta de l'Eixample,Carrer,MALLORCA,2,362,,,,,,,05,1
02-2011-0492,02,L'EIXAMPLE,07,la Dreta de l'Eixample,Ronda,UNIVERSITAT,1,11,,,,,,,3,1B
02-2011-0618,02,L'EIXAMPLE,07,la Dreta de l'Eixample,Carrer,BRUC,1,65,,,,,,,04,4
02-2011-0651,02,L'EIXAMPLE,07,la Dreta de l'Eixample,Passeig,GRACIA,2,52,,,,,,,SA,2
02-2011-0766,02,L'EIXAMPLE,07,la Dreta de l'Eixample,Carrer,BRUC,1,65,,,,,,,04,2
02-2011-0800,02,L'EIXAMPLE,06,la Sagrada Família,Carrer,SARDENYA,2,300,,,,,,,01,2
02-2011-0852,02,L'EIXAMPLE,06,la Sagrada Família,Carrer,PROVENÇA,1,383,,,,,,,05,1
02-2011-0889,02,L'EIXAMPLE,10,Sant Antoni,Carrer,COMTE BORRELL,1,73,,,,,,A,01,1
02-2011-0891,02,L'EIXAMPLE,10,Sant Antoni,Carrer,COMTE BORRELL,1,73,,,,,,A,01,2
02-2011-0896,02,L'EIXAMPLE,10,Sant Antoni,Carrer,COMTE BORRELL,1,73,,,,,,B,02,2
02-2011-0898,02,L'EIXAMPLE,10,Sant Antoni,Carrer,COMTE BORRELL,1,73,,,,,,B,03,1
02-2011-0900,02,L'EIXAMPLE,10,Sant Antoni,Carrer,COMTE BORRELL,1,73,,,,,,B,03,2
02-2011-0969,02,L'EIXAMPLE,09,la Nova Esquerra de l'Eixample,Carrer,VALENCIA,2,32,,34,,,,,1,1
02-2011-0983,02,L'EIXAMPLE,10,Sant Antoni,Carrer,VILLARROEL,2,28,,,,,,D,PR,1
02-2011-0996,02,L'EIXAMPLE,06,la Sagrada Família,Carrer,LEPANT,1,293,,,,,,,3,1
02-2011-0999,02,L'EIXAMPLE,10,Sant Antoni,Carrer,VILLARROEL,2,28,,,,,,D,4,2
02-2011-1002,02,L'EIXAMPLE,10,Sant Antoni,Carrer,VILLARROEL,2,28,,,,,,E,PR,1
02-2011-1029,02,L'EIXAMPLE,10,Sant Antoni,Carrer,VILLARROEL,2,28,,,,,,E,3,1
02-2011-1178,02,L'EIXAMPLE,05,el Fort Pienc,Gran Via,CORTS CATALANES,2,734,,,,,,,06,1
02-2011-1218,02,L'EIXAMPLE,08,l'Antiga Esquerra de l'Eixample,Carrer,PROVENÇA,2,232,,,,,,,01,2
02-2011-1270,02,L'EIXAMPLE,07,la Dreta de l'Eixample,Carrer,PELAI,1,5,,,,,,,01,1B
02-2011-1382,02,L'EIXAMPLE,05,el Fort Pienc,Avinguda,DIAGONAL,1,299,B,,,,,,02,1
02-2011-1384,02,L'EIXAMPLE,10,Sant Antoni,Carrer,MANSO,2,60,,,,,,,05,
02-2012-0013,02,L'EIXAMPLE,07,la Dreta de l'Eixample,Carrer,NAPOLS,1,149,,151,,,,,3,4
02-2012-0088,02,L'EIXAMPLE,10,Sant Antoni,Carrer,COMTE BORRELL,2,40,,,,,,,01,2
02-2012-0120,02,L'EIXAMPLE,07,la Dreta de l'Eixample,Ronda,SANT PERE,1,3,,,,,,,02,2
02-2012-0134,02,L'EIXAMPLE,06,la Sagrada Família,Avinguda,GAUDI,2,26,,28,,,,,EN,1
02-2012-0187,02,L'EIXAMPLE,07,la Dreta de l'Eixample,Gran Via,CORTS CATALANES,2,682,,,,,,,AT,4
02-2012-0297,02,L'EIXAMPLE,09,la Nova Esquerra de l'Eixample,Carrer,ENTENÇA,2,140,,,,,,,1,2
02-2012-0299,02,L'EIXAMPLE,09,la Nova Esquerra de l'Eixample,Carrer,ENTENÇA,2,140,,,,,,,2,1
02-2012-0324,02,L'EIXAMPLE,06,la Sagrada Família,Carrer,VALENCIA,1,401,,403,,,,,EN,3A
02-2012-0325,02,L'EIXAMPLE,06,la Sagrada Família,Carrer,CARTAGENA,2,330,,,,,,,02,2
02-2012-0350,02,L'EIXAMPLE,07,la Dreta de l'Eixample,Ronda,UNIVERSITAT,1,13,,,,,,,02,2
02-2012-0353,02,L'EIXAMPLE,07,la Dreta de l'Eixample,Ronda,UNIVERSITAT,1,13,,,,,,,02,1
02-2012-0354,02,L'EIXAMPLE,07,la Dreta de l'Eixample,Ronda,UNIVERSITAT,1,13,,,,,,,01,2
02-2012-0355,02,L'EIXAMPLE,07,la Dreta de l'Eixample,Ronda,UNIVERSITAT,1,13,,,,,,,01,1
02-2012-0371,02,L'EIXAMPLE,06,la Sagrada Família,Carrer,INDUSTRIA,1,93,,,,,,,05,2
02-2012-0390,02,L'EIXAMPLE,10,Sant Antoni,Ronda,SANT PAU,1,65,,,,,,,EN,2
02-2012-0415,02,L'EIXAMPLE,07,la Dreta de l'Eixample,Carrer,DIPUTACIO,2,292,,,,,,,2,1
02-2012-0444,02,L'EIXAMPLE,09,la Nova Esquerra de l'Eixample,Carrer,CONSELL DE CENT,1,87,,,,,,,EN,2
02-2012-0459,02,L'EIXAMPLE,06,la Sagrada Família,Carrer,ROSSELLO,2,380,,382,,,,,02,3
02-2012-0467,02,L'EIXAMPLE,06,la Sagrada Família,Carrer,ROSSELLO,2,380,,382,,,,,03,6
02-2012-0472,02,L'EIXAMPLE,06,la Sagrada Família,Carrer,ROSSELLO,2,380,,382,,,,,05,5
02-2012-0512,02,L'EIXAMPLE,06,la Sagrada Família,Carrer,ROSSELLO,2,380,,382,,,,,03,5
02-2012-0550,02,L'EIXAMPLE,08,l'Antiga Esquerra de l'Eixample,Carrer,ARIBAU,2,66,,,,,,,01,1
02-2012-0583,02,L'EIXAMPLE,07,la Dreta de l'Eixample,Passeig,GRACIA,1,15,,,,,,,02,2A
02-2012-0591,02,L'EIXAMPLE,06,la Sagrada Família,Carrer,SARDENYA,1,319,,,,,,,4,4
02-2012-0661,02,L'EIXAMPLE,06,la Sagrada Família,Carrer,SICILIA,2,322,,,,,,,03,1
02-2012-0768,02,L'EIXAMPLE,07,la Dreta de l'Eixample,Carrer,BRUC,1,55,,,,,,A,01,1
02-2012-0800,02,L'EIXAMPLE,07,la Dreta de l'Eixample,Carrer,BAILEN,1,125,,,,,,,PR,1
02-2012-0853,02,L'EIXAMPLE,06,la Sagrada Família,Carrer,ENAMORATS,1,9,,,,,,,EN,2
02-2012-0869,02,L'EIXAMPLE,05,el Fort Pienc,Carrer,ROGER DE FLOR,2,70,,,,,,,BJ,
02-2012-0873,02,L'EIXAMPLE,05,el Fort Pienc,Carrer,ROGER DE FLOR,2,70,,,,,,,04,
02-2012-0894,02,L'EIXAMPLE,06,la Sagrada Família,Passatge,UREÑA,1,9,,,,,,,BJ,
02-2012-0901,02,L'EIXAMPLE,07,la Dreta de l'Eixample,Carrer,BALMES,2,2,,4,,,,,05,4
02-2012-0922,02,L'EIXAMPLE,07,la Dreta de l'Eixample,Carrer,PELAI,1,5,,,,,,,1,2B
02-2012-0976,02,L'EIXAMPLE,06,la Sagrada Família,Carrer,INDUSTRIA,2,158,,,,,,,AT,1
02-2012-0980,02,L'EIXAMPLE,05,el Fort Pienc,Carrer,ROGER DE FLOR,2,98,,,,,,,01,5
02-2012-0996,02,L'EIXAMPLE,05,el Fort Pienc,Carrer,SICILIA,1,109,,,,,,,1,B
02-2012-1006,02,L'EIXAMPLE,05,el Fort Pienc,Carrer,SICILIA,1,109,,,,,,,4,C
02-2012-1044,02,L'EIXAMPLE,07,la Dreta de l'Eixample,Avinguda,DIAGONAL,2,434,,,,,,A,04,1
02-2012-1046,02,L'EIXAMPLE,06,la Sagrada Família,Carrer,SARDENYA,2,302,,,,,,,PR,2
02-2012-1069,02,L'EIXAMPLE,07,la Dreta de l'Eixample,Rambla,CATALUNYA,2,32,,,,,,,02,1A
02-2012-1078,02,L'EIXAMPLE,10,Sant Antoni,Avinguda,PARAL.LEL,2,188,,,,,,,06,6
02-2012-1081,02,L'EIXAMPLE,10,Sant Antoni,Carrer,VILLARROEL,2,20,,,,,,,01,2
02-2012-1115,02,L'EIXAMPLE,07,la Dreta de l'Eixample,Carrer,VALENCIA,2,290,,,,,,,01,4
02-2012-1117,02,L'EIXAMPLE,07,la Dreta de l'Eixample,Carrer,VALENCIA,2,290,,,,,,,BJ,2
02-2012-1120,02,L'EIXAMPLE,07,la Dreta de l'Eixample,Ronda,SANT PERE,1,33,,,,,,,02,3
02-2012-1162,02,L'EIXAMPLE,07,la Dreta de l'Eixample,Ronda,SANT PERE,1,3,,,,,,,1,4
02-2012-1170,02,L'EIXAMPLE,08,l'Antiga Esquerra de l'Eixample,Carrer,CONSELL DE CENT,1,207,,,,,,,02,5
02-2012-1172,02,L'EIXAMPLE,10,Sant Antoni,Carrer,COMTE BORRELL,1,105,,,,,,,05,2
02-2012-1176,02,L'EIXAMPLE,08,l'Antiga Esquerra de l'Eixample,Carrer,CONSELL DE CENT,1,207,,,,,,,04,1
02-2012-1177,02,L'EIXAMPLE,08,l'Antiga Esquerra de l'Eixample,Carrer,CONSELL DE CENT,1,207,,,,,,,04,3
02-2012-1191,02,L'EIXAMPLE,07,la Dreta de l'Eixample,Carrer,ROSSELLO,2,266,,,,,,,01,1
02-2012-1196,02,L'EIXAMPLE,10,Sant Antoni,Carrer,TAMARIT,1,185,,,,,,,01,C
02-2012-1223,02,L'EIXAMPLE,05,el Fort Pienc,Passeig,SANT JOAN,2,36,,,,,,,01,1
02-2012-1225,02,L'EIXAMPLE,08,l'Antiga Esquerra de l'Eixample,Carrer,VILLARROEL,1,161,,,,,,,PR,3
02-2012-1270,02,L'EIXAMPLE,07,la Dreta de l'Eixample,Rambla,CATALUNYA,2,8,,,,,,,03,2
02-2012-1272,02,L'EIXAMPLE,07,la Dreta de l'Eixample,Rambla,CATALUNYA,2,8,,,,,,,03,3
02-2012-1276,02,L'EIXAMPLE,09,la Nova Esquerra de l'Eixample,Carrer,ARAGO,1,51,,,,,,,05,2
02-2012-1285,02,L'EIXAMPLE,07,la Dreta de l'Eixample,Rambla,CATALUNYA,1,101,,,,,,,2,1
02-2012-1296,02,L'EIXAMPLE,07,la Dreta de l'Eixample,Carrer,GIRONA,2,80,,,,,,,4,3
02-2012-1298,02,L'EIXAMPLE,07,la Dreta de l'Eixample,Carrer,GIRONA,2,80,,,,,,,4,1
02-2012-1308,02,L'EIXAMPLE,07,la Dreta de l'Eixample,Carrer,GIRONA,2,80,,,,,,,BJ,1
02-2012-1330,02,L'EIXAMPLE,06,la Sagrada Família,Carrer,ARAGO,1,481,,,,,,,4,2
02-2012-1341,02,L'EIXAMPLE,06,la Sagrada Família,Avinguda,GAUDI,2,64,,,,,,,01,2
02-2012-1405,02,L'EIXAMPLE,06,la Sagrada Família,Passatge,SIMO,1,3,,,,,,,EN,2
02-2012-1408,02,L'EIXAMPLE,06,la Sagrada Família,Passatge,SIMO,1,3,,,,,,,01,2
02-2012-1419,02,L'EIXAMPLE,08,l'Antiga Esquerra de l'Eixample,Carrer,ARAGO,2,130,,,,,,,03,1
02-2012-1421,02,L'EIXAMPLE,07,la Dreta de l'Eixample,Avinguda,DIAGONAL,1,377,,,,,,,AT,
02-2012-1425,02,L'EIXAMPLE,07,la Dreta de l'Eixample,Carrer,CONSELL DE CENT,2,338,,,,,,,04,1
02-2012-1475,02,L'EIXAMPLE,10,Sant Antoni,Carrer,FLORIDABLANCA,2,128,,,,,,,04,1
02-2012-1513,02,L'EIXAMPLE,08,l'Antiga Esquerra de l'Eixample,Gran Via,CORTS CATALANES,1,571,,,,,,,01,1
02-2012-1531,02,L'EIXAMPLE,06,la Sagrada Família,Carrer,MARINA,1,223,,,,,,,01,3
02-2012-1536,02,L'EIXAMPLE,10,Sant Antoni,Carrer,MANSO,2,58,,,,,,,04,1
02-2012-1543,02,L'EIXAMPLE,10,Sant Antoni,Carrer,MANSO,2,58,,,,,,,05,2
02-2012-1544,02,L'EIXAMPLE,10,Sant Antoni,Carrer,MANSO,2,58,,,,,,,05,3
02-2012-1551,02,L'EIXAMPLE,10,Sant Antoni,Carrer,PARLAMENT,1,35,,,,,,,02,4
02-2012-1555,02,L'EIXAMPLE,10,Sant Antoni,Carrer,PARLAMENT,1,35,,,,,,,01,1
02-2012-1557,02,L'EIXAMPLE,10,Sant Antoni,Carrer,PARLAMENT,1,35,,,,,,,04,3
02-2012-1577,02,L'EIXAMPLE,08,l'Antiga Esquerra de l'Eixample,Carrer,MALLORCA,2,152,,,,,,,03,2
02-2012-1586,02,L'EIXAMPLE,07,la Dreta de l'Eixample,Carrer,ARAGO,2,312,,,,,,,5,3
02-2012-1590,02,L'EIXAMPLE,07,la Dreta de l'Eixample,Carrer,ARAGO,2,312,,,,,,,8,2
02-2012-1591,02,L'EIXAMPLE,07,la Dreta de l'Eixample,Carrer,ARAGO,2,312,,,,,,,9,1
02-2012-1600,02,L'EIXAMPLE,08,l'Antiga Esquerra de l'Eixample,Carrer,MUNTANER,2,94,,,,,,,02,1
02-2012-1631,02,L'EIXAMPLE,09,la Nova Esquerra de l'Eixample,Carrer,DIPUTACIO,2,118,,,,,,D,04,1
02-2012-1650,02,L'EIXAMPLE,07,la Dreta de l'Eixample,Rambla,CATALUNYA,2,52,,,,,,,AT,4
02-2012-1676,02,L'EIXAMPLE,08,l'Antiga Esquerra de l'Eixample,Carrer,CONSELL DE CENT,2,220,,,,,,,EN,2
02-2012-1682,02,L'EIXAMPLE,10,Sant Antoni,Ronda,SANT PAU,1,1,,,,,,,02,2
02-2012-1695,02,L'EIXAMPLE,07,la Dreta de l'Eixample,Ronda,SANT PERE,2,22,,,,,,,06,1
02-2012-1704,02,L'EIXAMPLE,05,el Fort Pienc,Passeig,SANT JOAN,2,50,,,,,,,02,1
02-2012-1719,02,L'EIXAMPLE,08,l'Antiga Esquerra de l'Eixample,Carrer,VILLARROEL,2,108,,,,,,,03,1
02-2012-1723,02,L'EIXAMPLE,08,l'Antiga Esquerra de l'Eixample,Carrer,CASANOVA,2,96,,,,,,,AT,2
02-2012-1739,02,L'EIXAMPLE,09,la Nova Esquerra de l'Eixample,Carrer,ROCAFORT,1,159,,,,,,,01,1
02-2012-1743,02,L'EIXAMPLE,08,l'Antiga Esquerra de l'Eixample,Carrer,CASANOVA,2,96,,,,,,,1,2
02-2012-1744,02,L'EIXAMPLE,08,l'Antiga Esquerra de l'Eixample,Carrer,CASANOVA,2,96,,,,,,,2,1
02-2012-1745,02,L'EIXAMPLE,08,l'Antiga Esquerra de l'Eixample,Carrer,CASANOVA,2,96,,,,,,,PR,1
02-2012-1760,02,L'EIXAMPLE,07,la Dreta de l'Eixample,Gran Via,CORTS CATALANES,2,654,,,,,,,01,1
02-2012-1788,02,L'EIXAMPLE,08,l'Antiga Esquerra de l'Eixample,Carrer,BALMES,1,119,,,,,,,4,3
02-2012-1790,02,L'EIXAMPLE,08,l'Antiga Esquerra de l'Eixample,Carrer,BALMES,1,119,,,,,,,04,2
02-2012-1792,02,L'EIXAMPLE,08,l'Antiga Esquerra de l'Eixample,Carrer,BALMES,1,119,,,,,,,2,2
02-2012-1800,02,L'EIXAMPLE,07,la Dreta de l'Eixample,Carrer,VALENCIA,1,363,,,,,,,2,
02-2012-1804,02,L'EIXAMPLE,08,l'Antiga Esquerra de l'Eixample,Carrer,BALMES,1,119,,,,,,,2,1
02-2012-1823,02,L'EIXAMPLE,07,la Dreta de l'Eixample,Carrer,DIPUTACIO,2,268,,,,,,,1,3
02-2012-1827,02,L'EIXAMPLE,07,la Dreta de l'Eixample,Carrer,DIPUTACIO,2,268,,,,,,,2,3
02-2012-1858,02,L'EIXAMPLE,06,la Sagrada Família,Carrer,VALENCIA,1,497,,,,,,,01,3
02-2012-1874,02,L'EIXAMPLE,06,la Sagrada Família,Passatge,FONT,2,4,,,,,,,3,4
02-2012-1889,02,L'EIXAMPLE,09,la Nova Esquerra de l'Eixample,Carrer,PROVENÇA,1,63,,,,,,,03,3
02-2012-1928,02,L'EIXAMPLE,05,el Fort Pienc,Carrer,LEPANT,2,194,,,,,,,1,3
02-2012-1958,02,L'EIXAMPLE,10,Sant Antoni,Carrer,ENTENÇA,1,33,,,,,,,06,
02-2012-1980,02,L'EIXAMPLE,05,el Fort Pienc,Carrer,DIPUTACIO,1,411,,,,,,,1,4
02-2012-1998,02,L'EIXAMPLE,07,la Dreta de l'Eixample,Carrer,ROSSELLO,2,328,,,,,,,04,2
02-2012-2036,02,L'EIXAMPLE,07,la Dreta de l'Eixample,Ronda,SANT PERE,2,26,,,,,,,5,1
02-2012-2037,02,L'EIXAMPLE,07,la Dreta de l'Eixample,Ronda,SANT PERE,2,26,,,,,,,04,1
02-2013-0016,02,L'EIXAMPLE,07,la Dreta de l'Eixample,Rambla,CATALUNYA,2,10,,,,,,,03,2
02-2013-0063,02,L'EIXAMPLE,06,la Sagrada Família,Carrer,PROVENÇA,1,497,,,,,,,PR,1
02-2013-0077,02,L'EIXAMPLE,06,la Sagrada Família,Carrer,LEPANT,2,266,,,,,,,05,1
02-2013-0095,02,L'EIXAMPLE,07,la Dreta de l'Eixample,Carrer,GIRONA,1,15,,,,,,,01,
02-2013-0097,02,L'EIXAMPLE,06,la Sagrada Família,Carrer,DOS DE MAIG,1,323,,,,,,I,02,3
02-2013-0175,02,L'EIXAMPLE,10,Sant Antoni,Gran Via,CORTS CATALANES,2,482,,,,,,,PR,1A
02-2013-0184,02,L'EIXAMPLE,09,la Nova Esquerra de l'Eixample,Carrer,ENTENÇA,2,136,,,,,,,PR,2
02-2013-0189,02,L'EIXAMPLE,09,la Nova Esquerra de l'Eixample,Carrer,ENTENÇA,2,136,,,,,,,2,3
02-2013-0200,02,L'EIXAMPLE,05,el Fort Pienc,Carrer,CONSELL DE CENT,1,477,,,,,,,02,2
02-2013-0219,02,L'EIXAMPLE,06,la Sagrada Família,Carrer,LEPANT,1,259,,,,,,,05,2
02-2013-0240,02,L'EIXAMPLE,09,la Nova Esquerra de l'Eixample,Carrer,CONSELL DE CENT,1,151,,,,,,,01,1
02-2013-0282,02,L'EIXAMPLE,06,la Sagrada Família,Avinguda,GAUDI,1,27,,29,,,,,4,4
02-2013-0309,02,L'EIXAMPLE,10,Sant Antoni,Carrer,MARQUES DE CAMPO SAGRADO,2,26,,,,,,,04,4
02-2013-0318,02,L'EIXAMPLE,07,la Dreta de l'Eixample,Carrer,AUSIAS MARC,1,13,,,,,,,03,5
02-2013-0329,02,L'EIXAMPLE,10,Sant Antoni,Carrer,COMTE BORRELL,1,41,,,,,,,PR,1
02-2013-0333,02,L'EIXAMPLE,10,Sant Antoni,Carrer,COMTE BORRELL,1,41,,,,,,,03,2
02-2013-0336,02,L'EIXAMPLE,08,l'Antiga Esquerra de l'Eixample,Carrer,CASANOVA,2,144,,,,,B,,3,2
02-2013-0342,02,L'EIXAMPLE,10,Sant Antoni,Carrer,VILLARROEL,2,28,,,,,,D,PR,2
02-2013-0351,02,L'EIXAMPLE,10,Sant Antoni,Carrer,COMTE D'URGELL,1,51,B,,,,,,SA,
02-2013-0380,02,L'EIXAMPLE,09,la Nova Esquerra de l'Eixample,Carrer,CONSELL DE CENT,1,151,,,,,,,02,1
02-2013-0425,02,L'EIXAMPLE,10,Sant Antoni,Carrer,COMTE BORRELL,1,45,,,,,,,03,2
02-2013-0435,02,L'EIXAMPLE,07,la Dreta de l'Eixample,Carrer,CONSELL DE CENT,2,430,,,,,,,03,3
02-2013-0439,02,L'EIXAMPLE,06,la Sagrada Família,Avinguda,DIAGONAL,2,332,B,,,,,,EN,2
02-2013-0459,02,L'EIXAMPLE,05,el Fort Pienc,Carrer,SICILIA,1,173,,,,,,,AT,3
02-2013-0467,02,L'EIXAMPLE,07,la Dreta de l'Eixample,Carrer,BALMES,2,8,,,,,,,03,2
02-2013-0488,02,L'EIXAMPLE,06,la Sagrada Família,Carrer,SARDENYA,1,319,,,,,,,3,1
02-2013-0522,02,L'EIXAMPLE,07,la Dreta de l'Eixample,Avinguda,DIAGONAL,1,369,,,,,,,PR,2
02-2013-0540,02,L'EIXAMPLE,09,la Nova Esquerra de l'Eixample,Carrer,PROVENÇA,1,71,,,,,,,EN,3
02-2013-0550,02,L'EIXAMPLE,07,la Dreta de l'Eixample,Carrer,CASP,1,41,,,,,,,02,1A
02-2013-0595,02,L'EIXAMPLE,09,la Nova Esquerra de l'Eixample,Carrer,COMTE BORRELL,1,169,,,,,,,AT,2
02-2013-0597,02,L'EIXAMPLE,08,l'Antiga Esquerra de l'Eixample,Carrer,PROVENÇA,1,131,,133,,,,,01,4
02-2013-0608,02,L'EIXAMPLE,10,Sant Antoni,Carrer,TAMARIT,1,149,,,,,,,03,1B
02-2013-0616,02,L'EIXAMPLE,10,Sant Antoni,Carrer,SEPULVEDA,1,169,,,,,,,2,2
02-2013-0637,02,L'EIXAMPLE,10,Sant Antoni,Carrer,FLORIDABLANCA,1,133,,,,,,,01,4
02-2013-0662,02,L'EIXAMPLE,07,la Dreta de l'Eixample,Carrer,VALENCIA,2,284,,,,,,,01,1A
02-2013-0664,02,L'EIXAMPLE,07,la Dreta de l'Eixample,Carrer,VALENCIA,2,284,,,,,,,03,1B
02-2013-0679,02,L'EIXAMPLE,10,Sant Antoni,Carrer,COMTE BORRELL,1,45,,,,,,,PR,
02-2013-0681,02,L'EIXAMPLE,10,Sant Antoni,Carrer,COMTE BORRELL,1,45,,,,,,,2,1
02-2013-0693,02,L'EIXAMPLE,10,Sant Antoni,Carrer,TAMARIT,1,187,,,,,,,4,1
02-2013-0710,02,L'EIXAMPLE,07,la Dreta de l'Eixample,Carrer,CONSELL DE CENT,2,430,,,,,,,05,2
02-2013-0716,02,L'EIXAMPLE,07,la Dreta de l'Eixample,Passatge,MERCADER,2,4,,,,,,,EN,2
02-2013-0740,02,L'EIXAMPLE,06,la Sagrada Família,Passatge,TORRES,2,14,,,,,,,BJ,
02-2013-0752,02,L'EIXAMPLE,07,la Dreta de l'Eixample,Carrer,CONSELL DE CENT,1,335,,,,,,,01,
02-2013-0753,02,L'EIXAMPLE,07,la Dreta de l'Eixample,Carrer,CONSELL DE CENT,1,335,,,,,,,03,
02-2013-0757,02,L'EIXAMPLE,07,la Dreta de l'Eixample,Rambla,CATALUNYA,2,42,,,,,,,PR,1A
02-2013-0764,02,L'EIXAMPLE,07,la Dreta de l'Eixample,Rambla,CATALUNYA,2,42,,,,,,,01,2B
02-2013-0774,02,L'EIXAMPLE,05,el Fort Pienc,Carrer,SARDENYA,2,248,,,,,,,02,2
02-2013-0818,02,L'EIXAMPLE,08,l'Antiga Esquerra de l'Eixample,Carrer,ARIBAU,2,92,,,,,,,01,2
02-2013-0833,02,L'EIXAMPLE,09,la Nova Esquerra de l'Eixample,Carrer,TARRAGONA,2,106,,,,,,,06,1
02-2013-0857,02,L'EIXAMPLE,09,la Nova Esquerra de l'Eixample,Carrer,ARAGO,1,39,,,,,,,4,4
02-2013-0859,02,L'EIXAMPLE,09,la Nova Esquerra de l'Eixample,Carrer,ENTENÇA,1,95,B,,,,,,1,1
02-2013-0863,02,L'EIXAMPLE,07,la Dreta de l'Eixample,Carrer,CONSELL DE CENT,2,430,,,,,,,01,2
02-2013-0874,02,L'EIXAMPLE,06,la Sagrada Família,Carrer,PROVENÇA,1,529,,,,,,,02,4
02-2013-0890,02,L'EIXAMPLE,10,Sant Antoni,Carrer,ALDANA,1,9,,,,,,,08,1
02-2013-0893,02,L'EIXAMPLE,10,Sant Antoni,Carrer,MUNTANER,1,7,,,,,,,01,2A
02-2013-0897,02,L'EIXAMPLE,08,l'Antiga Esquerra de l'Eixample,Carrer,BALMES,1,69,,,,,,,05,2
02-2013-0906,02,L'EIXAMPLE,07,la Dreta de l'Eixample,Carrer,PROVENÇA,1,325,,,,,,,AT,1
02-2013-0909,02,L'EIXAMPLE,08,l'Antiga Esquerra de l'Eixample,Carrer,ARIBAU,1,47,,,,,,,4,2
02-2013-0936,02,L'EIXAMPLE,07,la Dreta de l'Eixample,Passeig,GRACIA,1,51,,,,,,,03,2A
02-2013-0946,02,L'EIXAMPLE,07,la Dreta de l'Eixample,Carrer,FONTANELLA,1,11,,,,,,,01,2B
02-2013-0974,02,L'EIXAMPLE,08,l'Antiga Esquerra de l'Eixample,Carrer,CORSEGA,1,193,,,,,,,03,2
02-2013-0994,02,L'EIXAMPLE,10,Sant Antoni,Carrer,SEPULVEDA,2,156,,160,,,,,06,2
02-2013-1002,02,L'EIXAMPLE,10,Sant Antoni,Carrer,FLORIDABLANCA,1,65,,,,,,,06,4
02-2013-1036,02,L'EIXAMPLE,10,Sant Antoni,Gran Via,CORTS CATALANES,2,472,,,,,,,05,B
02-2013-1045,02,L'EIXAMPLE,09,la Nova Esquerra de l'Eixample,Carrer,CALABRIA,1,199,,,,,,,01,4
02-2013-1077,02,L'EIXAMPLE,07,la Dreta de l'Eixample,Ronda,SANT PERE,2,28,,30,,,,,SA,A
02-2013-1099,02,L'EIXAMPLE,09,la Nova Esquerra de l'Eixample,Gran Via,CORTS CATALANES,1,439,,,,,,,07,1
02-2013-1105,02,L'EIXAMPLE,09,la Nova Esquerra de l'Eixample,Carrer,CALABRIA,2,228,,,,,,,02,3
02-2013-1121,02,L'EIXAMPLE,07,la Dreta de l'Eixample,Carrer,BRUC,1,17,,,,,,,5,1
02-2013-1124,02,L'EIXAMPLE,09,la Nova Esquerra de l'Eixample,Carrer,ARAGO,2,34,,,,,,,01,2
02-2013-1180,02,L'EIXAMPLE,07,la Dreta de l'Eixample,Ronda,SANT PERE,1,11,,,,,,,SA,2
02-2013-1189,02,L'EIXAMPLE,06,la Sagrada Família,Carrer,CONSELL DE CENT,1,545,,,,,,,02,2
02-2013-1194,02,L'EIXAMPLE,06,la Sagrada Família,Carrer,CONSELL DE CENT,1,545,,,,,,,02,4
02-2013-1208,02,L'EIXAMPLE,07,la Dreta de l'Eixample,Carrer,CONSELL DE CENT,1,343,,,,,,,PR,2B
02-2013-1211,02,L'EIXAMPLE,08,l'Antiga Esquerra de l'Eixample,Carrer,ARIBAU,2,20,,,,,,,01,2
02-2013-1223,02,L'EIXAMPLE,08,l'Antiga Esquerra de l'Eixample,Carrer,BALMES,1,125,,,,,,,EN,4
02-2013-1227,02,L'EIXAMPLE,07,la Dreta de l'Eixample,Carrer,ROSSELLO,2,266,,,,,,,6,2
02-2013-1230,02,L'EIXAMPLE,07,la Dreta de l'Eixample,Carrer,ROSSELLO,2,266,,,,,,,6,1
02-2013-1254,02,L'EIXAMPLE,06,la Sagrada Família,Carrer,SARDENYA,2,302,,,,,,,3,1
02-2013-1269,02,L'EIXAMPLE,06,la Sagrada Família,Avinguda,GAUDI,2,42,,,,,,,01,1
02-2013-1310,02,L'EIXAMPLE,07,la Dreta de l'Eixample,Carrer,MALLORCA,1,337,,,,,,,01,2
02-2013-1321,02,L'EIXAMPLE,06,la Sagrada Família,Carrer,DOS DE MAIG,1,327,,329,,,,,02,3
02-2013-1325,02,L'EIXAMPLE,06,la Sagrada Família,Carrer,DOS DE MAIG,1,327,,329,,,,,02,4
02-2013-1343,02,L'EIXAMPLE,07,la Dreta de l'Eixample,Carrer,FONTANELLA,1,13,,,,,,,PR,2
02-2013-1369,02,L'EIXAMPLE,06,la Sagrada Família,Carrer,VALENCIA,1,527,,529,,,,,01,A
02-2013-1370,02,L'EIXAMPLE,07,la Dreta de l'Eixample,Carrer,ROSSELLO,2,222,,,,,,,2,2
02-2013-1374,02,L'EIXAMPLE,06,la Sagrada Família,Avinguda,GAUDI,1,37,,,,,,,05,3
02-2013-1384,02,L'EIXAMPLE,09,la Nova Esquerra de l'Eixample,Carrer,ARAGO,1,39,,,,,,,1,4
02-2013-1398,02,L'EIXAMPLE,07,la Dreta de l'Eixample,Carrer,VALENCIA,2,334,,,,,,,01,1
02-2013-1403,02,L'EIXAMPLE,07,la Dreta de l'Eixample,Carrer,VALENCIA,2,334,,,,,,,03,3
02-2013-1406,02,L'EIXAMPLE,07,la Dreta de l'Eixample,Carrer,VALENCIA,2,334,,,,,,,04,2
02-2013-1452,02,L'EIXAMPLE,07,la Dreta de l'Eixample,Carrer,CONSELL DE CENT,2,322,,,,,,,04,C
02-2013-1480,02,L'EIXAMPLE,09,la Nova Esquerra de l'Eixample,Carrer,ROCAFORT,2,102,,,,,,,05,2
02-2013-1489,02,L'EIXAMPLE,06,la Sagrada Família,Carrer,CONSELL DE CENT,1,545,,,,,,,06,2
02-2013-1499,02,L'EIXAMPLE,07,la Dreta de l'Eixample,Passeig,GRACIA,1,3,,,,,,,06,1
02-2013-1504,02,L'EIXAMPLE,10,Sant Antoni,Carrer,SEPULVEDA,2,90,,,,,,,05,4
02-2013-1540,02,L'EIXAMPLE,06,la Sagrada Família,Carrer,ENAMORATS,2,76,,,,,,,BJ,2
02-2013-1548,02,L'EIXAMPLE,09,la Nova Esquerra de l'Eixample,Carrer,ROCAFORT,2,102,,,,,,,PR,4
02-2013-1550,02,L'EIXAMPLE,09,la Nova Esquerra de l'Eixample,Carrer,ROCAFORT,2,102,,,,,,,01,3
02-2013-1552,02,L'EIXAMPLE,09,la Nova Esquerra de l'Eixample,Carrer,ARAGO,1,39,,,,,,,3,3
02-2013-1555,02,L'EIXAMPLE,09,la Nova Esquerra de l'Eixample,Carrer,CALABRIA,2,224,,,,,,,05,1
02-2013-1565,02,L'EIXAMPLE,06,la Sagrada Família,Carrer,CASTILLEJOS,1,255,,,,,,,05,1
02-2013-1586,02,L'EIXAMPLE,09,la Nova Esquerra de l'Eixample,Carrer,PROVENÇA,2,82,,,,,,,05,B
02-2013-1610,02,L'EIXAMPLE,07,la Dreta de l'Eixample,Rambla,CATALUNYA,2,46,,,,,,,01,
02-2013-1652,02,L'EIXAMPLE,07,la Dreta de l'Eixample,Carrer,MALLORCA,2,342,,,,,,,AT,2
02-2013-1673,02,L'EIXAMPLE,05,el Fort Pienc,Carrer,AUSIAS MARC,2,136,,,,,,,02,1
02-2013-1688,02,L'EIXAMPLE,06,la Sagrada Família,Plaça,SAGRADA FAMILIA,1,17,,,,,,,PR,1
02-2013-1692,02,L'EIXAMPLE,07,la Dreta de l'Eixample,Carrer,VALENCIA,1,247,,,,,,,PR,1C
02-2013-1695,02,L'EIXAMPLE,06,la Sagrada Família,Carrer,ROSSELLO,2,444,,,,,,,02,4
02-2013-1702,02,L'EIXAMPLE,07,la Dreta de l'Eixample,Carrer,DIPUTACIO,2,268,,,,,,,3,4
02-2013-1748,02,L'EIXAMPLE,06,la Sagrada Família,Carrer,CASTILLEJOS,2,216,,,,,,,01,1
02-2013-1766,02,L'EIXAMPLE,07,la Dreta de l'Eixample,Carrer,VALENCIA,2,358,,,,,,E,03,1
02-2013-1768,02,L'EIXAMPLE,07,la Dreta de l'Eixample,Carrer,ARAGO,1,347,,,,,,,08,2
02-2013-1798,02,L'EIXAMPLE,07,la Dreta de l'Eixample,Carrer,ROSSELLO,1,229,,,,,,,03,1B
02-2013-1803,02,L'EIXAMPLE,06,la Sagrada Família,Carrer,SARDENYA,2,366,,,,,,,01,1
02-2013-1808,02,L'EIXAMPLE,07,la Dreta de l'Eixample,Carrer,BRUC,1,157,,,,,,,PR,2
02-2013-1819,02,L'EIXAMPLE,06,la Sagrada Família,Carrer,VALENCIA,1,399,,,,,,,PR,1
02-2013-1826,02,L'EIXAMPLE,07,la Dreta de l'Eixample,Rambla,CATALUNYA,2,8,,,,,,,SA,4
02-2013-1830,02,L'EIXAMPLE,09,la Nova Esquerra de l'Eixample,Carrer,ROCAFORT,2,102,,,,,,,4,1
02-2013-1844,02,L'EIXAMPLE,07,la Dreta de l'Eixample,Ronda,SANT PERE,1,3,,,,,,,1,1
02-2013-1846,02,L'EIXAMPLE,09,la Nova Esquerra de l'Eixample,Carrer,VALENCIA,1,35,,,,,,,PR,3
02-2013-1880,02,L'EIXAMPLE,08,l'Antiga Esquerra de l'Eixample,Carrer,COMTE D'URGELL,2,256,,,,,,,01,3
02-2013-1882,02,L'EIXAMPLE,09,la Nova Esquerra de l'Eixample,Carrer,COMTE BORRELL,1,179,,,,,,B,05,3
02-2013-1887,02,L'EIXAMPLE,09,la Nova Esquerra de l'Eixample,Carrer,VILADOMAT,1,261,,,,,,,01,1
02-2013-1889,02,L'EIXAMPLE,09,la Nova Esquerra de l'Eixample,Carrer,VILADOMAT,1,261,,,,,,,02,1
02-2013-1891,02,L'EIXAMPLE,09,la Nova Esquerra de l'Eixample,Carrer,VILADOMAT,1,261,,,,,,,03,1
02-2013-1895,02,L'EIXAMPLE,09,la Nova Esquerra de l'Eixample,Carrer,VILADOMAT,1,261,,,,,,,05,1
02-2013-1901,02,L'EIXAMPLE,06,la Sagrada Família,Carrer,CORSEGA,2,604,,,,,,,02,2
02-2013-1908,02,L'EIXAMPLE,07,la Dreta de l'Eixample,Carrer,VALENCIA,1,317,,,,,,,01,4
02-2013-1909,02,L'EIXAMPLE,08,l'Antiga Esquerra de l'Eixample,Carrer,MALLORCA,1,183,,185,,,,,4,1
02-2013-1913,02,L'EIXAMPLE,06,la Sagrada Família,Carrer,PROVENÇA,2,416,,418,,,,,05,4
02-2013-1928,02,L'EIXAMPLE,08,l'Antiga Esquerra de l'Eixample,Carrer,PARIS,2,146,,,,,,A,03,4
02-2013-1929,02,L'EIXAMPLE,08,l'Antiga Esquerra de l'Eixample,Carrer,ENRIC GRANADOS,2,112,,,,,,,5,3
02-2013-1942,02,L'EIXAMPLE,07,la Dreta de l'Eixample,Carrer,PAU CLARIS,2,178,,,,,,,03,2
02-2013-1945,02,L'EIXAMPLE,07,la Dreta de l'Eixample,Carrer,BAILEN,1,125,,,,,,,03,1
02-2013-1986,02,L'EIXAMPLE,08,l'Antiga Esquerra de l'Eixample,Carrer,CONSELL DE CENT,1,221,,,,,,E,05,1
02-2013-2004,02,L'EIXAMPLE,10,Sant Antoni,Carrer,SEPULVEDA,1,151,,,,,,,SA,2
02-2013-2021,02,L'EIXAMPLE,07,la Dreta de l'Eixample,Ronda,SANT PERE,2,28,,,,,,,1,1
02-2013-2033,02,L'EIXAMPLE,05,el Fort Pienc,Carrer,DIPUTACIO,2,470,,,,,,,04,2
02-2013-2038,02,L'EIXAMPLE,07,la Dreta de l'Eixample,Carrer,NAPOLS,1,149,,,,,,,4,4
02-2013-2051,02,L'EIXAMPLE,07,la Dreta de l'Eixample,Carrer,MALLORCA,1,305,,,,,,,EN,
02-2013-2061,02,L'EIXAMPLE,08,l'Antiga Esquerra de l'Eixample,Carrer,DIPUTACIO,2,204,,,,,,,01,1
02-2013-2128,02,L'EIXAMPLE,05,el Fort Pienc,Carrer,SICILIA,1,159,,,,,,,01,1
02-2013-2139,02,L'EIXAMPLE,10,Sant Antoni,Carrer,CALABRIA,1,3,,,,,,,EN,
02-2013-2195,02,L'EIXAMPLE,10,Sant Antoni,Carrer,COMTE BORRELL,1,41,,,,,,,02,1
02-2013-2196,02,L'EIXAMPLE,10,Sant Antoni,Carrer,COMTE BORRELL,1,41,,,,,,,05,
02-2013-2217,02,L'EIXAMPLE,07,la Dreta de l'Eixample,Carrer,NAPOLS,1,213,,,,,,,EN,2
02-2013-2224,02,L'EIXAMPLE,07,la Dreta de l'Eixample,Carrer,NAPOLS,1,213,,,,,,,02,2
02-2013-2268,02,L'EIXAMPLE,05,el Fort Pienc,Carrer,LEPANT,1,149,,,,,,,04,1
02-2013-2286,02,L'EIXAMPLE,09,la Nova Esquerra de l'Eixample,Avinguda,JOSEP TARRADELLAS,2,46,,,,,,,06,3
02-2013-2335,02,L'EIXAMPLE,06,la Sagrada Família,Carrer,MARINA,2,244,,,,,,,02,1
02-2013-2356,02,L'EIXAMPLE,08,l'Antiga Esquerra de l'Eixample,Carrer,CORSEGA,2,252,,,,,,,EN,
02-2013-2363,02,L'EIXAMPLE,08,l'Antiga Esquerra de l'Eixample,Carrer,DIPUTACIO,2,162,,,,,,,4,2
02-2013-2375,02,L'EIXAMPLE,07,la Dreta de l'Eixample,Carrer,DIPUTACIO,2,268,,,,,,,4,1
02-2013-2406,02,L'EIXAMPLE,07,la Dreta de l'Eixample,Plaça,TETUAN,2,8,,,,,,,02,2
02-2013-2409,02,L'EIXAMPLE,07,la Dreta de l'Eixample,Plaça,TETUAN,2,8,,,,,,,03,2
02-2013-2416,02,L'EIXAMPLE,06,la Sagrada Família,Avinguda,GAUDI,2,44,,,,,,,1,2
02-2013-2418,02,L'EIXAMPLE,07,la Dreta de l'Eixample,Plaça,TETUAN,2,8,,,,,,,05,2
02-2013-2433,02,L'EIXAMPLE,06,la Sagrada Família,Carrer,ROSSELLO,2,448,,,,,,,03,2
02-2013-2435,02,L'EIXAMPLE,06,la Sagrada Família,Carrer,ROSSELLO,2,448,,,,,,,04,2
02-2013-2444,02,L'EIXAMPLE,07,la Dreta de l'Eixample,Carrer,GIRONA,2,46,,,,,,,02,1
02-2013-2457,02,L'EIXAMPLE,05,el Fort Pienc,Carrer,SICILIA,2,212,,,,,,,03,4
02-2013-2461,02,L'EIXAMPLE,09,la Nova Esquerra de l'Eixample,Carrer,ARAGO,2,78,,,,,,,SA,1
02-2013-2464,02,L'EIXAMPLE,07,la Dreta de l'Eixample,Rambla,CATALUNYA,2,10,,,,,,,AT,2
02-2014-0037,02,L'EIXAMPLE,08,l'Antiga Esquerra de l'Eixample,Carrer,CASANOVA,1,87,,,,,,,02,A
02-2014-0052,02,L'EIXAMPLE,08,l'Antiga Esquerra de l'Eixample,Carrer,VILLARROEL,2,136,,,,,,,02,4
02-2014-0070,02,L'EIXAMPLE,06,la Sagrada Família,Carrer,ROSSELLO,1,483,,,,,,,PR,1
02-2014-0079,02,L'EIXAMPLE,08,l'Antiga Esquerra de l'Eixample,Carrer,ENRIC GRANADOS,1,3,,,,,,,03,2
02-2014-0082,02,L'EIXAMPLE,08,l'Antiga Esquerra de l'Eixample,Carrer,PARIS,2,204,,,,,,,05,
02-2014-0087,02,L'EIXAMPLE,07,la Dreta de l'Eixample,Avinguda,DIAGONAL,1,301,,,,,,,05,
02-2014-0098,02,L'EIXAMPLE,10,Sant Antoni,Carrer,COMTE BORRELL,1,43,,,,,,,EN,2
02-2014-0120,02,L'EIXAMPLE,07,la Dreta de l'Eixample,Rambla,CATALUNYA,2,8,,,,,,,05,9
02-2014-0133,02,L'EIXAMPLE,10,Sant Antoni,Carrer,VILLARROEL,1,21,,,,,,,02,1
02-2014-0137,02,L'EIXAMPLE,07,la Dreta de l'Eixample,Carrer,ARAGO,1,249,,,,,,,05,1
02-2014-0148,02,L'EIXAMPLE,07,la Dreta de l'Eixample,Carrer,VALENCIA,1,241,,,,,,,PR,B
02-2014-0153,02,L'EIXAMPLE,08,l'Antiga Esquerra de l'Eixample,Carrer,ENRIC GRANADOS,1,47,,,,,,,03,1A
02-2014-0184,02,L'EIXAMPLE,07,la Dreta de l'Eixample,Carrer,MALLORCA,2,304,,,,,,,04,1
02-2014-0212,02,L'EIXAMPLE,07,la Dreta de l'Eixample,Carrer,FONTANELLA,1,15,,,,,,B,02,1
02-2014-0219,02,L'EIXAMPLE,07,la Dreta de l'Eixample,Carrer,BRUC,1,27,,,,,,,AT,
02-2014-0229,02,L'EIXAMPLE,10,Sant Antoni,Carrer,CALABRIA,1,5,,,,,,,EN,
02-2014-0230,02,L'EIXAMPLE,10,Sant Antoni,Carrer,CALABRIA,1,5,,,,,,,PR,
02-2014-0259,02,L'EIXAMPLE,08,l'Antiga Esquerra de l'Eixample,Carrer,ARIBAU,2,82,,,,,,,01,2
02-2014-0266,02,L'EIXAMPLE,07,la Dreta de l'Eixample,Carrer,GIRONA,1,101,,,,,,,EN,3
02-2014-0296,02,L'EIXAMPLE,08,l'Antiga Esquerra de l'Eixample,Carrer,DIPUTACIO,2,218,,,,,,,01,1
02-2014-0301,02,L'EIXAMPLE,10,Sant Antoni,Carrer,TAMARIT,1,93,,,,,,,AT,
02-2014-0302,02,L'EIXAMPLE,06,la Sagrada Família,Carrer,PADILLA,2,212,,214,,,,,AT,3
02-2014-0319,02,L'EIXAMPLE,08,l'Antiga Esquerra de l'Eixample,Carrer,PARIS,2,178,,,,,,,01,1
02-2014-0336,02,L'EIXAMPLE,07,la Dreta de l'Eixample,Carrer,PAU CLARIS,2,74,,,,,,,03,1
02-2014-0345,02,L'EIXAMPLE,10,Sant Antoni,Avinguda,PARAL.LEL,2,188,,190,,,,,EN,1
02-2014-0352,02,L'EIXAMPLE,06,la Sagrada Família,Carrer,INDUSTRIA,1,153,,,,,,,2,2
02-2014-0361,02,L'EIXAMPLE,07,la Dreta de l'Eixample,Carrer,PAU CLARIS,1,151,,,,,,D,04,1
02-2014-0377,02,L'EIXAMPLE,08,l'Antiga Esquerra de l'Eixample,Carrer,PROVENÇA,2,244,,246,,,,A,02,3
02-2014-0383,02,L'EIXAMPLE,05,el Fort Pienc,Carrer,MARINA,2,212,,,,,,,08,2
02-2014-0385,02,L'EIXAMPLE,05,el Fort Pienc,Carrer,MARINA,2,212,,,,,,,PR,1
02-2014-0401,02,L'EIXAMPLE,07,la Dreta de l'Eixample,Carrer,NAPOLS,1,195,,,,,,,AT,3
02-2014-0415,02,L'EIXAMPLE,09,la Nova Esquerra de l'Eixample,Carrer,VALENCIA,1,45,,,,,,,PR,2
02-2014-0432,02,L'EIXAMPLE,08,l'Antiga Esquerra de l'Eixample,Carrer,ENRIC GRANADOS,1,99,,,,,,,AT,4
02-2014-0438,02,L'EIXAMPLE,07,la Dreta de l'Eixample,Rambla,CATALUNYA,1,101,,,,,,,1,1
02-2014-0447,02,L'EIXAMPLE,08,l'Antiga Esquerra de l'Eixample,Carrer,CORSEGA,2,244,,,,,,,01,2
02-2014-0452,02,L'EIXAMPLE,08,l'Antiga Esquerra de l'Eixample,Carrer,ENRIC GRANADOS,2,30,,,,,,,2,1B
02-2014-0493,02,L'EIXAMPLE,08,l'Antiga Esquerra de l'Eixample,Passatge,LLUIS PELLICER,1,5,,7,,,,,02,
02-2014-0504,02,L'EIXAMPLE,05,el Fort Pienc,Carrer,CASP,2,156,,,,,,,02,2
02-2014-0508,02,L'EIXAMPLE,10,Sant Antoni,Avinguda,PARAL.LEL,2,188,,,,,,,6,4
02-2014-0517,02,L'EIXAMPLE,07,la Dreta de l'Eixample,Passeig,GRACIA,1,51,,,,,,,02,2B
02-2014-0534,02,L'EIXAMPLE,07,la Dreta de l'Eixample,Ronda,SANT PERE,2,26,,,,,,,06,1
02-2014-0537,02,L'EIXAMPLE,05,el Fort Pienc,Avinguda,DIAGONAL,1,225,,,,,,,06,3
02-2014-0552,02,L'EIXAMPLE,07,la Dreta de l'Eixample,Carrer,CONSELL DE CENT,1,315,,,,,,,04,2
02-2014-0597,02,L'EIXAMPLE,08,l'Antiga Esquerra de l'Eixample,Carrer,CASANOVA,2,76,,,,,,,03,3
02-2014-0621,02,L'EIXAMPLE,08,l'Antiga Esquerra de l'Eixample,Carrer,ENRIC GRANADOS,1,107,,,,,,,PR,1
02-2014-0624,02,L'EIXAMPLE,06,la Sagrada Família,Carrer,CORSEGA,2,568,,,,,,,05,1
02-2014-0643,02,L'EIXAMPLE,06,la Sagrada Família,Carrer,SICILIA,2,332,,,,,,,01,1
02-2014-0666,02,L'EIXAMPLE,08,l'Antiga Esquerra de l'Eixample,Carrer,CORSEGA,1,265,,,,,,,05,2
02-2014-0680,02,L'EIXAMPLE,08,l'Antiga Esquerra de l'Eixample,Carrer,CASANOVA,2,136,,,,,,A,05,3
02-2014-0686,02,L'EIXAMPLE,07,la Dreta de l'Eixample,Ronda,SANT PERE,2,14,,,,,,,PR,1
02-2014-0700,02,L'EIXAMPLE,07,la Dreta de l'Eixample,Rambla,CATALUNYA,2,8,,,,,,,5,10
02-2014-0708,02,L'EIXAMPLE,09,la Nova Esquerra de l'Eixample,Carrer,VALENCIA,1,47,,,,,,,05,1
02-2014-0711,02,L'EIXAMPLE,10,Sant Antoni,Carrer,COMTE BORRELL,2,38,,,,,,,EN,2
02-2014-0721,02,L'EIXAMPLE,10,Sant Antoni,Carrer,COMTE BORRELL,2,38,,,,,,,01,1
02-2014-0746,02,L'EIXAMPLE,06,la Sagrada Família,Avinguda,GAUDI,1,43,,,,,,,01,2
02-2014-0754,02,L'EIXAMPLE,08,l'Antiga Esquerra de l'Eixample,Carrer,PROVENÇA,1,205,,,,,,,03,1
02-2014-0776,02,L'EIXAMPLE,07,la Dreta de l'Eixample,Carrer,GIRONA,1,167,,169,,,,,PR,1
02-2014-0813,02,L'EIXAMPLE,07,la Dreta de l'Eixample,Passeig,GRACIA,1,67,,,,,,,03,1
02-2014-0816,02,L'EIXAMPLE,07,la Dreta de l'Eixample,Passeig,GRACIA,1,67,,,,,,,04,2
02-2014-0832,02,L'EIXAMPLE,07,la Dreta de l'Eixample,Passeig,GRACIA,1,45,,,,,,,2,2
02-2014-0854,02,L'EIXAMPLE,05,el Fort Pienc,Carrer,DIPUTACIO,2,470,,,,,,,05,3
02-2014-0876,02,L'EIXAMPLE,07,la Dreta de l'Eixample,Carrer,ROGER DE FLOR,2,136,,,,,,,01,1
02-2014-0881,02,L'EIXAMPLE,07,la Dreta de l'Eixample,Carrer,ROGER DE FLOR,2,136,,,,,,,02,2
02-2014-0882,02,L'EIXAMPLE,07,la Dreta de l'Eixample,Passeig,GRACIA,2,16,,,,,,,02,5
02-2014-0889,02,L'EIXAMPLE,07,la Dreta de l'Eixample,Carrer,ROGER DE FLOR,2,136,,,,,,,AT,2
02-2014-0922,02,L'EIXAMPLE,10,Sant Antoni,Carrer,TAMARIT,1,109,,,,,,,03,1
02-2014-0926,02,L'EIXAMPLE,08,l'Antiga Esquerra de l'Eixample,Carrer,PROVENÇA,1,131,,,,,,,05,2
02-2014-0928,02,L'EIXAMPLE,08,l'Antiga Esquerra de l'Eixample,Carrer,PROVENÇA,1,131,,,,,,,05,4
02-2014-0939,02,L'EIXAMPLE,10,Sant Antoni,Plaça,UNIVERSITAT,1,1,,,,,,,05,1A
02-2014-0943,02,L'EIXAMPLE,09,la Nova Esquerra de l'Eixample,Carrer,DIPUTACIO,2,4,,,,,,,01,3
02-2014-0966,02,L'EIXAMPLE,06,la Sagrada Família,Carrer,SARDENYA,2,340,,,,,,,01,2
02-2014-0997,02,L'EIXAMPLE,08,l'Antiga Esquerra de l'Eixample,Passatge,BATLLO,2,4,B,,,,,,01,2
02-2014-1029,02,L'EIXAMPLE,10,Sant Antoni,Carrer,SEPULVEDA,2,66,,,,,,,SA,2
02-2014-1037,02,L'EIXAMPLE,07,la Dreta de l'Eixample,Carrer,BAILEN,1,125,,,,,,,01,1
02-2014-1047,02,L'EIXAMPLE,06,la Sagrada Família,Carrer,MARINA,2,334,,,,,,,02,4
02-2014-1048,02,L'EIXAMPLE,06,la Sagrada Família,Carrer,CASTILLEJOS,2,320,,,,,,,EN,2
02-2014-1084,02,L'EIXAMPLE,07,la Dreta de l'Eixample,Carrer,BAILEN,1,81,,83,,,,,2,4
02-2014-1115,02,L'EIXAMPLE,09,la Nova Esquerra de l'Eixample,Carrer,ROSSELLO,1,27,,,,,,,AT,3
02-2014-1125,02,L'EIXAMPLE,07,la Dreta de l'Eixample,Gran Via,CORTS CATALANES,2,682,,,,,,,2,1
02-2014-1128,02,L'EIXAMPLE,07,la Dreta de l'Eixample,Carrer,ARAGO,1,321,,,,,,,05,3
02-2014-1143,02,L'EIXAMPLE,07,la Dreta de l'Eixample,Carrer,BAILEN,2,22,,,,,,,PR,2
02-2014-1145,02,L'EIXAMPLE,07,la Dreta de l'Eixample,Carrer,BAILEN,2,22,,,,,,,AT,2
02-2014-1146,02,L'EIXAMPLE,06,la Sagrada Família,Avinguda,GAUDI,2,8,,,,,,,01,1
02-2014-1148,02,L'EIXAMPLE,08,l'Antiga Esquerra de l'Eixample,Carrer,MUNTANER,2,64,,,,,,,02,1
02-2014-1165,02,L'EIXAMPLE,07,la Dreta de l'Eixample,Carrer,TRAFALGAR,1,39,,,,,,,03,2
02-2014-1175,02,L'EIXAMPLE,07,la Dreta de l'Eixample,Gran Via,CORTS CATALANES,2,682,,,,,,,AT,1
02-2014-1180,02,L'EIXAMPLE,07,la Dreta de l'Eixample,Carrer,PROVENÇA,2,268,,,,,,,03,4
02-2014-1196,02,L'EIXAMPLE,07,la Dreta de l'Eixample,Carrer,BRUC,1,41,,,,,,,03,1
02-2014-1200,02,L'EIXAMPLE,08,l'Antiga Esquerra de l'Eixample,Carrer,VILLARROEL,2,214,,,,,,,SA,1
02-2014-1201,02,L'EIXAMPLE,06,la Sagrada Família,Carrer,SARDENYA,2,354,,,,,,,PR,2
02-2014-1208,02,L'EIXAMPLE,10,Sant Antoni,Avinguda,PARAL.LEL,2,204,,,,,,,02,5
02-2014-1217,02,L'EIXAMPLE,07,la Dreta de l'Eixample,Carrer,BALMES,2,104,,,,,,,02,1
02-2014-1224,02,L'EIXAMPLE,07,la Dreta de l'Eixample,Rambla,CATALUNYA,2,118,,,,,,,04,1
02-2014-1234,02,L'EIXAMPLE,08,l'Antiga Esquerra de l'Eixample,Carrer,PARIS,1,193,,,,,,,07,1
02-2014-1241,02,L'EIXAMPLE,08,l'Antiga Esquerra de l'Eixample,Carrer,CORSEGA,1,211,,,,,,,6,1
02-2014-1255,02,L'EIXAMPLE,07,la Dreta de l'Eixample,Passeig,GRACIA,2,46,,,,,,,4,2
02-2014-1276,02,L'EIXAMPLE,06,la Sagrada Família,Carrer,LEPANT,2,338,,,,,,,AT,2
02-2014-1279,02,L'EIXAMPLE,09,la Nova Esquerra de l'Eixample,Carrer,DIPUTACIO,2,120,,,,,,,03,2
02-2014-1288,02,L'EIXAMPLE,08,l'Antiga Esquerra de l'Eixample,Carrer,CORSEGA,1,257,,,,,,,04,1
02-2014-1315,02,L'EIXAMPLE,07,la Dreta de l'Eixample,Carrer,CORSEGA,2,402,,,,,,,4,3
02-2014-1318,02,L'EIXAMPLE,07,la Dreta de l'Eixample,Carrer,CORSEGA,2,402,,,,,,,1,1
02-2014-1321,02,L'EIXAMPLE,07,la Dreta de l'Eixample,Carrer,CORSEGA,2,402,,,,,,,1,2
02-2014-1326,02,L'EIXAMPLE,08,l'Antiga Esquerra de l'Eixample,Carrer,MALLORCA,1,191,,,,,,,03,1
02-2014-1333,02,L'EIXAMPLE,07,la Dreta de l'Eixample,Ronda,UNIVERSITAT,1,31,,,,,,,06,4A
02-2014-1337,02,L'EIXAMPLE,07,la Dreta de l'Eixample,Ronda,SANT PERE,1,35,,,,,,,02,1
02-2014-1338,02,L'EIXAMPLE,07,la Dreta de l'Eixample,Ronda,SANT PERE,1,35,,,,,,,02,2
02-2014-1344,02,L'EIXAMPLE,07,la Dreta de l'Eixample,Carrer,ARAGO,1,349,,,,,,,AT,
02-2014-1368,02,L'EIXAMPLE,06,la Sagrada Família,Carrer,VALENCIA,2,494,,,,,,B,01,2
02-2014-1372,02,L'EIXAMPLE,05,el Fort Pienc,Carrer,MARINA,2,212,,,,,,,04,3
02-2014-1378,02,L'EIXAMPLE,05,el Fort Pienc,Carrer,MARINA,2,212,,,,,,,09,1
02-2014-1379,02,L'EIXAMPLE,07,la Dreta de l'Eixample,Carrer,GIRONA,1,79,,,,,,,03,2
02-2014-1394,02,L'EIXAMPLE,06,la Sagrada Família,Carrer,PROVENÇA,1,529,,,,,,,02,2
02-2014-1397,02,L'EIXAMPLE,05,el Fort Pienc,Carrer,MARINA,1,189,,,,,,,6,4
02-2014-1427,02,L'EIXAMPLE,05,el Fort Pienc,Carrer,MARINA,1,189,,,,,,,02,1
02-2014-1430,02,L'EIXAMPLE,06,la Sagrada Família,Carrer,PROVENÇA,1,529,,,,,,,01,1
02-2014-1444,02,L'EIXAMPLE,05,el Fort Pienc,Carrer,MARINA,1,189,,,,,,,2,2
02-2014-1573,02,L'EIXAMPLE,10,Sant Antoni,Carrer,VILLARROEL,2,2,,,,,,,4,2
02-2014-1598,02,L'EIXAMPLE,10,Sant Antoni,Avinguda,MISTRAL,2,10,,,,,,,06,10
02-2014-1607,02,L'EIXAMPLE,07,la Dreta de l'Eixample,Rambla,CATALUNYA,2,54,,,,,,,05,3
02-2014-1620,02,L'EIXAMPLE,06,la Sagrada Família,Carrer,NAPOLS,2,266,,,,,,,04,1
02-2014-1635,02,L'EIXAMPLE,08,l'Antiga Esquerra de l'Eixample,Carrer,BALMES,1,23,,,,,,,02,1A
02-2014-1640,02,L'EIXAMPLE,07,la Dreta de l'Eixample,Passeig,GRACIA,1,61,,,,,,,05,2
02-2014-1667,02,L'EIXAMPLE,07,la Dreta de l'Eixample,Carrer,CASP,2,38,,,,,,,4,
02-2014-1675,02,L'EIXAMPLE,06,la Sagrada Família,Carrer,SARDENYA,2,306,,,,,,,4,
02-2014-1689,02,L'EIXAMPLE,09,la Nova Esquerra de l'Eixample,Carrer,COMTE D'URGELL,1,131,,,,,,,EN,1
02-2014-1701,02,L'EIXAMPLE,07,la Dreta de l'Eixample,Carrer,BALMES,1,11,,,,,,,1,
02-2014-1722,02,L'EIXAMPLE,09,la Nova Esquerra de l'Eixample,Carrer,COMTE D'URGELL,1,131,,,,,,,01,4
02-2014-1730,02,L'EIXAMPLE,09,la Nova Esquerra de l'Eixample,Carrer,COMTE D'URGELL,1,131,,,,,,,05,1
02-2014-1737,02,L'EIXAMPLE,09,la Nova Esquerra de l'Eixample,Carrer,COMTE D'URGELL,1,131,,,,,,,05,4
02-2014-1758,02,L'EIXAMPLE,06,la Sagrada Família,Carrer,CORSEGA,2,518,,,,,,,03,4
02-2014-1764,02,L'EIXAMPLE,07,la Dreta de l'Eixample,Carrer,DIPUTACIO,2,354,,,,,,,5,2
02-2014-1792,02,L'EIXAMPLE,07,la Dreta de l'Eixample,Carrer,DIPUTACIO,2,354,,,,,,,01,3
02-2014-1802,02,L'EIXAMPLE,07,la Dreta de l'Eixample,Carrer,DIPUTACIO,2,354,,,,,,,04,3
02-2014-1810,02,L'EIXAMPLE,08,l'Antiga Esquerra de l'Eixample,Carrer,CASANOVA,1,165,,,,,,,PR,2
02-2014-1811,02,L'EIXAMPLE,08,l'Antiga Esquerra de l'Eixample,Carrer,ROSSELLO,2,154,,,,,,,02,1
02-2014-1814,02,L'EIXAMPLE,07,la Dreta de l'Eixample,Carrer,GIRONA,2,88,,,,,,,03,2
02-2014-1826,02,L'EIXAMPLE,10,Sant Antoni,Carrer,VILLARROEL,2,50,,,,,,,02,1
02-2014-2022,02,L'EIXAMPLE,09,la Nova Esquerra de l'Eixample,Carrer,ROCAFORT,1,111,,,,,,,PR,1
02-2014-2023,02,L'EIXAMPLE,07,la Dreta de l'Eixample,Gran Via,CORTS CATALANES,1,657,,,,,,,02,2
02-2014-2052,02,L'EIXAMPLE,07,la Dreta de l'Eixample,Carrer,ALI BEI,2,12,,,,,,,PR,1
02-2014-2057,02,L'EIXAMPLE,07,la Dreta de l'Eixample,Avinguda,DIAGONAL,1,311,,,,,,A,07,1
02-2014-2060,02,L'EIXAMPLE,06,la Sagrada Família,Passatge,UTSET,2,8,,,,,,B,02,
02-2014-2078,02,L'EIXAMPLE,06,la Sagrada Família,Carrer,VALENCIA,1,439,,,,,,,03,2
02-2014-2144,02,L'EIXAMPLE,05,el Fort Pienc,Carrer,LEPANT,2,190,,,,,,,18,1
02-2014-2448,02,L'EIXAMPLE,10,Sant Antoni,Carrer,CALABRIA,1,65,,,,,,,04,1
02-2014-2451,02,L'EIXAMPLE,10,Sant Antoni,Carrer,CALABRIA,1,65,,,,,,,AT,2
02-2016-0583,02,L'EIXAMPLE,06,la Sagrada Família,Avinguda,GAUDI,1,27,,29,,,,,7,2
02-2016-0585,02,L'EIXAMPLE,06,la Sagrada Família,Avinguda,GAUDI,1,27,,29,,,,,7,3
02-2016-0608,02,L'EIXAMPLE,06,la Sagrada Família,Carrer,ROSSELLO,1,495,,,,,,,4,3
02-2016-0704,02,L'EIXAMPLE,07,la Dreta de l'Eixample,Carrer,VALENCIA,1,277,,,,,,,3,2
02-2016-0705,02,L'EIXAMPLE,07,la Dreta de l'Eixample,Carrer,VALENCIA,1,277,,,,,,,3,3
02-2016-0710,02,L'EIXAMPLE,07,la Dreta de l'Eixample,Passeig,GRACIA,2,46,,,,,,,3,2
02-2016-0730,02,L'EIXAMPLE,07,la Dreta de l'Eixample,Carrer,VALENCIA,1,277,,,,,,,1,3
02-2016-0732,02,L'EIXAMPLE,07,la Dreta de l'Eixample,Carrer,PAU CLARIS,1,99,,101,,,,2,3,2
02-2016-0808,02,L'EIXAMPLE,07,la Dreta de l'Eixample,Carrer,PAU CLARIS,1,99,,101,,,1,,4,4
02-2016-0843,02,L'EIXAMPLE,07,la Dreta de l'Eixample,Carrer,PAU CLARIS,1,99,,101,,,,1,2,4
02-2016-0855,02,L'EIXAMPLE,07,la Dreta de l'Eixample,Carrer,PAU CLARIS,1,99,,101,,,,1,2,1
02-2016-0857,02,L'EIXAMPLE,07,la Dreta de l'Eixample,Carrer,PAU CLARIS,1,99,,101,,,,2,4,2
02-2016-1006,02,L'EIXAMPLE,05,el Fort Pienc,Carrer,DIPUTACIO,2,454,,,,,,,5,4
02-2016-1301,02,L'EIXAMPLE,09,la Nova Esquerra de l'Eixample,Carrer,CONSELL DE CENT,1,71,,,,,,,2,2
02-2016-1314,02,L'EIXAMPLE,09,la Nova Esquerra de l'Eixample,Carrer,ROCAFORT,1,141,,,,,,,2,2
02-2016-1318,02,L'EIXAMPLE,09,la Nova Esquerra de l'Eixample,Carrer,ROCAFORT,1,141,,,,,,,4,1
02-2020-0233,02,L'EIXAMPLE,05,el Fort Pienc,Carrer,CONSELL DE CENT,2,506,,,,,,,1,2
02-2020-0237,02,L'EIXAMPLE,05,el Fort Pienc,Carrer,CONSELL DE CENT,2,506,,,,,,,3,2
02-2020-0246,02,L'EIXAMPLE,07,la Dreta de l'Eixample,Carrer,VALENCIA,2,284,,,,,,,2,2A
02-2022-0505,02,L'EIXAMPLE,09,la Nova Esquerra de l'Eixample,Carrer,TARRAGONA,2,84,,,,,,A,10,2
02-2022-0509,02,L'EIXAMPLE,09,la Nova Esquerra de l'Eixample,Carrer,TARRAGONA,2,84,,,,,,A,11,2
02-2022-0532,02,L'EIXAMPLE,09,la Nova Esquerra de l'Eixample,Carrer,TARRAGONA,2,84,,,,,,B,7,1
02-2022-0534,02,L'EIXAMPLE,09,la Nova Esquerra de l'Eixample,Carrer,TARRAGONA,2,84,,,,,,B,7,3
02-2022-0548,02,L'EIXAMPLE,09,la Nova Esquerra de l'Eixample,Carrer,TARRAGONA,2,84,,,,,,B,11,1
02-2022-0550,02,L'EIXAMPLE,09,la Nova Esquerra de l'Eixample,Carrer,TARRAGONA,2,84,,,,,,B,11,3
02-2022-0575,02,L'EIXAMPLE,09,la Nova Esquerra de l'Eixample,Carrer,TARRAGONA,2,84,,,,,,C,7,4
02-2022-0980,02,L'EIXAMPLE,07,la Dreta de l'Eixample,Carrer,VALENCIA,2,358,,,,,,,EN,1
02-2023-0640,02,L'EIXAMPLE,09,la Nova Esquerra de l'Eixample,Carrer,CORSEGA,2,68,,,,,B,,3,1
02-2023-0712,02,L'EIXAMPLE,07,la Dreta de l'Eixample,Carrer,VALENCIA,2,358,,,,,,,PR,1E
02-2023-0730,02,L'EIXAMPLE,09,la Nova Esquerra de l'Eixample,Carrer,CORSEGA,2,116,,,,,,,5,1
02-2023-0921,02,L'EIXAMPLE,05,el Fort Pienc,Passeig,SANT JOAN,2,40,,,,,,,PR,1
02-2023-0944,02,L'EIXAMPLE,10,Sant Antoni,Carrer,SEPULVEDA,2,174,,,,,,,4,2
02-2023-0962,02,L'EIXAMPLE,07,la Dreta de l'Eixample,Carrer,PAU CLARIS,2,112,,,,,,,4,4
02-2023-0996,02,L'EIXAMPLE,07,la Dreta de l'Eixample,Carrer,BRUC,1,55,,,,,,,EN,2
02-2023-1005,02,L'EIXAMPLE,05,el Fort Pienc,Carrer,PADILLA,2,158,,,,,,,EN,1
02-2023-1016,02,L'EIXAMPLE,07,la Dreta de l'Eixample,Avinguda,DIAGONAL,2,438,,,,,,,6,
02-2024-0034,02,L'EIXAMPLE,10,Sant Antoni,Carrer,COMTE D'URGELL,2,60,,,,,,,3,2
02-2024-0052,02,L'EIXAMPLE,07,la Dreta de l'Eixample,Carrer,CONSELL DE CENT,2,440,,,,,,,1,1
02-2024-0057,02,L'EIXAMPLE,10,Sant Antoni,Gran Via,CORTS CATALANES,2,536,,,,,,,4,4
02-2024-0079,02,L'EIXAMPLE,07,la Dreta de l'Eixample,Carrer,CONSELL DE CENT,1,445,,449,,,,A,5,3
02-2024-0196,02,L'EIXAMPLE,06,la Sagrada Família,Carrer,MALLORCA,1,447,,,,,,,EN,4
02-2024-0318,02,L'EIXAMPLE,10,Sant Antoni,Gran Via,CORTS CATALANES,2,558,,,,,,,AT,2
02-2024-0321,02,L'EIXAMPLE,10,Sant Antoni,Gran Via,CORTS CATALANES,2,558,,,,,,,3,1
02-2024-0335,02,L'EIXAMPLE,07,la Dreta de l'Eixample,Carrer,GIRONA,2,98,,,,,,,3,
02-2024-0377,02,L'EIXAMPLE,05,el Fort Pienc,Passeig,SANT JOAN,2,4,,,,,,,1,3
02-2024-0464,02,L'EIXAMPLE,05,el Fort Pienc,Carrer,MARINA,2,212,,,,,,,7,2
02-2024-0489,02,L'EIXAMPLE,06,la Sagrada Família,Passatge,VILARET,2,42,,,,,,,1,
03-2008-0267,03,SANTS-MONTJUÏC,11,el Poble Sec,Carrer,SALVA,2,78,,80,,,,,1,2
03-2008-0367,03,SANTS-MONTJUÏC,11,el Poble Sec,Passeig,MONTJUIC,2,32,,,,,,,04,11
03-2009-0103,03,SANTS-MONTJUÏC,15,Hostafrancs,Carrer,CREU COBERTA,2,32,,,,,,,PR,
03-2009-0163,03,SANTS-MONTJUÏC,18,Sants,Passeig,SANT ANTONI,2,30,,,,,,,09,1
03-2009-0166,03,SANTS-MONTJUÏC,18,Sants,Passeig,SANT ANTONI,2,30,,,,,,,01,2
03-2009-0173,03,SANTS-MONTJUÏC,18,Sants,Passeig,SANT ANTONI,2,30,,,,,,,06,4
03-2009-0180,03,SANTS-MONTJUÏC,18,Sants,Passeig,SANT ANTONI,2,30,,,,,,,03,2
03-2009-0189,03,SANTS-MONTJUÏC,18,Sants,Passeig,SANT ANTONI,2,30,,,,,,,08,2
03-2009-0198,03,SANTS-MONTJUÏC,11,el Poble Sec,Carrer,VILA I VILA,1,53,,,,,,,4,2
03-2009-0229,03,SANTS-MONTJUÏC,15,Hostafrancs,Carrer,PRINCEP JORDI,2,12,,,,,,,BJ,3
03-2009-0287,03,SANTS-MONTJUÏC,11,el Poble Sec,Carrer,OLIVERA,1,35,,,,,,,01,2
03-2009-0400,03,SANTS-MONTJUÏC,18,Sants,Carrer,FERNANDEZ DURO,1,3,,,,,,,PR,2
03-2009-0469,03,SANTS-MONTJUÏC,11,el Poble Sec,Carrer,PIQUER,1,55,,,,,,,1,4
03-2010-0009,03,SANTS-MONTJUÏC,18,Sants,Carrer,WATT,1,15,,,,,,,01,1
03-2010-0089,03,SANTS-MONTJUÏC,15,Hostafrancs,Carrer,RECTOR TRIADO,2,48,,50,,,,B,01,3
03-2010-0092,03,SANTS-MONTJUÏC,15,Hostafrancs,Carrer,RECTOR TRIADO,2,48,,50,,,,B,02,2
03-2010-0098,03,SANTS-MONTJUÏC,15,Hostafrancs,Carrer,RECTOR TRIADO,2,48,,50,,,,B,01,1
03-2010-0100,03,SANTS-MONTJUÏC,15,Hostafrancs,Carrer,RECTOR TRIADO,2,48,,50,,,,A,02,5
03-2010-0163,03,SANTS-MONTJUÏC,11,el Poble Sec,Carrer,CONCORDIA,2,14,,,,,,,05,1
03-2010-0191,03,SANTS-MONTJUÏC,18,Sants,Carrer,FERNANDEZ DURO,1,3,,,,,,,2,1
03-2010-0231,03,SANTS-MONTJUÏC,11,el Poble Sec,Carrer,ROSER,1,21,,,,,,,3,4
03-2010-0273,03,SANTS-MONTJUÏC,16,la Bordeta,Carrer,GAVA,2,8,,,,,,,03,2
03-2010-0334,03,SANTS-MONTJUÏC,11,el Poble Sec,Carrer,NOU DE LA RAMBLA,2,148,,,,,,,01,2
03-2010-0363,03,SANTS-MONTJUÏC,11,el Poble Sec,Carrer,HORTES,2,4,,,,,,,02,1
03-2010-0482,03,SANTS-MONTJUÏC,15,Hostafrancs,Carrer,CREU COBERTA,1,15,,,,,,,03,
03-2011-0045,03,SANTS-MONTJUÏC,11,el Poble Sec,Carrer,PALMA,2,10,,,,,,,1,1
03-2011-0172,03,SANTS-MONTJUÏC,11,el Poble Sec,Carrer,NOU DE LA RAMBLA,2,114,,116,,,,,03,2
03-2011-0181,03,SANTS-MONTJUÏC,11,el Poble Sec,Avinguda,PARAL.LEL,1,65,,,,,,,04,4
03-2011-0192,03,SANTS-MONTJUÏC,11,el Poble Sec,Avinguda,PARAL.LEL,1,65,,,,,,,07,3
03-2011-0193,03,SANTS-MONTJUÏC,11,el Poble Sec,Avinguda,PARAL.LEL,1,65,,,,,,,01,1
03-2011-0201,03,SANTS-MONTJUÏC,11,el Poble Sec,Avinguda,PARAL.LEL,1,65,,,,,,,07,2
03-2011-0241,03,SANTS-MONTJUÏC,16,la Bordeta,Carrer,RIERA DE TENA,1,13,,,,,,,AT,3
03-2011-0266,03,SANTS-MONTJUÏC,14,la Font de la Guatlla,Carrer,AMPOSTA,2,26,,,,,,,02,2
03-2011-0319,03,SANTS-MONTJUÏC,11,el Poble Sec,Carrer,MATA,2,24,,,,,,,3,1
03-2011-0323,03,SANTS-MONTJUÏC,11,el Poble Sec,Carrer,MATA,2,24,,,,,,,EN,2
03-2012-0075,03,SANTS-MONTJUÏC,11,el Poble Sec,Carrer,FONTRODONA,1,29,,,,,,,01,1
03-2012-0092,03,SANTS-MONTJUÏC,15,Hostafrancs,Carrer,CALLAO,2,20,,,,,,,02,2
03-2012-0094,03,SANTS-MONTJUÏC,15,Hostafrancs,Carrer,CALLAO,2,20,,,,,,,BJ,2
03-2012-0262,03,SANTS-MONTJUÏC,11,el Poble Sec,Avinguda,PARAL.LEL,1,17,,19,,,,,07,4
03-2012-0270,03,SANTS-MONTJUÏC,11,el Poble Sec,Carrer,VILA I VILA,1,19,,,,,,,06,2
03-2012-0277,03,SANTS-MONTJUÏC,11,el Poble Sec,Carrer,TAPIOLES,1,17,,19,,,,,3,7
03-2012-0315,03,SANTS-MONTJUÏC,11,el Poble Sec,Carrer,POETA CABANYES,1,81,,,,,,,PR,1
03-2012-0317,03,SANTS-MONTJUÏC,11,el Poble Sec,Carrer,PEDRERES,1,35,,,,,,,01,1
03-2012-0336,03,SANTS-MONTJUÏC,11,el Poble Sec,Carrer,FONTRODONA,2,70,,,,,,,04,2
03-2012-0346,03,SANTS-MONTJUÏC,15,Hostafrancs,Carrer,ERMENGARDA,2,2,,,,,,,1,2
03-2012-0385,03,SANTS-MONTJUÏC,18,Sants,Carrer,TINENT FLOMESTA,2,32,,,,,,,01,2
03-2012-0418,03,SANTS-MONTJUÏC,18,Sants,Carrer,JACQUARD,2,14,,18,,,,,01,7
03-2012-0424,03,SANTS-MONTJUÏC,18,Sants,Carrer,JACQUARD,2,14,,18,,,,,BJ,3
03-2012-0428,03,SANTS-MONTJUÏC,18,Sants,Carrer,JACQUARD,2,14,,18,,,,,BJ,B
03-2012-0436,03,SANTS-MONTJUÏC,14,la Font de la Guatlla,Carrer,SANT FRUCTUOS,2,64,,74,,,,,01,6
03-2012-0446,03,SANTS-MONTJUÏC,11,el Poble Sec,Passeig,MONTJUIC,2,64,,66,,,,,01,6
03-2012-0458,03,SANTS-MONTJUÏC,11,el Poble Sec,Carrer,VILA I VILA,1,95,,,,,,,PR,2
03-2012-0474,03,SANTS-MONTJUÏC,11,el Poble Sec,Avinguda,RIUS I TAULET,1,1,B,,,,,,05,2
03-2012-0500,03,SANTS-MONTJUÏC,15,Hostafrancs,Carrer,MIQUEL BLEACH,2,16,,,,,,,01,3
03-2013-0029,03,SANTS-MONTJUÏC,12,la Marina del Prat Vermell,Carrer,GABRIEL MIRO,2,12,,,,,,,,
03-2013-0056,03,SANTS-MONTJUÏC,18,Sants,Carrer,COMTES DE BELL-LLOC,1,53,,55,,,,,03,3
03-2013-0065,03,SANTS-MONTJUÏC,17,Sants - Badal,Carrer,VENTURA PLAJA,1,17,,,,,,,02,2
03-2013-0071,03,SANTS-MONTJUÏC,11,el Poble Sec,Plaça,SORTIDOR,2,16,,,,,,,01,2
03-2013-0118,03,SANTS-MONTJUÏC,17,Sants - Badal,Carrer,SANTS,1,387,,,,,,,02,5
03-2013-0123,03,SANTS-MONTJUÏC,17,Sants - Badal,Carrer,SANTS,1,387,,,,,,,03,3
03-2013-0124,03,SANTS-MONTJUÏC,17,Sants - Badal,Carrer,SANTS,1,387,,,,,,,03,4
03-2013-0128,03,SANTS-MONTJUÏC,17,Sants - Badal,Carrer,SANTS,1,387,,,,,,,03,5
03-2013-0146,03,SANTS-MONTJUÏC,17,Sants - Badal,Carrer,SANTS,1,387,,,,,,,06,1
03-2013-0147,03,SANTS-MONTJUÏC,17,Sants - Badal,Carrer,SANTS,1,387,,,,,,,06,2
03-2013-0148,03,SANTS-MONTJUÏC,17,Sants - Badal,Carrer,SANTS,1,387,,,,,,,06,3
03-2013-0152,03,SANTS-MONTJUÏC,17,Sants - Badal,Carrer,SANTS,1,387,,,,,,,06,7
03-2013-0162,03,SANTS-MONTJUÏC,17,Sants - Badal,Carrer,SANTS,1,387,,,,,,,08,1
03-2013-0165,03,SANTS-MONTJUÏC,17,Sants - Badal,Carrer,SANTS,1,387,,,,,,,08,4
03-2013-0289,03,SANTS-MONTJUÏC,11,el Poble Sec,Carrer,RICART,2,40,,44,,,,,02,3
03-2013-0290,03,SANTS-MONTJUÏC,11,el Poble Sec,Avinguda,PARAL.LEL,1,99,,,,,,,02,3
03-2013-0292,03,SANTS-MONTJUÏC,18,Sants,Avinguda,JOSEP TARRADELLAS,1,23,,,,,,,01,3
03-2013-0329,03,SANTS-MONTJUÏC,11,el Poble Sec,Carrer,OLIVERA,1,29,,,,,,D,1,3
03-2013-0338,03,SANTS-MONTJUÏC,15,Hostafrancs,Carrer,CREU COBERTA,2,50,,,,,,,01,1
03-2013-0339,03,SANTS-MONTJUÏC,11,el Poble Sec,Carrer,BLAI,1,1,,,,,,,02,1
03-2013-0341,03,SANTS-MONTJUÏC,15,Hostafrancs,Carrer,CREU COBERTA,2,50,,,,,,,04,2
03-2013-0343,03,SANTS-MONTJUÏC,15,Hostafrancs,Carrer,CREU COBERTA,2,50,,,,,,,03,2
03-2013-0346,03,SANTS-MONTJUÏC,15,Hostafrancs,Carrer,CREU COBERTA,2,50,,,,,,,01,2
03-2013-0393,03,SANTS-MONTJUÏC,11,el Poble Sec,Carrer,MARE DE DEU DEL REMEI,1,23,,,,,,,02,1
03-2013-0440,03,SANTS-MONTJUÏC,11,el Poble Sec,Carrer,TAPIOLES,2,28,,,,,,,05,1
03-2013-0451,03,SANTS-MONTJUÏC,15,Hostafrancs,Carretera,BORDETA,2,34,,,,,,,01,
03-2013-0484,03,SANTS-MONTJUÏC,14,la Font de la Guatlla,Carrer,SANT FERRIOL,1,11,,,,,,,BJ,
03-2013-0494,03,SANTS-MONTJUÏC,11,el Poble Sec,Carrer,SALVA,1,5,,,,,,,1,1
03-2013-0555,03,SANTS-MONTJUÏC,11,el Poble Sec,Carrer,NOU DE LA RAMBLA,2,154,,,,,,,01,4
03-2013-0556,03,SANTS-MONTJUÏC,11,el Poble Sec,Carrer,NOU DE LA RAMBLA,2,154,,,,,,,02,1
03-2013-0559,03,SANTS-MONTJUÏC,11,el Poble Sec,Carrer,NOU DE LA RAMBLA,2,154,,,,,,,02,4
03-2013-0560,03,SANTS-MONTJUÏC,11,el Poble Sec,Carrer,NOU DE LA RAMBLA,2,154,,,,,,,03,1
03-2013-0572,03,SANTS-MONTJUÏC,18,Sants,Carrer,SANTS,1,63,,,,,,,02,2
03-2013-0603,03,SANTS-MONTJUÏC,11,el Poble Sec,Carrer,SALVA,1,5,,,,,,,04,1
03-2013-0625,03,SANTS-MONTJUÏC,14,la Font de la Guatlla,Carrer,SANTA DOROTEA,1,11,,,,,,,04,3
03-2013-0636,03,SANTS-MONTJUÏC,14,la Font de la Guatlla,Carrer,SANT FRUCTUOS,1,25,,,,,,,03,3
03-2013-0638,03,SANTS-MONTJUÏC,11,el Poble Sec,Carrer,JAUME FABRA,1,1,,,,,,,AT,2
03-2013-0683,03,SANTS-MONTJUÏC,15,Hostafrancs,Carrer,MOIANES,1,63,,,,,,,01,1
03-2013-0714,03,SANTS-MONTJUÏC,11,el Poble Sec,Carrer,TAPIOLES,2,36,,,,,,,4,1
03-2013-0725,03,SANTS-MONTJUÏC,15,Hostafrancs,Carrer,VILARDELL,1,9,,,,,,,BJ,2
03-2013-0742,03,SANTS-MONTJUÏC,11,el Poble Sec,Carrer,MAGALHAES,1,39,,,,,,,2,2
03-2013-0764,03,SANTS-MONTJUÏC,15,Hostafrancs,Carrer,ALIGA,2,28,,,,,,,PR,2
03-2013-0766,03,SANTS-MONTJUÏC,15,Hostafrancs,Carrer,ALIGA,2,28,,,,,,,02,2
03-2013-0769,03,SANTS-MONTJUÏC,11,el Poble Sec,Carrer,MARE DE DEU DEL REMEI,1,47,,,,,,,01,1
03-2013-0772,03,SANTS-MONTJUÏC,18,Sants,Avinguda,JOSEP TARRADELLAS,1,1,,,,,,,08,3
03-2014-0031,03,SANTS-MONTJUÏC,11,el Poble Sec,Carrer,MAGALHAES,1,5,,,,,,,04,2
03-2014-0032,03,SANTS-MONTJUÏC,11,el Poble Sec,Carrer,VILA I VILA,2,80,,,,,,,PR,1
03-2014-0034,03,SANTS-MONTJUÏC,11,el Poble Sec,Carrer,VILA I VILA,2,80,,,,,,,1,1
03-2014-0041,03,SANTS-MONTJUÏC,11,el Poble Sec,Carrer,VILA I VILA,2,80,,,,,,,04,2
03-2014-0066,03,SANTS-MONTJUÏC,11,el Poble Sec,Carrer,BLASCO DE GARAY,1,7,,,,,,,03,1
03-2014-0070,03,SANTS-MONTJUÏC,11,el Poble Sec,Carrer,SALVA,1,17,,,,,,,1,2
03-2014-0120,03,SANTS-MONTJUÏC,18,Sants,Carrer,SANT MEDIR,1,9,,,,,,,PR,4
03-2014-0132,03,SANTS-MONTJUÏC,11,el Poble Sec,Carrer,VALLHONRAT,2,18,,,,,,,02,1
03-2014-0139,03,SANTS-MONTJUÏC,18,Sants,Carrer,VALLADOLID,1,21,,,,,,,02,2
03-2014-0156,03,SANTS-MONTJUÏC,11,el Poble Sec,Carrer,MARGARIT,2,52,,,,,,,PR,2
03-2014-0208,03,SANTS-MONTJUÏC,11,el Poble Sec,Carrer,NOU DE LA RAMBLA,2,156,,,,,,,01,4
03-2014-0222,03,SANTS-MONTJUÏC,11,el Poble Sec,Avinguda,PARAL.LEL,1,75,,,,,,,01,
03-2014-0226,03,SANTS-MONTJUÏC,18,Sants,Carrer,SANTA CATERINA,1,71,,,,,,,5,
03-2014-0243,03,SANTS-MONTJUÏC,15,Hostafrancs,Carrer,ESPANYA INDUSTRIAL,2,6,,,,,,,01,1
03-2014-0263,03,SANTS-MONTJUÏC,15,Hostafrancs,Carrer,MOIANES,1,73,,75,,,,,01,2
03-2014-0266,03,SANTS-MONTJUÏC,15,Hostafrancs,Carrer,MOIANES,1,73,,75,,,,,01,6
03-2014-0274,03,SANTS-MONTJUÏC,15,Hostafrancs,Carrer,MOIANES,1,73,,75,,,,,02,4
03-2014-0297,03,SANTS-MONTJUÏC,15,Hostafrancs,Carrer,CREU COBERTA,1,87,,,,,,,EN,
03-2014-0322,03,SANTS-MONTJUÏC,11,el Poble Sec,Carrer,NOU DE LA RAMBLA,2,152,,,,,,,02,3
03-2014-0338,03,SANTS-MONTJUÏC,11,el Poble Sec,Carrer,RADAS,1,39,,,,,,,03,2
03-2014-0350,03,SANTS-MONTJUÏC,18,Sants,Carrer,PANISSARS,2,18,,,,,,,01,
03-2014-0367,03,SANTS-MONTJUÏC,11,el Poble Sec,Carrer,CONCORDIA,1,59,,,,,,,4,1
03-2014-0368,03,SANTS-MONTJUÏC,11,el Poble Sec,Carrer,CONCORDIA,1,59,,,,,,,01,1
03-2014-0391,03,SANTS-MONTJUÏC,11,el Poble Sec,Carrer,SALVA,2,2,,4,,,,,01,2
03-2014-0405,03,SANTS-MONTJUÏC,16,la Bordeta,Carrer,ALPENS,2,6,,,,,,,02,
03-2014-0408,03,SANTS-MONTJUÏC,16,la Bordeta,Carrer,GAVA,2,32,,,,,,,02,1
03-2014-0431,03,SANTS-MONTJUÏC,14,la Font de la Guatlla,Gran Via,CORTS CATALANES,2,192,,,,,,A,03,1
03-2014-0467,03,SANTS-MONTJUÏC,18,Sants,Carrer,VALLESPIR,1,97,,,,,,,03,2
03-2014-0482,03,SANTS-MONTJUÏC,18,Sants,Carrer,BERLIN,2,18,,,,,,,01,2
03-2014-0549,03,SANTS-MONTJUÏC,18,Sants,Passatge,BARO DE GRIÑO,2,6,,,,,,,2,3
03-2014-0550,03,SANTS-MONTJUÏC,18,Sants,Passatge,BARO DE GRIÑO,2,6,,,,,,,PR,2
03-2014-0591,03,SANTS-MONTJUÏC,17,Sants - Badal,Carrer,BEGUR,1,67,,,,,,,BJ,
03-2014-0608,03,SANTS-MONTJUÏC,14,la Font de la Guatlla,Carrer,MEXIC,2,26,,,,,,,01,2
03-2014-0620,03,SANTS-MONTJUÏC,14,la Font de la Guatlla,Carrer,MEXIC,2,26,,,,,,,04,3
03-2014-0621,03,SANTS-MONTJUÏC,14,la Font de la Guatlla,Carrer,MEXIC,2,26,,,,,,,05,1
03-2014-0627,03,SANTS-MONTJUÏC,11,el Poble Sec,Carrer,FONTRODONA,2,32,,,,,,,02,1
03-2014-0630,03,SANTS-MONTJUÏC,17,Sants - Badal,Carrer,VIOLANT HONGRIA REINA ARAGO,2,48,,,,,,,02,3
03-2014-0670,03,SANTS-MONTJUÏC,18,Sants,Carrer,MIQUEL ANGEL,1,79,,,,,,,02,2
03-2014-0750,03,SANTS-MONTJUÏC,18,Sants,Carrer,IBERIA,1,1,,,,,,,02,1
03-2014-0791,03,SANTS-MONTJUÏC,18,Sants,Carrer,TINENT FLOMESTA,1,37,,,,,,,2,1
03-2014-0804,03,SANTS-MONTJUÏC,18,Sants,Carrer,RIERA DE TENA,1,37,,,,,,,02,
03-2014-0814,03,SANTS-MONTJUÏC,18,Sants,Carrer,IBERIA,2,16,,,,,,,01,1
03-2014-0836,03,SANTS-MONTJUÏC,18,Sants,Carrer,IBERIA,2,16,,,,,,,02,2
03-2014-0871,03,SANTS-MONTJUÏC,17,Sants - Badal,Carrer,ROGER,2,32,,,,,,,03,2
03-2023-0072,03,SANTS-MONTJUÏC,11,el Poble Sec,Carrer,MARGARIT,1,21,,,,,,,5,1
03-2023-0082,03,SANTS-MONTJUÏC,15,Hostafrancs,Gran Via,CORTS CATALANES,1,271,,,,,,,PR,1
03-2023-0234,03,SANTS-MONTJUÏC,11,el Poble Sec,Avinguda,PARAL.LEL,1,159,,,,,,,PR,2
03-2023-0236,03,SANTS-MONTJUÏC,11,el Poble Sec,Avinguda,PARAL.LEL,1,159,,,,,,,1,2
03-2023-0360,03,SANTS-MONTJUÏC,14,la Font de la Guatlla,Carrer,SANT FRUCTUOS,2,64,,74,,,,,2,14
03-2023-0365,03,SANTS-MONTJUÏC,14,la Font de la Guatlla,Carrer,SANT FRUCTUOS,2,64,,74,,,,,2,19
03-2023-0368,03,SANTS-MONTJUÏC,14,la Font de la Guatlla,Carrer,SANT FRUCTUOS,2,64,,74,,,,,2,22
03-2023-0372,03,SANTS-MONTJUÏC,14,la Font de la Guatlla,Carrer,SANT FRUCTUOS,2,64,,74,,,,,2,26
03-2023-0389,03,SANTS-MONTJUÏC,14,la Font de la Guatlla,Carrer,SANT FRUCTUOS,2,64,,74,,,,,3,15
03-2024-0060,03,SANTS-MONTJUÏC,11,el Poble Sec,Carrer,FONT HONRADA,1,37,,,,,,,3,2
03-2024-0088,03,SANTS-MONTJUÏC,18,Sants,Carrer,MELCIOR DE PALAU,2,84,,,,,,,BJ,2
04-2010-0172,04,LES CORTS,19,les Corts,Carrer,JOAN GUELL,1,169,,,,,,,01,1
04-2010-0179,04,LES CORTS,19,les Corts,Carrer,JOAN GUELL,1,169,,,,,,,01,7
04-2010-0197,04,LES CORTS,19,les Corts,Carrer,JOAN GUELL,1,169,,,,,,,03,6
04-2011-0269,04,LES CORTS,19,les Corts,Carrer,EQUADOR,1,31,,,,,,,03,3
04-2011-0277,04,LES CORTS,19,les Corts,Carrer,EQUADOR,1,31,,,,,,,02,1
04-2011-0280,04,LES CORTS,19,les Corts,Carrer,EQUADOR,1,31,,,,,,,04,1
04-2012-0030,04,LES CORTS,20,la Maternitat i Sant Ramon,Carrer,ARIZALA,1,51,,,,,,,BJ,4
04-2012-0218,04,LES CORTS,19,les Corts,Carrer,BERLIN,1,29,,,,,,,03,2
04-2012-0265,04,LES CORTS,20,la Maternitat i Sant Ramon,Travessera,CORTS,2,114,,,,,,,01,2
04-2012-0309,04,LES CORTS,20,la Maternitat i Sant Ramon,Travessera,CORTS,2,84,,,,,,,02,2
04-2013-0141,04,LES CORTS,19,les Corts,Carrer,BERLIN,1,37,,,,,,,3,3
04-2013-0237,04,LES CORTS,19,les Corts,Carrer,CABALLERO,2,68,,,,,,,03,1
04-2013-0399,04,LES CORTS,21,Pedralbes,Avinguda,PEDRALBES,1,57,,61,,,,,AT,
04-2014-0127,04,LES CORTS,19,les Corts,Carrer,GALILEU,1,307,,,,,,,EN,3
04-2014-0141,04,LES CORTS,20,la Maternitat i Sant Ramon,Travessera,CORTS,2,118,,120,,,,,03,1
04-2014-0149,04,LES CORTS,21,Pedralbes,Avinguda,PEDRALBES,1,57,,61,,,,,1,1
04-2014-0198,04,LES CORTS,19,les Corts,Carrer,AVIACIO,2,16,,,,,,,01,2
04-2014-0214,04,LES CORTS,20,la Maternitat i Sant Ramon,Carrer,PINTOR PAHISSA,1,39,,,,,,B,08,1
04-2014-0231,04,LES CORTS,19,les Corts,Carrer,GUITARD,2,80,,,,,,,01,4
04-2014-0247,04,LES CORTS,19,les Corts,Carrer,VALLESPIR,1,163,,,,,,,04,2
04-2014-0286,04,LES CORTS,19,les Corts,Carrer,GALILEU,2,316,,,,,,,1,1
04-2014-0344,04,LES CORTS,19,les Corts,Travessera,CORTS,2,184,,,,,,,07,2
04-2014-0392,04,LES CORTS,20,la Maternitat i Sant Ramon,Travessera,CORTS,2,118,,,,,,,01,1
04-2014-0401,04,LES CORTS,20,la Maternitat i Sant Ramon,Travessera,CORTS,2,122,,,,,,,04,3
04-2023-0148,04,LES CORTS,19,les Corts,Carrer,MARQUES DE SENTMENAT,2,28,,36,,,,,5,9
04-2023-0171,04,LES CORTS,19,les Corts,Carrer,NOVELL,1,51,,53,,,,,2,3
04-2023-0208,04,LES CORTS,19,les Corts,Carrer,AVIACIO,2,16,,,,,,,1,3
04-2024-0026,04,LES CORTS,19,les Corts,Carrer,DEU I MATA,1,141,,,,,,,,
05-2008-0463,05,SARRIA-SANT GERVASI,26,Sant Gervasi - Galvany,Carrer,LAFORJA,2,128,,,,,,,EN,4
05-2008-0465,05,SARRIA-SANT GERVASI,26,Sant Gervasi - Galvany,Carrer,LAFORJA,2,128,,,,,,,02,3
05-2008-0496,05,SARRIA-SANT GERVASI,26,Sant Gervasi - Galvany,Carrer,GANDUXER,2,74,,76,,,,,EN,D
05-2009-0164,05,SARRIA-SANT GERVASI,26,Sant Gervasi - Galvany,Plaça,GAL.LA PLACIDIA,1,1,,3,,,,A,06,2
05-2011-0292,05,SARRIA-SANT GERVASI,27,el Putxet i el Farró,Carrer,VALLIRANA,1,29,,,,,,,1,D
05-2011-0293,05,SARRIA-SANT GERVASI,27,el Putxet i el Farró,Carrer,VALLIRANA,1,29,,,,,,,2,C
05-2011-0369,05,SARRIA-SANT GERVASI,26,Sant Gervasi - Galvany,Via,AUGUSTA,1,95,,,,,,,01,1
05-2012-0055,05,SARRIA-SANT GERVASI,26,Sant Gervasi - Galvany,Via,AUGUSTA,1,153,,,,,,,02,6
05-2012-0132,05,SARRIA-SANT GERVASI,26,Sant Gervasi - Galvany,Avinguda,DIAGONAL,2,506,,,,,,,07,1D
05-2012-0158,05,SARRIA-SANT GERVASI,26,Sant Gervasi - Galvany,Carrer,LAFORJA,2,40,,,,,,,04,1
05-2012-0179,05,SARRIA-SANT GERVASI,26,Sant Gervasi - Galvany,Avinguda,DIAGONAL,2,594,,,,,,,03,1
05-2012-0191,05,SARRIA-SANT GERVASI,26,Sant Gervasi - Galvany,Carrer,PRATS DE MOLLO,2,14,,,,,,,1,4
05-2012-0249,05,SARRIA-SANT GERVASI,26,Sant Gervasi - Galvany,Avinguda,DIAGONAL,2,572,,,,,,,2,1B
05-2012-0310,05,SARRIA-SANT GERVASI,26,Sant Gervasi - Galvany,Carrer,PRATS DE MOLLO,2,18,,,,,,,BJ,2
05-2012-0311,05,SARRIA-SANT GERVASI,26,Sant Gervasi - Galvany,Carrer,PRATS DE MOLLO,2,18,,,,,,,1,1
05-2012-0313,05,SARRIA-SANT GERVASI,26,Sant Gervasi - Galvany,Carrer,PRATS DE MOLLO,2,18,,,,,,,1,3
05-2012-0314,05,SARRIA-SANT GERVASI,26,Sant Gervasi - Galvany,Carrer,PRATS DE MOLLO,2,18,,,,,,,2,1
05-2012-0315,05,SARRIA-SANT GERVASI,26,Sant Gervasi - Galvany,Carrer,PRATS DE MOLLO,2,18,,,,,,,2,2
05-2012-0354,05,SARRIA-SANT GERVASI,26,Sant Gervasi - Galvany,Carrer,CALVET,1,17,,,,,,,05,2
05-2012-0356,05,SARRIA-SANT GERVASI,26,Sant Gervasi - Galvany,Carrer,CALVET,1,17,,,,,,,05,3
05-2012-0366,05,SARRIA-SANT GERVASI,26,Sant Gervasi - Galvany,Carrer,GANDUXER,2,50,,,,,,,02,4
05-2012-0434,05,SARRIA-SANT GERVASI,26,Sant Gervasi - Galvany,Carrer,ARIBAU,2,226,,,,,,E,3,1
05-2012-0469,05,SARRIA-SANT GERVASI,26,Sant Gervasi - Galvany,Carrer,GANDUXER,2,50,,,,,,,04,3
05-2012-0479,05,SARRIA-SANT GERVASI,26,Sant Gervasi - Galvany,Ronda,GENERAL MITRE,2,164,,,,,,,05,3
05-2012-0526,05,SARRIA-SANT GERVASI,27,el Putxet i el Farró,Carrer,FRANCOLI,1,55,,,,,,,2,3
05-2012-0528,05,SARRIA-SANT GERVASI,27,el Putxet i el Farró,Carrer,FRANCOLI,1,55,,,,,,,2,1
05-2012-0533,05,SARRIA-SANT GERVASI,27,el Putxet i el Farró,Carrer,FRANCOLI,1,55,,,,,,,4,4
05-2012-0534,05,SARRIA-SANT GERVASI,27,el Putxet i el Farró,Carrer,FRANCOLI,1,55,,,,,,,PR,2
05-2012-0542,05,SARRIA-SANT GERVASI,27,el Putxet i el Farró,Carrer,FRANCOLI,1,55,,,,,,,3,3
05-2012-0597,05,SARRIA-SANT GERVASI,23,Sarrià,Carrer,BONAPLATA,2,8,B,,,,,,AT,2
05-2012-0612,05,SARRIA-SANT GERVASI,26,Sant Gervasi - Galvany,Carrer,GANDUXER,2,50,,,,,,,06,4
05-2012-0621,05,SARRIA-SANT GERVASI,26,Sant Gervasi - Galvany,Plaça,GAL.LA PLACIDIA,1,1,,3,,,,B,18,1
05-2013-0040,05,SARRIA-SANT GERVASI,26,Sant Gervasi - Galvany,Carrer,SAGUES,2,18,,,,,,,AT,
05-2013-0084,05,SARRIA-SANT GERVASI,26,Sant Gervasi - Galvany,Carrer,CALVET,1,17,,,,,,,06,2
05-2013-0101,05,SARRIA-SANT GERVASI,27,el Putxet i el Farró,Passeig,SANT GERVASI,2,58,,,,,,,AT,1
05-2013-0164,05,SARRIA-SANT GERVASI,27,el Putxet i el Farró,Ronda,GENERAL MITRE,2,238,,,,,,,01,2
05-2013-0220,05,SARRIA-SANT GERVASI,26,Sant Gervasi - Galvany,Carrer,CALVET,1,17,,,,,,,08,2
05-2013-0296,05,SARRIA-SANT GERVASI,25,Sant Gervasi - la Bonanova,Carrer,TEODORA LAMADRID,2,52,,60,,,,G,AT,
05-2013-0301,05,SARRIA-SANT GERVASI,26,Sant Gervasi - Galvany,Carrer,ARIBAU,2,304,,,,,,,05,1
05-2013-0489,05,SARRIA-SANT GERVASI,26,Sant Gervasi - Galvany,Carrer,ARIBAU,2,228,,,,,,D,3,2
05-2013-0494,05,SARRIA-SANT GERVASI,27,el Putxet i el Farró,Carrer,BERTRAN,2,156,,,,,,,01,1
05-2013-0519,05,SARRIA-SANT GERVASI,26,Sant Gervasi - Galvany,Carrer,COPERNIC,1,81,,,,,,,02,2
05-2013-0572,05,SARRIA-SANT GERVASI,26,Sant Gervasi - Galvany,Carrer,BALMES,1,251,,,,,,,02,2
05-2013-0583,05,SARRIA-SANT GERVASI,26,Sant Gervasi - Galvany,Via,AUGUSTA,1,87,,,,,,,02,
05-2013-0656,05,SARRIA-SANT GERVASI,26,Sant Gervasi - Galvany,Carrer,BALMES,2,184,,,,,,,05,3
05-2013-0662,05,SARRIA-SANT GERVASI,26,Sant Gervasi - Galvany,Avinguda,PAU CASALS,2,16,,,,,,,07,
05-2014-0009,05,SARRIA-SANT GERVASI,26,Sant Gervasi - Galvany,Carrer,MUNTANER,2,254,,,,,,,01,1
05-2014-0020,05,SARRIA-SANT GERVASI,23,Sarrià,Carrer,ABAT SAMSO,2,4,,,,,,,BJ,
05-2014-0024,05,SARRIA-SANT GERVASI,24,les Tres Torres,Ronda,GENERAL MITRE,1,7,,,,,,,10,2
05-2014-0061,05,SARRIA-SANT GERVASI,27,el Putxet i el Farró,Carrer,BERTRAN,2,142,,,,,,,EN,2
05-2014-0065,05,SARRIA-SANT GERVASI,26,Sant Gervasi - Galvany,Carrer,ARIBAU,2,228,,,,,,E,4,1
05-2014-0108,05,SARRIA-SANT GERVASI,26,Sant Gervasi - Galvany,Carrer,MARIA CUBI,2,98,,,,,,,02,2
05-2014-0125,05,SARRIA-SANT GERVASI,26,Sant Gervasi - Galvany,Carrer,CALAF,1,19,,,,,,,PR,2
05-2014-0181,05,SARRIA-SANT GERVASI,27,el Putxet i el Farró,Carrer,ESCIPIO,1,23,,,,,,,,
05-2014-0194,05,SARRIA-SANT GERVASI,25,Sant Gervasi - la Bonanova,Carrer,BERLINES,1,19,,,,,,,01,3
05-2014-0197,05,SARRIA-SANT GERVASI,26,Sant Gervasi - Galvany,Carrer,TUSET,1,13,,,,,,,SA,EX
05-2014-0250,05,SARRIA-SANT GERVASI,26,Sant Gervasi - Galvany,Carrer,ARIBAU,2,228,,,,,,E,2,2
05-2014-0253,05,SARRIA-SANT GERVASI,23,Sarrià,Passeig,REINA ELISENDA DE MONTCADA,1,11,B,,,,,D,04,2
05-2014-0283,05,SARRIA-SANT GERVASI,24,les Tres Torres,Ronda,GENERAL MITRE,1,7,,,,,,,04,2
05-2014-0288,05,SARRIA-SANT GERVASI,25,Sant Gervasi - la Bonanova,Carrer,POMARET,1,7,,9,,,,D,04,
05-2014-0373,05,SARRIA-SANT GERVASI,26,Sant Gervasi - Galvany,Carrer,TUSET,2,30,,,,,,,01,3
05-2014-0492,05,SARRIA-SANT GERVASI,25,Sant Gervasi - la Bonanova,Carrer,PUJOL,2,8,,,,,,,01,4
05-2016-0327,05,SARRIA-SANT GERVASI,26,Sant Gervasi - Galvany,Carrer,ARIBAU,2,228,,,,,,,BJ,C
05-2020-0104,05,SARRIA-SANT GERVASI,23,Sarrià,Carrer,EUTERPE,1,9,,,,,,,1,1
05-2023-0097,05,SARRIA-SANT GERVASI,25,Sant Gervasi - la Bonanova,Carrer,MUNTANER,2,496,,,,,,,3,2
05-2023-0253,05,SARRIA-SANT GERVASI,23,Sarrià,Passeig,MANUEL GIRONA,1,71,,,,,,,3,1
05-2023-0254,05,SARRIA-SANT GERVASI,25,Sant Gervasi - la Bonanova,Carrer,CASTANYER,1,5,,,,,,,4,1
05-2023-0278,05,SARRIA-SANT GERVASI,25,Sant Gervasi - la Bonanova,Carrer,CASTANYER,1,5,,,,,,,SA,2
05-2023-0305,05,SARRIA-SANT GERVASI,26,Sant Gervasi - Galvany,Carrer,BALMES,1,327,,329,,,,,PR,1
05-2023-0335,05,SARRIA-SANT GERVASI,26,Sant Gervasi - Galvany,Carrer,BALMES,1,327,,329,,,,,6,2
05-2023-0340,05,SARRIA-SANT GERVASI,26,Sant Gervasi - Galvany,Carrer,BALMES,1,327,,329,,,,,AT,3
05-2023-0400,05,SARRIA-SANT GERVASI,25,Sant Gervasi - la Bonanova,Carrer,MUNTANER,2,496,,,,,,,6,3
05-2023-0408,05,SARRIA-SANT GERVASI,25,Sant Gervasi - la Bonanova,Carrer,MUNTANER,2,496,,,,,,,6,1
05-2023-0411,05,SARRIA-SANT GERVASI,27,el Putxet i el Farró,Avinguda,REPUBLICA ARGENTINA,1,5,,7,,,D,,BJ,1
05-2023-0416,05,SARRIA-SANT GERVASI,27,el Putxet i el Farró,Avinguda,REPUBLICA ARGENTINA,1,5,,7,,,,,1,2
05-2023-0428,05,SARRIA-SANT GERVASI,27,el Putxet i el Farró,Avinguda,REPUBLICA ARGENTINA,1,5,,7,,,,,3,2
05-2023-0431,05,SARRIA-SANT GERVASI,27,el Putxet i el Farró,Avinguda,REPUBLICA ARGENTINA,1,5,,7,,,,,3,5
05-2023-0432,05,SARRIA-SANT GERVASI,27,el Putxet i el Farró,Avinguda,REPUBLICA ARGENTINA,1,5,,7,,,,,3,6
05-2023-0521,05,SARRIA-SANT GERVASI,25,Sant Gervasi - la Bonanova,Carrer,CASTANYER,1,5,,,,,,,1,2
05-2024-0125,05,SARRIA-SANT GERVASI,25,Sant Gervasi - la Bonanova,Carrer,MUNTANER,2,496,,,,,,,1,1
05-2024-0126,05,SARRIA-SANT GERVASI,25,Sant Gervasi - la Bonanova,Carrer,MUNTANER,2,496,,,,,,,2,1
05-2024-0127,05,SARRIA-SANT GERVASI,25,Sant Gervasi - la Bonanova,Carrer,MUNTANER,2,496,,,,,,,7,1
05-2024-0129,05,SARRIA-SANT GERVASI,25,Sant Gervasi - la Bonanova,Carrer,CASTANYER,1,5,,,,,,,4,3
05-2024-0175,05,SARRIA-SANT GERVASI,26,Sant Gervasi - Galvany,Carrer,BALMES,1,317,,,,,,,AT,2
06-2008-0187,06,GRACIA,31,la Vila de Gràcia,Carrer,BONAVISTA,2,4,,,,,,,BJ,1
06-2008-0188,06,GRACIA,31,la Vila de Gràcia,Carrer,BONAVISTA,2,4,,,,,,,BJ,2
06-2008-0189,06,GRACIA,31,la Vila de Gràcia,Carrer,BONAVISTA,2,4,,,,,,,01,1
06-2008-0194,06,GRACIA,31,la Vila de Gràcia,Carrer,BONAVISTA,2,4,,,,,,,02,2
06-2008-0244,06,GRACIA,32,el Camp d'en Grassot i Gràcia Nova,Carrer,VENTALLO,2,48,,,,,,,01,1
06-2008-0282,06,GRACIA,31,la Vila de Gràcia,Carrer,VERDI,1,53,,55,,,,,01,4
06-2008-0287,06,GRACIA,31,la Vila de Gràcia,Carrer,VERDI,1,53,,55,,,,,02,4
06-2008-0381,06,GRACIA,28,Vallcarca i els Penitents,Carrer,BOLIVAR,1,17,,,,,,,PR,1
06-2008-0404,06,GRACIA,31,la Vila de Gràcia,Passeig,GRACIA,1,115,,,,,,,01,2
06-2008-0411,06,GRACIA,31,la Vila de Gràcia,Passeig,GRACIA,1,115,,,,,,,02,4
06-2008-0434,06,GRACIA,31,la Vila de Gràcia,Travessera,GRACIA,1,133,,,,,,,02,1
06-2009-0170,06,GRACIA,32,el Camp d'en Grassot i Gràcia Nova,Passatge,ALIO,2,12,,,,,,,01,2
06-2009-0226,06,GRACIA,31,la Vila de Gràcia,Carrer,NIL FABRA,1,15,,,,,,,EN,4
06-2009-0393,06,GRACIA,31,la Vila de Gràcia,Carrer,TORRENT DE L'OLLA,1,161,,,,,,,03,2
06-2009-0395,06,GRACIA,31,la Vila de Gràcia,Carrer,TORRENT DE L'OLLA,1,161,,,,,,,02,4
06-2010-0130,06,GRACIA,31,la Vila de Gràcia,Carrer,SANT PERE MARTIR,1,39,,,,,,,PR,1
06-2010-0171,06,GRACIA,31,la Vila de Gràcia,Passeig,GRACIA,2,128,,,,,,,03,2
06-2010-0239,06,GRACIA,31,la Vila de Gràcia,Carrer,MARTINEZ DE LA ROSA,1,11,,,,,,,01,1
06-2010-0241,06,GRACIA,31,la Vila de Gràcia,Carrer,MARTINEZ DE LA ROSA,1,11,,,,,,,BJ,2
06-2010-0338,06,GRACIA,31,la Vila de Gràcia,Carrer,SANTA TECLA,1,3,,,,,,,01,3
06-2010-0475,06,GRACIA,32,el Camp d'en Grassot i Gràcia Nova,Carrer,CORSEGA,1,515,,515,B,,,,AT,2
06-2010-0485,06,GRACIA,31,la Vila de Gràcia,Passeig,GRACIA,1,113,,,,,,,01,A
06-2010-0495,06,GRACIA,31,la Vila de Gràcia,Passeig,GRACIA,1,113,,,,,,,03,A
06-2010-0514,06,GRACIA,31,la Vila de Gràcia,Carrer,FRANCISCO GINER,2,16,,,,,,,1,4
06-2010-0543,06,GRACIA,31,la Vila de Gràcia,Carrer,MOZART,1,7,,,,,,,04,1
06-2012-0029,06,GRACIA,31,la Vila de Gràcia,Carrer,SANT DOMENEC,1,11,,,,,,,02,2
06-2012-0047,06,GRACIA,31,la Vila de Gràcia,Travessera,GRACIA,2,98,B,,,,,,01,
06-2012-0083,06,GRACIA,31,la Vila de Gràcia,Carrer,MARIA,2,14,,,,,,,EN,
06-2012-0087,06,GRACIA,31,la Vila de Gràcia,Carrer,MARIA,2,14,,,,,,,02,
06-2012-0104,06,GRACIA,31,la Vila de Gràcia,Carrer,GRAN DE GRACIA,1,205,,,,,,,02,1
06-2012-0282,06,GRACIA,31,la Vila de Gràcia,Carrer,SANT SALVADOR,2,20,,,,,,,01,1
06-2012-0284,06,GRACIA,31,la Vila de Gràcia,Carrer,SANT SALVADOR,2,20,,,,,,,01,3
06-2012-0372,06,GRACIA,32,el Camp d'en Grassot i Gràcia Nova,Travessera,GRACIA,1,343,,,,,,,3,2
06-2012-0375,06,GRACIA,32,el Camp d'en Grassot i Gràcia Nova,Travessera,GRACIA,1,343,,,,,,,5,1
06-2012-0396,06,GRACIA,32,el Camp d'en Grassot i Gràcia Nova,Carrer,SARDENYA,1,337,,,,,,,06,2
06-2012-0422,06,GRACIA,31,la Vila de Gràcia,Carrer,TORRENT DE LES FLORS,2,42,,,,,,,3,1
06-2012-0436,06,GRACIA,29,el Coll,Carrer,RUBENS,2,14,,,,,,,AT,4
06-2012-0442,06,GRACIA,32,el Camp d'en Grassot i Gràcia Nova,Carrer,ROGER DE FLOR,1,233,,,,,,,02,2
06-2012-0465,06,GRACIA,31,la Vila de Gràcia,Carrer,NEPTU,2,30,,,,,,,,
06-2012-0477,06,GRACIA,31,la Vila de Gràcia,Carrer,SANTA PERPETUA,1,13,,,,,,,BJ,1
06-2012-0503,06,GRACIA,30,la Salut,Carrer,CA L'ALEGRE DE DALT,2,112,,,,,,,01,5
06-2012-0522,06,GRACIA,31,la Vila de Gràcia,Carrer,CORSEGA,1,369,,,,,,,05,1
06-2012-0570,06,GRACIA,32,el Camp d'en Grassot i Gràcia Nova,Carrer,SICILIA,1,335,,,,,,,05,2
06-2012-0579,06,GRACIA,31,la Vila de Gràcia,Avinguda,RIERA DE CASSOLES,2,2,,,,,,,1,3
06-2012-0585,06,GRACIA,32,el Camp d'en Grassot i Gràcia Nova,Carrer,ENCARNACIO,2,142,,,,,,,EN,2
06-2012-0603,06,GRACIA,31,la Vila de Gràcia,Carrer,SANT DOMENEC,1,5,,,,,,,02,2
06-2012-0619,06,GRACIA,32,el Camp d'en Grassot i Gràcia Nova,Passeig,AMUNT,2,18,,,,,,,SA,
06-2013-0032,06,GRACIA,30,la Salut,Carrer,MARE DE DEU DE LA SALUT,2,92,,,,,,,BJ,1
06-2013-0055,06,GRACIA,31,la Vila de Gràcia,Passeig,GRACIA,1,117,,,,,,,1,1
06-2013-0059,06,GRACIA,31,la Vila de Gràcia,Via,AUGUSTA,2,58,,,,,,,03,2
06-2013-0063,06,GRACIA,31,la Vila de Gràcia,Carrer,BENET MERCADE,1,15,,,,,,,BJ,2
06-2013-0069,06,GRACIA,31,la Vila de Gràcia,Carrer,SANT PERE MARTIR,2,52,,,,,,,03,2
06-2013-0103,06,GRACIA,32,el Camp d'en Grassot i Gràcia Nova,Carrer,ROGER DE FLOR,2,288,,,,,,,04,2
06-2013-0105,06,GRACIA,32,el Camp d'en Grassot i Gràcia Nova,Carrer,BALCELLS,2,12,,,,,,,02,1
06-2013-0153,06,GRACIA,31,la Vila de Gràcia,Carrer,TORRENT DE L'OLLA,1,49,,,,,,,SA,
06-2013-0154,06,GRACIA,31,la Vila de Gràcia,Carrer,TORRENT DE L'OLLA,1,49,,,,,,,AT,
06-2013-0164,06,GRACIA,31,la Vila de Gràcia,Carrer,MOZART,2,20,,,,,,,EN,4
06-2013-0179,06,GRACIA,32,el Camp d'en Grassot i Gràcia Nova,Carrer,SARDENYA,1,385,,,,,,,05,1
06-2013-0204,06,GRACIA,31,la Vila de Gràcia,Carrer,RIERA DE SANT MIQUEL,1,49,,,,,,,01,1
06-2013-0229,06,GRACIA,32,el Camp d'en Grassot i Gràcia Nova,Passatge,NOGUES,1,13,,,,,,,BJ,
06-2013-0288,06,GRACIA,31,la Vila de Gràcia,Carrer,GRAN DE GRACIA,2,16,,,,,,,03,3
06-2013-0292,06,GRACIA,32,el Camp d'en Grassot i Gràcia Nova,Carrer,INDUSTRIA,2,8,,,,,,,PR,2
06-2013-0294,06,GRACIA,31,la Vila de Gràcia,Carrer,VERDI,1,103,,,,,,,BJ,
06-2013-0297,06,GRACIA,31,la Vila de Gràcia,Carrer,SANTA ROSA,1,19,,,,,,,02,1
06-2013-0330,06,GRACIA,31,la Vila de Gràcia,Carrer,RAMON Y CAJAL,1,95,,,,,,,BJ,1
06-2013-0371,06,GRACIA,31,la Vila de Gràcia,Carrer,RIERA DE SANT MIQUEL,1,29,,,,,,,02,2
06-2013-0390,06,GRACIA,31,la Vila de Gràcia,Carrer,JOAN BLANQUES,1,67,,69,,,,,02,2
06-2013-0412,06,GRACIA,31,la Vila de Gràcia,Carrer,MILA I FONTANALS,1,55,,,,,,,01,1
06-2013-0416,06,GRACIA,31,la Vila de Gràcia,Carrer,MILA I FONTANALS,1,55,,,,,,,03,1
06-2013-0493,06,GRACIA,31,la Vila de Gràcia,Carrer,MOZART,2,6,,,,,,,BJ,1
06-2013-0502,06,GRACIA,31,la Vila de Gràcia,Carrer,SAMSO,2,4,,,,,,,01,2
06-2013-0508,06,GRACIA,31,la Vila de Gràcia,Carrer,FRANCISCO GINER,1,43,,,,,,,01,2
06-2013-0546,06,GRACIA,31,la Vila de Gràcia,Carrer,MARTI,1,43,,,,,,,BJ,2
06-2013-0556,06,GRACIA,31,la Vila de Gràcia,Carrer,LEGALITAT,2,26,,28,,,,,AT,2
06-2013-0559,06,GRACIA,31,la Vila de Gràcia,Carrer,SANTA MAGDALENA,2,6,,,,,,,04,1
06-2013-0598,06,GRACIA,32,el Camp d'en Grassot i Gràcia Nova,Carrer,BAILEN,2,220,,,,,,,03,
06-2013-0609,06,GRACIA,31,la Vila de Gràcia,Carrer,VALLFOGONA,1,29,,,,,,,02,1
06-2013-0614,06,GRACIA,32,el Camp d'en Grassot i Gràcia Nova,Carrer,GRASSOT,2,22,,,,,,,01,2
06-2013-0651,06,GRACIA,31,la Vila de Gràcia,Carrer,MILA I FONTANALS,2,60,,68,,,,,01,4
06-2013-0655,06,GRACIA,31,la Vila de Gràcia,Carrer,SALINAS,1,13,,15,,,,,BJ,2
06-2013-0694,06,GRACIA,31,la Vila de Gràcia,Carrer,SANT PERE MARTIR,2,12,,,,,,,PR,2
06-2013-0737,06,GRACIA,31,la Vila de Gràcia,Carrer,LEGALITAT,1,21,,,,,,,PR,2
06-2014-0081,06,GRACIA,31,la Vila de Gràcia,Carrer,ASTURIES,1,87,,,,,,,PR,2
06-2014-0092,06,GRACIA,31,la Vila de Gràcia,Carrer,ALZINA,2,34,,,,,,,BJ,
06-2014-0122,06,GRACIA,31,la Vila de Gràcia,Carrer,LLIBERTAT,1,15,,,,,,,4,1
06-2014-0139,06,GRACIA,31,la Vila de Gràcia,Carrer,CAMPRODON,1,23,,,,,,,BJ,1
06-2014-0150,06,GRACIA,31,la Vila de Gràcia,Carrer,GRAN DE GRACIA,1,67,,,,,,,AT,
06-2014-0154,06,GRACIA,31,la Vila de Gràcia,Carrer,PERLA,1,31,,,,,,,BJ,1
06-2014-0169,06,GRACIA,31,la Vila de Gràcia,Carrer,DOCTOR RIZAL,1,13,,,,,,,2,2
06-2014-0178,06,GRACIA,31,la Vila de Gràcia,Carrer,BENET MERCADE,1,31,,,,,,,BJ,2
06-2014-0208,06,GRACIA,32,el Camp d'en Grassot i Gràcia Nova,Carrer,GRASSOT,1,93,,,,,,,03,1
06-2014-0215,06,GRACIA,31,la Vila de Gràcia,Carrer,CORSEGA,1,367,,,,,,,03,2
06-2014-0229,06,GRACIA,31,la Vila de Gràcia,Carrer,BRUNIQUER,1,51,,,,,,,02,3
06-2014-0232,06,GRACIA,31,la Vila de Gràcia,Avinguda,DIAGONAL,2,478,,,,,,,01,1
06-2014-0258,06,GRACIA,30,la Salut,Avinguda,COLL DEL PORTELL,1,57,,,,,,,AT,2
06-2014-0267,06,GRACIA,30,la Salut,Avinguda,COLL DEL PORTELL,1,57,,,,,,,01,2
06-2014-0276,06,GRACIA,31,la Vila de Gràcia,Carrer,SANT GABRIEL,1,15,,,,,,,02,2
06-2014-0296,06,GRACIA,31,la Vila de Gràcia,Carrer,LLUIS VIVES,2,4,,,,,,,01,2
06-2014-0329,06,GRACIA,31,la Vila de Gràcia,Carrer,RAMON Y CAJAL,1,41,,,,,,,1,1
06-2014-0338,06,GRACIA,32,el Camp d'en Grassot i Gràcia Nova,Carrer,NAPOLS,2,334,,,,,,,SA,1
06-2014-0345,06,GRACIA,32,el Camp d'en Grassot i Gràcia Nova,Carrer,CORSEGA,1,515,B,,,,,,04,2
06-2014-0346,06,GRACIA,28,Vallcarca i els Penitents,Avinguda,REPUBLICA ARGENTINA,2,248,,,,,,,BJ,2
06-2014-0352,06,GRACIA,31,la Vila de Gràcia,Carrer,MOZART,2,18,,,,,,,02,1
06-2014-0364,06,GRACIA,31,la Vila de Gràcia,Carrer,MILA I FONTANALS,2,82,,,,,,,03,1
06-2014-0375,06,GRACIA,31,la Vila de Gràcia,Carrer,MOZART,2,20,,,,,,,EN,6
06-2014-0389,06,GRACIA,31,la Vila de Gràcia,Carrer,TORDERA,1,57,,,,,,,BJ,
06-2014-0392,06,GRACIA,31,la Vila de Gràcia,Carrer,MONTSENY,1,3,,,,,,,4,
06-2014-0397,06,GRACIA,31,la Vila de Gràcia,Carrer,GRAN DE GRACIA,2,70,,,,,,,03,1
06-2014-0401,06,GRACIA,31,la Vila de Gràcia,Carrer,MARTINEZ DE LA ROSA,2,32,,,,,,,AT,
06-2014-0403,06,GRACIA,31,la Vila de Gràcia,Plaça,VILA DE GRACIA,1,19,,,,,,,04,2
06-2014-0416,06,GRACIA,31,la Vila de Gràcia,Carrer,JOAN BLANQUES,2,12,,,,,,,01,1
06-2014-0428,06,GRACIA,31,la Vila de Gràcia,Carrer,CORSEGA,1,367,,,,,,,04,3
06-2014-0432,06,GRACIA,31,la Vila de Gràcia,Carrer,CORSEGA,1,367,,,,,,,03,4
06-2014-0435,06,GRACIA,28,Vallcarca i els Penitents,Carrer,REPARTIDOR,2,26,,,,,,,02,3
06-2014-0496,06,GRACIA,29,el Coll,Passeig,MARE DE DEU DEL COLL,2,118,,,,,,5,BJ,D
06-2014-0531,06,GRACIA,31,la Vila de Gràcia,Carrer,VERDI,1,13,,,,,,,02,1
06-2014-0538,06,GRACIA,31,la Vila de Gràcia,Carrer,MOZART,2,20,,22,,,,,01,2
06-2014-0541,06,GRACIA,31,la Vila de Gràcia,Carrer,PROVIDENCIA,2,44,,,,,,,01,1
06-2014-0543,06,GRACIA,31,la Vila de Gràcia,Carrer,SANTA CREU,1,5,,,,,,E,02,3
06-2014-0549,06,GRACIA,31,la Vila de Gràcia,Carrer,RIERA DE SANT MIQUEL,1,15,,,,,,,BJ,1
06-2014-0590,06,GRACIA,31,la Vila de Gràcia,Carrer,TORRIJOS,1,17,,,,,,,03,2
06-2014-0603,06,GRACIA,31,la Vila de Gràcia,Plaça,VILA DE GRACIA,1,3,,,,,,,02,2
06-2014-0741,06,GRACIA,31,la Vila de Gràcia,Carrer,SENECA,1,7,,,,,,,5,3
06-2019-0372,06,GRACIA,31,la Vila de Gràcia,Carrer,JOAN BLANQUES,2,48,,,,,,,AT,2
06-2023-0151,06,GRACIA,31,la Vila de Gràcia,Carrer,RIERA DE SANT MIQUEL,2,38,,,,,,,BJ,
06-2023-0298,06,GRACIA,31,la Vila de Gràcia,Carrer,TORRENT DE L'OLLA,1,203,,,,,,,3,9
06-2023-0366,06,GRACIA,31,la Vila de Gràcia,Carrer,RIERA DE SANT MIQUEL,2,74,,,,,,,2,2
06-2024-0030,06,GRACIA,31,la Vila de Gràcia,Carrer,OR,1,19,,,,,,,2,1
06-2024-0035,06,GRACIA,31,la Vila de Gràcia,Carrer,OR,1,19,,,,,,,3,2
06-2024-0040,06,GRACIA,31,la Vila de Gràcia,Carrer,OR,1,19,,,,,,,1,2
06-2024-0154,06,GRACIA,31,la Vila de Gràcia,Carrer,CAMPRODON,1,27,,,,,,,1,1
07-2008-0185,07,HORTA-GUINARDÓ,33,el Baix Guinardó,Carrer,MARINA,2,366,,,,,,,2,
07-2009-0186,07,HORTA-GUINARDÓ,33,el Baix Guinardó,Travessera,GRACIA,1,441,,,,,,,3,1
07-2012-0139,07,HORTA-GUINARDÓ,37,el Carmel,Carrer,CALDERON DE LA BARCA,2,112,,,,,,,5,1
07-2012-0258,07,HORTA-GUINARDÓ,33,el Baix Guinardó,Carrer,CARTAGENA,1,339,,,,,,,BJ,4
07-2013-0148,07,HORTA-GUINARDÓ,33,el Baix Guinardó,Travessera,GRACIA,2,316,,322,,,B,,AT,01
07-2013-0205,07,HORTA-GUINARDÓ,35,el Guinardó,Carrer,SANT QUINTI,2,52,,,,,,,4,4
07-2013-0266,07,HORTA-GUINARDÓ,35,el Guinardó,Passeig,MARAGALL,1,255,,,,,,,AT,4
07-2014-0092,07,HORTA-GUINARDÓ,35,el Guinardó,Passatge,FLAUGIER,2,12,,,,,,,BJ,2
07-2014-0093,07,HORTA-GUINARDÓ,35,el Guinardó,Passatge,FLAUGIER,2,12,,,,,,,3,3
07-2014-0111,07,HORTA-GUINARDÓ,34,Can Baró,Carrer,FRANÇA,1,39,,,,,,,2,1
07-2014-0118,07,HORTA-GUINARDÓ,33,el Baix Guinardó,Carrer,SANT ANTONI MARIA CLARET,1,123,,,,,,,1,1
07-2014-0131,07,HORTA-GUINARDÓ,33,el Baix Guinardó,Ronda,GUINARDO,2,26,,,,,,,6,1
07-2014-0164,07,HORTA-GUINARDÓ,33,el Baix Guinardó,Carrer,CASTILLEJOS,1,395,,,,,,,PR,3
07-2014-0168,07,HORTA-GUINARDÓ,35,el Guinardó,Avinguda,MARE DE DEU DE MONTSERRAT,1,257,,,,,,,EN,02
07-2014-0258,07,HORTA-GUINARDÓ,36,la Font d'en Fargues,Carrer,AGUDELLS,1,27,,,,,,,,
07-2014-0270,07,HORTA-GUINARDÓ,35,el Guinardó,Rambla,VOLART,1,85,,,,,,,SA,2
07-2014-0336,07,HORTA-GUINARDÓ,37,el Carmel,Carrer,GRAN VISTA,1,127,,,,,,,2,1
07-2014-0358,07,HORTA-GUINARDÓ,35,el Guinardó,Carrer,LLOBET I VALL-LLOSERA,2,8,,,,,,,EN,3
07-2020-0027,07,HORTA-GUINARDÓ,33,el Baix Guinardó,Carrer,SARDENYA,2,500,,,,,,,9,2
07-2023-0100,07,HORTA-GUINARDÓ,33,el Baix Guinardó,Travessera,GRACIA,1,429,,,,,,,4,2
08-2012-0067,08,NOU BARRIS,52,la Prosperitat,Carrer,ENRIC CASANOVAS,2,78,,,,,,,06,1
08-2012-0102,08,NOU BARRIS,45,Porta,Carrer,PIFERRER,1,129,,,,,,,04,1
08-2014-0157,08,NOU BARRIS,44,Vilapicina i la Torre Llobeta,Carrer,PINTOR CASAS,1,1,,,,,,,AT,
08-2023-0150,08,NOU BARRIS,45,Porta,Passeig,FABRA I PUIG,2,192,,,,,,,EN,2
09-2011-0059,09,SANT ANDREU,63,Navas,Carrer,BOFARULL,1,7,,,,,,,01,2
09-2011-0064,09,SANT ANDREU,63,Navas,Carrer,BOFARULL,1,7,,,,,,,04,2
09-2012-0154,09,SANT ANDREU,61,la Sagrera,Carrer,MARTI MOLINS,2,2,,,,,,,BJ,
09-2012-0225,09,SANT ANDREU,62,el Congrés i els Indians,Carrer,ACACIES,2,52,,,,,,,02,1
09-2013-0110,09,SANT ANDREU,61,la Sagrera,Carrer,MONLAU,1,1,,,,,,,01,
09-2013-0111,09,SANT ANDREU,61,la Sagrera,Carrer,MONLAU,1,1,,,,,,,BJ,
09-2014-0194,09,SANT ANDREU,60,Sant Andreu,Carrer,JOSEP SOLDEVILA,1,47,,,,,,,03,1
09-2014-0195,09,SANT ANDREU,60,Sant Andreu,Carrer,GRAN DE SANT ANDREU,2,442,,,,,,,04,3
09-2014-0223,09,SANT ANDREU,60,Sant Andreu,Carrer,ARQUIMEDES,1,51,,,,,,,2,2
09-2014-0267,09,SANT ANDREU,63,Navas,Carrer,CONCEPCION ARENAL,1,55,,57,,,,,01,1
09-2014-0287,09,SANT ANDREU,63,Navas,Carrer,CLOT,1,201,,,,,,,04,1
09-2014-0288,09,SANT ANDREU,60,Sant Andreu,Carrer,JOAN TORRAS,2,8,,,,,,B,03,1
09-2023-0217,09,SANT ANDREU,63,Navas,Carrer,LAS NAVAS DE TOLOSA,1,379,,,,,,,3,A
09-2024-0045,09,SANT ANDREU,60,Sant Andreu,Carrer,SOCRATES,1,103,,,,,,B,EN,2
10-2008-0271,10,SANT MARTI,64,el Camp de l'Arpa del Clot,Carrer,INDEPENDENCIA,2,350,,,,,,,5,
10-2008-0380,10,SANT MARTI,71,Provençals del Poblenou,Carrer,BAC DE RODA,2,118,,,,,,,12,4
10-2008-0587,10,SANT MARTI,64,el Camp de l'Arpa del Clot,Carrer,ARAGO,1,565,,,,,,,02,2
10-2008-0593,10,SANT MARTI,64,el Camp de l'Arpa del Clot,Carrer,ARAGO,1,565,,,,,,,05,2
10-2008-0595,10,SANT MARTI,64,el Camp de l'Arpa del Clot,Carrer,ARAGO,1,565,,,,,,,06,2
10-2008-0649,10,SANT MARTI,67,la Vila Olímpica del Poblenou,Carrer,JOAN D'AUSTRIA,1,51,,,,,,A,02,1
10-2008-0691,10,SANT MARTI,67,la Vila Olímpica del Poblenou,Carrer,MARINA,1,23,,,,,,,04,2
10-2008-0692,10,SANT MARTI,71,Provençals del Poblenou,Carrer,FLUVIA,1,109,,111,,,,C,06,2
10-2009-0130,10,SANT MARTI,64,el Camp de l'Arpa del Clot,Carrer,CORSEGA,2,668,,,,,,,3,3
10-2009-0321,10,SANT MARTI,64,el Camp de l'Arpa del Clot,Carrer,INDEPENDENCIA,1,297,,299,,,,,02,3
10-2009-0325,10,SANT MARTI,64,el Camp de l'Arpa del Clot,Carrer,INDEPENDENCIA,1,297,,299,,,,,03,2
10-2009-0336,10,SANT MARTI,68,el Poblenou,Passatge,PIQUER,2,2,,6,,,,,BJ,5
10-2009-0463,10,SANT MARTI,69,Diagonal Mar i el Front Marítim del Poblenou,Passeig,TAULAT,2,258,,,,,,A,05,4
10-2009-0475,10,SANT MARTI,67,la Vila Olímpica del Poblenou,Carrer,SALVADOR ESPRIU,1,47,,,,,,,06,1
10-2010-0009,10,SANT MARTI,68,el Poblenou,Carrer,GALCERAN MARQUET,2,8,,,,,,,01,
10-2010-0105,10,SANT MARTI,68,el Poblenou,Rambla,POBLENOU,2,16,,,,,,,02,5
10-2010-0338,10,SANT MARTI,64,el Camp de l'Arpa del Clot,Carrer,FRESER,1,5,,,,,,,3,4
10-2010-0347,10,SANT MARTI,64,el Camp de l'Arpa del Clot,Carrer,FRESER,1,5,,,,,,,04,3
10-2010-0348,10,SANT MARTI,64,el Camp de l'Arpa del Clot,Carrer,FRESER,1,5,,,,,,,03,2
10-2010-0427,10,SANT MARTI,71,Provençals del Poblenou,Carrer,VENEÇUELA,1,3,,7,,,,C,03,2
10-2010-0479,10,SANT MARTI,68,el Poblenou,Passeig,CALVELL,1,45,,,,,,D,07,1
10-2010-0485,10,SANT MARTI,68,el Poblenou,Carrer,FERROCARRIL,1,27,,,,,,1,05,3
10-2010-0490,10,SANT MARTI,68,el Poblenou,Passeig,CALVELL,1,45,,,,,,A,03,3
10-2010-0494,10,SANT MARTI,68,el Poblenou,Carrer,FERROCARRIL,1,27,,,,,,1,05,1
10-2010-0524,10,SANT MARTI,64,el Camp de l'Arpa del Clot,Carrer,ROSSELLO,2,502,,504,,,,1,06,3
10-2010-0527,10,SANT MARTI,64,el Camp de l'Arpa del Clot,Carrer,FRESER,2,78,,,,,,,01,2
10-2010-0528,10,SANT MARTI,64,el Camp de l'Arpa del Clot,Carrer,FRESER,2,78,,,,,,,02,2
10-2010-0530,10,SANT MARTI,64,el Camp de l'Arpa del Clot,Carrer,FRESER,2,78,,,,,,,02,1
10-2010-0587,10,SANT MARTI,68,el Poblenou,Carrer,GALCERAN MARQUET,2,8,,,,,,,03,
10-2010-0604,10,SANT MARTI,69,Diagonal Mar i el Front Marítim del Poblenou,Carrer,SELVA DE MAR,2,12,,,,,,,02,2
10-2011-0204,10,SANT MARTI,68,el Poblenou,Carrer,PUJADES,2,120,,122,,,,,02,3
10-2011-0207,10,SANT MARTI,68,el Poblenou,Carrer,PUJADES,2,120,,122,,,,,BJ,2
10-2011-0210,10,SANT MARTI,68,el Poblenou,Carrer,PUJADES,2,120,,122,,,,,01,5
10-2011-0214,10,SANT MARTI,71,Provençals del Poblenou,Carrer,CASTELLA,2,44,,46,,,,,05,4
10-2011-0215,10,SANT MARTI,68,el Poblenou,Passeig,CALVELL,1,45,,,,,,B,06,1
10-2011-0513,10,SANT MARTI,64,el Camp de l'Arpa del Clot,Carrer,FRESER,1,5,,,,,,,02,4
10-2011-0519,10,SANT MARTI,64,el Camp de l'Arpa del Clot,Carrer,FRESER,1,5,,,,,,,AT,1
10-2011-0545,10,SANT MARTI,69,Diagonal Mar i el Front Marítim del Poblenou,Passeig,GARCIA FARIA,1,73,,75,,,,,25,3
10-2012-0019,10,SANT MARTI,69,Diagonal Mar i el Front Marítim del Poblenou,Passeig,GARCIA FARIA,1,69,,71,,,,,09,2
10-2012-0046,10,SANT MARTI,69,Diagonal Mar i el Front Marítim del Poblenou,Passeig,TAULAT,1,283,,,,,,,20,1
10-2012-0100,10,SANT MARTI,67,la Vila Olímpica del Poblenou,Carrer,MARINA,2,70,,,,,,,1,2
10-2012-0102,10,SANT MARTI,67,la Vila Olímpica del Poblenou,Carrer,MARINA,2,70,,,,,,,2,2
10-2012-0172,10,SANT MARTI,66,el Parc i la Llacuna del Poblenou,Carrer,ALMOGAVERS,2,56,,,,,,,05,2
10-2012-0230,10,SANT MARTI,68,el Poblenou,Passatge,MAS DE RODA,2,26,,,,,,A,01,4
10-2012-0231,10,SANT MARTI,69,Diagonal Mar i el Front Marítim del Poblenou,Carrer,PROVENÇALS,1,5,,,,,,,5,4
10-2012-0267,10,SANT MARTI,69,Diagonal Mar i el Front Marítim del Poblenou,Passeig,GARCIA FARIA,1,73,,,,,,A,25,1
10-2012-0306,10,SANT MARTI,64,el Camp de l'Arpa del Clot,Carrer,MALLORCA,2,616,,,,,,,3,1
10-2012-0311,10,SANT MARTI,64,el Camp de l'Arpa del Clot,Carrer,MALLORCA,2,616,,,,,,,PR,1
10-2012-0341,10,SANT MARTI,64,el Camp de l'Arpa del Clot,Carrer,CORSEGA,1,703,,,,,,,PR,1
10-2012-0348,10,SANT MARTI,64,el Camp de l'Arpa del Clot,Carrer,CORSEGA,1,703,,,,,,,3,3
10-2012-0357,10,SANT MARTI,71,Provençals del Poblenou,Carrer,LLACUNA,2,148,,150,,,,,05,5
10-2012-0365,10,SANT MARTI,64,el Camp de l'Arpa del Clot,Carrer,INDEPENDENCIA,1,319,,,,,,,5,
10-2012-0403,10,SANT MARTI,68,el Poblenou,Carrer,ESPRONCEDA,2,38,,,,,,,BJ,2
10-2012-0415,10,SANT MARTI,64,el Camp de l'Arpa del Clot,Carrer,INDEPENDENCIA,1,315,,,,,,,6,4
10-2012-0418,10,SANT MARTI,64,el Camp de l'Arpa del Clot,Carrer,INDEPENDENCIA,1,319,,,,,,,2,
10-2012-0421,10,SANT MARTI,64,el Camp de l'Arpa del Clot,Carrer,INDEPENDENCIA,1,317,,,,,,,5,1
10-2012-0428,10,SANT MARTI,69,Diagonal Mar i el Front Marítim del Poblenou,Carrer,FLUVIA,1,97,,,,,,,12,5
10-2012-0465,10,SANT MARTI,67,la Vila Olímpica del Poblenou,Carrer,SALVADOR ESPRIU,1,33,,,,,,,04,2
10-2012-0476,10,SANT MARTI,69,Diagonal Mar i el Front Marítim del Poblenou,Passeig,GARCIA FARIA,1,81,,,,,,,10,1
10-2012-0477,10,SANT MARTI,69,Diagonal Mar i el Front Marítim del Poblenou,Passeig,GARCIA FARIA,1,75,,,,,,A,1,7
10-2012-0499,10,SANT MARTI,64,el Camp de l'Arpa del Clot,Carrer,NACIO,2,18,,,,,,,1,
10-2012-0503,10,SANT MARTI,69,Diagonal Mar i el Front Marítim del Poblenou,Passeig,TAULAT,1,227,,,,,,,06,1
10-2012-0548,10,SANT MARTI,68,el Poblenou,Carrer,AMISTAT,2,16,,22,,,,,01,3
10-2012-0559,10,SANT MARTI,64,el Camp de l'Arpa del Clot,Carrer,INDEPENDENCIA,1,317,,,,,,,EN,2
10-2012-0564,10,SANT MARTI,69,Diagonal Mar i el Front Marítim del Poblenou,Passeig,GARCIA FARIA,1,75,,,,,,A,15,2
10-2013-0054,10,SANT MARTI,68,el Poblenou,Carrer,FERROCARRIL,1,27,,,,,,,06,2
10-2013-0074,10,SANT MARTI,64,el Camp de l'Arpa del Clot,Carrer,DEGA BAHI,1,73,,,,,,,01,2
10-2013-0081,10,SANT MARTI,68,el Poblenou,Carrer,FERROCARRIL,1,27,,,,,,1,03,3
10-2013-0094,10,SANT MARTI,66,el Parc i la Llacuna del Poblenou,Passeig,PUJADES,1,25,,,,,,,05,1
10-2013-0121,10,SANT MARTI,69,Diagonal Mar i el Front Marítim del Poblenou,Passeig,GARCIA FARIA,1,57,,59,,,,,01,2
10-2013-0160,10,SANT MARTI,69,Diagonal Mar i el Front Marítim del Poblenou,Carrer,PROVENÇALS,1,5,,,,,,,05,2
10-2013-0168,10,SANT MARTI,68,el Poblenou,Carrer,BADAJOZ,2,26,,,,,,,01,2
10-2013-0194,10,SANT MARTI,68,el Poblenou,Carrer,JONCAR,1,7,,11,,,,,02,4
10-2013-0218,10,SANT MARTI,67,la Vila Olímpica del Poblenou,Carrer,MARINA,2,44,,,,,,,BJ,A
10-2013-0232,10,SANT MARTI,69,Diagonal Mar i el Front Marítim del Poblenou,Carrer,PUJADES,2,362,,,,,,,10,3
10-2013-0279,10,SANT MARTI,68,el Poblenou,Carrer,PERE IV,2,126,,,,,,,04,2
10-2013-0294,10,SANT MARTI,64,el Camp de l'Arpa del Clot,Carrer,MALLORCA,1,521,,,,,,,05,1
10-2013-0314,10,SANT MARTI,67,la Vila Olímpica del Poblenou,Carrer,ESTOCOLM,1,3,,,,,,,01,2
10-2013-0363,10,SANT MARTI,68,el Poblenou,Rambla,POBLENOU,1,11,,,,,,,03,2
10-2013-0364,10,SANT MARTI,64,el Camp de l'Arpa del Clot,Carrer,DOS DE MAIG,2,238,,,,,,A,05,1
10-2013-0373,10,SANT MARTI,66,el Parc i la Llacuna del Poblenou,Carrer,NAPOLS,1,13,,15,,,,,SA,1
10-2013-0399,10,SANT MARTI,68,el Poblenou,Carrer,FERROCARRIL,1,27,,,,,,1,04,4
10-2013-0410,10,SANT MARTI,64,el Camp de l'Arpa del Clot,Carrer,INDUSTRIA,2,276,B,280,,,,,03,2
10-2013-0453,10,SANT MARTI,64,el Camp de l'Arpa del Clot,Carrer,ROGENT,2,28,,,,,,,01,1
10-2013-0456,10,SANT MARTI,67,la Vila Olímpica del Poblenou,Avinguda,ICARIA,1,151,,,,,,,1,2
10-2013-0510,10,SANT MARTI,64,el Camp de l'Arpa del Clot,Carrer,CORSEGA,2,644,,,,,,,PR,1
10-2013-0519,10,SANT MARTI,69,Diagonal Mar i el Front Marítim del Poblenou,Carrer,PROVENÇALS,1,3,,,,,,,05,3
10-2013-0525,10,SANT MARTI,67,la Vila Olímpica del Poblenou,Carrer,SALVADOR ESPRIU,1,73,,,,,,,02,3
10-2013-0560,10,SANT MARTI,64,el Camp de l'Arpa del Clot,Carrer,CORSEGA,1,703,,,,,,,PR,4
10-2013-0562,10,SANT MARTI,64,el Camp de l'Arpa del Clot,Carrer,CORSEGA,1,703,,,,,,,2,4
10-2013-0570,10,SANT MARTI,67,la Vila Olímpica del Poblenou,Carrer,RAMON TURRO,1,21,,,,,,,01,1
10-2013-0640,10,SANT MARTI,68,el Poblenou,Passeig,TAULAT,1,191,,,,,,,6,3
10-2013-0803,10,SANT MARTI,68,el Poblenou,Carrer,FERROCARRIL,1,27,,,,,,,07,1
10-2013-0837,10,SANT MARTI,64,el Camp de l'Arpa del Clot,Carrer,INDEPENDENCIA,2,256,,,,,,,AT,1
10-2014-0005,10,SANT MARTI,68,el Poblenou,Carrer,LOPE DE VEGA,2,150,,,,,,,04,6
10-2014-0063,10,SANT MARTI,68,el Poblenou,Carrer,BILBAO,1,135,,,,,,,06,2
10-2014-0070,10,SANT MARTI,64,el Camp de l'Arpa del Clot,Carrer,INDEPENDENCIA,2,362,,,,,,,4,2
10-2014-0096,10,SANT MARTI,64,el Camp de l'Arpa del Clot,Carrer,TOMAS PADRO,2,2,,4,,,,,02,1
10-2014-0105,10,SANT MARTI,68,el Poblenou,Passatge,MAS DE RODA,1,5,,9,,,,,02,G
10-2014-0106,10,SANT MARTI,68,el Poblenou,Passatge,MAS DE RODA,1,5,,9,,,,,01,G
10-2014-0152,10,SANT MARTI,69,Diagonal Mar i el Front Marítim del Poblenou,Carrer,BAC DE RODA,1,5,,,,,,,03,B
10-2014-0157,10,SANT MARTI,67,la Vila Olímpica del Poblenou,Passatge,GENERAL BASSOLS,2,26,,,,,,,2,
10-2014-0195,10,SANT MARTI,67,la Vila Olímpica del Poblenou,Carrer,MARINA,1,29,,,,,,,EN,
10-2014-0201,10,SANT MARTI,68,el Poblenou,Carrer,LLULL,2,184,,,,,,,05,3
10-2014-0210,10,SANT MARTI,68,el Poblenou,Rambla,POBLENOU,1,11,,13,,,,A,05,2
10-2014-0268,10,SANT MARTI,64,el Camp de l'Arpa del Clot,Carrer,DOS DE MAIG,2,314,,,,,,,06,1
10-2014-0282,10,SANT MARTI,64,el Camp de l'Arpa del Clot,Carrer,CORSEGA,1,657,B,,,,,,02,3
10-2014-0292,10,SANT MARTI,68,el Poblenou,Carrer,ROC BORONAT,1,5,,,,,,,03,1
10-2014-0300,10,SANT MARTI,64,el Camp de l'Arpa del Clot,Carrer,INDUSTRIA,2,278,,,,,,,03,3
10-2014-0302,10,SANT MARTI,64,el Camp de l'Arpa del Clot,Carrer,INDUSTRIA,2,278,,,,,,,02,4
10-2014-0314,10,SANT MARTI,64,el Camp de l'Arpa del Clot,Carrer,BESALU,1,11,B,,,,,,EN,
10-2014-0334,10,SANT MARTI,64,el Camp de l'Arpa del Clot,Carrer,ENAMORATS,2,110,,,,,,,PR,2
10-2014-0347,10,SANT MARTI,69,Diagonal Mar i el Front Marítim del Poblenou,Passeig,GARCIA FARIA,1,77,,,,,,,11,4
10-2014-0353,10,SANT MARTI,65,el Clot,Carrer,INDEPENDENCIA,1,251,,,,,,,EN,
10-2014-0366,10,SANT MARTI,67,la Vila Olímpica del Poblenou,Carrer,MARINA,1,57,,,,,,,06,2
10-2014-0374,10,SANT MARTI,71,Provençals del Poblenou,Carrer,BAC DE RODA,2,100,,,,,,1,13,B
10-2014-0386,10,SANT MARTI,66,el Parc i la Llacuna del Poblenou,Carrer,PERE IV,1,83,,,,,,,5,4
10-2014-0399,10,SANT MARTI,68,el Poblenou,Rambla,POBLENOU,2,90,,,,,,,05,1
10-2014-0436,10,SANT MARTI,68,el Poblenou,Rambla,POBLENOU,2,16,,,,,,,01,7
10-2014-0472,10,SANT MARTI,68,el Poblenou,Carrer,PERE IV,2,124,,,,,,,02,4
10-2014-0474,10,SANT MARTI,70,el Besòs i el Maresme,Carrer,PALLARS,1,499,,,,,,,BJ,2
10-2014-0489,10,SANT MARTI,68,el Poblenou,Rambla,POBLENOU,2,16,,,,,,,03,1
10-2014-0492,10,SANT MARTI,68,el Poblenou,Rambla,POBLENOU,2,16,,,,,,,03,5
10-2014-0508,10,SANT MARTI,68,el Poblenou,Rambla,POBLENOU,2,16,,,,,,,4,3
10-2014-0515,10,SANT MARTI,64,el Camp de l'Arpa del Clot,Carrer,INDUSTRIA,1,213,,,,,,,02,1
10-2014-0524,10,SANT MARTI,64,el Camp de l'Arpa del Clot,Carrer,INDUSTRIA,1,213,,,,,,,03,1
10-2014-0529,10,SANT MARTI,68,el Poblenou,Passeig,CALVELL,1,45,,,,,,D,06,2
10-2014-0533,10,SANT MARTI,68,el Poblenou,Passeig,CALVELL,1,45,,,,,,C,6,1
10-2014-0541,10,SANT MARTI,64,el Camp de l'Arpa del Clot,Carrer,INDUSTRIA,1,213,,,,,,,5,1
10-2014-0557,10,SANT MARTI,64,el Camp de l'Arpa del Clot,Carrer,INDUSTRIA,1,213,,,,,,,07,2
10-2014-0567,10,SANT MARTI,68,el Poblenou,Passeig,CALVELL,1,45,,,,,,A,1,1
10-2014-0568,10,SANT MARTI,68,el Poblenou,Passeig,CALVELL,1,45,,,,,,A,01,2
10-2014-0577,10,SANT MARTI,68,el Poblenou,Passeig,CALVELL,1,45,,,,,,A,5,1
10-2014-0657,10,SANT MARTI,68,el Poblenou,Carrer,RAMON TURRO,2,226,,,,,,,05,2
10-2014-0664,10,SANT MARTI,68,el Poblenou,Carrer,RAMON TURRO,1,209,,,,,,,01,1
10-2014-0734,10,SANT MARTI,70,el Besòs i el Maresme,Plaça,GERMANS SERRA,1,3,,,,,,,09,3
10-2014-0738,10,SANT MARTI,70,el Besòs i el Maresme,Rambla,PRIM,1,37,,,,,,,EN,2
10-2014-0745,10,SANT MARTI,68,el Poblenou,Carrer,PERE IV,2,268,,,,,,,03,1
10-2014-0782,10,SANT MARTI,71,Provençals del Poblenou,Carrer,MARROC,2,150,,152,,,,,02,1
10-2014-0819,10,SANT MARTI,72,Sant Martí de Provençals,Carrer,HUELVA,1,51,,,,,,,3,2
10-2014-0832,10,SANT MARTI,70,el Besòs i el Maresme,Carrer,MARESME,2,94,,96,,,,,01,2
10-2014-0836,10,SANT MARTI,70,el Besòs i el Maresme,Carrer,BENEVENT,2,2,,,,,,,05,1
10-2016-0403,10,SANT MARTI,68,el Poblenou,Passeig,CALVELL,1,45,,,,,,C,1,4
10-2016-0416,10,SANT MARTI,64,el Camp de l'Arpa del Clot,Carrer,PROVENÇA,1,563,,,,,,,1,1
10-2016-0425,10,SANT MARTI,64,el Camp de l'Arpa del Clot,Carrer,PROVENÇA,1,563,,,,,,,3,1
10-2016-0428,10,SANT MARTI,64,el Camp de l'Arpa del Clot,Carrer,PROVENÇA,1,563,,,,,,,2,1
10-2016-0472,10,SANT MARTI,68,el Poblenou,Carrer,LOPE DE VEGA,2,54,,,,,,,PR,1
10-2016-0478,10,SANT MARTI,68,el Poblenou,Carrer,LOPE DE VEGA,2,54,,,,,,,3,2
10-2019-0009,10,SANT MARTI,68,el Poblenou,Carrer,ESPRONCEDA,1,39,,,,,,,PR,2
10-2019-0012,10,SANT MARTI,68,el Poblenou,Carrer,ESPRONCEDA,1,39,,,,,,,2,1
10-2019-0579,10,SANT MARTI,67,la Vila Olímpica del Poblenou,Carrer,SALVADOR ESPRIU,1,37,,,,,,,4,2
10-2023-0466,10,SANT MARTI,68,el Poblenou,Carrer,PALLARS,1,171,,,,,,,5,
10-2023-0491,10,SANT MARTI,64,el Camp de l'Arpa del Clot,Carrer,COLL I VEHI,2,16,,,,,,,4,1
10-2023-0527,10,SANT MARTI,68,el Poblenou,Carrer,BADAJOZ,2,38,,,,,,,2,4
10-2024-0092,10,SANT MARTI,71,Provençals del Poblenou,Carrer,MARROC,1,103,,,,,,,1,2
01-2011-0123,01,CIUTAT VELLA,04,Sant Pere, Santa Caterina i la Ribera,Carrer,AGULLERS,2,22,,,,,,,1,
01-2011-0194,01,CIUTAT VELLA,01,el Raval,Carrer,NOU DE LA RAMBLA,1,15,,,,,,,01,2
01-2011-0198,01,CIUTAT VELLA,01,el Raval,Carrer,NOU DE LA RAMBLA,1,15,,,,,,,03,2
01-2012-0167,01,CIUTAT VELLA,01,el Raval,Carrer,SALVADOR,1,7,B,,,,,,1,4
01-2012-0190,01,CIUTAT VELLA,02,el Barri Gòtic,Carrer,FERRAN,1,7,,,,,,,02,3
01-2012-0211,01,CIUTAT VELLA,02,el Barri Gòtic,Carrer,COMTAL,1,33,,,,,,,PR,2
01-2012-0441,01,CIUTAT VELLA,01,el Raval,Carrer,SANT PAU,1,29,,,,,,,02,
01-2012-0468,01,CIUTAT VELLA,02,el Barri Gòtic,Carrer,FLOR,1,5,,,,,,,02,2
01-2012-0492,01,CIUTAT VELLA,04,Sant Pere, Santa Caterina i la Ribera,Carrer,ESPASERIA,1,7,,,,,,,1,
01-2012-0537,01,CIUTAT VELLA,01,el Raval,Carrer,SANT PAU,1,29,,,,,,,03,
01-2012-0541,01,CIUTAT VELLA,02,el Barri Gòtic,Plaça,PORTAL DE LA PAU,2,4,,,,,,,01,2
01-2012-0560,01,CIUTAT VELLA,01,el Raval,Carrer,VALLDONZELLA,1,7,,,,,,,EN,3
01-2012-0628,01,CIUTAT VELLA,04,Sant Pere, Santa Caterina i la Ribera,Carrer,MERCADERS,1,5,,,,,,,02,
01-2012-0669,01,CIUTAT VELLA,02,el Barri Gòtic,Passatge,DORMITORI DE SANT FRANCESC,2,2,,,,,,,02,1
01-2012-0672,01,CIUTAT VELLA,02,el Barri Gòtic,Passatge,DORMITORI DE SANT FRANCESC,2,2,,,,,,,03,2
01-2012-0688,01,CIUTAT VELLA,02,el Barri Gòtic,Carrer,DURAN I BAS,1,7,,,,,,,3,1
01-2013-0018,01,CIUTAT VELLA,02,el Barri Gòtic,Carrer,PALLA,1,13,,17,,,,,01,5
01-2013-0028,01,CIUTAT VELLA,04,Sant Pere, Santa Caterina i la Ribera,Carrer,POU DE LA FIGUERA,2,16,,,,,,,03,
01-2013-0052,01,CIUTAT VELLA,03,la Barceloneta,Carrer,GRAU I TORRAS,1,17,,,,,,,1,
01-2013-0054,01,CIUTAT VELLA,03,la Barceloneta,Carrer,GRAU I TORRAS,1,17,,,,,,,3,
01-2013-0074,01,CIUTAT VELLA,02,el Barri Gòtic,Carrer,DAGUERIA,1,3,,,,,,,1,
01-2013-0221,01,CIUTAT VELLA,04,Sant Pere, Santa Caterina i la Ribera,Carrer,DAMES,1,1,,,,,,,1,
01-2013-0225,01,CIUTAT VELLA,01,el Raval,Carrer,GUARDIA,2,8,,,,,,,3,1
01-2013-0235,01,CIUTAT VELLA,04,Sant Pere, Santa Caterina i la Ribera,Carrer,TROMPETES,2,4,,,,,,,01,
01-2013-0246,01,CIUTAT VELLA,04,Sant Pere, Santa Caterina i la Ribera,Carrer,ARGENTERIA,2,6,,,,,,,03,
01-2013-0247,01,CIUTAT VELLA,04,Sant Pere, Santa Caterina i la Ribera,Carrer,ARGENTERIA,2,6,,,,,,,01,3
01-2013-0268,01,CIUTAT VELLA,01,el Raval,Carrer,TALLERS,2,28,,,,,,,PR,
01-2013-0300,01,CIUTAT VELLA,04,Sant Pere, Santa Caterina i la Ribera,Carrer,SANT ANTONI DELS SOMBRERERS,2,4,,,,,,,05,2
01-2013-0302,01,CIUTAT VELLA,04,Sant Pere, Santa Caterina i la Ribera,Carrer,SANT ANTONI DELS SOMBRERERS,2,4,,,,,,,01,2
01-2013-0392,01,CIUTAT VELLA,03,la Barceloneta,Carrer,MEER,2,34,,,,,,,03,
01-2013-0428,01,CIUTAT VELLA,01,el Raval,Carrer,CARME,2,10,,,,,,,1,2
01-2013-0438,01,CIUTAT VELLA,01,el Raval,Carrer,CARME,2,10,,,,,,,3,3
01-2013-0552,01,CIUTAT VELLA,01,el Raval,Carrer,RAMBLA,1,41,,,,,,,02,2
01-2013-0558,01,CIUTAT VELLA,04,Sant Pere, Santa Caterina i la Ribera,Carrer,CALDERS,1,5,,,,,,,04,
01-2013-0592,01,CIUTAT VELLA,03,la Barceloneta,Carrer,PROCLAMACIO,2,12,,,,,,,01,
01-2013-0594,01,CIUTAT VELLA,02,el Barri Gòtic,Carrer,RIPOLL,1,27,,,,,,,4,
01-2013-0617,01,CIUTAT VELLA,01,el Raval,Carrer,UNIO,1,21,,,,,,,BJ,2
01-2013-0619,01,CIUTAT VELLA,01,el Raval,Carrer,UNIO,1,21,,,,,,,01,2
01-2013-0634,01,CIUTAT VELLA,02,el Barri Gòtic,Carrer,SERRA,2,8,,,,,,,04,
01-2013-0645,01,CIUTAT VELLA,02,el Barri Gòtic,Carrer,ESCUDELLERS,2,36,,,,,,,02,
01-2013-0647,01,CIUTAT VELLA,02,el Barri Gòtic,Carrer,ESCUDELLERS,2,36,,,,,,,04,
01-2013-0670,01,CIUTAT VELLA,03,la Barceloneta,Carrer,SANT MIQUEL,2,58,,,,,,,PR,
01-2013-0734,01,CIUTAT VELLA,02,el Barri Gòtic,Carrer,RAMBLA,2,36,,,,,,,04,2
01-2013-0753,01,CIUTAT VELLA,01,el Raval,Carrer,HOSPITAL,1,25,,,,,,,01,2
01-2013-0774,01,CIUTAT VELLA,03,la Barceloneta,Carrer,MESTRANÇA,1,55,,,,,,,02,1
01-2013-0807,01,CIUTAT VELLA,04,Sant Pere, Santa Caterina i la Ribera,Carrer,SANT PERE MITJA,2,62,,,,,,,1,A
01-2013-0809,01,CIUTAT VELLA,04,Sant Pere, Santa Caterina i la Ribera,Carrer,SANT PERE MITJA,2,62,,,,,,,2,A
01-2013-0819,01,CIUTAT VELLA,02,el Barri Gòtic,Carrer,BELLAFILA,1,5,,,,,,,04,
01-2013-0854,01,CIUTAT VELLA,03,la Barceloneta,Carrer,SANT MIQUEL,1,107,,,,,,,03,1
01-2013-0855,01,CIUTAT VELLA,03,la Barceloneta,Carrer,SANT MIQUEL,1,107,,,,,,,03,2
01-2013-0898,01,CIUTAT VELLA,03,la Barceloneta,Carrer,SANT MIQUEL,2,10,,,,,,,BJ,
01-2013-0944,01,CIUTAT VELLA,02,el Barri Gòtic,Carrer,SANTA ANNA,2,2,,,,,,,02,2
01-2013-0960,01,CIUTAT VELLA,02,el Barri Gòtic,Carrer,SANTA ANNA,1,35,,,,,,,5,
01-2013-0970,01,CIUTAT VELLA,04,Sant Pere, Santa Caterina i la Ribera,Carrer,PESCATERIA,1,1,,,,,,,01,2
01-2013-0974,01,CIUTAT VELLA,04,Sant Pere, Santa Caterina i la Ribera,Carrer,PESCATERIA,1,1,,,,,,,02,4
01-2013-0992,01,CIUTAT VELLA,04,Sant Pere, Santa Caterina i la Ribera,Carrer,RERE PALAU,1,3,,5,,,,,04,2
01-2013-1003,01,CIUTAT VELLA,02,el Barri Gòtic,Carrer,FERRAN,2,24,,,,,,,3,
01-2014-0064,01,CIUTAT VELLA,01,el Raval,Carrer,RAMELLERES,1,27,,,,,,,03,1
01-2014-0068,01,CIUTAT VELLA,01,el Raval,Carrer,JUNTA DE COMERÇ,1,23,,,,,,,03,1B
01-2014-0070,01,CIUTAT VELLA,01,el Raval,Carrer,JUNTA DE COMERÇ,1,23,,,,,,,02,2
01-2014-0072,01,CIUTAT VELLA,01,el Raval,Carrer,JUNTA DE COMERÇ,1,23,,,,,,,01,2
01-2014-0202,01,CIUTAT VELLA,02,el Barri Gòtic,Carrer,FERRAN,2,2,,,,,,,03,1
01-2014-0269,01,CIUTAT VELLA,02,el Barri Gòtic,Carrer,PETRITXOL,1,17,,,,,,,PR,3
01-2014-0293,01,CIUTAT VELLA,02,el Barri Gòtic,Carrer,SERRA,2,8,,,,,,,01,
01-2014-0367,01,CIUTAT VELLA,03,la Barceloneta,Carrer,SAFAREIGS,1,15,,,,,,,BJ,
01-2016-0484,01,CIUTAT VELLA,03,la Barceloneta,Carrer,PROCLAMACIO,2,12,,,,,,,4,
01-2017-0013,01,CIUTAT VELLA,02,el Barri Gòtic,Carrer,SANT SEVER,2,4,,,,,,,2,2
01-2017-0027,01,CIUTAT VELLA,02,el Barri Gòtic,Carrer,RAMBLA,2,102,,104,,,,,2,2
01-2017-0032,01,CIUTAT VELLA,01,el Raval,Carrer,RAMBLA,1,89,,,,,,,1,2
01-2017-0218,01,CIUTAT VELLA,02,el Barri Gòtic,Carrer,PETRITXOL,1,17,,,,,,,2,2
01-2017-0556,01,CIUTAT VELLA,01,el Raval,Carrer,JOAQUIN COSTA,1,53,,,,,,,2,
01-2018-0072,01,CIUTAT VELLA,02,el Barri Gòtic,Carrer,REGOMIR,1,25,,27,,,,,1,
01-2018-0421,01,CIUTAT VELLA,04,Sant Pere, Santa Caterina i la Ribera,Carrer,ESPARTERIA,1,1,,,,,,,2,1
01-2018-0516,01,CIUTAT VELLA,01,el Raval,Carrer,MONTSERRAT,1,5,,,,,,,4,1
01-2019-0350,01,CIUTAT VELLA,01,el Raval,Carrer,SANT PAU,1,41,,,,,,,3,
01-2021-0184,01,CIUTAT VELLA,03,la Barceloneta,Carrer,PAREDES,1,3,,,,,,,1,
01-2022-0096,01,CIUTAT VELLA,04,Sant Pere, Santa Caterina i la Ribera,Carrer,CANVIS VELLS,1,3,,,,,,,3,
01-2022-0097,01,CIUTAT VELLA,04,Sant Pere, Santa Caterina i la Ribera,Carrer,CAPUTXES,1,3,,,,,,,1,
01-2022-0110,01,CIUTAT VELLA,03,la Barceloneta,Carrer,PESCADORS,2,20,,,,,,,BJ,
01-2022-0124,01,CIUTAT VELLA,03,la Barceloneta,Carrer,PONTEVEDRA,1,33,,,,,,,2,2
01-2022-0132,01,CIUTAT VELLA,03,la Barceloneta,Carrer,ATLANTIDA,2,60,,,,,,,2,2
01-2022-0365,01,CIUTAT VELLA,01,el Raval,Carrer,EST,1,19,,,,,,,4,2
01-2022-0369,01,CIUTAT VELLA,01,el Raval,Carrer,EST,1,19,,,,,,,2,2
01-2023-0376,01,CIUTAT VELLA,04,Sant Pere, Santa Caterina i la Ribera,Carrer,VOLTA D'EN BUFANALLA,1,3,,,,,,,1,
01-2023-0543,01,CIUTAT VELLA,04,Sant Pere, Santa Caterina i la Ribera,Carrer,SANT PERE MITJA,2,4,,,,,,,PR,2
01-2023-0546,01,CIUTAT VELLA,04,Sant Pere, Santa Caterina i la Ribera,Carrer,SANT PERE MITJA,2,4,,,,,,,5,2
01-2023-0551,01,CIUTAT VELLA,04,Sant Pere, Santa Caterina i la Ribera,Carrer,SANT PERE MITJA,2,4,,,,,,,3,1
01-2024-0019,01,CIUTAT VELLA,01,el Raval,Carrer,PEU DE LA CREU,2,28,B,,B,,,,1,1
01-2024-0022,01,CIUTAT VELLA,01,el Raval,Carrer,PEU DE LA CREU,2,28,B,,B,,,,2,2
01-2024-0039,01,CIUTAT VELLA,02,el Barri Gòtic,Carrer,OBRADORS,1,9,,,,,,,3,1
01-2024-0048,01,CIUTAT VELLA,02,el Barri Gòtic,Carrer,ROCA,2,10,,,,,,,5,
01-2024-0060,01,CIUTAT VELLA,03,la Barceloneta,Carrer,MESTRANÇA,1,33,,,,,,,4,
01-2024-0112,01,CIUTAT VELLA,01,el Raval,Carrer,NOU DE LA RAMBLA,2,10,,,,,,,4,2
01-2024-0170,01,CIUTAT VELLA,03,la Barceloneta,Carrer,ALMIRALL BARCELO,1,3,,,,,,,1,2
02-2008-0495,02,L'EIXAMPLE,07,la Dreta de l'Eixample,Gran Via,CORTS CATALANES,1,651,,,,,,,04,3
02-2008-0513,02,L'EIXAMPLE,09,la Nova Esquerra de l'Eixample,Carrer,LLANÇA,1,25,,,,,,,1,1
02-2008-0548,02,L'EIXAMPLE,05,el Fort Pienc,Carrer,AUSIAS MARC,1,95,,,,,,,01,1
02-2008-0552,02,L'EIXAMPLE,05,el Fort Pienc,Carrer,AUSIAS MARC,1,95,,,,,,,03,1
02-2008-0562,02,L'EIXAMPLE,08,l'Antiga Esquerra de l'Eixample,Carrer,CONSELL DE CENT,1,283,,,,,,,PR,1
02-2008-0571,02,L'EIXAMPLE,08,l'Antiga Esquerra de l'Eixample,Carrer,CONSELL DE CENT,1,283,,,,,,,03,2
02-2008-0662,02,L'EIXAMPLE,07,la Dreta de l'Eixample,Carrer,VALENCIA,2,366,,,,,,,04,1
02-2008-0717,02,L'EIXAMPLE,07,la Dreta de l'Eixample,Gran Via,CORTS CATALANES,2,662,,,,,,,4,1B
02-2008-0722,02,L'EIXAMPLE,08,l'Antiga Esquerra de l'Eixample,Carrer,DIPUTACIO,1,135,,,,,,,03,1
02-2008-0852,02,L'EIXAMPLE,07,la Dreta de l'Eixample,Ronda,SANT PERE,1,29,,,,,,,03,2C
02-2008-0892,02,L'EIXAMPLE,07,la Dreta de l'Eixample,Carrer,GIRONA,1,97,,,,,,,PR,1
02-2008-0900,02,L'EIXAMPLE,07,la Dreta de l'Eixample,Carrer,GIRONA,1,97,,,,,,,02,3
02-2008-0923,02,L'EIXAMPLE,07,la Dreta de l'Eixample,Carrer,GIRONA,1,97,,,,,,,04,4
02-2008-0925,02,L'EIXAMPLE,07,la Dreta de l'Eixample,Carrer,GIRONA,1,97,,,,,,,AT,2
02-2008-0936,02,L'EIXAMPLE,05,el Fort Pienc,Carrer,CASP,1,81,,,,,,,01,3
02-2008-0970,02,L'EIXAMPLE,07,la Dreta de l'Eixample,Ronda,SANT PERE,1,3,,,,,,,03,6
02-2008-0971,02,L'EIXAMPLE,07,la Dreta de l'Eixample,Ronda,SANT PERE,1,3,,,,,,,03,1
02-2008-0973,02,L'EIXAMPLE,07,la Dreta de l'Eixample,Ronda,SANT PERE,1,3,,,,,,,02,1
02-2008-1032,02,L'EIXAMPLE,06,la Sagrada Família,Carrer,MARINA,2,306,,,,,,C,01,1
02-2008-1036,02,L'EIXAMPLE,06,la Sagrada Família,Carrer,MARINA,2,306,,,,,,C,02,1
02-2008-1038,02,L'EIXAMPLE,06,la Sagrada Família,Carrer,MARINA,2,306,,,,,,C,02,3
02-2008-1046,02,L'EIXAMPLE,06,la Sagrada Família,Carrer,MARINA,2,306,,,,,,C,04,3
02-2008-1048,02,L'EIXAMPLE,06,la Sagrada Família,Carrer,MARINA,2,306,,,,,,C,05,1
02-2008-1112,02,L'EIXAMPLE,07,la Dreta de l'Eixample,Carrer,ARAGO,2,338,,,,,,,01,3
02-2008-1114,02,L'EIXAMPLE,07,la Dreta de l'Eixample,Carrer,ROGER DE LLURIA,1,119,,,,,,,SA,
02-2008-1136,02,L'EIXAMPLE,10,Sant Antoni,Carrer,VILLARROEL,2,48,,,,,,,02,1
02-2008-1141,02,L'EIXAMPLE,07,la Dreta de l'Eixample,Carrer,ALI BEI,1,29,,,,,,,02,1
02-2008-1192,02,L'EIXAMPLE,08,l'Antiga Esquerra de l'Eixample,Carrer,VALENCIA,2,194,,,,,,,04,2
02-2008-1212,02,L'EIXAMPLE,08,l'Antiga Esquerra de l'Eixample,Carrer,MALLORCA,2,152,,,,,,,PR,2
02-2008-1221,02,L'EIXAMPLE,07,la Dreta de l'Eixample,Carrer,DIPUTACIO,1,317,,,,,,,PR,2
02-2008-1228,02,L'EIXAMPLE,07,la Dreta de l'Eixample,Carrer,DIPUTACIO,1,317,,,,,,,03,2
02-2008-1229,02,L'EIXAMPLE,08,l'Antiga Esquerra de l'Eixample,Carrer,DIPUTACIO,1,197,,,,,,,01,1
02-2008-1230,02,L'EIXAMPLE,08,l'Antiga Esquerra de l'Eixample,Carrer,DIPUTACIO,1,197,,,,,,,AT,
02-2008-1233,02,L'EIXAMPLE,07,la Dreta de l'Eixample,Carrer,DIPUTACIO,1,307,,,,,,B,02,1
02-2008-1238,02,L'EIXAMPLE,09,la Nova Esquerra de l'Eixample,Gran Via,CORTS CATALANES,1,439,,,,,,,02,1
02-2008-1242,02,L'EIXAMPLE,09,la Nova Esquerra de l'Eixample,Gran Via,CORTS CATALANES,1,439,,,,,,,06,3
02-2009-0009,02,L'EIXAMPLE,09,la Nova Esquerra de l'Eixample,Carrer,ENTENÇA,2,98,,,,,,,02,2
02-2009-0030,02,L'EIXAMPLE,08,l'Antiga Esquerra de l'Eixample,Plaça,DOCTOR LETAMENDI,2,26,,,,,,,01,2
02-2009-0033,02,L'EIXAMPLE,08,l'Antiga Esquerra de l'Eixample,Carrer,ARIBAU,2,136,,,,,,,05,1
02-2009-0158,02,L'EIXAMPLE,07,la Dreta de l'Eixample,Carrer,ARAGO,1,373,,,,,,,PR,2
02-2009-0258,02,L'EIXAMPLE,09,la Nova Esquerra de l'Eixample,Carrer,ENTENÇA,2,72,,,,,,,01,1
02-2009-0490,02,L'EIXAMPLE,07,la Dreta de l'Eixample,Carrer,BRUC,1,105,,,,,,,01,1
02-2009-0516,02,L'EIXAMPLE,08,l'Antiga Esquerra de l'Eixample,Carrer,CONSELL DE CENT,1,221,,,,,,D,04,2
02-2009-0539,02,L'EIXAMPLE,07,la Dreta de l'Eixample,Plaça,TETUAN,1,17,,,,,,,04,3
02-2009-0633,02,L'EIXAMPLE,07,la Dreta de l'Eixample,Carrer,BALMES,2,104,,,,,,,EN,2
02-2009-0648,02,L'EIXAMPLE,07,la Dreta de l'Eixample,Passeig,GRACIA,1,83,,,,,,,01,5
02-2009-0658,02,L'EIXAMPLE,07,la Dreta de l'Eixample,Passeig,GRACIA,1,83,,,,,,,05,4
02-2009-0743,02,L'EIXAMPLE,08,l'Antiga Esquerra de l'Eixample,Carrer,VILLARROEL,1,163,,,,,,,01,2
02-2009-0781,02,L'EIXAMPLE,07,la Dreta de l'Eixample,Passeig,GRACIA,2,58,,,,,,,AT,1
02-2009-0798,02,L'EIXAMPLE,07,la Dreta de l'Eixample,Carrer,TRAFALGAR,1,5,,,,,,,PR,1
02-2009-0835,02,L'EIXAMPLE,06,la Sagrada Família,Carrer,ENAMORATS,1,5,,,,,,,EN,4
02-2009-0841,02,L'EIXAMPLE,06,la Sagrada Família,Carrer,ENAMORATS,1,5,,,,,,,02,2
02-2009-0879,02,L'EIXAMPLE,08,l'Antiga Esquerra de l'Eixample,Carrer,MALLORCA,2,152,,,,,,,EN,2
02-2009-0966,02,L'EIXAMPLE,07,la Dreta de l'Eixample,Carrer,CASP,2,74,,,,,,,01,3
02-2009-0972,02,L'EIXAMPLE,07,la Dreta de l'Eixample,Carrer,CASP,2,74,,,,,,,02,4
02-2009-0980,02,L'EIXAMPLE,07,la Dreta de l'Eixample,Carrer,CASP,2,74,,,,,,,03,5
02-2009-0982,02,L'EIXAMPLE,07,la Dreta de l'Eixample,Carrer,CASP,2,74,,,,,,,04,2
02-2009-0983,02,L'EIXAMPLE,07,la Dreta de l'Eixample,Carrer,CASP,2,74,,,,,,,04,3
02-2009-0989,02,L'EIXAMPLE,07,la Dreta de l'Eixample,Carrer,CASP,2,74,,,,,,,05,4
02-2009-1073,02,L'EIXAMPLE,06,la Sagrada Família,Carrer,INDUSTRIA,1,165,,,,,,,2,2
02-2009-1074,02,L'EIXAMPLE,06,la Sagrada Família,Carrer,INDUSTRIA,1,165,,,,,,,PR,3
02-2009-1123,02,L'EIXAMPLE,07,la Dreta de l'Eixample,Carrer,BALMES,2,8,,,,,,,EN,1
02-2009-1199,02,L'EIXAMPLE,07,la Dreta de l'Eixample,Gran Via,CORTS CATALANES,2,602,,,,,,,2,
02-2009-1202,02,L'EIXAMPLE,08,l'Antiga Esquerra de l'Eixample,Carrer,VALENCIA,1,115,,,,,,,01,1
02-2009-1207,02,L'EIXAMPLE,10,Sant Antoni,Carrer,COMTE BORRELL,1,125,,,,,,,EN,2
02-2010-0030,02,L'EIXAMPLE,09,la Nova Esquerra de l'Eixample,Carrer,CALABRIA,2,114,,,,,,,1,2
02-2010-0110,02,L'EIXAMPLE,06,la Sagrada Família,Carrer,ENAMORATS,1,5,,,,,,,PR,1
02-2010-0121,02,L'EIXAMPLE,07,la Dreta de l'Eixample,Carrer,PAU CLARIS,2,74,,,,,,,02,2
02-2010-0167,02,L'EIXAMPLE,08,l'Antiga Esquerra de l'Eixample,Carrer,ENRIC GRANADOS,2,38,,40,,,,A,04,1
02-2010-0231,02,L'EIXAMPLE,09,la Nova Esquerra de l'Eixample,Carrer,CALABRIA,2,110,,,,,,,03,1
02-2010-0341,02,L'EIXAMPLE,08,l'Antiga Esquerra de l'Eixample,Carrer,CONSELL DE CENT,1,221,,,,,,E,PR,1
02-2010-0343,02,L'EIXAMPLE,08,l'Antiga Esquerra de l'Eixample,Carrer,CONSELL DE CENT,1,221,,,,,,E,03,2
02-2010-0359,02,L'EIXAMPLE,10,Sant Antoni,Carrer,VILADOMAT,1,19,,,,,,,EN,2
02-2010-0432,02,L'EIXAMPLE,09,la Nova Esquerra de l'Eixample,Carrer,VILAMARI,2,126,,,,,,,PR,1
02-2010-0486,02,L'EIXAMPLE,09,la Nova Esquerra de l'Eixample,Carrer,VALENCIA,2,32,,,,,,,3,4
02-2010-0488,02,L'EIXAMPLE,09,la Nova Esquerra de l'Eixample,Carrer,VALENCIA,2,32,,,,,,,3,3
02-2010-0542,02,L'EIXAMPLE,10,Sant Antoni,Carrer,VILADOMAT,1,71,,,,,,,01,1
02-2010-0595,02,L'EIXAMPLE,07,la Dreta de l'Eixample,Carrer,ROGER DE LLURIA,1,47,,,,,,,3,
02-2010-0601,02,L'EIXAMPLE,08,l'Antiga Esquerra de l'Eixample,Carrer,VALENCIA,1,115,,,,,,,05,1
02-2010-0711,02,L'EIXAMPLE,10,Sant Antoni,Carrer,SEPULVEDA,1,125,,,,,,,PR,2B
02-2010-0862,02,L'EIXAMPLE,07,la Dreta de l'Eixample,Passeig,GRACIA,1,15,,,,,,,3,1A
02-2010-0917,02,L'EIXAMPLE,07,la Dreta de l'Eixample,Passeig,GRACIA,1,69,,,,,,,04,B
02-2010-0925,02,L'EIXAMPLE,07,la Dreta de l'Eixample,Passeig,GRACIA,1,69,,,,,,,04,C
02-2010-0926,02,L'EIXAMPLE,07,la Dreta de l'Eixample,Passeig,GRACIA,1,69,,,,,,,01,C
02-2010-0938,02,L'EIXAMPLE,07,la Dreta de l'Eixample,Passeig,GRACIA,1,69,,,,,,,02,C
02-2010-0999,02,L'EIXAMPLE,06,la Sagrada Família,Carrer,SICILIA,1,255,,,,,,,01,2
02-2010-1021,02,L'EIXAMPLE,06,la Sagrada Família,Carrer,SICILIA,1,255,,,,,,,04,3
02-2010-1097,02,L'EIXAMPLE,08,l'Antiga Esquerra de l'Eixample,Carrer,VALENCIA,2,212,,,,,,,PR,1
02-2010-1164,02,L'EIXAMPLE,07,la Dreta de l'Eixample,Gran Via,CORTS CATALANES,2,662,,,,,,,6,2
02-2010-1181,02,L'EIXAMPLE,07,la Dreta de l'Eixample,Gran Via,CORTS CATALANES,2,662,,,,,,,02,1
02-2010-1186,02,L'EIXAMPLE,05,el Fort Pienc,Carrer,SARDENYA,2,194,,,,,,,01,2
02-2010-1281,02,L'EIXAMPLE,10,Sant Antoni,Carrer,PARLAMENT,2,50,,,,,,,05,1
02-2010-1316,02,L'EIXAMPLE,07,la Dreta de l'Eixample,Passeig,GRACIA,2,64,,,,,,,PR,1
02-2010-1368,02,L'EIXAMPLE,07,la Dreta de l'Eixample,Carrer,ROGER DE LLURIA,2,40,,,,,,,02,3
02-2010-1378,02,L'EIXAMPLE,07,la Dreta de l'Eixample,Passeig,GRACIA,1,3,,,,,,,3,6
02-2011-0020,02,L'EIXAMPLE,10,Sant Antoni,Carrer,CALABRIA,2,10,,12,,,,,3,4
02-2011-0039,02,L'EIXAMPLE,10,Sant Antoni,Carrer,COMTE BORRELL,1,57,,,,,,,02,1
02-2011-0101,02,L'EIXAMPLE,07,la Dreta de l'Eixample,Carrer,PROVENÇA,1,345,,349,,,,,02,2
02-2011-0108,02,L'EIXAMPLE,09,la Nova Esquerra de l'Eixample,Carrer,CORSEGA,2,66,,,,,,,AT,2
02-2011-0237,02,L'EIXAMPLE,07,la Dreta de l'Eixample,Carrer,GIRONA,2,132,,,,,,,04,1
02-2011-0245,02,L'EIXAMPLE,10,Sant Antoni,Gran Via,CORTS CATALANES,2,454,,,,,,,PR,4
02-2011-0287,02,L'EIXAMPLE,10,Sant Antoni,Gran Via,CORTS CATALANES,2,454,,,,,,,1,3
02-2011-0297,02,L'EIXAMPLE,10,Sant Antoni,Gran Via,CORTS CATALANES,2,454,,,,,,,4,2
02-2011-0299,02,L'EIXAMPLE,10,Sant Antoni,Gran Via,CORTS CATALANES,2,454,,,,,,,4,4
02-2011-0307,02,L'EIXAMPLE,10,Sant Antoni,Gran Via,CORTS CATALANES,2,454,,,,,,,AT,1
02-2011-0325,02,L'EIXAMPLE,07,la Dreta de l'Eixample,Passeig,GRACIA,1,83,,,,,,,04,6
02-2011-0326,02,L'EIXAMPLE,07,la Dreta de l'Eixample,Passeig,GRACIA,1,83,,,,,,,05,6
02-2011-0428,02,L'EIXAMPLE,07,la Dreta de l'Eixample,Carrer,MALLORCA,2,362,,,,,,,03,1
02-2011-0763,02,L'EIXAMPLE,06,la Sagrada Família,Carrer,MALLORCA,2,372,,,,,,,04,3
02-2011-0971,02,L'EIXAMPLE,09,la Nova Esquerra de l'Eixample,Carrer,VALENCIA,2,32,,34,,,,,2,1
02-2011-0991,02,L'EIXAMPLE,10,Sant Antoni,Carrer,VILLARROEL,2,28,,,,,,D,2,2
02-2011-1050,02,L'EIXAMPLE,08,l'Antiga Esquerra de l'Eixample,Carrer,VILLARROEL,2,142,,,,,,,3,
02-2011-1078,02,L'EIXAMPLE,07,la Dreta de l'Eixample,Ronda,SANT PERE,1,33,,,,,,,AT,1
02-2011-1219,02,L'EIXAMPLE,08,l'Antiga Esquerra de l'Eixample,Carrer,PROVENÇA,2,232,,,,,,,02,1
02-2011-1267,02,L'EIXAMPLE,07,la Dreta de l'Eixample,Carrer,AUSIAS MARC,2,20,,,,,,,04,2
02-2011-1308,02,L'EIXAMPLE,07,la Dreta de l'Eixample,Carrer,ROGER DE LLURIA,2,40,,,,,,,04,4
02-2012-0087,02,L'EIXAMPLE,08,l'Antiga Esquerra de l'Eixample,Carrer,DIPUTACIO,2,160,,,,,,,4,2
02-2012-0169,02,L'EIXAMPLE,08,l'Antiga Esquerra de l'Eixample,Carrer,CONSELL DE CENT,2,220,,,,,,,01,1
02-2012-0194,02,L'EIXAMPLE,08,l'Antiga Esquerra de l'Eixample,Avinguda,ROMA,2,138,,,,,,,1,A
02-2012-0198,02,L'EIXAMPLE,08,l'Antiga Esquerra de l'Eixample,Avinguda,ROMA,2,138,,,,,,,3,A
02-2012-0213,02,L'EIXAMPLE,05,el Fort Pienc,Gran Via,CORTS CATALANES,1,691,,,,,,,AT,2
02-2012-0348,02,L'EIXAMPLE,07,la Dreta de l'Eixample,Ronda,UNIVERSITAT,1,13,,,,,,,03,1
02-2012-0408,02,L'EIXAMPLE,06,la Sagrada Família,Carrer,PROVENÇA,1,379,,,,,,,03,3
02-2012-0453,02,L'EIXAMPLE,06,la Sagrada Família,Carrer,ROSSELLO,2,380,,382,,,,,01,2
02-2012-0465,02,L'EIXAMPLE,06,la Sagrada Família,Carrer,ROSSELLO,2,380,,382,,,,,03,2
02-2012-0470,02,L'EIXAMPLE,06,la Sagrada Família,Carrer,ROSSELLO,2,380,,382,,,,,04,3
02-2012-0490,02,L'EIXAMPLE,05,el Fort Pienc,Carrer,AUSIAS MARC,2,146,,,,,,,01,2
02-2012-0518,02,L'EIXAMPLE,06,la Sagrada Família,Carrer,VALENCIA,2,482,,,,,,,03,4
02-2012-0526,02,L'EIXAMPLE,09,la Nova Esquerra de l'Eixample,Carrer,ROCAFORT,1,151,,,,,,,01,3
02-2012-0585,02,L'EIXAMPLE,08,l'Antiga Esquerra de l'Eixample,Carrer,ENRIC GRANADOS,2,46,,,,,,,PR,1
02-2012-0642,02,L'EIXAMPLE,05,el Fort Pienc,Carrer,SICILIA,1,145,,,,,,,01,1
02-2012-0653,02,L'EIXAMPLE,06,la Sagrada Família,Carrer,SICILIA,2,322,,,,,,,PR,1
02-2012-0713,02,L'EIXAMPLE,10,Sant Antoni,Ronda,SANT PAU,1,1,,,,,,,03,1
02-2012-0724,02,L'EIXAMPLE,08,l'Antiga Esquerra de l'Eixample,Carrer,CONSELL DE CENT,1,203,,,,,,,02,3
02-2012-0725,02,L'EIXAMPLE,08,l'Antiga Esquerra de l'Eixample,Carrer,CONSELL DE CENT,1,203,,,,,,,02,2
02-2012-0734,02,L'EIXAMPLE,08,l'Antiga Esquerra de l'Eixample,Carrer,CONSELL DE CENT,1,203,,,,,,,05,2
02-2012-0766,02,L'EIXAMPLE,07,la Dreta de l'Eixample,Carrer,BRUC,1,55,,,,,,A,03,1
02-2012-0778,02,L'EIXAMPLE,07,la Dreta de l'Eixample,Carrer,ROGER DE LLURIA,2,40,,,,,,,02,4
02-2012-0830,02,L'EIXAMPLE,07,la Dreta de l'Eixample,Rambla,CATALUNYA,1,67,,,,,,,2,1A
02-2012-0834,02,L'EIXAMPLE,07,la Dreta de l'Eixample,Carrer,BRUC,1,55,,,,,,A,02,1
02-2012-0849,02,L'EIXAMPLE,06,la Sagrada Família,Carrer,VALENCIA,1,469,,,,,,,02,A
02-2012-0855,02,L'EIXAMPLE,08,l'Antiga Esquerra de l'Eixample,Carrer,VILLARROEL,2,124,,,,,,,1,1
02-2012-0856,02,L'EIXAMPLE,07,la Dreta de l'Eixample,Passeig,GRACIA,2,44,,,,,,,06,I
02-2012-0874,02,L'EIXAMPLE,05,el Fort Pienc,Carrer,ROGER DE FLOR,2,70,,,,,,,05,
02-2012-0898,02,L'EIXAMPLE,07,la Dreta de l'Eixample,Passeig,GRACIA,1,89,,,,,,,05,2
02-2012-0899,02,L'EIXAMPLE,07,la Dreta de l'Eixample,Carrer,BRUC,2,42,,44,,,,,03,C
02-2012-0902,02,L'EIXAMPLE,07,la Dreta de l'Eixample,Ronda,UNIVERSITAT,1,35,,,,,,,03,3
02-2012-0938,02,L'EIXAMPLE,06,la Sagrada Família,Avinguda,DIAGONAL,2,318,,,,,,,03,1
02-2012-0939,02,L'EIXAMPLE,06,la Sagrada Família,Avinguda,DIAGONAL,2,318,,,,,,,02,1
02-2012-0978,02,L'EIXAMPLE,10,Sant Antoni,Carrer,ROCAFORT,2,68,,,,,,,PR,B
02-2012-1002,02,L'EIXAMPLE,05,el Fort Pienc,Carrer,SICILIA,1,109,,,,,,,3,B
02-2012-1047,02,L'EIXAMPLE,06,la Sagrada Família,Carrer,SARDENYA,2,302,,,,,,,1,2
02-2012-1050,02,L'EIXAMPLE,06,la Sagrada Família,Carrer,MARINA,2,240,,,,,,,BJ,
02-2012-1057,02,L'EIXAMPLE,07,la Dreta de l'Eixample,Passeig,GRACIA,2,44,,,,,,,05,I
02-2012-1064,02,L'EIXAMPLE,07,la Dreta de l'Eixample,Passeig,SANT JOAN,1,87,,,,,,,01,1
02-2012-1067,02,L'EIXAMPLE,07,la Dreta de l'Eixample,Rambla,CATALUNYA,2,32,,,,,,,02,1D
02-2012-1093,02,L'EIXAMPLE,06,la Sagrada Família,Avinguda,GAUDI,2,8,,,,,,,05,1
02-2012-1131,02,L'EIXAMPLE,07,la Dreta de l'Eixample,Carrer,VALENCIA,2,290,,,,,,,04,4
02-2012-1134,02,L'EIXAMPLE,07,la Dreta de l'Eixample,Carrer,VALENCIA,2,290,,,,,,,02,4
02-2012-1135,02,L'EIXAMPLE,07,la Dreta de l'Eixample,Carrer,VALENCIA,2,290,,,,,,,04,3
02-2012-1161,02,L'EIXAMPLE,06,la Sagrada Família,Carrer,CONSELL DE CENT,2,536,,,,,,,05,1
02-2012-1167,02,L'EIXAMPLE,08,l'Antiga Esquerra de l'Eixample,Carrer,CONSELL DE CENT,1,207,,,,,,,01,5
02-2012-1179,02,L'EIXAMPLE,08,l'Antiga Esquerra de l'Eixample,Carrer,CONSELL DE CENT,1,207,,,,,,,04,2
02-2012-1185,02,L'EIXAMPLE,08,l'Antiga Esquerra de l'Eixample,Carrer,CONSELL DE CENT,1,207,,,,,,,05,1
02-2012-1204,02,L'EIXAMPLE,07,la Dreta de l'Eixample,Carrer,ROGER DE FLOR,2,240,,,,,,,03,3
02-2012-1218,02,L'EIXAMPLE,07,la Dreta de l'Eixample,Ronda,UNIVERSITAT,2,6,,,,,,,EN,2
02-2012-1219,02,L'EIXAMPLE,10,Sant Antoni,Carrer,COMTE BORRELL,2,82,,,,,,,SA,1
02-2012-1250,02,L'EIXAMPLE,07,la Dreta de l'Eixample,Gran Via,CORTS CATALANES,1,593,,,,,,A,3,2
02-2012-1251,02,L'EIXAMPLE,09,la Nova Esquerra de l'Eixample,Carrer,VALENCIA,2,70,,,,,,,02,3
02-2012-1268,02,L'EIXAMPLE,06,la Sagrada Família,Carrer,VALENCIA,1,437,,,,,,,PR,2
02-2012-1280,02,L'EIXAMPLE,07,la Dreta de l'Eixample,Ronda,SANT PERE,2,14,,,,,,,3,1
02-2012-1305,02,L'EIXAMPLE,07,la Dreta de l'Eixample,Carrer,GIRONA,2,80,,,,,,,1,3
02-2012-1310,02,L'EIXAMPLE,07,la Dreta de l'Eixample,Carrer,GIRONA,2,80,,,,,,,5,3
02-2012-1346,02,L'EIXAMPLE,06,la Sagrada Família,Carrer,CASTILLEJOS,1,339,,,,,,,PR,2
02-2012-1353,02,L'EIXAMPLE,10,Sant Antoni,Avinguda,PARAL.LEL,2,180,,,,,,B,EN,1
02-2012-1364,02,L'EIXAMPLE,08,l'Antiga Esquerra de l'Eixample,Gran Via,CORTS CATALANES,1,549,,,,,,,PR,3
02-2012-1374,02,L'EIXAMPLE,09,la Nova Esquerra de l'Eixample,Carrer,PARIS,2,42,,,,,,,02,3
02-2012-1411,02,L'EIXAMPLE,07,la Dreta de l'Eixample,Avinguda,DIAGONAL,1,377,,,,,,,4,
02-2012-1436,02,L'EIXAMPLE,06,la Sagrada Família,Avinguda,GAUDI,2,52,,,,,,,BJ,
02-2012-1439,02,L'EIXAMPLE,07,la Dreta de l'Eixample,Carrer,DIPUTACIO,2,354,,,,,,,03,3
02-2012-1466,02,L'EIXAMPLE,10,Sant Antoni,Carrer,CALABRIA,1,87,,,,,,,01,1
02-2012-1468,02,L'EIXAMPLE,06,la Sagrada Família,Carrer,VALENCIA,1,467,,,,,,,04,2
02-2012-1476,02,L'EIXAMPLE,10,Sant Antoni,Carrer,FLORIDABLANCA,2,128,,,,,,,02,
02-2012-1480,02,L'EIXAMPLE,10,Sant Antoni,Gran Via,CORTS CATALANES,2,442,,,,,,,02,2
02-2012-1494,02,L'EIXAMPLE,10,Sant Antoni,Carrer,MANSO,1,45,,,,,,,02,2
02-2012-1502,02,L'EIXAMPLE,07,la Dreta de l'Eixample,Carrer,MALLORCA,1,301,,,,,,,04,1
02-2012-1526,02,L'EIXAMPLE,07,la Dreta de l'Eixample,Carrer,ARAGO,2,312,,,,,,,1,3
02-2012-1540,02,L'EIXAMPLE,10,Sant Antoni,Carrer,MANSO,2,58,,,,,,,04,3
02-2012-1548,02,L'EIXAMPLE,10,Sant Antoni,Carrer,PARLAMENT,1,35,,,,,,,03,4
02-2012-1549,02,L'EIXAMPLE,07,la Dreta de l'Eixample,Carrer,ARAGO,2,312,,,,,,,3,1
02-2012-1550,02,L'EIXAMPLE,10,Sant Antoni,Carrer,PARLAMENT,1,35,,,,,,,03,3
02-2012-1552,02,L'EIXAMPLE,07,la Dreta de l'Eixample,Carrer,ARAGO,2,312,,,,,,,3,2
02-2012-1595,02,L'EIXAMPLE,05,el Fort Pienc,Carrer,ARAGO,2,424,,,,,,I,AT,2
02-2012-1601,02,L'EIXAMPLE,06,la Sagrada Família,Carrer,MARINA,1,225,,,,,,,EN,3
02-2012-1602,02,L'EIXAMPLE,06,la Sagrada Família,Carrer,ROSSELLO,2,466,,,,,,,6,2
02-2012-1648,02,L'EIXAMPLE,07,la Dreta de l'Eixample,Rambla,CATALUNYA,2,52,,,,,,,05,1
02-2012-1667,02,L'EIXAMPLE,07,la Dreta de l'Eixample,Carrer,GIRONA,2,74,,,,,,,5,2
02-2012-1668,02,L'EIXAMPLE,07,la Dreta de l'Eixample,Carrer,BRUC,2,16,,,,,,,PR,1
02-2012-1673,02,L'EIXAMPLE,07,la Dreta de l'Eixample,Carrer,BRUC,2,16,,,,,,,PR,4
02-2012-1689,02,L'EIXAMPLE,07,la Dreta de l'Eixample,Carrer,VALENCIA,2,290,,,,,,,05,1
02-2012-1707,02,L'EIXAMPLE,07,la Dreta de l'Eixample,Carrer,BRUC,1,3,,,,,,,AT,
02-2012-1753,02,L'EIXAMPLE,06,la Sagrada Família,Carrer,CORSEGA,2,540,,,,,,,05,4
02-2012-1766,02,L'EIXAMPLE,06,la Sagrada Família,Carrer,VALENCIA,1,387,,,,,,,2,2
02-2012-1791,02,L'EIXAMPLE,08,l'Antiga Esquerra de l'Eixample,Carrer,BALMES,1,119,,,,,,,3,2
02-2012-1796,02,L'EIXAMPLE,06,la Sagrada Família,Carrer,PROVENÇA,1,467,,,,,,,05,2
02-2012-1805,02,L'EIXAMPLE,08,l'Antiga Esquerra de l'Eixample,Carrer,BALMES,1,119,,,,,,,04,1
02-2012-1813,02,L'EIXAMPLE,07,la Dreta de l'Eixample,Ronda,SANT PERE,2,44,,,,,,,02,2
02-2012-1822,02,L'EIXAMPLE,07,la Dreta de l'Eixample,Carrer,DIPUTACIO,2,268,,,,,,,1,1
02-2012-1848,02,L'EIXAMPLE,06,la Sagrada Família,Avinguda,GAUDI,2,14,,,,,,,EN,2
02-2012-1882,02,L'EIXAMPLE,08,l'Antiga Esquerra de l'Eixample,Carrer,MUNTANER,1,119,,,,,,,03,2
02-2012-1911,02,L'EIXAMPLE,07,la Dreta de l'Eixample,Passeig,SANT JOAN,2,60,,,,,,,01,1
02-2012-1918,02,L'EIXAMPLE,06,la Sagrada Família,Carrer,DOS DE MAIG,1,225,,,,,,,01,1
02-2012-1938,02,L'EIXAMPLE,10,Sant Antoni,Carrer,SEPULVEDA,2,176,,,,,,,AT,
02-2012-1943,02,L'EIXAMPLE,10,Sant Antoni,Carrer,CASANOVA,1,27,B,,,,,,EN,4
02-2012-1986,02,L'EIXAMPLE,06,la Sagrada Família,Carrer,PROVENÇA,1,503,B,,,,,,01,
02-2012-2006,02,L'EIXAMPLE,10,Sant Antoni,Carrer,SEPULVEDA,1,169,,,,,,,3,1
02-2012-2013,02,L'EIXAMPLE,10,Sant Antoni,Carrer,PARLAMENT,1,35,,,,,,,04,2
02-2013-0006,02,L'EIXAMPLE,05,el Fort Pienc,Carrer,CONSELL DE CENT,2,474,,,,,,,AT,B
02-2013-0040,02,L'EIXAMPLE,08,l'Antiga Esquerra de l'Eixample,Carrer,MALLORCA,2,200,,,,,,,04,2B
02-2013-0064,02,L'EIXAMPLE,08,l'Antiga Esquerra de l'Eixample,Carrer,PROVENÇA,1,131,,133,,,,,AT,1
02-2013-0113,02,L'EIXAMPLE,07,la Dreta de l'Eixample,Passeig,SANT JOAN,2,128,,,,,,,EN,2A
02-2013-0126,02,L'EIXAMPLE,07,la Dreta de l'Eixample,Carrer,VALENCIA,2,284,,,,,,,01,1B
02-2013-0142,02,L'EIXAMPLE,07,la Dreta de l'Eixample,Gran Via,CORTS CATALANES,2,662,,,,,,,PR,2B
02-2013-0147,02,L'EIXAMPLE,07,la Dreta de l'Eixample,Gran Via,CORTS CATALANES,2,662,,,,,,,01,C
02-2013-0164,02,L'EIXAMPLE,07,la Dreta de l'Eixample,Carrer,ARAGO,1,373,,,,,,,01,1
02-2013-0185,02,L'EIXAMPLE,07,la Dreta de l'Eixample,Passatge,CONCEPCIO,2,14,,,,,,,01,2
02-2013-0187,02,L'EIXAMPLE,07,la Dreta de l'Eixample,Passatge,CONCEPCIO,2,14,,,,,,,01,1
02-2013-0191,02,L'EIXAMPLE,09,la Nova Esquerra de l'Eixample,Carrer,ENTENÇA,2,136,,,,,,,4,1
02-2013-0201,02,L'EIXAMPLE,10,Sant Antoni,Avinguda,PARAL.LEL,2,204,,,,,,,AT,A
02-2013-0202,02,L'EIXAMPLE,07,la Dreta de l'Eixample,Rambla,CATALUNYA,1,31,,,,,,,2,1
02-2013-0210,02,L'EIXAMPLE,06,la Sagrada Família,Carrer,INDUSTRIA,1,175,,,,,,,04,1
02-2013-0245,02,L'EIXAMPLE,06,la Sagrada Família,Avinguda,DIAGONAL,2,336,,,,,,,7,1
02-2013-0254,02,L'EIXAMPLE,05,el Fort Pienc,Carrer,MARINA,2,124,,,,,,,01,4
02-2013-0278,02,L'EIXAMPLE,07,la Dreta de l'Eixample,Avinguda,DIAGONAL,1,347,,,,,,,05,1
02-2013-0280,02,L'EIXAMPLE,10,Sant Antoni,Carrer,CALABRIA,2,8,,12,,,,,05,3
02-2013-0290,02,L'EIXAMPLE,07,la Dreta de l'Eixample,Carrer,VALENCIA,2,334,,,,,,,05,3
02-2013-0326,02,L'EIXAMPLE,10,Sant Antoni,Carrer,COMTE BORRELL,1,41,,,,,,,01,1
02-2013-0352,02,L'EIXAMPLE,05,el Fort Pienc,Gran Via,CORTS CATALANES,2,816,,,,,,,01,2
02-2013-0391,02,L'EIXAMPLE,08,l'Antiga Esquerra de l'Eixample,Gran Via,CORTS CATALANES,1,539,,,,,,,3,3
02-2013-0414,02,L'EIXAMPLE,08,l'Antiga Esquerra de l'Eixample,Carrer,CASANOVA,1,71,,,,,,,05,1
02-2013-0451,02,L'EIXAMPLE,07,la Dreta de l'Eixample,Carrer,DIPUTACIO,1,291,,,,,,,04,1
02-2013-0466,02,L'EIXAMPLE,05,el Fort Pienc,Carrer,MARINA,1,145,,147,,,,B,01,3
02-2013-0501,02,L'EIXAMPLE,08,l'Antiga Esquerra de l'Eixample,Carrer,CORSEGA,1,225,,,,,,,AT,
02-2013-0568,02,L'EIXAMPLE,07,la Dreta de l'Eixample,Carrer,PROVENÇA,2,360,,,,,,,02,2A
02-2013-0581,02,L'EIXAMPLE,05,el Fort Pienc,Carrer,MARINA,2,212,,,,,,,07,3
02-2013-0589,02,L'EIXAMPLE,07,la Dreta de l'Eixample,Carrer,CONSELL DE CENT,1,343,,,,,,,03,2A
02-2013-0612,02,L'EIXAMPLE,07,la Dreta de l'Eixample,Ronda,UNIVERSITAT,2,16,,,,,,,02,4
02-2013-0632,02,L'EIXAMPLE,06,la Sagrada Família,Carrer,VALENCIA,1,437,,,,,,,05,
02-2013-0647,02,L'EIXAMPLE,08,l'Antiga Esquerra de l'Eixample,Carrer,ENRIC GRANADOS,1,75,,,,,,,01,
02-2013-0671,02,L'EIXAMPLE,07,la Dreta de l'Eixample,Carrer,ARAGO,1,249,,,,,,,05,3
02-2013-0674,02,L'EIXAMPLE,07,la Dreta de l'Eixample,Carrer,BRUC,2,174,,,,,,,SA,
02-2013-0680,02,L'EIXAMPLE,10,Sant Antoni,Carrer,COMTE BORRELL,1,45,,,,,,,1,1
02-2013-0687,02,L'EIXAMPLE,10,Sant Antoni,Carrer,TAMARIT,1,187,,,,,,,2,1
02-2013-0695,02,L'EIXAMPLE,06,la Sagrada Família,Carrer,VALENCIA,1,505,,,,,,,04,2
02-2013-0702,02,L'EIXAMPLE,06,la Sagrada Família,Avinguda,GAUDI,2,44,,,,,,,2,3
02-2013-0708,02,L'EIXAMPLE,07,la Dreta de l'Eixample,Carrer,CONSELL DE CENT,2,430,,,,,,,01,1
02-2013-0724,02,L'EIXAMPLE,07,la Dreta de l'Eixample,Carrer,BALMES,2,64,,,,,,,03,2
02-2013-0761,02,L'EIXAMPLE,07,la Dreta de l'Eixample,Rambla,CATALUNYA,2,42,,,,,,,01,1A
02-2013-0765,02,L'EIXAMPLE,09,la Nova Esquerra de l'Eixample,Carrer,ROCAFORT,1,159,,,,,,,EN,1
02-2013-0771,02,L'EIXAMPLE,06,la Sagrada Família,Carrer,VALENCIA,2,418,,,,,,,01,1
02-2013-0791,02,L'EIXAMPLE,08,l'Antiga Esquerra de l'Eixample,Carrer,MUNTANER,1,161,,,,,,,01,4
02-2013-0825,02,L'EIXAMPLE,07,la Dreta de l'Eixample,Carrer,ARAGO,2,288,,,,,,,4,1
02-2013-0832,02,L'EIXAMPLE,06,la Sagrada Família,Carrer,PROVENÇA,2,424,,,,,,,4,2
02-2013-0837,02,L'EIXAMPLE,09,la Nova Esquerra de l'Eixample,Carrer,PROVENÇA,2,78,,,,,,,01,2
02-2013-0839,02,L'EIXAMPLE,05,el Fort Pienc,Carrer,AUSIAS MARC,2,86,,88,,,,,05,8
02-2013-0841,02,L'EIXAMPLE,10,Sant Antoni,Carrer,VILLARROEL,2,30,,,,,,,1,1
02-2013-0873,02,L'EIXAMPLE,06,la Sagrada Família,Carrer,PROVENÇA,1,529,,,,,,,03,2
02-2013-0891,02,L'EIXAMPLE,10,Sant Antoni,Carrer,MUNTANER,1,7,,,,,,,01,1
02-2013-0894,02,L'EIXAMPLE,07,la Dreta de l'Eixample,Carrer,ROSSELLO,1,297,,,,,,,04,2
02-2013-0918,02,L'EIXAMPLE,07,la Dreta de l'Eixample,Carrer,GIRONA,2,150,,,,,,,04,5
02-2013-0935,02,L'EIXAMPLE,07,la Dreta de l'Eixample,Passeig,GRACIA,2,16,,,,,,,03,1
02-2013-0938,02,L'EIXAMPLE,07,la Dreta de l'Eixample,Passeig,GRACIA,1,51,,,,,,,02,2A
02-2013-0943,02,L'EIXAMPLE,07,la Dreta de l'Eixample,Carrer,FONTANELLA,1,11,,,,,,,01,1A
02-2013-0948,02,L'EIXAMPLE,06,la Sagrada Família,Carrer,MARINA,2,240,,,,,,,01,4
02-2013-0952,02,L'EIXAMPLE,07,la Dreta de l'Eixample,Carrer,ROSSELLO,2,244,,,,,,,AT,2
02-2013-0966,02,L'EIXAMPLE,07,la Dreta de l'Eixample,Carrer,VALENCIA,2,248,,,,,,,04,2
02-2013-0972,02,L'EIXAMPLE,10,Sant Antoni,Carrer,COMTE BORRELL,1,37,,,,,,,EN,4
02-2013-1010,02,L'EIXAMPLE,08,l'Antiga Esquerra de l'Eixample,Carrer,PROVENÇA,1,131,,133,,,,,03,4
02-2013-1015,02,L'EIXAMPLE,07,la Dreta de l'Eixample,Passatge,CONCEPCIO,2,2,,,,,,,02,2
02-2013-1019,02,L'EIXAMPLE,10,Sant Antoni,Avinguda,MISTRAL,1,61,,,,,,,02,1
02-2013-1022,02,L'EIXAMPLE,10,Sant Antoni,Avinguda,MISTRAL,1,61,,,,,,,03,2
02-2013-1029,02,L'EIXAMPLE,10,Sant Antoni,Avinguda,MISTRAL,1,61,,,,,,,07,2
02-2013-1043,02,L'EIXAMPLE,09,la Nova Esquerra de l'Eixample,Carrer,CORSEGA,1,77,,,,,,,05,4
02-2013-1048,02,L'EIXAMPLE,07,la Dreta de l'Eixample,Carrer,VALENCIA,2,288,,,,,,,05,2
02-2013-1060,02,L'EIXAMPLE,07,la Dreta de l'Eixample,Rambla,CATALUNYA,2,100,,,,,,,03,3
02-2013-1063,02,L'EIXAMPLE,07,la Dreta de l'Eixample,Plaça,TETUAN,1,25,,,,,,,04,1
02-2013-1076,02,L'EIXAMPLE,07,la Dreta de l'Eixample,Plaça,CATALUNYA,2,8,,,,,,,04,2
02-2013-1087,02,L'EIXAMPLE,10,Sant Antoni,Carrer,MUNTANER,1,7,,,,,,,03,2A
02-2013-1135,02,L'EIXAMPLE,07,la Dreta de l'Eixample,Carrer,ARAGO,2,284,B,,,,,,05,1I
02-2013-1187,02,L'EIXAMPLE,06,la Sagrada Família,Carrer,CONSELL DE CENT,1,545,,,,,,,03,2
02-2013-1268,02,L'EIXAMPLE,07,la Dreta de l'Eixample,Passatge,BOCABELLA,2,12,,,,,,,01,3
02-2013-1322,02,L'EIXAMPLE,06,la Sagrada Família,Carrer,DOS DE MAIG,1,327,,329,,,,,01,1
02-2013-1332,02,L'EIXAMPLE,05,el Fort Pienc,Passeig,SANT JOAN,2,6,,,,,,,05,2
02-2013-1335,02,L'EIXAMPLE,09,la Nova Esquerra de l'Eixample,Carrer,LONDRES,1,17,,,,,,,03,2
02-2013-1342,02,L'EIXAMPLE,07,la Dreta de l'Eixample,Rambla,CATALUNYA,1,45,,,,,,,01,1
02-2013-1368,02,L'EIXAMPLE,06,la Sagrada Família,Carrer,VALENCIA,1,527,,529,,,,,3,D
02-2013-1391,02,L'EIXAMPLE,06,la Sagrada Família,Avinguda,GAUDI,1,27,,29,,,,,6,2
02-2013-1393,02,L'EIXAMPLE,07,la Dreta de l'Eixample,Carrer,VALENCIA,2,372,,374,,,,,04,2
02-2013-1397,02,L'EIXAMPLE,10,Sant Antoni,Carrer,MUNTANER,1,13,,,,,,,4,3
02-2013-1409,02,L'EIXAMPLE,07,la Dreta de l'Eixample,Carrer,VALENCIA,2,334,,,,,,,04,4
02-2013-1420,02,L'EIXAMPLE,06,la Sagrada Família,Carrer,VALENCIA,1,405,,,,,,,04,1
02-2013-1426,02,L'EIXAMPLE,06,la Sagrada Família,Carrer,ROSSELLO,2,430,,,,,,,EN,3
02-2013-1447,02,L'EIXAMPLE,10,Sant Antoni,Carrer,SEPULVEDA,1,21,,,,,,,02,1
02-2013-1454,02,L'EIXAMPLE,06,la Sagrada Família,Passatge,SIMO,2,8,,,,,,,04,3
02-2013-1474,02,L'EIXAMPLE,07,la Dreta de l'Eixample,Carrer,ARAGO,1,281,,,,,,,06,1
02-2013-1477,02,L'EIXAMPLE,07,la Dreta de l'Eixample,Carrer,ARAGO,2,382,,,,,,,EN,1
02-2013-1487,02,L'EIXAMPLE,05,el Fort Pienc,Carrer,SARDENYA,1,209,B,,,,,,01,2
02-2013-1521,02,L'EIXAMPLE,07,la Dreta de l'Eixample,Passeig,SANT JOAN,1,51,,,,,,,05,1
02-2013-1530,02,L'EIXAMPLE,08,l'Antiga Esquerra de l'Eixample,Carrer,VALENCIA,1,117,,,,,,,1,1
02-2013-1554,02,L'EIXAMPLE,05,el Fort Pienc,Carrer,SARDENYA,1,153,,157,,,,,06,3
02-2013-1575,02,L'EIXAMPLE,09,la Nova Esquerra de l'Eixample,Carrer,PROVENÇA,1,73,,,,,,,PR,2
02-2013-1602,02,L'EIXAMPLE,09,la Nova Esquerra de l'Eixample,Carrer,ROCAFORT,2,102,,,,,,,01,4
02-2013-1612,02,L'EIXAMPLE,07,la Dreta de l'Eixample,Rambla,CATALUNYA,2,46,,,,,,,03,
02-2013-1615,02,L'EIXAMPLE,07,la Dreta de l'Eixample,Rambla,CATALUNYA,2,46,,,,,,,06,
02-2013-1635,02,L'EIXAMPLE,09,la Nova Esquerra de l'Eixample,Carrer,ARAGO,1,39,,,,,,,1,3
02-2013-1636,02,L'EIXAMPLE,09,la Nova Esquerra de l'Eixample,Carrer,DIPUTACIO,1,27,,37,,,,,01,3
02-2013-1644,02,L'EIXAMPLE,10,Sant Antoni,Avinguda,PARAL.LEL,2,156,,,,,,,PR,2
02-2013-1683,02,L'EIXAMPLE,06,la Sagrada Família,Carrer,SARDENYA,1,289,,,,,,,PR,2
02-2013-1736,02,L'EIXAMPLE,06,la Sagrada Família,Carrer,LEPANT,1,315,,,,,,,02,1
02-2013-1737,02,L'EIXAMPLE,07,la Dreta de l'Eixample,Carrer,VALENCIA,2,358,,,,,,E,3,2
02-2013-1765,02,L'EIXAMPLE,08,l'Antiga Esquerra de l'Eixample,Carrer,ARAGO,1,207,,,,,,,PR,2
02-2013-1779,02,L'EIXAMPLE,09,la Nova Esquerra de l'Eixample,Carrer,ROCAFORT,2,102,,,,,,,01,2
02-2013-1804,02,L'EIXAMPLE,06,la Sagrada Família,Carrer,LEPANT,1,239,,,,,,,3,3
02-2013-1822,02,L'EIXAMPLE,07,la Dreta de l'Eixample,Rambla,CATALUNYA,2,8,,,,,,,SA,2
02-2013-1829,02,L'EIXAMPLE,09,la Nova Esquerra de l'Eixample,Carrer,ROCAFORT,2,102,,,,,,,03,4
02-2013-1835,02,L'EIXAMPLE,08,l'Antiga Esquerra de l'Eixample,Carrer,VILLARROEL,2,68,,,,,,,AT,3
02-2013-1861,02,L'EIXAMPLE,07,la Dreta de l'Eixample,Carrer,BRUC,2,164,,,,,,,PR,2
02-2013-1862,02,L'EIXAMPLE,10,Sant Antoni,Ronda,SANT PAU,1,37,,,,,,,05,
02-2013-1885,02,L'EIXAMPLE,09,la Nova Esquerra de l'Eixample,Carrer,VILADOMAT,1,261,,,,,,,PR,1
02-2013-1893,02,L'EIXAMPLE,09,la Nova Esquerra de l'Eixample,Carrer,VILADOMAT,1,261,,,,,,,04,1
02-2013-1897,02,L'EIXAMPLE,10,Sant Antoni,Carrer,FLORIDABLANCA,2,90,,,,,,,01,1
02-2013-1898,02,L'EIXAMPLE,10,Sant Antoni,Carrer,ENTENÇA,1,39,,,,,,,6,1
02-2013-1905,02,L'EIXAMPLE,07,la Dreta de l'Eixample,Carrer,VALENCIA,1,317,,,,,,,03,4
02-2013-1960,02,L'EIXAMPLE,09,la Nova Esquerra de l'Eixample,Carrer,TARRAGONA,2,104,,,,,,,07,1
02-2013-1980,02,L'EIXAMPLE,08,l'Antiga Esquerra de l'Eixample,Carrer,ENRIC GRANADOS,1,125,,,,,,,05,2B
02-2013-1988,02,L'EIXAMPLE,08,l'Antiga Esquerra de l'Eixample,Carrer,CONSELL DE CENT,1,221,,,,,,D,PR,2
02-2013-1997,02,L'EIXAMPLE,06,la Sagrada Família,Carrer,SARDENYA,2,364,,,,,,,03,4
02-2013-2015,02,L'EIXAMPLE,10,Sant Antoni,Carrer,COMTE BORRELL,2,42,,,,,,,01,4
02-2013-2016,02,L'EIXAMPLE,08,l'Antiga Esquerra de l'Eixample,Carrer,PARIS,1,123,,,,,,,01,4
02-2013-2085,02,L'EIXAMPLE,05,el Fort Pienc,Carrer,PADILLA,2,154,,156,,,,,BJ,2
02-2013-2096,02,L'EIXAMPLE,07,la Dreta de l'Eixample,Carrer,PAU CLARIS,1,151,,,,,,E,04,2
02-2013-2120,02,L'EIXAMPLE,05,el Fort Pienc,Carrer,SICILIA,1,159,,,,,,,02,1
02-2013-2140,02,L'EIXAMPLE,10,Sant Antoni,Carrer,CALABRIA,1,3,,,,,,,PR,
02-2013-2143,02,L'EIXAMPLE,10,Sant Antoni,Carrer,CALABRIA,1,3,,,,,,,3,
02-2013-2194,02,L'EIXAMPLE,08,l'Antiga Esquerra de l'Eixample,Carrer,BALMES,1,67,,,,,,,05,1
02-2013-2199,02,L'EIXAMPLE,05,el Fort Pienc,Carrer,SICILIA,2,172,,,,,,,01,2
02-2013-2255,02,L'EIXAMPLE,07,la Dreta de l'Eixample,Carrer,ROGER DE FLOR,1,143,,,,,,,04,2
02-2013-2274,02,L'EIXAMPLE,05,el Fort Pienc,Carrer,MARINA,2,212,,,,,,,03,3
02-2013-2277,02,L'EIXAMPLE,08,l'Antiga Esquerra de l'Eixample,Carrer,ARIBAU,1,175,,,,,,,04,2B
02-2013-2294,02,L'EIXAMPLE,07,la Dreta de l'Eixample,Rambla,CATALUNYA,1,85,,,,,,,2,2
02-2013-2301,02,L'EIXAMPLE,10,Sant Antoni,Carrer,PARLAMENT,1,19,,,,,,,03,2
02-2013-2304,02,L'EIXAMPLE,10,Sant Antoni,Carrer,SEPULVEDA,1,157,,,,,,,1,2
02-2013-2349,02,L'EIXAMPLE,07,la Dreta de l'Eixample,Carrer,CONSELL DE CENT,2,324,,,,,,,PR,1
02-2013-2351,02,L'EIXAMPLE,07,la Dreta de l'Eixample,Carrer,CONSELL DE CENT,2,324,,,,,,,PR,2
02-2013-2362,02,L'EIXAMPLE,06,la Sagrada Família,Passatge,FONT,2,4,,,,,,,PR,4
02-2013-2381,02,L'EIXAMPLE,08,l'Antiga Esquerra de l'Eixample,Carrer,ARIBAU,2,184,,,,,,,02,1
02-2013-2383,02,L'EIXAMPLE,08,l'Antiga Esquerra de l'Eixample,Carrer,PARIS,2,178,,,,,,,03,2
02-2013-2458,02,L'EIXAMPLE,07,la Dreta de l'Eixample,Rambla,CATALUNYA,2,42,,,,,,,05,2
02-2013-2466,02,L'EIXAMPLE,07,la Dreta de l'Eixample,Passeig,GRACIA,1,65,B,,,,,,01,
02-2014-0016,02,L'EIXAMPLE,07,la Dreta de l'Eixample,Carrer,CONSELL DE CENT,2,300,,,,,,,04,
02-2014-0023,02,L'EIXAMPLE,07,la Dreta de l'Eixample,Carrer,VALENCIA,1,233,,,,,,,EN,1
02-2014-0042,02,L'EIXAMPLE,08,l'Antiga Esquerra de l'Eixample,Carrer,CASANOVA,1,87,,,,,,,04,B
02-2014-0060,02,L'EIXAMPLE,07,la Dreta de l'Eixample,Gran Via,CORTS CATALANES,2,634,,,,,,,10,2
02-2014-0108,02,L'EIXAMPLE,06,la Sagrada Família,Carrer,CORSEGA,1,583,,,,,,,01,1
02-2014-0114,02,L'EIXAMPLE,10,Sant Antoni,Gran Via,CORTS CATALANES,2,444,,,,,,,07,2
02-2014-0116,02,L'EIXAMPLE,09,la Nova Esquerra de l'Eixample,Carrer,CONSELL DE CENT,2,80,,,,,,,04,3
02-2014-0139,02,L'EIXAMPLE,07,la Dreta de l'Eixample,Carrer,BAILEN,1,43,,,,,,,4,1
02-2014-0183,02,L'EIXAMPLE,07,la Dreta de l'Eixample,Carrer,MALLORCA,2,304,,,,,,,PR,1
02-2014-0203,02,L'EIXAMPLE,07,la Dreta de l'Eixample,Carrer,GIRONA,1,97,,,,,,,04,3
02-2014-0224,02,L'EIXAMPLE,05,el Fort Pienc,Carrer,ARAGO,1,399,,,,,,,EN,2
02-2014-0241,02,L'EIXAMPLE,08,l'Antiga Esquerra de l'Eixample,Carrer,ENRIC GRANADOS,1,125,,,,,,,02,1
02-2014-0242,02,L'EIXAMPLE,07,la Dreta de l'Eixample,Carrer,NAPOLS,1,189,,,,,,,04,4
02-2014-0257,02,L'EIXAMPLE,08,l'Antiga Esquerra de l'Eixample,Carrer,ARIBAU,2,82,,,,,,,PR,1
02-2014-0300,02,L'EIXAMPLE,08,l'Antiga Esquerra de l'Eixample,Carrer,MUNTANER,2,180,,,,,,,2,2
02-2014-0311,02,L'EIXAMPLE,09,la Nova Esquerra de l'Eixample,Gran Via,CORTS CATALANES,1,479,,,,,,,1,2
02-2014-0327,02,L'EIXAMPLE,08,l'Antiga Esquerra de l'Eixample,Carrer,ARIBAU,2,84,,,,,,,PR,2
02-2014-0393,02,L'EIXAMPLE,07,la Dreta de l'Eixample,Carrer,CASP,1,41,,,,,,,03,2B
02-2014-0398,02,L'EIXAMPLE,09,la Nova Esquerra de l'Eixample,Gran Via,CORTS CATALANES,1,451,,,,,,,PR,1
02-2014-0407,02,L'EIXAMPLE,07,la Dreta de l'Eixample,Carrer,NAPOLS,1,191,,,,,,,02,2
02-2014-0440,02,L'EIXAMPLE,07,la Dreta de l'Eixample,Ronda,SANT PERE,1,47,,,,,,,1,1
02-2014-0441,02,L'EIXAMPLE,07,la Dreta de l'Eixample,Carrer,BAILEN,2,74,,,,,,,01,4
02-2014-0449,02,L'EIXAMPLE,07,la Dreta de l'Eixample,Carrer,MALLORCA,2,360,,,,,,,1,1
02-2014-0461,02,L'EIXAMPLE,08,l'Antiga Esquerra de l'Eixample,Carrer,ARIBAU,1,5,,,,,,I,01,1
02-2014-0472,02,L'EIXAMPLE,07,la Dreta de l'Eixample,Carrer,BAILEN,1,109,,,,,,,01,1
02-2014-0478,02,L'EIXAMPLE,07,la Dreta de l'Eixample,Carrer,TRAFALGAR,1,15,,,,,,,AT,2
02-2014-0492,02,L'EIXAMPLE,07,la Dreta de l'Eixample,Carrer,TRAFALGAR,1,33,,,,,,,04,2
02-2014-0502,02,L'EIXAMPLE,07,la Dreta de l'Eixample,Carrer,GIRONA,1,17,,,,,,,PR,1
02-2014-0503,02,L'EIXAMPLE,07,la Dreta de l'Eixample,Avinguda,DIAGONAL,1,405,,,,,,,04,5
02-2014-0509,02,L'EIXAMPLE,10,Sant Antoni,Avinguda,PARAL.LEL,2,188,,,,,,,2,4
02-2014-0527,02,L'EIXAMPLE,07,la Dreta de l'Eixample,Carrer,ARAGO,1,277,,,,,,,02,1
02-2014-0541,02,L'EIXAMPLE,08,l'Antiga Esquerra de l'Eixample,Passatge,LLUIS PELLICER,1,5,,,,,,,03,
02-2014-0556,02,L'EIXAMPLE,07,la Dreta de l'Eixample,Carrer,BALMES,1,9,,,,,,,04,2
02-2014-0600,02,L'EIXAMPLE,06,la Sagrada Família,Carrer,CONSELL DE CENT,2,534,,,,,,3,01,B
02-2014-0607,02,L'EIXAMPLE,08,l'Antiga Esquerra de l'Eixample,Carrer,PROVENÇA,1,131,,,,,,,05,3
02-2014-0610,02,L'EIXAMPLE,07,la Dreta de l'Eixample,Carrer,PROVENÇA,1,361,,,,,,,04,1
02-2014-0619,02,L'EIXAMPLE,07,la Dreta de l'Eixample,Carrer,ROGER DE LLURIA,2,80,,,,,,,PR,2
02-2014-0632,02,L'EIXAMPLE,07,la Dreta de l'Eixample,Passeig,GRACIA,1,3,,,,,,,06,6
02-2014-0642,02,L'EIXAMPLE,09,la Nova Esquerra de l'Eixample,Carrer,CONSELL DE CENT,1,113,,,,,,,1,3
02-2014-0676,02,L'EIXAMPLE,05,el Fort Pienc,Carrer,SICILIA,1,159,,,,,,,05,1
02-2014-0684,02,L'EIXAMPLE,08,l'Antiga Esquerra de l'Eixample,Carrer,CONSELL DE CENT,1,233,,,,,,,2,1
02-2014-0719,02,L'EIXAMPLE,10,Sant Antoni,Carrer,COMTE BORRELL,2,38,,,,,,,02,1
02-2014-0726,02,L'EIXAMPLE,06,la Sagrada Família,Avinguda,GAUDI,1,31,,,,,,,2,4
02-2014-0765,02,L'EIXAMPLE,09,la Nova Esquerra de l'Eixample,Carrer,DIPUTACIO,2,10,,,,,,,03,4
02-2014-0773,02,L'EIXAMPLE,06,la Sagrada Família,Carrer,VALENCIA,1,381,,,,,,,02,3
02-2014-0778,02,L'EIXAMPLE,07,la Dreta de l'Eixample,Carrer,GIRONA,1,167,,169,,,,,04,1
02-2014-0783,02,L'EIXAMPLE,08,l'Antiga Esquerra de l'Eixample,Carrer,VALENCIA,1,191,,,,,,,PR,2
02-2014-0784,02,L'EIXAMPLE,07,la Dreta de l'Eixample,Carrer,GIRONA,1,167,,169,,,,,01,1
02-2014-0802,02,L'EIXAMPLE,08,l'Antiga Esquerra de l'Eixample,Carrer,PROVENÇA,2,196,,,,,,,04,4
02-2014-0810,02,L'EIXAMPLE,07,la Dreta de l'Eixample,Passeig,GRACIA,1,67,,,,,,,01,2
02-2014-0824,02,L'EIXAMPLE,07,la Dreta de l'Eixample,Rambla,CATALUNYA,2,52,,,,,,,6,3
02-2014-0836,02,L'EIXAMPLE,07,la Dreta de l'Eixample,Passeig,GRACIA,2,58,,,,,,,2,2
02-2014-0845,02,L'EIXAMPLE,07,la Dreta de l'Eixample,Carrer,PROVENÇA,2,332,,,,,,,01,
02-2014-0859,02,L'EIXAMPLE,05,el Fort Pienc,Carrer,AUSIAS MARC,2,76,,,,,,,EN,2
02-2014-0869,02,L'EIXAMPLE,07,la Dreta de l'Eixample,Ronda,UNIVERSITAT,1,23,,,,,,,04,1A
02-2014-0872,02,L'EIXAMPLE,08,l'Antiga Esquerra de l'Eixample,Carrer,ARIBAU,1,123,,,,,,,01,1
02-2014-0887,02,L'EIXAMPLE,07,la Dreta de l'Eixample,Carrer,DIPUTACIO,1,239,,,,,,B,01,5
02-2014-0902,02,L'EIXAMPLE,10,Sant Antoni,Carrer,ENTENÇA,2,32,,,,,,D,AT,2
02-2014-0920,02,L'EIXAMPLE,10,Sant Antoni,Carrer,TAMARIT,1,109,,,,,,,2,1
02-2014-0951,02,L'EIXAMPLE,07,la Dreta de l'Eixample,Carrer,PROVENÇA,2,304,,,,,,,SA,24
02-2014-0970,02,L'EIXAMPLE,06,la Sagrada Família,Carrer,SARDENYA,2,340,,,,,,,02,2
02-2014-0979,02,L'EIXAMPLE,07,la Dreta de l'Eixample,Passeig,GRACIA,1,3,,,,,,,06,2
02-2014-0994,02,L'EIXAMPLE,08,l'Antiga Esquerra de l'Eixample,Passatge,BATLLO,2,4,B,,,,,,03,2
02-2014-0996,02,L'EIXAMPLE,08,l'Antiga Esquerra de l'Eixample,Passatge,BATLLO,2,4,B,,,,,,02,1
02-2014-1015,02,L'EIXAMPLE,10,Sant Antoni,Carrer,VILLARROEL,2,30,,,,,,,EN,2
02-2014-1028,02,L'EIXAMPLE,07,la Dreta de l'Eixample,Carrer,MALLORCA,1,301,,,,,,B,01,2
02-2014-1032,02,L'EIXAMPLE,08,l'Antiga Esquerra de l'Eixample,Carrer,CASANOVA,2,62,,,,,,,01,2
02-2014-1038,02,L'EIXAMPLE,07,la Dreta de l'Eixample,Carrer,BAILEN,1,125,,,,,,,01,2
02-2014-1039,02,L'EIXAMPLE,07,la Dreta de l'Eixample,Carrer,BAILEN,1,125,,,,,,,PR,2
02-2014-1046,02,L'EIXAMPLE,07,la Dreta de l'Eixample,Passatge,COLL DEL PORTELL,1,5,,,,,,,BJ,2
02-2014-1053,02,L'EIXAMPLE,07,la Dreta de l'Eixample,Carrer,CONSELL DE CENT,1,341,,,,,,,03,2B
02-2014-1062,02,L'EIXAMPLE,07,la Dreta de l'Eixample,Carrer,CONSELL DE CENT,1,341,,,,,,,04,1B
02-2014-1065,02,L'EIXAMPLE,09,la Nova Esquerra de l'Eixample,Carrer,ENTENÇA,2,174,,,,,,,PR,
02-2014-1070,02,L'EIXAMPLE,07,la Dreta de l'Eixample,Carrer,BAILEN,1,81,,83,,,,,BJ,2
02-2014-1078,02,L'EIXAMPLE,06,la Sagrada Família,Passatge,VILARET,1,23,,,,,,,04,2
02-2014-1110,02,L'EIXAMPLE,07,la Dreta de l'Eixample,Carrer,ROSSELLO,2,294,,,,,,,3,2
02-2014-1112,02,L'EIXAMPLE,08,l'Antiga Esquerra de l'Eixample,Carrer,VILLARROEL,1,121,,,,,,,06,2
02-2014-1131,02,L'EIXAMPLE,07,la Dreta de l'Eixample,Gran Via,CORTS CATALANES,2,682,,,,,,,5,1A
02-2014-1132,02,L'EIXAMPLE,07,la Dreta de l'Eixample,Gran Via,CORTS CATALANES,2,682,,,,,,,5,1B
02-2014-1133,02,L'EIXAMPLE,06,la Sagrada Família,Carrer,MARINA,2,252,,,,,,,02,2
02-2014-1151,02,L'EIXAMPLE,07,la Dreta de l'Eixample,Rambla,CATALUNYA,2,52,,,,,,,AT,1
02-2014-1171,02,L'EIXAMPLE,08,l'Antiga Esquerra de l'Eixample,Carrer,VALENCIA,2,192,,,,,,,EN,2
02-2014-1172,02,L'EIXAMPLE,06,la Sagrada Família,Passatge,MAIOL,1,9,,11,,,,,EN,2
02-2014-1177,02,L'EIXAMPLE,07,la Dreta de l'Eixample,Gran Via,CORTS CATALANES,2,682,,,,,,,SA,4
02-2014-1215,02,L'EIXAMPLE,08,l'Antiga Esquerra de l'Eixample,Carrer,COMTE D'URGELL,2,184,,,,,,,03,2
02-2014-1221,02,L'EIXAMPLE,09,la Nova Esquerra de l'Eixample,Carrer,PARIS,2,42,,,,,,D,07,3
02-2014-1226,02,L'EIXAMPLE,07,la Dreta de l'Eixample,Rambla,CATALUNYA,2,118,,,,,,,04,2
02-2014-1252,02,L'EIXAMPLE,05,el Fort Pienc,Carrer,MARINA,1,189,,,,,,,1,4
02-2014-1259,02,L'EIXAMPLE,07,la Dreta de l'Eixample,Carrer,BALMES,2,164,,,,,,,03,1
02-2014-1260,02,L'EIXAMPLE,06,la Sagrada Família,Carrer,PROVENÇA,1,379,,,,,,,EN,4
02-2014-1262,02,L'EIXAMPLE,06,la Sagrada Família,Passatge,GAIOLA,1,11,,,,,,,02,2
02-2014-1263,02,L'EIXAMPLE,06,la Sagrada Família,Carrer,ARAGO,1,435,,,,,,,EN,1
02-2014-1265,02,L'EIXAMPLE,07,la Dreta de l'Eixample,Passeig,SANT JOAN,1,127,,,,,,,03,3
02-2014-1332,02,L'EIXAMPLE,07,la Dreta de l'Eixample,Ronda,UNIVERSITAT,1,31,,,,,,,06,4B
02-2014-1381,02,L'EIXAMPLE,05,el Fort Pienc,Carrer,MARINA,1,189,,,,,,,6,1
02-2014-1385,02,L'EIXAMPLE,05,el Fort Pienc,Carrer,MARINA,2,212,,,,,,,06,3
02-2014-1401,02,L'EIXAMPLE,05,el Fort Pienc,Carrer,MARINA,1,189,,,,,,,4,1
02-2014-1404,02,L'EIXAMPLE,05,el Fort Pienc,Carrer,MARINA,2,212,,,,,,,05,1
02-2014-1429,02,L'EIXAMPLE,07,la Dreta de l'Eixample,Ronda,SANT PERE,2,50,,,,,,,01,2
02-2014-1432,02,L'EIXAMPLE,07,la Dreta de l'Eixample,Carrer,BAILEN,1,77,,,,,,,03,1
02-2014-1437,02,L'EIXAMPLE,06,la Sagrada Família,Carrer,PROVENÇA,1,467,,469,,,,E,SA,1
02-2014-1442,02,L'EIXAMPLE,06,la Sagrada Família,Carrer,PROVENÇA,1,529,,,,,,,PR,1
02-2014-1458,02,L'EIXAMPLE,08,l'Antiga Esquerra de l'Eixample,Carrer,ENRIC GRANADOS,1,115,,,,,,,01,2
02-2014-1467,02,L'EIXAMPLE,08,l'Antiga Esquerra de l'Eixample,Carrer,ENRIC GRANADOS,1,115,,,,,,,PR,1
02-2014-1473,02,L'EIXAMPLE,08,l'Antiga Esquerra de l'Eixample,Carrer,PARIS,2,174,B,,,,,,05,1
02-2014-1477,02,L'EIXAMPLE,06,la Sagrada Família,Avinguda,GAUDI,1,73,,,,,,,04,2
02-2014-1480,02,L'EIXAMPLE,05,el Fort Pienc,Carrer,NAPOLS,2,168,,,,,,A,01,1
02-2014-1484,02,L'EIXAMPLE,05,el Fort Pienc,Carrer,MARINA,1,189,,,,,,,6,2
02-2014-1505,02,L'EIXAMPLE,07,la Dreta de l'Eixample,Carrer,DIPUTACIO,2,320,,,,,,,06,C
02-2014-1510,02,L'EIXAMPLE,07,la Dreta de l'Eixample,Carrer,CONSELL DE CENT,1,321,,,,,,,04,1
02-2014-1539,02,L'EIXAMPLE,09,la Nova Esquerra de l'Eixample,Carrer,ENTENÇA,1,137,B,,,,,,04,1
02-2014-1548,02,L'EIXAMPLE,10,Sant Antoni,Carrer,VILADOMAT,2,36,,,,,,,SA,
02-2014-1567,02,L'EIXAMPLE,06,la Sagrada Família,Carrer,SARDENYA,2,364,,,,,,,01,3
02-2014-1571,02,L'EIXAMPLE,05,el Fort Pienc,Carrer,CASP,2,150,,,,,,,EN,1
02-2014-1580,02,L'EIXAMPLE,06,la Sagrada Família,Passatge,MAIOL,1,9,,,,,,,EN,1
02-2014-1581,02,L'EIXAMPLE,06,la Sagrada Família,Carrer,ARAGO,1,415,,,,,,,1,1
02-2014-1583,02,L'EIXAMPLE,05,el Fort Pienc,Carrer,CASP,2,150,,,,,,,EN,2
02-2014-1595,02,L'EIXAMPLE,07,la Dreta de l'Eixample,Rambla,CATALUNYA,2,54,,,,,,,01,2
02-2014-1600,02,L'EIXAMPLE,06,la Sagrada Família,Plaça,SAGRADA FAMILIA,1,23,,,,,,,01,2
02-2014-1601,02,L'EIXAMPLE,07,la Dreta de l'Eixample,Rambla,CATALUNYA,2,54,,,,,,,SA,1
02-2014-1606,02,L'EIXAMPLE,07,la Dreta de l'Eixample,Carrer,NAPOLS,1,211,,,,,,,BJ,2
02-2014-1612,02,L'EIXAMPLE,05,el Fort Pienc,Carrer,CASP,2,150,,,,,,,3,2
02-2014-1626,02,L'EIXAMPLE,05,el Fort Pienc,Carrer,SARDENYA,1,217,,,,,,,SA,1
02-2014-1648,02,L'EIXAMPLE,06,la Sagrada Família,Carrer,INDUSTRIA,2,116,,,,,,,04,2
02-2014-1649,02,L'EIXAMPLE,10,Sant Antoni,Gran Via,CORTS CATALANES,2,410,,,,,,,04,1
02-2014-1659,02,L'EIXAMPLE,10,Sant Antoni,Ronda,SANT PAU,1,13,,,,,,,05,1
02-2014-1683,02,L'EIXAMPLE,07,la Dreta de l'Eixample,Passeig,SANT JOAN,2,62,,,,,,,01,2
02-2014-1684,02,L'EIXAMPLE,06,la Sagrada Família,Carrer,SARDENYA,2,306,,,,,,,PR,
02-2014-1693,02,L'EIXAMPLE,09,la Nova Esquerra de l'Eixample,Carrer,COMTE D'URGELL,1,131,,,,,,,EN,2
02-2014-1695,02,L'EIXAMPLE,07,la Dreta de l'Eixample,Carrer,MALLORCA,2,266,,,,,,,03,1
02-2014-1703,02,L'EIXAMPLE,09,la Nova Esquerra de l'Eixample,Carrer,COMTE D'URGELL,1,131,,,,,,,PR,4
02-2014-1707,02,L'EIXAMPLE,05,el Fort Pienc,Gran Via,CORTS CATALANES,2,732,,,,,,,06,1
02-2014-1712,02,L'EIXAMPLE,09,la Nova Esquerra de l'Eixample,Carrer,COMTE D'URGELL,1,131,,,,,,,01,2
02-2014-1716,02,L'EIXAMPLE,09,la Nova Esquerra de l'Eixample,Carrer,COMTE D'URGELL,1,131,,,,,,,01,3
02-2014-1726,02,L'EIXAMPLE,09,la Nova Esquerra de l'Eixample,Carrer,COMTE D'URGELL,1,131,,,,,,,04,1
02-2014-1728,02,L'EIXAMPLE,09,la Nova Esquerra de l'Eixample,Carrer,COMTE D'URGELL,1,131,,,,,,,06,4
02-2014-1729,02,L'EIXAMPLE,09,la Nova Esquerra de l'Eixample,Carrer,COMTE D'URGELL,1,131,,,,,,,04,2
02-2014-1731,02,L'EIXAMPLE,09,la Nova Esquerra de l'Eixample,Carrer,COMTE D'URGELL,1,131,,,,,,,06,2
02-2014-1750,02,L'EIXAMPLE,09,la Nova Esquerra de l'Eixample,Carrer,COMTE D'URGELL,1,63,,65,,,,D,02,2
02-2014-1756,02,L'EIXAMPLE,06,la Sagrada Família,Carrer,CORSEGA,2,518,,,,,,,03,3
02-2014-1759,02,L'EIXAMPLE,06,la Sagrada Família,Carrer,CORSEGA,2,518,,,,,,,PR,1
02-2014-1780,02,L'EIXAMPLE,06,la Sagrada Família,Carrer,CORSEGA,2,518,,,,,,,04,2
02-2014-1785,02,L'EIXAMPLE,06,la Sagrada Família,Avinguda,GAUDI,1,45,,,,,,,03,3
02-2014-1787,02,L'EIXAMPLE,06,la Sagrada Família,Carrer,CORSEGA,2,518,,,,,,,05,4
02-2014-1794,02,L'EIXAMPLE,07,la Dreta de l'Eixample,Carrer,DIPUTACIO,2,354,,,,,,,02,1
02-2014-1795,02,L'EIXAMPLE,07,la Dreta de l'Eixample,Carrer,DIPUTACIO,2,354,,,,,,,2,2
02-2014-1825,02,L'EIXAMPLE,10,Sant Antoni,Carrer,VILLARROEL,2,50,,,,,,,PR,2
02-2014-1827,02,L'EIXAMPLE,10,Sant Antoni,Carrer,VILLARROEL,2,50,,,,,,,EN,1
02-2014-2013,02,L'EIXAMPLE,08,l'Antiga Esquerra de l'Eixample,Carrer,CASANOVA,2,48,,,,,,,3,2
02-2014-2020,02,L'EIXAMPLE,07,la Dreta de l'Eixample,Carrer,CONSELL DE CENT,2,282,,,,,,,PR,1
02-2014-2071,02,L'EIXAMPLE,06,la Sagrada Família,Carrer,VALENCIA,1,439,,,,,,,PR,1
02-2014-2137,02,L'EIXAMPLE,10,Sant Antoni,Carrer,SEPULVEDA,2,134,,,,,,,AT,1A
02-2014-2145,02,L'EIXAMPLE,10,Sant Antoni,Carrer,COMTE BORRELL,2,84,,,,,,,PR,2A
02-2014-2163,02,L'EIXAMPLE,07,la Dreta de l'Eixample,Ronda,SANT PERE,2,14,,,,,,,01,2
02-2014-2175,02,L'EIXAMPLE,07,la Dreta de l'Eixample,Carrer,DIPUTACIO,1,247,,,,,,,02,1
02-2014-2200,02,L'EIXAMPLE,09,la Nova Esquerra de l'Eixample,Carrer,VALENCIA,2,92,,,,,,,PR,1
02-2014-2203,02,L'EIXAMPLE,10,Sant Antoni,Carrer,COMTE D'URGELL,2,18,,,,,,,01,1
02-2014-2459,02,L'EIXAMPLE,10,Sant Antoni,Carrer,CALABRIA,1,65,,,,,,,05,4
02-2016-0573,02,L'EIXAMPLE,06,la Sagrada Família,Avinguda,GAUDI,1,27,,29,,,,,4,1
02-2016-0581,02,L'EIXAMPLE,06,la Sagrada Família,Avinguda,GAUDI,1,27,,29,,,,,5,4
02-2016-0582,02,L'EIXAMPLE,06,la Sagrada Família,Avinguda,GAUDI,1,27,,29,,,,,7,1
02-2016-0616,02,L'EIXAMPLE,07,la Dreta de l'Eixample,Ronda,UNIVERSITAT,2,16,,,,,,,2,3
02-2016-0711,02,L'EIXAMPLE,07,la Dreta de l'Eixample,Passeig,GRACIA,2,46,,,,,,,1,1
02-2016-0733,02,L'EIXAMPLE,07,la Dreta de l'Eixample,Carrer,PAU CLARIS,1,99,,101,,,,2,2,4
02-2016-0805,02,L'EIXAMPLE,07,la Dreta de l'Eixample,Carrer,PAU CLARIS,1,99,,101,,,,1,4,1
02-2016-1007,02,L'EIXAMPLE,06,la Sagrada Família,Carrer,CASTILLEJOS,1,343,B,,,,,,BJ,1
02-2016-1016,02,L'EIXAMPLE,06,la Sagrada Família,Carrer,PROVENÇA,2,424,,,,,,,BJ,2
02-2016-1324,02,L'EIXAMPLE,09,la Nova Esquerra de l'Eixample,Carrer,ROCAFORT,1,141,,,,,,,4,2
02-2017-0037,02,L'EIXAMPLE,09,la Nova Esquerra de l'Eixample,Avinguda,ROMA,2,36,,,,,,,EN,3
02-2022-0479,02,L'EIXAMPLE,09,la Nova Esquerra de l'Eixample,Carrer,TARRAGONA,2,84,,,,,,A,3,4
02-2022-0551,02,L'EIXAMPLE,09,la Nova Esquerra de l'Eixample,Carrer,TARRAGONA,2,84,,,,,,B,11,4
02-2022-0565,02,L'EIXAMPLE,09,la Nova Esquerra de l'Eixample,Carrer,TARRAGONA,2,84,,,,,,C,5,2
02-2023-0374,02,L'EIXAMPLE,06,la Sagrada Família,Carrer,MARINA,2,240,,,,,,,3,1
02-2023-0618,02,L'EIXAMPLE,09,la Nova Esquerra de l'Eixample,Carrer,CORSEGA,2,68,,,,,A,,2,2
02-2023-0625,02,L'EIXAMPLE,09,la Nova Esquerra de l'Eixample,Carrer,CORSEGA,2,68,,,,,A,,5,2
02-2023-0628,02,L'EIXAMPLE,09,la Nova Esquerra de l'Eixample,Carrer,CORSEGA,2,68,,,,,A,,7,1
02-2023-0631,02,L'EIXAMPLE,09,la Nova Esquerra de l'Eixample,Carrer,CORSEGA,2,68,,,,,A,,7,2
02-2023-0632,02,L'EIXAMPLE,09,la Nova Esquerra de l'Eixample,Carrer,CORSEGA,2,68,,,,,A,,AT,1
02-2023-0703,02,L'EIXAMPLE,07,la Dreta de l'Eixample,Carrer,ARAGO,2,266,,,,,,,4,1
02-2023-0917,02,L'EIXAMPLE,07,la Dreta de l'Eixample,Carrer,ARAGO,2,342,,,,,,,1,2
02-2023-0981,02,L'EIXAMPLE,08,l'Antiga Esquerra de l'Eixample,Carrer,MUNTANER,2,64,,,,,,,1,1
02-2023-1006,02,L'EIXAMPLE,10,Sant Antoni,Carrer,SEPULVEDA,2,174,,,,,,,4,1
02-2024-0025,02,L'EIXAMPLE,10,Sant Antoni,Carrer,ENTENÇA,1,33,,,,,,,3,2
02-2024-0043,02,L'EIXAMPLE,10,Sant Antoni,Carrer,SEPULVEDA,2,174,,,,,,,1,2
02-2024-0064,02,L'EIXAMPLE,10,Sant Antoni,Gran Via,CORTS CATALANES,2,536,,,,,,,1,2
02-2024-0070,02,L'EIXAMPLE,10,Sant Antoni,Gran Via,CORTS CATALANES,2,536,,,,,,,4,2A
02-2024-0128,02,L'EIXAMPLE,09,la Nova Esquerra de l'Eixample,Carrer,CONSELL DE CENT,2,96,,,,,,,3,2
02-2024-0183,02,L'EIXAMPLE,09,la Nova Esquerra de l'Eixample,Carrer,ROCAFORT,2,176,,178,,,,,1,1
02-2024-0195,02,L'EIXAMPLE,06,la Sagrada Família,Carrer,MALLORCA,1,447,,,,,,,1,1
02-2024-0199,02,L'EIXAMPLE,06,la Sagrada Família,Carrer,MALLORCA,1,447,,,,,,,1,2
02-2024-0219,02,L'EIXAMPLE,06,la Sagrada Família,Carrer,VALENCIA,2,446,,,,,,,EN,1
02-2024-0322,02,L'EIXAMPLE,10,Sant Antoni,Gran Via,CORTS CATALANES,2,558,,,,,,,2,2
02-2024-0326,02,L'EIXAMPLE,10,Sant Antoni,Gran Via,CORTS CATALANES,2,558,,,,,,,3,2
02-2024-0386,02,L'EIXAMPLE,07,la Dreta de l'Eixample,Carrer,CONSELL DE CENT,2,440,,,,,,,5,1
02-2024-0461,02,L'EIXAMPLE,05,el Fort Pienc,Carrer,MARINA,2,212,,,,,,,1,1
02-2024-0462,02,L'EIXAMPLE,05,el Fort Pienc,Carrer,MARINA,2,212,,,,,,,1,4
03-2008-0266,03,SANTS-MONTJUÏC,11,el Poble Sec,Carrer,SALVA,2,78,,80,,,,,BJ,1
03-2008-0273,03,SANTS-MONTJUÏC,11,el Poble Sec,Carrer,SALVA,2,78,,80,,,,,BJ,2
03-2008-0319,03,SANTS-MONTJUÏC,18,Sants,Rambla,BADAL,2,148,,,,,,,EN,1
03-2008-0320,03,SANTS-MONTJUÏC,18,Sants,Rambla,BADAL,2,148,,,,,,,EN,2
03-2008-0322,03,SANTS-MONTJUÏC,18,Sants,Rambla,BADAL,2,148,,,,,,,01,2
03-2008-0477,03,SANTS-MONTJUÏC,18,Sants,Carrer,RIEGO,1,39,,,,,,,2,1
03-2008-0507,03,SANTS-MONTJUÏC,11,el Poble Sec,Carrer,PUIG I XORIGUER,2,24,,28,,,,,1,1
03-2009-0051,03,SANTS-MONTJUÏC,11,el Poble Sec,Avinguda,PARAL.LEL,1,177,,,,,,,01,4
03-2009-0130,03,SANTS-MONTJUÏC,15,Hostafrancs,Carrer,TORRE D'EN DAMIANS,2,4,,,,,,,1,2
03-2009-0156,03,SANTS-MONTJUÏC,18,Sants,Passeig,SANT ANTONI,2,30,,,,,,,07,4
03-2009-0162,03,SANTS-MONTJUÏC,18,Sants,Passeig,SANT ANTONI,2,30,,,,,,,08,3
03-2009-0164,03,SANTS-MONTJUÏC,18,Sants,Passeig,SANT ANTONI,2,30,,,,,,,09,2
03-2009-0165,03,SANTS-MONTJUÏC,18,Sants,Passeig,SANT ANTONI,2,30,,,,,,,01,3
03-2009-0177,03,SANTS-MONTJUÏC,18,Sants,Passeig,SANT ANTONI,2,30,,,,,,,03,1
03-2009-0186,03,SANTS-MONTJUÏC,18,Sants,Passeig,SANT ANTONI,2,30,,,,,,,05,4
03-2009-0228,03,SANTS-MONTJUÏC,15,Hostafrancs,Carrer,PRINCEP JORDI,2,12,,,,,,,2,3
03-2009-0305,03,SANTS-MONTJUÏC,18,Sants,Carrer,FERNANDEZ DURO,1,3,,,,,,,PR,1
03-2009-0342,03,SANTS-MONTJUÏC,11,el Poble Sec,Carrer,PIQUER,2,52,,,,,,,05,3
03-2010-0105,03,SANTS-MONTJUÏC,15,Hostafrancs,Carrer,RECTOR TRIADO,2,48,,50,,,,A,01,5
03-2010-0162,03,SANTS-MONTJUÏC,15,Hostafrancs,Carrer,PRINCEP JORDI,1,9,,,,,,I,02,1
03-2010-0164,03,SANTS-MONTJUÏC,11,el Poble Sec,Carrer,TAPIOLES,1,47,,,,,,,05,1
03-2010-0274,03,SANTS-MONTJUÏC,16,la Bordeta,Carrer,GAVA,2,8,,,,,,,04,1
03-2011-0164,03,SANTS-MONTJUÏC,11,el Poble Sec,Carrer,NOU DE LA RAMBLA,2,114,,116,,,,,01,1
03-2011-0196,03,SANTS-MONTJUÏC,11,el Poble Sec,Avinguda,PARAL.LEL,1,65,,,,,,,05,1
03-2011-0204,03,SANTS-MONTJUÏC,11,el Poble Sec,Avinguda,PARAL.LEL,1,65,,,,,,,06,3
03-2011-0206,03,SANTS-MONTJUÏC,11,el Poble Sec,Avinguda,PARAL.LEL,1,65,,,,,,,06,1
03-2011-0328,03,SANTS-MONTJUÏC,11,el Poble Sec,Carrer,MARGARIT,2,40,,,,,,,2,2
03-2012-0146,03,SANTS-MONTJUÏC,11,el Poble Sec,Carrer,POETA CABANYES,2,60,,,,,,,BJ,1
03-2012-0259,03,SANTS-MONTJUÏC,11,el Poble Sec,Carrer,BLESA,1,47,,,,,,,2,C
03-2012-0276,03,SANTS-MONTJUÏC,11,el Poble Sec,Carrer,ROSER,1,3,,,,,,,06,
03-2012-0283,03,SANTS-MONTJUÏC,11,el Poble Sec,Carrer,CONCORDIA,2,8,,,,,,,03,2
03-2012-0292,03,SANTS-MONTJUÏC,15,Hostafrancs,Carrer,FARELL,1,25,,,,,,,01,4
03-2012-0301,03,SANTS-MONTJUÏC,15,Hostafrancs,Carrer,FARELL,1,25,,,,,,,EN,5
03-2012-0334,03,SANTS-MONTJUÏC,17,Sants - Badal,Carrer,PAVIA,1,43,,45,,,,,03,2
03-2012-0357,03,SANTS-MONTJUÏC,11,el Poble Sec,Carrer,JULIA,1,33,,,,,,,01,
03-2012-0381,03,SANTS-MONTJUÏC,11,el Poble Sec,Carrer,GRASES,2,8,,,,,,,02,1
03-2012-0391,03,SANTS-MONTJUÏC,11,el Poble Sec,Carrer,VILA I VILA,1,73,,,,,,,3,6
03-2012-0399,03,SANTS-MONTJUÏC,11,el Poble Sec,Carrer,VILA I VILA,1,77,,,,,,,03,1
03-2012-0421,03,SANTS-MONTJUÏC,18,Sants,Carrer,JACQUARD,2,14,,18,,,,,BJ,C
03-2012-0423,03,SANTS-MONTJUÏC,18,Sants,Carrer,JACQUARD,2,14,,18,,,,,01,3
03-2012-0432,03,SANTS-MONTJUÏC,14,la Font de la Guatlla,Carrer,SANT FRUCTUOS,2,64,,74,,,,,01,1
03-2012-0485,03,SANTS-MONTJUÏC,11,el Poble Sec,Carrer,MAGALHAES,1,67,,,,,,,SA,1
03-2012-0493,03,SANTS-MONTJUÏC,11,el Poble Sec,Carrer,TAPIOLES,2,36,,,,,,,03,2
03-2012-0509,03,SANTS-MONTJUÏC,11,el Poble Sec,Carrer,LAFONT,2,22,,,,,,,02,2
03-2012-0528,03,SANTS-MONTJUÏC,11,el Poble Sec,Carrer,NOU DE LA RAMBLA,1,121,,,,,,,2,1
03-2012-0548,03,SANTS-MONTJUÏC,17,Sants - Badal,Carrer,MUNNE,1,9,,,,,,,01,1
03-2013-0037,03,SANTS-MONTJUÏC,17,Sants - Badal,Carrer,VIOLANT HONGRIA REINA ARAGO,2,44,,,,,,,02,1
03-2013-0057,03,SANTS-MONTJUÏC,17,Sants - Badal,Avinguda,MADRID,2,64,,,,,,A,02,1
03-2013-0112,03,SANTS-MONTJUÏC,17,Sants - Badal,Carrer,SANTS,1,387,,,,,,,02,1
03-2013-0129,03,SANTS-MONTJUÏC,17,Sants - Badal,Carrer,SANTS,1,387,,,,,,,03,6
03-2013-0136,03,SANTS-MONTJUÏC,17,Sants - Badal,Carrer,SANTS,1,387,,,,,,,05,1
03-2013-0138,03,SANTS-MONTJUÏC,17,Sants - Badal,Carrer,SANTS,1,387,,,,,,,05,2
03-2013-0140,03,SANTS-MONTJUÏC,17,Sants - Badal,Carrer,SANTS,1,387,,,,,,,04,5
03-2013-0186,03,SANTS-MONTJUÏC,15,Hostafrancs,Carretera,BORDETA,1,57,,,,,,A,AT,3
03-2013-0219,03,SANTS-MONTJUÏC,14,la Font de la Guatlla,Carrer,SANT FRUCTUOS,1,37,,,,,,,01,1
03-2013-0229,03,SANTS-MONTJUÏC,11,el Poble Sec,Carrer,ROSER,1,61,,,,,,,AT,
03-2013-0237,03,SANTS-MONTJUÏC,15,Hostafrancs,Carrer,DIPUTACIO,1,7,,,,,,,2,3
03-2013-0242,03,SANTS-MONTJUÏC,18,Sants,Carrer,TENOR MASINI,1,59,,,,,,,BJ,1
03-2013-0255,03,SANTS-MONTJUÏC,14,la Font de la Guatlla,Gran Via,CORTS CATALANES,2,278,,,,,,,03,4
03-2013-0274,03,SANTS-MONTJUÏC,11,el Poble Sec,Carrer,SALVA,1,59,,,,,,,BJ,1
03-2013-0304,03,SANTS-MONTJUÏC,16,la Bordeta,Rambla,BADAL,2,46,,50,,,,B,EN,1
03-2013-0311,03,SANTS-MONTJUÏC,17,Sants - Badal,Riera,BLANCA,1,119,,,,,,,04,
03-2013-0356,03,SANTS-MONTJUÏC,17,Sants - Badal,Carrer,SUGRANYES,2,94,,,,,,,02,
03-2013-0373,03,SANTS-MONTJUÏC,15,Hostafrancs,Carrer,RECTOR TRIADO,2,14,,,,,,,1,2
03-2013-0379,03,SANTS-MONTJUÏC,15,Hostafrancs,Carrer,CONSELL DE CENT,2,38,,,,,,,02,4
03-2013-0387,03,SANTS-MONTJUÏC,11,el Poble Sec,Carrer,LLEIDA,1,5,,,,,,,01,2
03-2013-0403,03,SANTS-MONTJUÏC,11,el Poble Sec,Carrer,POETA CABANYES,1,51,,,,,,,02,1
03-2013-0406,03,SANTS-MONTJUÏC,13,la Marina de Port,Carrer,SEGURA,1,17,,,,,,,01,1
03-2013-0412,03,SANTS-MONTJUÏC,18,Sants,Carrer,ESPANYA INDUSTRIAL,1,9,,,,,,,PR,
03-2013-0414,03,SANTS-MONTJUÏC,18,Sants,Carrer,ESPANYA INDUSTRIAL,1,9,,,,,,,2,
03-2013-0426,03,SANTS-MONTJUÏC,11,el Poble Sec,Carrer,VALLHONRAT,1,25,,,,,,,01,2
03-2013-0467,03,SANTS-MONTJUÏC,11,el Poble Sec,Carrer,OLIVERA,1,29,,,,,,I,BJ,5
03-2013-0490,03,SANTS-MONTJUÏC,11,el Poble Sec,Carrer,CABANES,1,27,,,,,,,BJ,2
03-2013-0501,03,SANTS-MONTJUÏC,11,el Poble Sec,Carrer,LAFONT,1,29,,,,,,,02,3
03-2013-0503,03,SANTS-MONTJUÏC,11,el Poble Sec,Carrer,ELKANO,1,41,,,,,,,02,2
03-2013-0516,03,SANTS-MONTJUÏC,11,el Poble Sec,Carrer,JAUME FABRA,2,8,,,,,,,PR,1
03-2013-0538,03,SANTS-MONTJUÏC,11,el Poble Sec,Carrer,VALLHONRAT,1,9,,,,,,,04,2
03-2013-0571,03,SANTS-MONTJUÏC,13,la Marina de Port,Carrer,FERROCARRILS CATALANS,1,41,,,,,,,04,1
03-2013-0631,03,SANTS-MONTJUÏC,14,la Font de la Guatlla,Gran Via,CORTS CATALANES,2,230,,,,,,,3,2
03-2013-0644,03,SANTS-MONTJUÏC,18,Sants,Carrer,CICERO,1,5,,,,,,,02,1
03-2013-0656,03,SANTS-MONTJUÏC,18,Sants,Carrer,SANTS,1,19,,,,,,,01,
03-2013-0687,03,SANTS-MONTJUÏC,14,la Font de la Guatlla,Carrer,AMPOSTA,1,1,,,,,,,05,6
03-2013-0688,03,SANTS-MONTJUÏC,18,Sants,Carrer,MELCIOR DE PALAU,1,35,,,,,,,EN,1
03-2013-0695,03,SANTS-MONTJUÏC,11,el Poble Sec,Carrer,VILA I VILA,1,89,,,,,,,05,3
03-2013-0719,03,SANTS-MONTJUÏC,14,la Font de la Guatlla,Carrer,GIMBERNAT,2,8,,,,,,,05,1
03-2013-0720,03,SANTS-MONTJUÏC,11,el Poble Sec,Carrer,MARGARIT,2,38,,,,,,,04,2
03-2013-0723,03,SANTS-MONTJUÏC,11,el Poble Sec,Carrer,SALVA,1,1,,,,,,,01,1
03-2013-0746,03,SANTS-MONTJUÏC,11,el Poble Sec,Carrer,MAGALHAES,1,39,,,,,,,01,1
03-2013-0758,03,SANTS-MONTJUÏC,18,Sants,Carrer,GUADIANA,2,14,,,,,,,AT,
03-2014-0014,03,SANTS-MONTJUÏC,11,el Poble Sec,Carrer,RICART,2,32,,,,,,,EN,1
03-2014-0017,03,SANTS-MONTJUÏC,11,el Poble Sec,Carrer,NOU DE LA RAMBLA,1,121,,,,,,,05,1
03-2014-0029,03,SANTS-MONTJUÏC,14,la Font de la Guatlla,Carrer,RABI RUBEN,1,29,,,,,,,01,
03-2014-0049,03,SANTS-MONTJUÏC,11,el Poble Sec,Passeig,EXPOSICIO,2,46,,,,,,,AT,1
03-2014-0054,03,SANTS-MONTJUÏC,18,Sants,Carrer,REI MARTI,2,22,,,,,,B,04,D
03-2014-0056,03,SANTS-MONTJUÏC,11,el Poble Sec,Carrer,FONTRODONA,1,13,B,,,,,,01,1
03-2014-0065,03,SANTS-MONTJUÏC,11,el Poble Sec,Carrer,BLASCO DE GARAY,1,7,,,,,,,04,1
03-2014-0071,03,SANTS-MONTJUÏC,11,el Poble Sec,Avinguda,PARAL.LEL,1,15,,,,,,,03,2
03-2014-0086,03,SANTS-MONTJUÏC,11,el Poble Sec,Carrer,BLASCO DE GARAY,1,7,,,,,,,04,2
03-2014-0097,03,SANTS-MONTJUÏC,11,el Poble Sec,Avinguda,RIUS I TAULET,1,1,B,,,,,,04,2
03-2014-0102,03,SANTS-MONTJUÏC,11,el Poble Sec,Carrer,ANNIBAL,1,5,,7,,,,,04,2
03-2014-0113,03,SANTS-MONTJUÏC,11,el Poble Sec,Carrer,POETA CABANYES,2,22,B,,,,,,PR,1
03-2014-0130,03,SANTS-MONTJUÏC,11,el Poble Sec,Carrer,CABANES,2,46,,,,,,,BJ,1
03-2014-0131,03,SANTS-MONTJUÏC,18,Sants,Carrer,FERRERIA,2,28,,,,,,,04,2
03-2014-0163,03,SANTS-MONTJUÏC,11,el Poble Sec,Avinguda,PARAL.LEL,1,17,,,,,,,01,5
03-2014-0186,03,SANTS-MONTJUÏC,18,Sants,Carrer,RIERA DE TENA,2,38,,40,,,,,EN,3
03-2014-0191,03,SANTS-MONTJUÏC,14,la Font de la Guatlla,Gran Via,CORTS CATALANES,2,270,,,,,,,EN,2
03-2014-0193,03,SANTS-MONTJUÏC,11,el Poble Sec,Carrer,MARE DE DEU DEL REMEI,1,31,,37,,,,,EN,9
03-2014-0198,03,SANTS-MONTJUÏC,11,el Poble Sec,Avinguda,PARAL.LEL,1,17,,19,,,,,2,6
03-2014-0238,03,SANTS-MONTJUÏC,11,el Poble Sec,Avinguda,PARAL.LEL,1,75,,,,,,,03,
03-2014-0240,03,SANTS-MONTJUÏC,11,el Poble Sec,Avinguda,PARAL.LEL,1,75,,,,,,,02,
03-2014-0277,03,SANTS-MONTJUÏC,15,Hostafrancs,Carrer,MOIANES,1,73,,75,,,,,02,7
03-2014-0282,03,SANTS-MONTJUÏC,15,Hostafrancs,Carrer,MOIANES,1,73,,75,,,,,03,2
03-2014-0307,03,SANTS-MONTJUÏC,11,el Poble Sec,Carrer,POETA CABANYES,2,20,,,,,,,1,2
03-2014-0310,03,SANTS-MONTJUÏC,11,el Poble Sec,Plaça,SORTIDOR,2,14,,,,,,,PR,2
03-2014-0334,03,SANTS-MONTJUÏC,11,el Poble Sec,Carrer,ROSER,1,3,,,,,,,04,1
03-2014-0337,03,SANTS-MONTJUÏC,11,el Poble Sec,Carrer,RADAS,1,39,,,,,,,01,1
03-2014-0339,03,SANTS-MONTJUÏC,11,el Poble Sec,Carrer,RICART,2,14,,,,,,,05,1
03-2014-0364,03,SANTS-MONTJUÏC,11,el Poble Sec,Carrer,RADAS,1,81,,,,,,,03,1
03-2014-0386,03,SANTS-MONTJUÏC,15,Hostafrancs,Carrer,CREU COBERTA,1,87,,,,,,,03,A
03-2014-0396,03,SANTS-MONTJUÏC,11,el Poble Sec,Carrer,BLASCO DE GARAY,1,85,,,,,,,BJ,
03-2014-0403,03,SANTS-MONTJUÏC,11,el Poble Sec,Carrer,VALLHONRAT,1,7,,,,,,,AT,2
03-2014-0409,03,SANTS-MONTJUÏC,11,el Poble Sec,Carrer,HORTES,1,1,,,,,,,BJ,5
03-2014-0427,03,SANTS-MONTJUÏC,16,la Bordeta,Carrer,ALPENS,2,6,,,,,,,01,
03-2014-0436,03,SANTS-MONTJUÏC,11,el Poble Sec,Carrer,OLIVERA,1,13,,,,,,,03,1
03-2014-0446,03,SANTS-MONTJUÏC,11,el Poble Sec,Carrer,ROSER,2,32,,,,,,,2,2
03-2014-0447,03,SANTS-MONTJUÏC,11,el Poble Sec,Carrer,CREU DELS MOLERS,1,51,,,,,,,01,2
03-2014-0458,03,SANTS-MONTJUÏC,15,Hostafrancs,Carrer,SANT NICOLAU,1,9,,,,,,,02,2
03-2014-0459,03,SANTS-MONTJUÏC,15,Hostafrancs,Carrer,SANT NICOLAU,1,9,,,,,,,01,1
03-2014-0460,03,SANTS-MONTJUÏC,15,Hostafrancs,Carrer,SANT NICOLAU,1,9,,,,,,,02,1
03-2014-0474,03,SANTS-MONTJUÏC,18,Sants,Passeig,SANT ANTONI,1,13,,,,,,,4,2
03-2014-0497,03,SANTS-MONTJUÏC,17,Sants - Badal,Carrer,SANTS,1,277,,,,,,,04,2
03-2014-0551,03,SANTS-MONTJUÏC,18,Sants,Passatge,BARO DE GRIÑO,2,6,,,,,,,01,3
03-2014-0562,03,SANTS-MONTJUÏC,18,Sants,Carrer,SANT MEDIR,2,12,,,,,,,PR,4
03-2014-0606,03,SANTS-MONTJUÏC,11,el Poble Sec,Passeig,JOSEP CARNER,1,49,,,,,,,4,1
03-2014-0618,03,SANTS-MONTJUÏC,14,la Font de la Guatlla,Carrer,MEXIC,2,26,,,,,,,04,1
03-2014-0626,03,SANTS-MONTJUÏC,11,el Poble Sec,Carrer,FONTRODONA,2,32,,,,,,,03,1
03-2014-0641,03,SANTS-MONTJUÏC,18,Sants,Carrer,CACERES,2,20,,,,,,,01,1
03-2014-0677,03,SANTS-MONTJUÏC,18,Sants,Carrer,GUADIANA,2,24,,,,,,,02,
03-2014-0679,03,SANTS-MONTJUÏC,18,Sants,Carrer,SANTS,2,138,,,,,,,02,1
03-2014-0733,03,SANTS-MONTJUÏC,18,Sants,Carrer,SANTS,1,215,,,,,,,02,3
03-2014-0742,03,SANTS-MONTJUÏC,18,Sants,Carrer,JOAN GUELL,2,24,,,,,,,1,1
03-2014-0767,03,SANTS-MONTJUÏC,18,Sants,Carrer,ANTONI DE CAPMANY,1,81,,83,,,,B,EN,3
03-2014-0802,03,SANTS-MONTJUÏC,18,Sants,Carrer,RIERA DE TENA,1,37,,,,,,,BJ,2
03-2014-0825,03,SANTS-MONTJUÏC,18,Sants,Carrer,VALLESPIR,2,90,,,,,,,02,1
03-2014-0853,03,SANTS-MONTJUÏC,18,Sants,Riera,ESCUDER,1,13,,,,,,,01,3
03-2014-0858,03,SANTS-MONTJUÏC,17,Sants - Badal,Carrer,ROGER,2,32,,,,,,,02,2
03-2014-0894,03,SANTS-MONTJUÏC,18,Sants,Avinguda,MADRID,2,142,,146,,,,B,3,3
03-2023-0080,03,SANTS-MONTJUÏC,11,el Poble Sec,Plaça,SANTA MADRONA,2,2,,,,,,,2,1
03-2023-0104,03,SANTS-MONTJUÏC,15,Hostafrancs,Carrer,HOSTAFRANCS DE SIO,1,7,,,,,,,2,1
03-2023-0110,03,SANTS-MONTJUÏC,11,el Poble Sec,Carrer,NOU DE LA RAMBLA,1,147,,,,,,,PR,2B
03-2023-0195,03,SANTS-MONTJUÏC,11,el Poble Sec,Carrer,BOBILA,2,2,,,,,,,3,1
03-2023-0237,03,SANTS-MONTJUÏC,11,el Poble Sec,Avinguda,PARAL.LEL,1,159,,,,,,,1,1
03-2023-0350,03,SANTS-MONTJUÏC,14,la Font de la Guatlla,Carrer,SANT FRUCTUOS,2,64,,74,,,,,2,4
03-2023-0364,03,SANTS-MONTJUÏC,14,la Font de la Guatlla,Carrer,SANT FRUCTUOS,2,64,,74,,,,,2,18
03-2023-0373,03,SANTS-MONTJUÏC,14,la Font de la Guatlla,Carrer,SANT FRUCTUOS,2,64,,74,,,,,2,27
03-2023-0375,03,SANTS-MONTJUÏC,14,la Font de la Guatlla,Carrer,SANT FRUCTUOS,2,64,,74,,,,,3,1
03-2023-0378,03,SANTS-MONTJUÏC,14,la Font de la Guatlla,Carrer,SANT FRUCTUOS,2,64,,74,,,,,3,4
03-2023-0394,03,SANTS-MONTJUÏC,14,la Font de la Guatlla,Carrer,SANT FRUCTUOS,2,64,,74,,,,,3,20
03-2023-0399,03,SANTS-MONTJUÏC,14,la Font de la Guatlla,Carrer,SANT FRUCTUOS,2,64,,74,,,,,3,25
03-2024-0054,03,SANTS-MONTJUÏC,11,el Poble Sec,Carrer,FONT HONRADA,1,37,,,,,,,EN,2
03-2024-0086,03,SANTS-MONTJUÏC,11,el Poble Sec,Plaça,SANTA MADRONA,2,2,,,,,,,5,1
03-2024-0137,03,SANTS-MONTJUÏC,11,el Poble Sec,Carrer,MARGARIT,1,21,,,,,,,BJ,2
03-2024-0144,03,SANTS-MONTJUÏC,18,Sants,Carrer,MIQUEL ANGEL,1,79,,,,,,,BJ,1
04-2010-0215,04,LES CORTS,19,les Corts,Carrer,JOAN GUELL,1,169,,,,,,,05,8
04-2010-0244,04,LES CORTS,19,les Corts,Carrer,GERARD PIERA,1,13,,15,,,,,BJ,J 
04-2011-0078,04,LES CORTS,19,les Corts,Carrer,TAQUIGRAF GARRIGA,1,7,,,,,,,,
04-2011-0278,04,LES CORTS,19,les Corts,Carrer,EQUADOR,1,31,,,,,,,02,2
04-2012-0011,04,LES CORTS,19,les Corts,Carrer,CABALLERO,2,60,,,,,,,AT,4
04-2012-0130,04,LES CORTS,19,les Corts,Carrer,TAQUIGRAF GARRIGA,1,91,,99,,,,B,03,8
04-2012-0152,04,LES CORTS,20,la Maternitat i Sant Ramon,Carrer,ARIZALA,1,55,,,,,,,BJ,2
04-2012-0234,04,LES CORTS,19,les Corts,Carrer,GERARD PIERA,1,5,,11,,,,,BJ,5
04-2012-0264,04,LES CORTS,20,la Maternitat i Sant Ramon,Travessera,CORTS,2,114,,,,,,,01,1
04-2012-0355,04,LES CORTS,19,les Corts,Carrer,DOLORS MASFERRER I BOSCH,1,11,,,,,,,03,2
04-2012-0357,04,LES CORTS,19,les Corts,Avinguda,DIAGONAL,1,511,,,,,,,06,4
04-2013-0051,04,LES CORTS,19,les Corts,Carrer,MARQUES DE SENTMENAT,1,85,,,,,,,05,C
04-2013-0250,04,LES CORTS,19,les Corts,Carrer,NUMANCIA,2,76,,,,,,,EN,2
04-2013-0443,04,LES CORTS,21,Pedralbes,Carrer,BELTRAN I ROZPIDE,1,7,,9,,,,,09,8
04-2014-0058,04,LES CORTS,20,la Maternitat i Sant Ramon,Carrer,FELIPE DE PAZ,1,17,,,,,,,02,3
04-2014-0150,04,LES CORTS,20,la Maternitat i Sant Ramon,Carrer,SABINO ARANA,2,30,,,,,,,02,2
04-2014-0165,04,LES CORTS,19,les Corts,Carrer,TAQUIGRAF GARRIGA,1,91,,99,,,,,06,5
04-2014-0194,04,LES CORTS,19,les Corts,Carrer,DEU I MATA,1,141,,,,,,,2,3
04-2014-0220,04,LES CORTS,20,la Maternitat i Sant Ramon,Travessera,CORTS,2,124,,,,,,,01,3
04-2014-0223,04,LES CORTS,20,la Maternitat i Sant Ramon,Travessera,CORTS,2,124,,,,,,,AT,1
04-2014-0224,04,LES CORTS,19,les Corts,Carrer,DEU I MATA,2,54,,,,,,,01,2
04-2014-0230,04,LES CORTS,19,les Corts,Carrer,GUITARD,2,80,,,,,,,01,3
04-2014-0244,04,LES CORTS,19,les Corts,Carrer,VALLESPIR,1,163,,,,,,,01,1
04-2014-0248,04,LES CORTS,19,les Corts,Carrer,VALLESPIR,1,163,,,,,,,04,3
04-2014-0260,04,LES CORTS,19,les Corts,Travessera,CORTS,2,180,,,,,,,02,2
04-2014-0270,04,LES CORTS,19,les Corts,Carrer,GALILEU,2,316,,,,,,,EN,1
04-2014-0283,04,LES CORTS,19,les Corts,Carrer,GALILEU,2,316,,,,,,,EN,4
04-2014-0299,04,LES CORTS,19,les Corts,Carrer,GALILEU,2,316,,,,,,,5,2
04-2014-0333,04,LES CORTS,19,les Corts,Carrer,NICARAGUA,1,153,,157,,,,,3,C
04-2014-0358,04,LES CORTS,19,les Corts,Carrer,BERLIN,1,99,,,,,,,SA,2
04-2023-0241,04,LES CORTS,20,la Maternitat i Sant Ramon,Carrer,COMTE DE GUELL,2,30,,,,,,,2,1
05-2008-0334,05,SARRIA-SANT GERVASI,27,el Putxet i el Farró,Ronda,GENERAL MITRE,2,226,,,,,,,4,2
05-2008-0460,05,SARRIA-SANT GERVASI,26,Sant Gervasi - Galvany,Carrer,LAFORJA,2,128,,,,,,,EN,1
05-2008-0473,05,SARRIA-SANT GERVASI,26,Sant Gervasi - Galvany,Carrer,LAFORJA,2,128,,,,,,,AT,1
05-2010-0499,05,SARRIA-SANT GERVASI,26,Sant Gervasi - Galvany,Plaça,GAL.LA PLACIDIA,1,5,,7,,,,D,06,1
05-2011-0201,05,SARRIA-SANT GERVASI,27,el Putxet i el Farró,Carrer,SARAGOSSA,2,30,,,,,,,01,2
05-2011-0278,05,SARRIA-SANT GERVASI,27,el Putxet i el Farró,Carrer,VALLIRANA,1,29,,,,,,,1,C
05-2011-0303,05,SARRIA-SANT GERVASI,27,el Putxet i el Farró,Carrer,BALLESTER,2,32,,,,,,,BJ,3
05-2012-0015,05,SARRIA-SANT GERVASI,27,el Putxet i el Farró,Carrer,RIOS ROSAS,2,38,,,,,,,BJ,
05-2012-0061,05,SARRIA-SANT GERVASI,26,Sant Gervasi - Galvany,Via,AUGUSTA,1,153,,,,,,1,05,1
05-2012-0102,05,SARRIA-SANT GERVASI,26,Sant Gervasi - Galvany,Carrer,LAFORJA,1,89,,,,,,,EN,2
05-2012-0163,05,SARRIA-SANT GERVASI,27,el Putxet i el Farró,Carrer,OSONA,1,1,,,,,,,BJ,
05-2012-0171,05,SARRIA-SANT GERVASI,26,Sant Gervasi - Galvany,Carrer,ARIBAU,2,226,,,,,,D,PR,
05-2012-0178,05,SARRIA-SANT GERVASI,26,Sant Gervasi - Galvany,Avinguda,DIAGONAL,2,594,,,,,,,04,2
05-2012-0190,05,SARRIA-SANT GERVASI,26,Sant Gervasi - Galvany,Carrer,PRATS DE MOLLO,2,14,,,,,,,BJ,1
05-2012-0248,05,SARRIA-SANT GERVASI,26,Sant Gervasi - Galvany,Avinguda,DIAGONAL,2,572,,,,,,,PR,1A
05-2012-0286,05,SARRIA-SANT GERVASI,27,el Putxet i el Farró,Carrer,BALLESTER,2,46,,,,,,,01,1
05-2012-0287,05,SARRIA-SANT GERVASI,27,el Putxet i el Farró,Carrer,BALLESTER,2,46,,,,,,,01,2
05-2012-0294,05,SARRIA-SANT GERVASI,27,el Putxet i el Farró,Carrer,BALLESTER,2,34,,,,,,,2,2
05-2012-0299,05,SARRIA-SANT GERVASI,23,Sarrià,Carrer,BONAPLATA,1,39,,,,,,,,
05-2012-0307,05,SARRIA-SANT GERVASI,25,Sant Gervasi - la Bonanova,Carrer,CIUTAT DE BALAGUER,2,30,,,,,,,3,1
05-2012-0316,05,SARRIA-SANT GERVASI,26,Sant Gervasi - Galvany,Carrer,PRATS DE MOLLO,2,18,,,,,,,2,3
05-2012-0340,05,SARRIA-SANT GERVASI,26,Sant Gervasi - Galvany,Carrer,LAFORJA,1,101,,,,,,,04,3
05-2012-0381,05,SARRIA-SANT GERVASI,25,Sant Gervasi - la Bonanova,Plaça,JOAQUIM FOLGUERA,2,2,,,,,,,EN,1
05-2012-0406,05,SARRIA-SANT GERVASI,24,les Tres Torres,Ronda,GENERAL MITRE,1,7,,,,,,,09,3
05-2012-0433,05,SARRIA-SANT GERVASI,26,Sant Gervasi - Galvany,Carrer,ARIBAU,2,228,,,,,,E,PR,1
05-2012-0466,05,SARRIA-SANT GERVASI,26,Sant Gervasi - Galvany,Carrer,ARIBAU,2,296,,,,,,,01,1
05-2012-0471,05,SARRIA-SANT GERVASI,26,Sant Gervasi - Galvany,Carrer,GANDUXER,2,50,,,,,,,05,1
05-2012-0518,05,SARRIA-SANT GERVASI,27,el Putxet i el Farró,Carrer,FRANCOLI,1,55,,,,,,,PR,4
05-2012-0524,05,SARRIA-SANT GERVASI,27,el Putxet i el Farró,Carrer,FRANCOLI,1,55,,,,,,,3,2
05-2012-0537,05,SARRIA-SANT GERVASI,27,el Putxet i el Farró,Carrer,FRANCOLI,1,55,,,,,,I,BJ,2
05-2012-0567,05,SARRIA-SANT GERVASI,27,el Putxet i el Farró,Carrer,SARAGOSSA,1,137,,,,,,,02,2
05-2012-0611,05,SARRIA-SANT GERVASI,26,Sant Gervasi - Galvany,Carrer,GANDUXER,2,50,,,,,,,06,3
05-2012-0613,05,SARRIA-SANT GERVASI,26,Sant Gervasi - Galvany,Carrer,GANDUXER,2,50,,,,,,,01,2
05-2012-0632,05,SARRIA-SANT GERVASI,27,el Putxet i el Farró,Carrer,MARMELLA,2,2,B,,,,,,04,3
05-2013-0033,05,SARRIA-SANT GERVASI,26,Sant Gervasi - Galvany,Carrer,SAGUES,2,18,,,,,,,PR,1
05-2013-0085,05,SARRIA-SANT GERVASI,26,Sant Gervasi - Galvany,Carrer,CALVET,1,17,,,,,,,08,4
05-2013-0093,05,SARRIA-SANT GERVASI,27,el Putxet i el Farró,Ronda,GENERAL MITRE,1,189,,,,,,,07,1
05-2013-0174,05,SARRIA-SANT GERVASI,27,el Putxet i el Farró,Ronda,GENERAL MITRE,2,238,,,,,,,03,3
05-2013-0219,05,SARRIA-SANT GERVASI,27,el Putxet i el Farró,Carrer,FERRAN PUIG,1,15,,,,,,,02,3
05-2013-0228,05,SARRIA-SANT GERVASI,26,Sant Gervasi - Galvany,Carrer,GANDUXER,2,30,,,,,,,SA,2
05-2013-0351,05,SARRIA-SANT GERVASI,26,Sant Gervasi - Galvany,Carrer,CASANOVA,1,211,,,,,,,5,3
05-2013-0368,05,SARRIA-SANT GERVASI,26,Sant Gervasi - Galvany,Passatge,MARIMON,1,9,,,,,,,03,1
05-2013-0491,05,SARRIA-SANT GERVASI,27,el Putxet i el Farró,Carrer,BERTRAN,2,156,,,,,,,01,4
05-2013-0493,05,SARRIA-SANT GERVASI,27,el Putxet i el Farró,Carrer,BERTRAN,2,156,,,,,,,SA,1
05-2013-0652,05,SARRIA-SANT GERVASI,27,el Putxet i el Farró,Carrer,VALLIRANA,1,29,,,,,,,BJ,
05-2014-0027,05,SARRIA-SANT GERVASI,24,les Tres Torres,Ronda,GENERAL MITRE,1,7,,,,,,,05,4
05-2014-0082,05,SARRIA-SANT GERVASI,27,el Putxet i el Farró,Carrer,SARAGOSSA,1,79,,,,,,,AT,2
05-2014-0095,05,SARRIA-SANT GERVASI,27,el Putxet i el Farró,Carrer,BERTRAN,2,156,,,,,,,01,3
05-2014-0120,05,SARRIA-SANT GERVASI,25,Sant Gervasi - la Bonanova,Carrer,MANDRI,2,22,,,,,,,BJ,3
05-2014-0130,05,SARRIA-SANT GERVASI,27,el Putxet i el Farró,Carrer,MADRAZO,2,6,,,,,,,03,2
05-2014-0224,05,SARRIA-SANT GERVASI,24,les Tres Torres,Carrer,VERGOS,2,18,,,,,,,02,2
05-2014-0234,05,SARRIA-SANT GERVASI,24,les Tres Torres,Ronda,GENERAL MITRE,1,59,,,,,,,03,2
05-2014-0238,05,SARRIA-SANT GERVASI,26,Sant Gervasi - Galvany,Carrer,MARIA CUBI,1,55,,,,,,A,3,1
05-2014-0244,05,SARRIA-SANT GERVASI,23,Sarrià,Carrer,FONTCOBERTA,2,6,,,,,,,03,2
05-2014-0292,05,SARRIA-SANT GERVASI,24,les Tres Torres,Ronda,GENERAL MITRE,1,7,,,,,,,02,2
05-2014-0342,05,SARRIA-SANT GERVASI,24,les Tres Torres,Ronda,GENERAL MITRE,1,7,,,,,,,09,4
05-2014-0349,05,SARRIA-SANT GERVASI,26,Sant Gervasi - Galvany,Carrer,MADRAZO,2,72,,,,,,,AT,2
05-2014-0477,05,SARRIA-SANT GERVASI,25,Sant Gervasi - la Bonanova,Carrer,TEODORA LAMADRID,1,43,,,,,,,01,2
05-2014-0538,05,SARRIA-SANT GERVASI,25,Sant Gervasi - la Bonanova,Carrer,CAMP,1,77,,,,,,,BJ,
05-2020-0086,05,SARRIA-SANT GERVASI,27,el Putxet i el Farró,Carrer,ROCA I BATLLE,1,5,,,,,,,2,1
05-2023-0089,05,SARRIA-SANT GERVASI,25,Sant Gervasi - la Bonanova,Carrer,MUNTANER,2,496,,,,,,,3,3
05-2023-0092,05,SARRIA-SANT GERVASI,25,Sant Gervasi - la Bonanova,Carrer,CASTANYER,1,5,,,,,,,5,4
05-2023-0093,05,SARRIA-SANT GERVASI,25,Sant Gervasi - la Bonanova,Carrer,CASTANYER,1,5,,,,,,,5,3
05-2023-0252,05,SARRIA-SANT GERVASI,26,Sant Gervasi - Galvany,Carrer,LAFORJA,1,89,,,,,,,5,3
05-2023-0290,05,SARRIA-SANT GERVASI,25,Sant Gervasi - la Bonanova,Carrer,CASTANYER,1,5,,,,,,,5,2
05-2023-0306,05,SARRIA-SANT GERVASI,26,Sant Gervasi - Galvany,Carrer,BALMES,1,327,,329,,,,,PR,2
05-2023-0313,05,SARRIA-SANT GERVASI,26,Sant Gervasi - Galvany,Carrer,BALMES,1,327,,329,,,,,1,4
05-2023-0315,05,SARRIA-SANT GERVASI,26,Sant Gervasi - Galvany,Carrer,BALMES,1,327,,329,,,,,2,2
05-2023-0330,05,SARRIA-SANT GERVASI,26,Sant Gervasi - Galvany,Carrer,BALMES,1,327,,329,,,,,5,2
05-2023-0393,05,SARRIA-SANT GERVASI,25,Sant Gervasi - la Bonanova,Carrer,CASTANYER,1,5,,,,,,,2,3
05-2023-0402,05,SARRIA-SANT GERVASI,25,Sant Gervasi - la Bonanova,Carrer,MUNTANER,2,496,,,,,,,AT,1
05-2023-0410,05,SARRIA-SANT GERVASI,24,les Tres Torres,Carrer,NENA CASAS,2,58,,,,,,,3,
05-2023-0420,05,SARRIA-SANT GERVASI,27,el Putxet i el Farró,Avinguda,REPUBLICA ARGENTINA,1,5,,7,,,,,1,6
05-2023-0427,05,SARRIA-SANT GERVASI,27,el Putxet i el Farró,Avinguda,REPUBLICA ARGENTINA,1,5,,7,,,,,3,1
05-2023-0435,05,SARRIA-SANT GERVASI,27,el Putxet i el Farró,Avinguda,REPUBLICA ARGENTINA,1,5,,7,,,,,4,3
05-2024-0128,05,SARRIA-SANT GERVASI,25,Sant Gervasi - la Bonanova,Carrer,CASTANYER,1,5,,,,,,,2,1
05-2024-0131,05,SARRIA-SANT GERVASI,23,Sarrià,Carrer,BOSCH I GIMPERA,2,26,,,,,,,2,2
06-2008-0191,06,GRACIA,31,la Vila de Gràcia,Carrer,BONAVISTA,2,4,,,,,,,01,3
06-2008-0238,06,GRACIA,32,el Camp d'en Grassot i Gràcia Nova,Carrer,VENTALLO,2,48,,,,,,,03,3
06-2008-0281,06,GRACIA,31,la Vila de Gràcia,Carrer,VERDI,1,53,,55,,,,,01,2
06-2008-0383,06,GRACIA,28,Vallcarca i els Penitents,Carrer,BOLIVAR,1,17,,,,,,,01,3
06-2008-0436,06,GRACIA,31,la Vila de Gràcia,Travessera,GRACIA,1,133,,,,,,,03,1
06-2008-0439,06,GRACIA,31,la Vila de Gràcia,Travessera,GRACIA,1,133,,,,,,,04,2
06-2009-0150,06,GRACIA,31,la Vila de Gràcia,Passeig,GRACIA,1,115,,,,,,,02,3
06-2009-0386,06,GRACIA,31,la Vila de Gràcia,Carrer,TORRENT DE L'OLLA,1,161,,,,,,,04,4
06-2009-0390,06,GRACIA,31,la Vila de Gràcia,Carrer,TORRENT DE L'OLLA,1,161,,,,,,,04,1
06-2009-0402,06,GRACIA,31,la Vila de Gràcia,Carrer,TORRENT DE L'OLLA,1,161,,,,,,,01,1
06-2010-0072,06,GRACIA,31,la Vila de Gràcia,Carrer,GOYA,1,7,,,,,,,02,2
06-2010-0134,06,GRACIA,31,la Vila de Gràcia,Carrer,SANT PERE MARTIR,1,39,,,,,,,02,1
06-2010-0136,06,GRACIA,31,la Vila de Gràcia,Carrer,SANT PERE MARTIR,1,39,,,,,,,02,2
06-2010-0141,06,GRACIA,31,la Vila de Gràcia,Carrer,VIC,2,16,,,,,,,02,4
06-2010-0168,06,GRACIA,31,la Vila de Gràcia,Passeig,GRACIA,2,128,,,,,,,02,2
06-2010-0174,06,GRACIA,31,la Vila de Gràcia,Passeig,GRACIA,2,128,,,,,,,04,2
06-2010-0207,06,GRACIA,31,la Vila de Gràcia,Carrer,MARTINEZ DE LA ROSA,1,51,,,,,,,1,2
06-2010-0213,06,GRACIA,32,el Camp d'en Grassot i Gràcia Nova,Carrer,GRASSOT,2,4,,,,,,,02,1
06-2010-0215,06,GRACIA,32,el Camp d'en Grassot i Gràcia Nova,Carrer,GRASSOT,2,4,,,,,,,02,2
06-2010-0228,06,GRACIA,32,el Camp d'en Grassot i Gràcia Nova,Carrer,GRASSOT,2,4,,,,,,,EN,1
06-2010-0273,06,GRACIA,32,el Camp d'en Grassot i Gràcia Nova,Carrer,NAPOLS,2,290,,,,,,B,05,2
06-2010-0487,06,GRACIA,31,la Vila de Gràcia,Passeig,GRACIA,1,113,,,,,,,01,B
06-2011-0142,06,GRACIA,31,la Vila de Gràcia,Carrer,GRAN DE GRACIA,1,29,,,,,,,03,1B
06-2011-0189,06,GRACIA,31,la Vila de Gràcia,Carrer,LEGALITAT,2,6,,,,,,,03,3
06-2011-0193,06,GRACIA,31,la Vila de Gràcia,Carrer,BONAVISTA,1,3,,5,,,,,PR,2
06-2011-0256,06,GRACIA,32,el Camp d'en Grassot i Gràcia Nova,Carrer,PARE LAINEZ,1,55,,,,,,,02,2
06-2011-0260,06,GRACIA,31,la Vila de Gràcia,Carrer,TORRENT DE L'OLLA,2,176,,,,,,,04,1
06-2012-0103,06,GRACIA,31,la Vila de Gràcia,Carrer,GRAN DE GRACIA,1,205,,,,,,,01,2
06-2012-0151,06,GRACIA,32,el Camp d'en Grassot i Gràcia Nova,Passeig,SANT JOAN,2,162,,,,,,,BJ,
06-2012-0179,06,GRACIA,31,la Vila de Gràcia,Carrer,MARIA,1,7,,,,,,,02,2
06-2012-0195,06,GRACIA,31,la Vila de Gràcia,Carrer,PUIGMARTI,2,48,,,,,,,01,1
06-2012-0251,06,GRACIA,31,la Vila de Gràcia,Carrer,MARIA,2,14,,,,,,,03,
06-2012-0267,06,GRACIA,31,la Vila de Gràcia,Carrer,MARE DEU DELS DESEMPARATS,1,23,,,,,,,EN,1
06-2012-0286,06,GRACIA,31,la Vila de Gràcia,Carrer,SANT SALVADOR,2,20,,,,,,,02,1
06-2012-0314,06,GRACIA,31,la Vila de Gràcia,Carrer,RAMON Y CAJAL,1,69,,71,,,,,BJ,
06-2012-0315,06,GRACIA,31,la Vila de Gràcia,Carrer,RAMON Y CAJAL,1,69,,71,,,,,01,1
06-2012-0317,06,GRACIA,31,la Vila de Gràcia,Carrer,RAMON Y CAJAL,1,69,,71,,,,,01,3
06-2012-0322,06,GRACIA,31,la Vila de Gràcia,Carrer,BRUNIQUER,1,59,,,,,,,AT,4
06-2012-0350,06,GRACIA,32,el Camp d'en Grassot i Gràcia Nova,Carrer,INDUSTRIA,2,42,,,,,,,04,2
06-2012-0371,06,GRACIA,32,el Camp d'en Grassot i Gràcia Nova,Travessera,GRACIA,1,343,,,,,,,3,1
06-2012-0452,06,GRACIA,31,la Vila de Gràcia,Carrer,TORRENT DE L'OLLA,1,33,,,,,,,05,
06-2012-0471,06,GRACIA,31,la Vila de Gràcia,Carrer,AULESTIA I PIJOAN,1,25,,,,,,,BJ,
06-2012-0531,06,GRACIA,32,el Camp d'en Grassot i Gràcia Nova,Carrer,SANT ANTONI MARIA CLARET,1,3,,,,,,,02,1
06-2012-0533,06,GRACIA,29,el Coll,Passeig,MARE DE DEU DEL COLL,2,140,,,,,,,SO,2
06-2012-0545,06,GRACIA,31,la Vila de Gràcia,Carrer,TORDERA,2,8,,,,,,,04,1
06-2012-0571,06,GRACIA,32,el Camp d'en Grassot i Gràcia Nova,Carrer,SANT ANTONI MARIA CLARET,1,3,,,,,,,02,4
06-2012-0587,06,GRACIA,32,el Camp d'en Grassot i Gràcia Nova,Carrer,ENCARNACIO,2,142,,,,,,,01,1
06-2012-0601,06,GRACIA,31,la Vila de Gràcia,Carrer,SANT DOMENEC,1,5,,,,,,,01,1
06-2012-0629,06,GRACIA,30,la Salut,Carrer,LARRARD,1,23,,,,,,,BJ,
06-2012-0640,06,GRACIA,31,la Vila de Gràcia,Carrer,VERDI,2,68,,,,,,,01,
06-2012-0641,06,GRACIA,31,la Vila de Gràcia,Carrer,VERDI,2,68,,,,,,,BJ,
06-2013-0013,06,GRACIA,31,la Vila de Gràcia,Avinguda,RIERA DE CASSOLES,2,2,,,,,,,PR,2
06-2013-0014,06,GRACIA,31,la Vila de Gràcia,Travessera,GRACIA,1,233,,,,,,,01,
06-2013-0088,06,GRACIA,31,la Vila de Gràcia,Carrer,SANT PERE MARTIR,1,21,,,,,,,03,2
06-2013-0090,06,GRACIA,29,el Coll,Carrer,ALDEA,2,16,,,,,,,BJ,
06-2013-0100,06,GRACIA,31,la Vila de Gràcia,Carrer,MARTI,2,76,,,,,,,EN,2
06-2013-0101,06,GRACIA,32,el Camp d'en Grassot i Gràcia Nova,Carrer,BAILEN,2,210,,,,,,,02,2
06-2013-0147,06,GRACIA,32,el Camp d'en Grassot i Gràcia Nova,Passatge,ALIO,2,8,,,,,,,02,
06-2013-0155,06,GRACIA,31,la Vila de Gràcia,Carrer,TORRENT DE L'OLLA,1,49,,,,,,,03,
06-2013-0203,06,GRACIA,31,la Vila de Gràcia,Carrer,TERRASSA,2,8,,,,,,,01,
06-2013-0207,06,GRACIA,31,la Vila de Gràcia,Carrer,RIERA DE SANT MIQUEL,1,49,,,,,,,2,1
06-2013-0208,06,GRACIA,31,la Vila de Gràcia,Carrer,RIERA DE SANT MIQUEL,1,49,,,,,,,2,2
06-2013-0228,06,GRACIA,31,la Vila de Gràcia,Carrer,GRAN DE GRACIA,2,144,,,,,,,03,1
06-2013-0230,06,GRACIA,31,la Vila de Gràcia,Carrer,PERLA,1,25,,,,,,,02,1
06-2013-0244,06,GRACIA,31,la Vila de Gràcia,Carrer,IGUALADA,1,19,,,,,,,EN,3
06-2013-0258,06,GRACIA,31,la Vila de Gràcia,Carrer,SAMSO,2,2,,,,,,,01,3
06-2013-0269,06,GRACIA,31,la Vila de Gràcia,Carrer,PROGRES,1,21,,23,,,,,BJ,1
06-2013-0270,06,GRACIA,32,el Camp d'en Grassot i Gràcia Nova,Carrer,BAILEN,2,222,,,,,,,SA,
06-2013-0274,06,GRACIA,31,la Vila de Gràcia,Carrer,MONTMANY,1,25,,,,,,,01,4
06-2013-0287,06,GRACIA,31,la Vila de Gràcia,Carrer,GRAN DE GRACIA,2,16,,,,,,,03,2
06-2013-0306,06,GRACIA,31,la Vila de Gràcia,Carrer,LLIBERTAT,1,43,,,,,,,02,1
06-2013-0326,06,GRACIA,32,el Camp d'en Grassot i Gràcia Nova,Carrer,ROGER DE FLOR,1,241,,,,,,,02,3
06-2013-0378,06,GRACIA,31,la Vila de Gràcia,Carrer,JOAN BLANQUES,1,67,,69,,,,,03,1
06-2013-0380,06,GRACIA,31,la Vila de Gràcia,Carrer,JOAN BLANQUES,1,67,,69,,,,,03,3
06-2013-0381,06,GRACIA,31,la Vila de Gràcia,Carrer,JOAN BLANQUES,1,67,,69,,,,,EN,1
06-2013-0408,06,GRACIA,32,el Camp d'en Grassot i Gràcia Nova,Carrer,GRASSOT,2,44,,,,,,,04,1
06-2013-0415,06,GRACIA,31,la Vila de Gràcia,Carrer,MILA I FONTANALS,1,55,,,,,,,02,2
06-2013-0434,06,GRACIA,31,la Vila de Gràcia,Carrer,RAMON Y CAJAL,1,5,,,,,,,BJ,2
06-2013-0442,06,GRACIA,31,la Vila de Gràcia,Carrer,SORS,2,14,,,,,,,03,1
06-2013-0454,06,GRACIA,31,la Vila de Gràcia,Carrer,GRAN DE GRACIA,2,54,,,,,,,PR,2
06-2013-0455,06,GRACIA,31,la Vila de Gràcia,Carrer,TORRENT DE L'OLLA,1,137,,,,,,,01,2
06-2013-0494,06,GRACIA,31,la Vila de Gràcia,Carrer,GRAN DE GRACIA,2,138,,,,,,,01,2
06-2013-0509,06,GRACIA,31,la Vila de Gràcia,Carrer,TORDERA,1,23,,,,,,,01,1
06-2013-0542,06,GRACIA,31,la Vila de Gràcia,Carrer,MONTSENY,1,15,,,,,,,BJ,1
06-2013-0576,06,GRACIA,32,el Camp d'en Grassot i Gràcia Nova,Carrer,VENTALLO,2,48,,,,,,,AT,1
06-2013-0666,06,GRACIA,32,el Camp d'en Grassot i Gràcia Nova,Passatge,ALIO,1,29,,,,,,,BJ,
06-2013-0702,06,GRACIA,31,la Vila de Gràcia,Carrer,TORRENT DE LES FLORS,1,115,,,,,,,01,2
06-2014-0010,06,GRACIA,31,la Vila de Gràcia,Carrer,GRAN DE GRACIA,2,152,,154,,,,,02,1
06-2014-0012,06,GRACIA,30,la Salut,Passatge,SANT JOSEP DE LA MUNTANYA,1,15,,,,,,,,
06-2014-0056,06,GRACIA,32,el Camp d'en Grassot i Gràcia Nova,Carrer,CORSEGA,1,523,,,,,,,04,2
06-2014-0080,06,GRACIA,31,la Vila de Gràcia,Carrer,ASTURIES,1,87,,,,,,,01,1
06-2014-0114,06,GRACIA,31,la Vila de Gràcia,Carrer,TORRENT DE L'OLLA,2,186,,,,,,,AT,3
06-2014-0123,06,GRACIA,31,la Vila de Gràcia,Carrer,LLIBERTAT,1,15,,,,,,,3,2
06-2014-0135,06,GRACIA,31,la Vila de Gràcia,Carrer,BERGA,2,34,,,,,,,03,1
06-2014-0189,06,GRACIA,31,la Vila de Gràcia,Carrer,CAMPRODON,1,23,,,,,,,01,4
06-2014-0193,06,GRACIA,31,la Vila de Gràcia,Carrer,CAMPRODON,1,23,,,,,,,PR,4
06-2014-0212,06,GRACIA,31,la Vila de Gràcia,Carrer,FRATERNITAT,2,42,,,,,,,BJ,
06-2014-0219,06,GRACIA,31,la Vila de Gràcia,Carrer,TORRENT DE L'OLLA,2,114,,,,,,,BJ,1
06-2014-0225,06,GRACIA,31,la Vila de Gràcia,Carrer,SANTA MAGDALENA,1,13,,,,,,,3,2
06-2014-0230,06,GRACIA,31,la Vila de Gràcia,Avinguda,DIAGONAL,2,478,,,,,,,PR,1
06-2014-0234,06,GRACIA,31,la Vila de Gràcia,Avinguda,DIAGONAL,2,478,,,,,,,01,2
06-2014-0235,06,GRACIA,31,la Vila de Gràcia,Avinguda,DIAGONAL,2,478,,,,,,,02,1
06-2014-0242,06,GRACIA,31,la Vila de Gràcia,Avinguda,DIAGONAL,2,478,,,,,,,05,1
06-2014-0262,06,GRACIA,30,la Salut,Avinguda,COLL DEL PORTELL,1,57,,,,,,,AT,1
06-2014-0269,06,GRACIA,30,la Salut,Avinguda,COLL DEL PORTELL,1,57,,,,,,,EN,3
06-2014-0290,06,GRACIA,31,la Vila de Gràcia,Carrer,BRUNIQUER,1,65,,,,,,,04,
06-2014-0297,06,GRACIA,31,la Vila de Gràcia,Carrer,FRANCISCO GINER,1,19,,,,,,,BJ,
06-2014-0307,06,GRACIA,32,el Camp d'en Grassot i Gràcia Nova,Carrer,MARTI,2,108,,,,,,,04,3
06-2014-0361,06,GRACIA,31,la Vila de Gràcia,Carrer,FRANCISCO GINER,1,49,,,,,,,AT,2
06-2014-0380,06,GRACIA,31,la Vila de Gràcia,Travessia,SANT ANTONI,1,5,,,,,,,01,
06-2014-0394,06,GRACIA,31,la Vila de Gràcia,Carrer,VERDI,1,111,,,,,,,1,2
06-2014-0400,06,GRACIA,31,la Vila de Gràcia,Carrer,MARIA,2,2,,4,,,,,04,1
06-2014-0413,06,GRACIA,31,la Vila de Gràcia,Carrer,SANT AGUSTI,2,10,,,,,,,PR,1
06-2014-0427,06,GRACIA,32,el Camp d'en Grassot i Gràcia Nova,Carrer,VENTALLO,2,32,,,,,,,01,1
06-2014-0430,06,GRACIA,31,la Vila de Gràcia,Carrer,CORSEGA,1,367,,,,,,,PR,4
06-2014-0433,06,GRACIA,31,la Vila de Gràcia,Carrer,CORSEGA,1,367,,,,,,,PR,3
06-2014-0434,06,GRACIA,31,la Vila de Gràcia,Carrer,CORSEGA,1,367,,,,,,,PR,2
06-2014-0468,06,GRACIA,28,Vallcarca i els Penitents,Passatge,MONTORNES,2,12,,,,,,,BJ,
06-2014-0528,06,GRACIA,31,la Vila de Gràcia,Carrer,PROVIDENCIA,2,12,,,,,,,02,
06-2014-0532,06,GRACIA,31,la Vila de Gràcia,Carrer,VERDI,1,13,,,,,,,AT,1
06-2014-0553,06,GRACIA,31,la Vila de Gràcia,Carrer,RIERA DE SANT MIQUEL,1,15,,,,,,,2,1
06-2014-0664,06,GRACIA,28,Vallcarca i els Penitents,Carrer,BARO DE LA BARRE,2,40,,,,,,,BJ,
06-2014-0722,06,GRACIA,28,Vallcarca i els Penitents,Carrer,SANT EUDALD,2,4,,,,,,,BJ,
06-2014-0723,06,GRACIA,28,Vallcarca i els Penitents,Carrer,SANT EUDALD,2,4,,,,,,,01,
06-2023-0104,06,GRACIA,31,la Vila de Gràcia,Carrer,LLIBERTAT,1,33,B,,,,,,1,2
06-2023-0264,06,GRACIA,31,la Vila de Gràcia,Carrer,ASTURIES,1,87,,,,,,,BJ,2
06-2023-0340,06,GRACIA,31,la Vila de Gràcia,Carrer,SANTA ROSA,2,10,,,,,,,1,1
06-2023-0341,06,GRACIA,31,la Vila de Gràcia,Carrer,SANTA ROSA,2,10,,,,,,,3,2
06-2024-0033,06,GRACIA,31,la Vila de Gràcia,Carrer,OR,1,19,,,,,,,2,2
07-2008-0258,07,HORTA-GUINARDÓ,33,el Baix Guinardó,Travessera,GRACIA,1,441,,,,,,,4,2
07-2009-0171,07,HORTA-GUINARDÓ,33,el Baix Guinardó,Travessera,GRACIA,1,441,,443,,,,,5,1
07-2009-0185,07,HORTA-GUINARDÓ,33,el Baix Guinardó,Travessera,GRACIA,1,441,,,,,,,2,1
07-2012-0020,07,HORTA-GUINARDÓ,35,el Guinardó,Passatge,FLAUGIER,1,39,,,,,,,1,2
07-2012-0051,07,HORTA-GUINARDÓ,37,el Carmel,Carrer,SANTUARI,1,23,,25,,,,,,
07-2012-0096,07,HORTA-GUINARDÓ,35,el Guinardó,Passatge,FLAUGIER,1,39,,,,,,,BJ,2
07-2012-0127,07,HORTA-GUINARDÓ,37,el Carmel,Carrer,CALDERON DE LA BARCA,2,112,,114,,,,,1,2
07-2012-0136,07,HORTA-GUINARDÓ,37,el Carmel,Carrer,CALDERON DE LA BARCA,2,112,,114,,,,,4,3
07-2012-0199,07,HORTA-GUINARDÓ,35,el Guinardó,Carrer,TELEGRAF,1,19,,21,,,,,1,1
07-2012-0201,07,HORTA-GUINARDÓ,35,el Guinardó,Carrer,TELEGRAF,1,19,,21,,,,,1,3
07-2012-0204,07,HORTA-GUINARDÓ,35,el Guinardó,Carrer,TELEGRAF,1,19,,21,,,,,2,2
07-2012-0256,07,HORTA-GUINARDÓ,38,la Teixonera,Carrer,LORDA,2,6,,8,,,,,SA,1
07-2013-0020,07,HORTA-GUINARDÓ,33,el Baix Guinardó,Carrer,SANTA CAROLINA,2,60,,,,,,,EN,1
07-2013-0174,07,HORTA-GUINARDÓ,33,el Baix Guinardó,Travessera,GRACIA,2,364,,,,,,,3,B
07-2013-0191,07,HORTA-GUINARDÓ,43,Horta,Carrer,CIENCIES,1,3,,,,,,,02,06
07-2013-0252,07,HORTA-GUINARDÓ,37,el Carmel,Carrer,CALDERON DE LA BARCA,1,107,,109,,,,,2,1B
07-2014-0063,07,HORTA-GUINARDÓ,35,el Guinardó,Carrer,ART,2,30,,,,,,,1,1
07-2014-0073,07,HORTA-GUINARDÓ,33,el Baix Guinardó,Carrer,CARTAGENA,1,327,,,,,,,AT,03
07-2014-0141,07,HORTA-GUINARDÓ,35,el Guinardó,Passatge,GARCIA CAMBRA,1,7,,,,,,,,
07-2014-0154,07,HORTA-GUINARDÓ,35,el Guinardó,Avinguda,MARE DE DEU DE MONTSERRAT,1,105,,,,,,A,AT,2
07-2014-0161,07,HORTA-GUINARDÓ,34,Can Baró,Avinguda,CAN BARO,1,3,,,,,,,1,3
07-2014-0165,07,HORTA-GUINARDÓ,33,el Baix Guinardó,Carrer,CAMELIES,1,67,,,,,,,3,2
07-2014-0176,07,HORTA-GUINARDÓ,38,la Teixonera,Carrer,FASTENRATH,2,108,,,,,,,BJ,3
07-2014-0194,07,HORTA-GUINARDÓ,35,el Guinardó,Carrer,ARC DE SANT MARTI,1,77,,,,,,,AT,2
07-2014-0198,07,HORTA-GUINARDÓ,39,Sant Genís dels Agudells,Carrer,SALDES,1,33,,,,,,,,
07-2014-0201,07,HORTA-GUINARDÓ,35,el Guinardó,Passeig,MARAGALL,1,161,,165,,,,,2,4
07-2014-0206,07,HORTA-GUINARDÓ,33,el Baix Guinardó,Ronda,GUINARDO,1,55,,,,,,,7,1
07-2014-0237,07,HORTA-GUINARDÓ,37,el Carmel,Carrer,SANT DALMIR,2,2,,,,,,,BJ,7
07-2014-0249,07,HORTA-GUINARDÓ,34,Can Baró,Carrer,VALLSECA,2,26,,,,,,,1,1
07-2014-0260,07,HORTA-GUINARDÓ,35,el Guinardó,Avinguda,MARE DE DEU DE MONTSERRAT,2,196,,,,,,,AT,
07-2014-0262,07,HORTA-GUINARDÓ,35,el Guinardó,Avinguda,MARE DE DEU DE MONTSERRAT,1,137,,,,,,,1,4
07-2014-0269,07,HORTA-GUINARDÓ,34,Can Baró,Carrer,JOSEP SERRANO,2,56,,,,,,,2,
07-2014-0302,07,HORTA-GUINARDÓ,35,el Guinardó,Passatge,LLIVIA,1,49,,51,,,,,4,
07-2014-0314,07,HORTA-GUINARDÓ,34,Can Baró,Carrer,BISMARCK,1,25,,,,,,,AT,1
07-2014-0334,07,HORTA-GUINARDÓ,37,el Carmel,Carrer,GRAN VISTA,1,127,,,,,,,1,1
07-2014-0335,07,HORTA-GUINARDÓ,37,el Carmel,Carrer,GRAN VISTA,1,127,,,,,,,1,2
07-2014-0345,07,HORTA-GUINARDÓ,35,el Guinardó,Carrer,VINYALS,2,10,,12,,,,,BJ,
07-2014-0353,07,HORTA-GUINARDÓ,35,el Guinardó,Carrer,AMILCAR,2,166,,,,,,,BJ,
07-2014-0357,07,HORTA-GUINARDÓ,39,Sant Genís dels Agudells,Carrer,SAGAS,1,25,,,,,,,BJ,
07-2023-0101,07,HORTA-GUINARDÓ,33,el Baix Guinardó,Travessera,GRACIA,1,429,,,,,,,4,1
07-2023-0102,07,HORTA-GUINARDÓ,33,el Baix Guinardó,Travessera,GRACIA,1,429,,,,,,,3,1
07-2023-0104,07,HORTA-GUINARDÓ,33,el Baix Guinardó,Travessera,GRACIA,1,429,,,,,,,1,2
08-2012-0139,08,NOU BARRIS,52,la Prosperitat,Carrer,CONVENI,2,6,,,,,,C,BJ,1
08-2019-0096,08,NOU BARRIS,45,Porta,Passeig,FABRA I PUIG,2,192,,,,,,,1,1
09-2012-0122,09,SANT ANDREU,61,la Sagrera,Carrer,PACIFIC,1,23,,27,,,,,BJ,3
09-2012-0236,09,SANT ANDREU,60,Sant Andreu,Passeig,SANTA COLOMA,1,37,,,,,,,08,3
09-2012-0271,09,SANT ANDREU,61,la Sagrera,Carrer,CORTIT,1,11,,19,,,,,BJ,3
09-2013-0010,09,SANT ANDREU,60,Sant Andreu,Avinguda,MERIDIANA,2,556,,558,,,,,02,4
09-2013-0135,09,SANT ANDREU,60,Sant Andreu,Carrer,SANTA MARTA,2,10,,,,,,,BJ,
09-2014-0115,09,SANT ANDREU,57,la Trinitat Vella,Carrer,PARE MANJON,1,13,,,,,,,01,
09-2014-0154,09,SANT ANDREU,63,Navas,Carrer,MURCIA,1,51,,,,,,A,06,1
09-2014-0214,09,SANT ANDREU,61,la Sagrera,Carrer,PALENCIA,1,43,,45,,,,B,03,2
09-2014-0297,09,SANT ANDREU,62,el Congrés i els Indians,Carrer,JORDI DE SANT JORDI,1,1,,,,,,,1,4
09-2022-0077,09,SANT ANDREU,59,el Bon Pastor,Carrer,ESTADELLA,2,90,,,,,,,4,3
09-2023-0216,09,SANT ANDREU,63,Navas,Carrer,LAS NAVAS DE TOLOSA,1,379,,,,,,,2,B
09-2023-0218,09,SANT ANDREU,63,Navas,Carrer,LAS NAVAS DE TOLOSA,1,379,,,,,,,3,B
10-2008-0261,10,SANT MARTI,64,el Camp de l'Arpa del Clot,Carrer,INDEPENDENCIA,2,350,,,,,,,3,
10-2008-0311,10,SANT MARTI,64,el Camp de l'Arpa del Clot,Carrer,MALLORCA,2,534,,,,,,,01,
10-2008-0312,10,SANT MARTI,64,el Camp de l'Arpa del Clot,Carrer,MALLORCA,2,534,,,,,,,03,
10-2008-0448,10,SANT MARTI,68,el Poblenou,Carrer,BAC DE RODA,1,63,,,,,,,05,3
10-2008-0503,10,SANT MARTI,64,el Camp de l'Arpa del Clot,Carrer,CORUNYA,2,20,,,,,,,AT,2
10-2008-0591,10,SANT MARTI,64,el Camp de l'Arpa del Clot,Carrer,ARAGO,1,565,,,,,,,04,2
10-2008-0626,10,SANT MARTI,64,el Camp de l'Arpa del Clot,Carrer,INDEPENDENCIA,1,287,,,,,,,01,1
10-2008-0627,10,SANT MARTI,64,el Camp de l'Arpa del Clot,Carrer,INDEPENDENCIA,1,287,,,,,,,03,2
10-2008-0633,10,SANT MARTI,64,el Camp de l'Arpa del Clot,Carrer,INDEPENDENCIA,1,287,,,,,,,04,2
10-2008-0685,10,SANT MARTI,69,Diagonal Mar i el Front Marítim del Poblenou,Passeig,TAULAT,1,231,,,,,,E,04,3
10-2008-0715,10,SANT MARTI,64,el Camp de l'Arpa del Clot,Carrer,INDUSTRIA,2,198,,,,,,,05,2
10-2008-0716,10,SANT MARTI,64,el Camp de l'Arpa del Clot,Carrer,INDUSTRIA,2,198,,,,,,,01,1
10-2009-0072,10,SANT MARTI,69,Diagonal Mar i el Front Marítim del Poblenou,Carrer,PELLAIRES,1,25,,,,,,,BJ,C
10-2009-0139,10,SANT MARTI,67,la Vila Olímpica del Poblenou,Carrer,DOCTOR TRUETA,1,11,,,,,,,08,1
10-2009-0194,10,SANT MARTI,68,el Poblenou,Passatge,PIQUER,2,2,,6,,,,,03,3
10-2009-0333,10,SANT MARTI,64,el Camp de l'Arpa del Clot,Carrer,INDEPENDENCIA,1,297,,299,,,,,05,3
10-2009-0346,10,SANT MARTI,67,la Vila Olímpica del Poblenou,Carrer,SALVADOR ESPRIU,1,79,,,,,,,BJ,B
10-2010-0064,10,SANT MARTI,66,el Parc i la Llacuna del Poblenou,Carrer,BUENAVENTURA MUÑOZ,2,18,,,,,,,EN,1
10-2010-0189,10,SANT MARTI,71,Provençals del Poblenou,Carrer,PERE IV,2,344,,346,,,,,3,2
10-2010-0308,10,SANT MARTI,64,el Camp de l'Arpa del Clot,Carrer,ROGENT,2,100,,,,,,,05,1
10-2010-0364,10,SANT MARTI,68,el Poblenou,Carrer,AMISTAT,2,44,,,,,,,01,3
10-2010-0474,10,SANT MARTI,68,el Poblenou,Carrer,MARIA AGUILO,2,96,,,,,,,01,2
10-2010-0486,10,SANT MARTI,68,el Poblenou,Carrer,FERROCARRIL,1,27,,,,,,1,05,4
10-2010-0571,10,SANT MARTI,64,el Camp de l'Arpa del Clot,Carrer,FRESER,2,78,,,,,,,03,
10-2010-0607,10,SANT MARTI,69,Diagonal Mar i el Front Marítim del Poblenou,Carrer,SELVA DE MAR,2,16,,,,,,C,02,2
10-2010-0609,10,SANT MARTI,69,Diagonal Mar i el Front Marítim del Poblenou,Carrer,SELVA DE MAR,2,18,,,,,,,16,1
10-2010-0611,10,SANT MARTI,69,Diagonal Mar i el Front Marítim del Poblenou,Carrer,SELVA DE MAR,2,10,,,,,,,01,2
10-2010-0613,10,SANT MARTI,69,Diagonal Mar i el Front Marítim del Poblenou,Passeig,GARCIA FARIA,1,81,,,,,,,17,6
10-2011-0219,10,SANT MARTI,68,el Poblenou,Passeig,CALVELL,1,45,,,,,,B,06,3
10-2011-0220,10,SANT MARTI,68,el Poblenou,Rambla,POBLENOU,2,20,,,,,,,03,1
10-2011-0460,10,SANT MARTI,68,el Poblenou,Passatge,PIQUER,2,2,,6,,,,,04,3
10-2011-0529,10,SANT MARTI,64,el Camp de l'Arpa del Clot,Carrer,INDUSTRIA,1,201,,203,,,,,02,1
10-2012-0103,10,SANT MARTI,67,la Vila Olímpica del Poblenou,Carrer,MARINA,2,70,,,,,,,3,1
10-2012-0159,10,SANT MARTI,64,el Camp de l'Arpa del Clot,Carrer,INDUSTRIA,1,201,,203,,,,,01,1
10-2012-0194,10,SANT MARTI,68,el Poblenou,Carrer,FERROCARRIL,1,27,,,,,,,04,7
10-2012-0288,10,SANT MARTI,72,Sant Martí de Provençals,Carrer,ANDRADE,2,80,,82,,,,,02,1
10-2012-0338,10,SANT MARTI,64,el Camp de l'Arpa del Clot,Carrer,CORSEGA,1,703,,,,,,,BJ,3
10-2012-0345,10,SANT MARTI,64,el Camp de l'Arpa del Clot,Carrer,CORSEGA,1,703,,,,,,,2,2
10-2012-0364,10,SANT MARTI,68,el Poblenou,Avinguda,ICARIA,1,217,,,,,,,EN,1
10-2012-0370,10,SANT MARTI,67,la Vila Olímpica del Poblenou,Carrer,SALVADOR ESPRIU,1,37,,,,,,,03,1
10-2012-0378,10,SANT MARTI,67,la Vila Olímpica del Poblenou,Avinguda,ICARIA,1,137,,,,,,,01,2
10-2012-0394,10,SANT MARTI,68,el Poblenou,Carrer,TAULAT,1,33,,35,,,,,10,2
10-2012-0425,10,SANT MARTI,64,el Camp de l'Arpa del Clot,Carrer,INDEPENDENCIA,1,317,,,,,,,3,1
10-2012-0468,10,SANT MARTI,67,la Vila Olímpica del Poblenou,Carrer,ROSA SENSAT,2,40,,,,,,1,03,3
10-2012-0479,10,SANT MARTI,69,Diagonal Mar i el Front Marítim del Poblenou,Carrer,SELVA DE MAR,2,6,,,,,,,2,1
10-2012-0480,10,SANT MARTI,69,Diagonal Mar i el Front Marítim del Poblenou,Passeig,GARCIA FARIA,1,75,,,,,,A,09,2
10-2012-0501,10,SANT MARTI,66,el Parc i la Llacuna del Poblenou,Carrer,NAPOLS,1,9,,11,,,,,04,4
10-2012-0506,10,SANT MARTI,64,el Camp de l'Arpa del Clot,Carrer,NACIO,2,18,,,,,,,3,
10-2012-0543,10,SANT MARTI,64,el Camp de l'Arpa del Clot,Carrer,INDEPENDENCIA,1,317,,,,,,,6,3
10-2012-0563,10,SANT MARTI,69,Diagonal Mar i el Front Marítim del Poblenou,Passeig,GARCIA FARIA,1,75,,,,,,A,15,3
10-2012-0566,10,SANT MARTI,69,Diagonal Mar i el Front Marítim del Poblenou,Passeig,GARCIA FARIA,1,57,,,,,,,10,4
10-2012-0569,10,SANT MARTI,67,la Vila Olímpica del Poblenou,Carrer,SALVADOR ESPRIU,1,25,,,,,,,06,1
10-2012-0590,10,SANT MARTI,69,Diagonal Mar i el Front Marítim del Poblenou,Passeig,TAULAT,2,146,,148,,,,,01,1
10-2012-0601,10,SANT MARTI,67,la Vila Olímpica del Poblenou,Carrer,ARQUITECTE SERT,2,14,,,,,,,03,1
10-2012-0618,10,SANT MARTI,68,el Poblenou,Rambla,POBLENOU,2,68,,,,,,,02,1
10-2012-0628,10,SANT MARTI,68,el Poblenou,Carrer,VIDAL I DE VALENCIANO,1,7,,,,,,,01,1
10-2012-0638,10,SANT MARTI,68,el Poblenou,Carrer,DOCTOR TRUETA,1,175,,,,,,,01,7
10-2012-0644,10,SANT MARTI,65,el Clot,Avinguda,MERIDIANA,1,109,,,,,,,BJ,2
10-2012-0672,10,SANT MARTI,69,Diagonal Mar i el Front Marítim del Poblenou,Passeig,GARCIA FARIA,1,75,,,,,,,4,8
10-2012-0726,10,SANT MARTI,68,el Poblenou,Carrer,TAULAT,1,61,,,,,,,BJ,1
10-2013-0068,10,SANT MARTI,66,el Parc i la Llacuna del Poblenou,Carrer,ALABA,2,156,,,,,,,SA,1
10-2013-0082,10,SANT MARTI,68,el Poblenou,Carrer,FERROCARRIL,1,27,,,,,,1,BJ,1
10-2013-0085,10,SANT MARTI,68,el Poblenou,Carrer,FERROCARRIL,1,27,,,,,,1,03,4
10-2013-0090,10,SANT MARTI,67,la Vila Olímpica del Poblenou,Carrer,PAMPLONA,1,45,,,,,,,01,10
10-2013-0106,10,SANT MARTI,68,el Poblenou,Passeig,CALVELL,1,45,,,,,,B,03,2
10-2013-0107,10,SANT MARTI,68,el Poblenou,Passeig,CALVELL,1,45,,,,,,B,03,3
10-2013-0114,10,SANT MARTI,67,la Vila Olímpica del Poblenou,Avinguda,ICARIA,2,134,,,,,,,05,2
10-2013-0265,10,SANT MARTI,66,el Parc i la Llacuna del Poblenou,Passatge,ALI BEI,1,7,,,,,,,AT,1
10-2013-0290,10,SANT MARTI,67,la Vila Olímpica del Poblenou,Carrer,DOCTOR TRUETA,1,45,,47,,,,,01,1
10-2013-0375,10,SANT MARTI,67,la Vila Olímpica del Poblenou,Plaça,TIRANT LO BLANC,2,8,,,,,,,3,1
10-2013-0376,10,SANT MARTI,68,el Poblenou,Carrer,LOPE DE VEGA,2,58,,,,,,,02,2
10-2013-0412,10,SANT MARTI,64,el Camp de l'Arpa del Clot,Carrer,INDUSTRIA,2,276,B,280,,,,,03,5
10-2013-0477,10,SANT MARTI,68,el Poblenou,Passeig,CALVELL,1,45,,,,,,D,01,3
10-2013-0481,10,SANT MARTI,68,el Poblenou,Passeig,CALVELL,1,45,,,,,,D,05,1
10-2013-0488,10,SANT MARTI,66,el Parc i la Llacuna del Poblenou,Carrer,PAMPLONA,1,59,,,,,,,3,3
10-2013-0494,10,SANT MARTI,65,el Clot,Carrer,ARAGO,2,604,,,,,,,EN,2
10-2013-0496,10,SANT MARTI,65,el Clot,Carrer,ARAGO,2,604,,,,,,,EN,4
10-2013-0515,10,SANT MARTI,64,el Camp de l'Arpa del Clot,Carrer,CORSEGA,1,703,,,,,,,1,2
10-2013-0541,10,SANT MARTI,67,la Vila Olímpica del Poblenou,Plaça,TIRANT LO BLANC,2,8,,,,,,,05,2
10-2013-0605,10,SANT MARTI,67,la Vila Olímpica del Poblenou,Carrer,ROSA SENSAT,1,27,,,,,,,04,2
10-2013-0709,10,SANT MARTI,68,el Poblenou,Carrer,PERE IV,2,240,,242,,,,,04,4
10-2013-0716,10,SANT MARTI,67,la Vila Olímpica del Poblenou,Carrer,MOSCOU,2,36,,,,,,,02,1
10-2013-0725,10,SANT MARTI,69,Diagonal Mar i el Front Marítim del Poblenou,Passeig,GARCIA FARIA,1,57,,,,,,,2,2
10-2013-0727,10,SANT MARTI,67,la Vila Olímpica del Poblenou,Carrer,RAMON TURRO,2,52,,54,,,,,01,1
10-2013-0738,10,SANT MARTI,66,el Parc i la Llacuna del Poblenou,Carrer,TANGER,2,46,,,,,,,07,2
10-2013-0750,10,SANT MARTI,64,el Camp de l'Arpa del Clot,Carrer,MALLORCA,2,538,,,,,,,BJ,
10-2013-0774,10,SANT MARTI,68,el Poblenou,Carrer,MARIA AGUILO,1,123,,,,,,,AT,
10-2013-0797,10,SANT MARTI,70,el Besòs i el Maresme,Carrer,VENEÇUELA,2,162,,,,,,,EN,1
10-2013-0812,10,SANT MARTI,68,el Poblenou,Carrer,PUJADES,2,244,,,,,,,PR,2
10-2013-0816,10,SANT MARTI,70,el Besòs i el Maresme,Carrer,LLULL,1,465,,,,,,,10,5
10-2013-0817,10,SANT MARTI,70,el Besòs i el Maresme,Carrer,JAUME FABRE,2,2,,,,,,,11,3
10-2013-0829,10,SANT MARTI,64,el Camp de l'Arpa del Clot,Carrer,FRESER,2,78,,,,,,,01,1
10-2013-0851,10,SANT MARTI,69,Diagonal Mar i el Front Marítim del Poblenou,Passeig,TAULAT,1,223,,,,,,A,03,1
10-2013-0857,10,SANT MARTI,65,el Clot,Gran Via,CORTS CATALANES,1,839,,,,,,B,09,2
10-2014-0001,10,SANT MARTI,67,la Vila Olímpica del Poblenou,Carrer,SALVADOR ESPRIU,1,79,,,,,,,06,1
10-2014-0056,10,SANT MARTI,66,el Parc i la Llacuna del Poblenou,Carrer,AVILA,1,157,,,,,,,02,2
10-2014-0066,10,SANT MARTI,64,el Camp de l'Arpa del Clot,Carrer,INDEPENDENCIA,2,362,,,,,,,5,2
10-2014-0081,10,SANT MARTI,68,el Poblenou,Carrer,BADAJOZ,2,10,,,,,,,EN,
10-2014-0082,10,SANT MARTI,71,Provençals del Poblenou,Avinguda,DIAGONAL,2,98,,100,,,,,03,4
10-2014-0087,10,SANT MARTI,67,la Vila Olímpica del Poblenou,Carrer,ARQUITECTE SERT,2,10,,,,,,,06,2
10-2014-0120,10,SANT MARTI,64,el Camp de l'Arpa del Clot,Carrer,VALENCIA,1,549,,,,,,,03,2
10-2014-0131,10,SANT MARTI,68,el Poblenou,Passeig,CALVELL,1,27,,29,,,,,BJ,1
10-2014-0142,10,SANT MARTI,66,el Parc i la Llacuna del Poblenou,Avinguda,MERIDIANA,1,19,,,,,,,EN,2
10-2014-0151,10,SANT MARTI,68,el Poblenou,Passatge,MAS DE RODA,2,26,,,,,,B,1,6
10-2014-0163,10,SANT MARTI,68,el Poblenou,Carrer,PUJADES,1,219,,,,,,,05,3
10-2014-0184,10,SANT MARTI,71,Provençals del Poblenou,Carrer,CRISTOBAL DE MOURA,2,96,,,,,,,01,2
10-2014-0194,10,SANT MARTI,68,el Poblenou,Carrer,TAULAT,1,87,,,,,,,04,2
10-2014-0208,10,SANT MARTI,66,el Parc i la Llacuna del Poblenou,Carrer,NAPOLS,1,31,,,,,,,01,4
10-2014-0214,10,SANT MARTI,65,el Clot,Carrer,INDEPENDENCIA,1,251,,,,,,,01,1
10-2014-0215,10,SANT MARTI,65,el Clot,Carrer,INDEPENDENCIA,1,251,,,,,,,01,2
10-2014-0265,10,SANT MARTI,66,el Parc i la Llacuna del Poblenou,Carrer,PERE IV,1,121,,,,,,,02,2
10-2014-0285,10,SANT MARTI,68,el Poblenou,Carrer,TAULAT,1,7,,,,A,,D,02,2
10-2014-0310,10,SANT MARTI,68,el Poblenou,Carrer,MARIA AGUILO,1,131,,,,,,,03,2
10-2014-0326,10,SANT MARTI,68,el Poblenou,Carrer,ESPRONCEDA,2,88,,,,,,,BJ,
10-2014-0331,10,SANT MARTI,65,el Clot,Carrer,INDEPENDENCIA,1,251,,,,,,,02,2
10-2014-0349,10,SANT MARTI,70,el Besòs i el Maresme,Carrer,FERRER BASSA,2,30,,,,,,,02,1
10-2014-0350,10,SANT MARTI,66,el Parc i la Llacuna del Poblenou,Carrer,MARINA,1,75,,,,,,,03,3
10-2014-0385,10,SANT MARTI,70,el Besòs i el Maresme,Carrer,TARENT,2,2,,,,,,,04,4
10-2014-0387,10,SANT MARTI,64,el Camp de l'Arpa del Clot,Carrer,INDUSTRIA,1,207,,,,,,,01,1
10-2014-0392,10,SANT MARTI,68,el Poblenou,Carrer,LLATZERET,2,14,,,,,,,BJ,2
10-2014-0413,10,SANT MARTI,68,el Poblenou,Carrer,BAC DE RODA,1,69,,,,,,,03,5
10-2014-0424,10,SANT MARTI,68,el Poblenou,Carrer,FERROCARRIL,1,27,,,,,,,2,6
10-2014-0427,10,SANT MARTI,68,el Poblenou,Rambla,POBLENOU,2,16,,,,,,,01,4
10-2014-0438,10,SANT MARTI,66,el Parc i la Llacuna del Poblenou,Carrer,PERE IV,2,44,,46,,,,,02,2
10-2014-0445,10,SANT MARTI,66,el Parc i la Llacuna del Poblenou,Carrer,PERE IV,2,44,,46,,,,,4,4
10-2014-0460,10,SANT MARTI,64,el Camp de l'Arpa del Clot,Carrer,INDUSTRIA,2,204,,,,,,,02,1
10-2014-0470,10,SANT MARTI,68,el Poblenou,Carrer,RAMON TURRO,2,142,,,,,,,02,2
10-2014-0477,10,SANT MARTI,69,Diagonal Mar i el Front Marítim del Poblenou,Avinguda,DIAGONAL,2,66,,,,,,,01,1
10-2014-0487,10,SANT MARTI,68,el Poblenou,Rambla,POBLENOU,2,16,,,,,,,03,3
10-2014-0500,10,SANT MARTI,66,el Parc i la Llacuna del Poblenou,Carrer,MARINA,2,104,,,,,,,01,3
10-2014-0511,10,SANT MARTI,64,el Camp de l'Arpa del Clot,Carrer,INDUSTRIA,1,213,,,,,,,1,3
10-2014-0513,10,SANT MARTI,64,el Camp de l'Arpa del Clot,Carrer,INDUSTRIA,1,213,,,,,,,1,4
10-2014-0532,10,SANT MARTI,64,el Camp de l'Arpa del Clot,Carrer,INDUSTRIA,1,213,,,,,,,04,1
10-2014-0552,10,SANT MARTI,64,el Camp de l'Arpa del Clot,Carrer,INDUSTRIA,1,213,,,,,,,06,3
10-2014-0560,10,SANT MARTI,68,el Poblenou,Passeig,CALVELL,1,45,,,,,,C,03,3
10-2014-0563,10,SANT MARTI,68,el Poblenou,Passeig,CALVELL,1,45,,,,,,C,3,5
10-2014-0565,10,SANT MARTI,68,el Poblenou,Passeig,CALVELL,1,45,,,,,,C,4,5
10-2014-0566,10,SANT MARTI,68,el Poblenou,Passeig,CALVELL,1,45,,,,,,C,06,2
10-2014-0650,10,SANT MARTI,68,el Poblenou,Carrer,RAMON TURRO,2,226,,,,,,,01,2
10-2014-0659,10,SANT MARTI,68,el Poblenou,Carrer,RAMON TURRO,2,226,,,,,,,03,2
10-2014-0660,10,SANT MARTI,68,el Poblenou,Carrer,RAMON TURRO,2,226,,,,,,,06,3
10-2014-0662,10,SANT MARTI,67,la Vila Olímpica del Poblenou,Avinguda,ICARIA,2,188,,,,,,,02,
10-2014-0694,10,SANT MARTI,70,el Besòs i el Maresme,Plaça,GERMANS SERRA,2,6,,,,,,D,09,3
10-2014-0917,10,SANT MARTI,70,el Besòs i el Maresme,Plaça,GERMANS SERRA,1,3,,,,,,,03,4
10-2016-0413,10,SANT MARTI,64,el Camp de l'Arpa del Clot,Carrer,PROVENÇA,1,563,,,,,,,BJ,01
10-2016-0414,10,SANT MARTI,64,el Camp de l'Arpa del Clot,Carrer,PROVENÇA,1,563,,,,,,,BJ,02
10-2016-0476,10,SANT MARTI,68,el Poblenou,Carrer,LOPE DE VEGA,2,54,,,,,,,2,1
10-2016-0480,10,SANT MARTI,68,el Poblenou,Carrer,LOPE DE VEGA,2,54,,,,,,,4,2
10-2019-0013,10,SANT MARTI,68,el Poblenou,Carrer,ESPRONCEDA,1,39,,,,,,,2,2
10-2023-0467,10,SANT MARTI,68,el Poblenou,Carrer,PERE IV,2,124,,,,,,,2,2
10-2023-0526,10,SANT MARTI,68,el Poblenou,Carrer,BADAJOZ,2,38,,,,,,,2,2
10-2024-0082,10,SANT MARTI,68,el Poblenou,Carrer,ROC BORONAT,1,5,,,,,,,4,2
01-2011-0157,01,CIUTAT VELLA,04,Sant Pere, Santa Caterina i la Ribera,Plaça,OLLES,1,9,B,,,,,,01,2
01-2011-0197,01,CIUTAT VELLA,01,el Raval,Carrer,NOU DE LA RAMBLA,1,15,,,,,,,03,1
01-2011-0257,01,CIUTAT VELLA,03,la Barceloneta,Carrer,SANT MIQUEL,1,61,,,,,,,3,
01-2012-0166,01,CIUTAT VELLA,01,el Raval,Carrer,SALVADOR,1,7,B,,,,,,1,3
01-2012-0213,01,CIUTAT VELLA,02,el Barri Gòtic,Carrer,COMTAL,1,33,,,,,,,02,1
01-2012-0446,01,CIUTAT VELLA,04,Sant Pere, Santa Caterina i la Ribera,Carrer,VOLTA D'EN COLOMINES,1,3,,,,,,,01,
01-2012-0486,01,CIUTAT VELLA,02,el Barri Gòtic,Plaça,REIAL,2,8,,,,,,,03,3
01-2012-0513,01,CIUTAT VELLA,04,Sant Pere, Santa Caterina i la Ribera,Carrer,MONTANYANS,2,6,,8,,,,,04,1
01-2012-0523,01,CIUTAT VELLA,03,la Barceloneta,Carrer,PESCADORS,1,85,,,,,,,03,2
01-2012-0538,01,CIUTAT VELLA,01,el Raval,Carrer,SANT PAU,1,29,,,,,,,04,
01-2012-0555,01,CIUTAT VELLA,02,el Barri Gòtic,Carrer,AGLA,2,4,,,,,,,01,1
01-2012-0568,01,CIUTAT VELLA,03,la Barceloneta,Passeig,JOAN BORBO COMTE BARCELONA,2,50,,,,,,,04,4
01-2012-0636,01,CIUTAT VELLA,04,Sant Pere, Santa Caterina i la Ribera,Carrer,MERCADERS,1,5,,,,,,,03,
01-2012-0648,01,CIUTAT VELLA,01,el Raval,Carrer,NOU DE LA RAMBLA,2,10,,,,,,,EN,1A
01-2012-0654,01,CIUTAT VELLA,01,el Raval,Carrer,NOU DE LA RAMBLA,2,10,,,,,,,03,1A
01-2012-0690,01,CIUTAT VELLA,02,el Barri Gòtic,Carrer,DURAN I BAS,1,7,,,,,,,4,1
01-2012-0705,01,CIUTAT VELLA,04,Sant Pere, Santa Caterina i la Ribera,Carrer,CALDERS,2,4,,,,,,,05,
01-2013-0053,01,CIUTAT VELLA,03,la Barceloneta,Carrer,GRAU I TORRAS,1,17,,,,,,,2,
01-2013-0152,01,CIUTAT VELLA,01,el Raval,Carrer,JOAQUIN COSTA,2,28,,,,,,,3,2
01-2013-0184,01,CIUTAT VELLA,04,Sant Pere, Santa Caterina i la Ribera,Via,LAIETANA,2,54,,,,,,,AT,1
01-2013-0217,01,CIUTAT VELLA,04,Sant Pere, Santa Caterina i la Ribera,Carrer,CORDERS,1,1,,,,,,,2,
01-2013-0236,01,CIUTAT VELLA,04,Sant Pere, Santa Caterina i la Ribera,Carrer,TROMPETES,2,4,,,,,,,02,
01-2013-0237,01,CIUTAT VELLA,04,Sant Pere, Santa Caterina i la Ribera,Carrer,TROMPETES,2,4,,,,,,,03,
01-2013-0238,01,CIUTAT VELLA,04,Sant Pere, Santa Caterina i la Ribera,Carrer,TROMPETES,2,4,,,,,,,04,
01-2013-0245,01,CIUTAT VELLA,04,Sant Pere, Santa Caterina i la Ribera,Carrer,ARGENTERIA,2,6,,,,,,,02,4
01-2013-0251,01,CIUTAT VELLA,04,Sant Pere, Santa Caterina i la Ribera,Carrer,ARGENTERIA,2,6,,,,,,,01,1
01-2013-0291,01,CIUTAT VELLA,01,el Raval,Carrer,MONTSERRAT,2,8,,,,,,,EN,1
01-2013-0308,01,CIUTAT VELLA,04,Sant Pere, Santa Caterina i la Ribera,Carrer,SANT ANTONI DELS SOMBRERERS,2,4,,,,,,,04,2
01-2013-0312,01,CIUTAT VELLA,02,el Barri Gòtic,Carrer,COLOM,1,1,,,,,,,03,1
01-2013-0363,01,CIUTAT VELLA,04,Sant Pere, Santa Caterina i la Ribera,Carrer,SANT PERE MITJA,1,33,,,,,,,01,1
01-2013-0364,01,CIUTAT VELLA,04,Sant Pere, Santa Caterina i la Ribera,Carrer,SANT PERE MITJA,1,33,,,,,,,01,2
01-2013-0391,01,CIUTAT VELLA,03,la Barceloneta,Carrer,MEER,2,34,,,,,,,04,
01-2013-0424,01,CIUTAT VELLA,01,el Raval,Carrer,CARME,2,10,,,,,,,PR,2
01-2013-0432,01,CIUTAT VELLA,01,el Raval,Carrer,CARME,2,10,,,,,,,2,1
01-2013-0434,01,CIUTAT VELLA,01,el Raval,Carrer,CARME,2,10,,,,,,,2,3
01-2013-0441,01,CIUTAT VELLA,02,el Barri Gòtic,Carrer,ESCUDELLERS,2,18,,,,,,,EN,
01-2013-0512,01,CIUTAT VELLA,03,la Barceloneta,Carrer,PAREDES,1,1,,,,,,,01,2
01-2013-0553,01,CIUTAT VELLA,01,el Raval,Carrer,RAMBLA,1,41,,,,,,,03,1
01-2013-0557,01,CIUTAT VELLA,04,Sant Pere, Santa Caterina i la Ribera,Carrer,CALDERS,1,5,,,,,,,03,
01-2013-0663,01,CIUTAT VELLA,04,Sant Pere, Santa Caterina i la Ribera,Carrer,CANVIS VELLS,1,7,,,,,,,01,
01-2013-0677,01,CIUTAT VELLA,02,el Barri Gòtic,Carrer,VIDRE,2,10,,12,,,,,3,3
01-2013-0712,01,CIUTAT VELLA,04,Sant Pere, Santa Caterina i la Ribera,Carrer,REC,2,34,,,,,,,04,
01-2013-0713,01,CIUTAT VELLA,04,Sant Pere, Santa Caterina i la Ribera,Carrer,REC,2,34,,,,,,,03,
01-2013-0765,01,CIUTAT VELLA,04,Sant Pere, Santa Caterina i la Ribera,Carrer,GIRALT EL PELLISSER,2,8,,,,,,,05,
01-2013-0780,01,CIUTAT VELLA,04,Sant Pere, Santa Caterina i la Ribera,Carrer,CARDERS,2,34,,,,,,,04,
01-2013-0804,01,CIUTAT VELLA,02,el Barri Gòtic,Carrer,MILANS,1,7,,,,,,,2,1
01-2013-0834,01,CIUTAT VELLA,01,el Raval,Carrer,NOU DE LA RAMBLA,2,20,,,,,,,EN,1
01-2013-0851,01,CIUTAT VELLA,03,la Barceloneta,Carrer,SANT MIQUEL,1,107,,,,,,,01,1
01-2013-0896,01,CIUTAT VELLA,03,la Barceloneta,Carrer,MESTRANÇA,1,55,,,,,,,02,2
01-2013-0909,01,CIUTAT VELLA,03,la Barceloneta,Passeig,JOAN BORBO COMTE BARCELONA,2,38,,,,,,,EN,A
01-2013-0928,01,CIUTAT VELLA,02,el Barri Gòtic,Carrer,CORREU VELL,2,2,,,,,,,05,
01-2013-0946,01,CIUTAT VELLA,02,el Barri Gòtic,Carrer,SANTA ANNA,2,2,,,,,,,03,1
01-2013-0949,01,CIUTAT VELLA,02,el Barri Gòtic,Carrer,SANTA ANNA,2,2,,,,,,,03,2
01-2013-0952,01,CIUTAT VELLA,02,el Barri Gòtic,Passatge,BACARDI,2,2,,,,,,,3,
01-2013-0967,01,CIUTAT VELLA,04,Sant Pere, Santa Caterina i la Ribera,Carrer,FLOR DE LLIRI,1,9,,,,,,,02,1
01-2013-0976,01,CIUTAT VELLA,04,Sant Pere, Santa Caterina i la Ribera,Carrer,PESCATERIA,1,1,,,,,,,03,2
01-2013-1031,01,CIUTAT VELLA,03,la Barceloneta,Carrer,MAR,2,104,,,,,,,02,3
01-2013-1036,01,CIUTAT VELLA,04,Sant Pere, Santa Caterina i la Ribera,Carrer,JONQUERES,1,13,,,,,,,04,1
01-2014-0046,01,CIUTAT VELLA,01,el Raval,Carrer,SANTA MONICA,2,4,,,,,,,04,
01-2014-0055,01,CIUTAT VELLA,02,el Barri Gòtic,Carrer,HOSTAL D'EN SOL,1,3,,5,,,,,04,2
01-2014-0066,01,CIUTAT VELLA,01,el Raval,Carrer,RAMELLERES,1,27,,,,,,,03,4
01-2014-0103,01,CIUTAT VELLA,01,el Raval,Carrer,TIGRE,2,10,,,,,,,1,1
01-2014-0155,01,CIUTAT VELLA,03,la Barceloneta,Carrer,SAFAREIGS,1,15,,,,,,,03,
01-2014-0226,01,CIUTAT VELLA,04,Sant Pere, Santa Caterina i la Ribera,Carrer,SANT PERE MES ALT,1,21,,,,,,,01,1
01-2014-0518,01,CIUTAT VELLA,04,Sant Pere, Santa Caterina i la Ribera,Carrer,COMERCIAL,1,15,,,,,,,EN,1
01-2017-0031,01,CIUTAT VELLA,01,el Raval,Carrer,RAMBLA,1,89,,,,,,,PR,2
01-2017-0034,01,CIUTAT VELLA,01,el Raval,Carrer,RAMBLA,1,89,,,,,,,2,2
01-2017-0058,01,CIUTAT VELLA,04,Sant Pere, Santa Caterina i la Ribera,Carrer,CARDERS,2,8,,,,,,,1,
01-2017-0070,01,CIUTAT VELLA,04,Sant Pere, Santa Caterina i la Ribera,Carrer,ARGENTER,1,1,,,,,,,3,4
01-2017-0302,01,CIUTAT VELLA,02,el Barri Gòtic,Carrer,RAMBLA,2,102,,104,,,,,PR,1
01-2017-0305,01,CIUTAT VELLA,02,el Barri Gòtic,Carrer,RAMBLA,2,102,,104,,,,,1,2
01-2017-0499,01,CIUTAT VELLA,02,el Barri Gòtic,Carrer,RAMBLA,2,102,,,,,,,PR,3
01-2018-0196,01,CIUTAT VELLA,02,el Barri Gòtic,Carrer,PETRITXOL,1,17,,,,,,,2,4
01-2018-0198,01,CIUTAT VELLA,02,el Barri Gòtic,Carrer,PETRITXOL,1,17,,,,,,,3,3
01-2018-0250,01,CIUTAT VELLA,02,el Barri Gòtic,Carrer,PORTAFERRISSA,1,27,,,,,,,5,
01-2018-0265,01,CIUTAT VELLA,04,Sant Pere, Santa Caterina i la Ribera,Carrer,ARGENTERIA,1,21,,,,,,,2,
01-2018-0340,01,CIUTAT VELLA,02,el Barri Gòtic,Carrer,ESCUDELLERS,2,18,,,,,,,4,1
01-2018-0351,01,CIUTAT VELLA,04,Sant Pere, Santa Caterina i la Ribera,Carrer,ARGENTERIA,1,21,,,,,,,4,
01-2018-0513,01,CIUTAT VELLA,01,el Raval,Carrer,MONTSERRAT,1,5,,,,,,,BJ,1
01-2018-0514,01,CIUTAT VELLA,01,el Raval,Carrer,MONTSERRAT,1,5,,,,,,,3,1
01-2019-0129,01,CIUTAT VELLA,01,el Raval,Carrer,CARME,1,11,,,,,,,3,1
01-2020-0032,01,CIUTAT VELLA,03,la Barceloneta,Carrer,BERENGUER MALLOL,1,19,,,,,,,2,
01-2021-0185,01,CIUTAT VELLA,03,la Barceloneta,Carrer,PAREDES,1,3,,,,,,,2,
01-2022-0090,01,CIUTAT VELLA,04,Sant Pere, Santa Caterina i la Ribera,Carrer,CONSELLERS,2,2,,,,,,,1,1
01-2022-0098,01,CIUTAT VELLA,03,la Barceloneta,Carrer,VILA JOIOSA,2,14,,,,,,,4,1
01-2022-0104,01,CIUTAT VELLA,03,la Barceloneta,Carrer,PESCADORS,2,20,,,,,,,1,
01-2022-0114,01,CIUTAT VELLA,03,la Barceloneta,Carrer,SANT MIQUEL,2,88,,,,,,,3,3
01-2022-0120,01,CIUTAT VELLA,03,la Barceloneta,Carrer,PONTEVEDRA,1,33,,,,,,,1,1
01-2022-0123,01,CIUTAT VELLA,03,la Barceloneta,Carrer,PONTEVEDRA,1,33,,,,,,,2,1
01-2022-0125,01,CIUTAT VELLA,03,la Barceloneta,Carrer,ATLANTIDA,2,60,,,,,,,BJ,2
01-2022-0126,01,CIUTAT VELLA,03,la Barceloneta,Carrer,ATLANTIDA,2,60,,,,,,,1,1
01-2022-0367,01,CIUTAT VELLA,01,el Raval,Carrer,EST,1,19,,,,,,,2,1
01-2022-0440,01,CIUTAT VELLA,01,el Raval,Carrer,EST,1,19,,,,,,,BJ,2
01-2023-0011,01,CIUTAT VELLA,01,el Raval,Carrer,TIGRE,2,10,,,,,,,4,2
01-2023-0172,01,CIUTAT VELLA,01,el Raval,Carrer,SANT PAU,1,47,,,,,,,4,2
01-2023-0375,01,CIUTAT VELLA,04,Sant Pere, Santa Caterina i la Ribera,Carrer,VOLTA D'EN BUFANALLA,1,3,,,,,,,2,
01-2023-0529,01,CIUTAT VELLA,04,Sant Pere, Santa Caterina i la Ribera,Carrer,POU DE LA FIGUERA,2,16,,,,,,,2,
01-2024-0020,01,CIUTAT VELLA,01,el Raval,Carrer,PEU DE LA CREU,2,28,B,,B,,,,1,2
01-2024-0038,01,CIUTAT VELLA,02,el Barri Gòtic,Carrer,OBRADORS,1,9,,,,,,,2,2
01-2024-0059,01,CIUTAT VELLA,03,la Barceloneta,Carrer,MESTRANÇA,1,33,,,,,,,3,
01-2024-0110,01,CIUTAT VELLA,01,el Raval,Carrer,NOU DE LA RAMBLA,2,10,,,,,,,3,2
01-2024-0165,01,CIUTAT VELLA,03,la Barceloneta,Carrer,ALMIRALL BARCELO,1,3,,,,,,,3,1
02-2008-0470,02,L'EIXAMPLE,07,la Dreta de l'Eixample,Ronda,SANT PERE,2,38,,,,,,,01,1
02-2008-0590,02,L'EIXAMPLE,07,la Dreta de l'Eixample,Carrer,ARAGO,1,291,,,,,,,2,2
02-2008-0663,02,L'EIXAMPLE,06,la Sagrada Família,Carrer,MARINA,1,223,,,,,,,03,2
02-2008-0709,02,L'EIXAMPLE,07,la Dreta de l'Eixample,Carrer,PELAI,1,11,,,,,,,1,G
02-2008-0721,02,L'EIXAMPLE,07,la Dreta de l'Eixample,Gran Via,CORTS CATALANES,2,662,,,,,,,4,2A
02-2008-0818,02,L'EIXAMPLE,08,l'Antiga Esquerra de l'Eixample,Carrer,ARIBAU,1,167,,,,,,,4,1
02-2008-0833,02,L'EIXAMPLE,08,l'Antiga Esquerra de l'Eixample,Carrer,PROVENÇA,1,159,,,,,,,5,2
02-2008-0878,02,L'EIXAMPLE,07,la Dreta de l'Eixample,Carrer,GIRONA,1,99,,,,,,,01,1
02-2008-0898,02,L'EIXAMPLE,07,la Dreta de l'Eixample,Carrer,GIRONA,1,97,,,,,,,01,2
02-2008-0899,02,L'EIXAMPLE,07,la Dreta de l'Eixample,Carrer,GIRONA,1,97,,,,,,,01,3
02-2008-0972,02,L'EIXAMPLE,07,la Dreta de l'Eixample,Ronda,SANT PERE,1,3,,,,,,,2,5
02-2008-1034,02,L'EIXAMPLE,06,la Sagrada Família,Carrer,MARINA,2,306,,,,,,C,01,3
02-2008-1042,02,L'EIXAMPLE,06,la Sagrada Família,Carrer,MARINA,2,306,,,,,,C,03,3
02-2008-1043,02,L'EIXAMPLE,06,la Sagrada Família,Carrer,MARINA,2,306,,,,,,C,03,4
02-2008-1054,02,L'EIXAMPLE,10,Sant Antoni,Carrer,ALDANA,1,3,,,,,,,02,5
02-2008-1111,02,L'EIXAMPLE,07,la Dreta de l'Eixample,Carrer,GIRONA,1,15,,,,,,,02,2
02-2008-1139,02,L'EIXAMPLE,07,la Dreta de l'Eixample,Rambla,CATALUNYA,2,98,B,,,,,,02,2
02-2008-1181,02,L'EIXAMPLE,07,la Dreta de l'Eixample,Carrer,ARAGO,1,281,,,,,,,05,2
02-2008-1220,02,L'EIXAMPLE,07,la Dreta de l'Eixample,Carrer,DIPUTACIO,1,317,,,,,,,PR,1
02-2008-1231,02,L'EIXAMPLE,08,l'Antiga Esquerra de l'Eixample,Carrer,DIPUTACIO,1,197,,,,,,,05,1
02-2009-0029,02,L'EIXAMPLE,08,l'Antiga Esquerra de l'Eixample,Plaça,DOCTOR LETAMENDI,2,26,,,,,,,01,1
02-2009-0104,02,L'EIXAMPLE,07,la Dreta de l'Eixample,Passeig,GRACIA,1,3,,,,,,,04,7
02-2009-0157,02,L'EIXAMPLE,07,la Dreta de l'Eixample,Carrer,ARAGO,1,373,,,,,,,PR,1
02-2009-0159,02,L'EIXAMPLE,07,la Dreta de l'Eixample,Carrer,ARAGO,1,373,,,,,,,01,2
02-2009-0216,02,L'EIXAMPLE,06,la Sagrada Família,Carrer,PADILLA,1,275,,,,,,,2,3
02-2009-0303,02,L'EIXAMPLE,07,la Dreta de l'Eixample,Gran Via,CORTS CATALANES,2,620,,,,,,,2,3
02-2009-0355,02,L'EIXAMPLE,08,l'Antiga Esquerra de l'Eixample,Gran Via,CORTS CATALANES,1,561,,,,,,D,PR,B
02-2009-0378,02,L'EIXAMPLE,07,la Dreta de l'Eixample,Carrer,VALENCIA,2,366,,,,,,,04,3
02-2009-0401,02,L'EIXAMPLE,10,Sant Antoni,Avinguda,PARAL.LEL,2,204,,,,,,,6,A
02-2009-0416,02,L'EIXAMPLE,07,la Dreta de l'Eixample,Carrer,ROGER DE FLOR,2,148,,,,,,D,3,2
02-2009-0467,02,L'EIXAMPLE,07,la Dreta de l'Eixample,Carrer,VALENCIA,2,366,,,,,,,PR,2
02-2009-0605,02,L'EIXAMPLE,09,la Nova Esquerra de l'Eixample,Carrer,ROSSELLO,1,23,,,,,,,AT,2
02-2009-0652,02,L'EIXAMPLE,07,la Dreta de l'Eixample,Passeig,GRACIA,1,83,,,,,,,02,3
02-2009-0677,02,L'EIXAMPLE,07,la Dreta de l'Eixample,Carrer,ROSSELLO,2,258,,,,,,,PR,1
02-2009-0753,02,L'EIXAMPLE,08,l'Antiga Esquerra de l'Eixample,Carrer,VILLARROEL,1,163,,,,,,,06,2
02-2009-0755,02,L'EIXAMPLE,08,l'Antiga Esquerra de l'Eixample,Carrer,VILLARROEL,1,163,,,,,,,07,2
02-2009-0761,02,L'EIXAMPLE,07,la Dreta de l'Eixample,Carrer,BALMES,2,8,,,,,,,PR,3
02-2009-0875,02,L'EIXAMPLE,07,la Dreta de l'Eixample,Passeig,GRACIA,2,16,,,,,,,01,2
02-2009-0939,02,L'EIXAMPLE,07,la Dreta de l'Eixample,Passeig,GRACIA,1,83,,,,,,,05,1
02-2009-0967,02,L'EIXAMPLE,07,la Dreta de l'Eixample,Carrer,CASP,2,74,,,,,,,01,4
02-2009-0971,02,L'EIXAMPLE,07,la Dreta de l'Eixample,Carrer,CASP,2,74,,,,,,,02,3
02-2009-0973,02,L'EIXAMPLE,07,la Dreta de l'Eixample,Carrer,CASP,2,74,,,,,,,02,5
02-2009-0979,02,L'EIXAMPLE,07,la Dreta de l'Eixample,Carrer,CASP,2,74,,,,,,,03,4
02-2009-1040,02,L'EIXAMPLE,07,la Dreta de l'Eixample,Carrer,DIPUTACIO,2,266,,,,,,,PR,2B
02-2009-1128,02,L'EIXAMPLE,06,la Sagrada Família,Avinguda,GAUDI,2,14,,,,,,,02,1
02-2009-1149,02,L'EIXAMPLE,06,la Sagrada Família,Carrer,INDUSTRIA,1,165,,,,,,,04,3
02-2009-1180,02,L'EIXAMPLE,08,l'Antiga Esquerra de l'Eixample,Carrer,VALENCIA,1,115,,,,,,,04,2
02-2009-1190,02,L'EIXAMPLE,10,Sant Antoni,Carrer,PARLAMENT,1,23,,,,,,,02,3
02-2010-0024,02,L'EIXAMPLE,08,l'Antiga Esquerra de l'Eixample,Gran Via,CORTS CATALANES,1,569,,,,,,A,PR,2
02-2010-0045,02,L'EIXAMPLE,10,Sant Antoni,Carrer,VILADOMAT,1,107,,,,,,,05,1
02-2010-0047,02,L'EIXAMPLE,05,el Fort Pienc,Carrer,SICILIA,1,143,,,,,,,EN,2
02-2010-0158,02,L'EIXAMPLE,06,la Sagrada Família,Carrer,ARAGO,1,423,,,,,,,PR,2
02-2010-0275,02,L'EIXAMPLE,10,Sant Antoni,Carrer,ENTENÇA,2,8,,,,,,,PR,1
02-2010-0308,02,L'EIXAMPLE,06,la Sagrada Família,Carrer,SANT ANTONI MARIA CLARET,2,186,,,,,,,2,3
02-2010-0311,02,L'EIXAMPLE,06,la Sagrada Família,Carrer,ARAGO,1,423,,,,,,,PR,B
02-2010-0340,02,L'EIXAMPLE,08,l'Antiga Esquerra de l'Eixample,Carrer,CONSELL DE CENT,1,221,,,,,,E,01,1
02-2010-0418,02,L'EIXAMPLE,10,Sant Antoni,Carrer,TAMARIT,2,162,,,,,,,01,1
02-2010-0449,02,L'EIXAMPLE,06,la Sagrada Família,Carrer,PROVENÇA,1,433,,,,,,,01,
02-2010-0477,02,L'EIXAMPLE,09,la Nova Esquerra de l'Eixample,Carrer,VALENCIA,2,32,,,,,,,5,4
02-2010-0485,02,L'EIXAMPLE,09,la Nova Esquerra de l'Eixample,Carrer,VALENCIA,2,32,,,,,,,4,4
02-2010-0561,02,L'EIXAMPLE,07,la Dreta de l'Eixample,Passeig,GRACIA,2,108,,,,,,,06,2
02-2010-0725,02,L'EIXAMPLE,10,Sant Antoni,Carrer,SEPULVEDA,1,125,,,,,,,05,2A
02-2010-0734,02,L'EIXAMPLE,05,el Fort Pienc,Carrer,LEPANT,2,220,,,,,,,03,2
02-2010-0735,02,L'EIXAMPLE,06,la Sagrada Família,Carrer,VALENCIA,1,423,,,,,,,01,2
02-2010-0742,02,L'EIXAMPLE,06,la Sagrada Família,Carrer,PROVENÇA,1,433,,,,,,,04,3
02-2010-0804,02,L'EIXAMPLE,08,l'Antiga Esquerra de l'Eixample,Carrer,VALENCIA,2,168,,170,,,,,02,3
02-2010-0888,02,L'EIXAMPLE,07,la Dreta de l'Eixample,Carrer,VALENCIA,1,347,,,,,,,04,3
02-2010-0897,02,L'EIXAMPLE,05,el Fort Pienc,Carrer,SICILIA,1,159,,,,,,,04,4
02-2010-0913,02,L'EIXAMPLE,07,la Dreta de l'Eixample,Passeig,GRACIA,1,69,,,,,,,PR,C
02-2010-0931,02,L'EIXAMPLE,07,la Dreta de l'Eixample,Passeig,GRACIA,1,69,,,,,,,05,B
02-2010-0944,02,L'EIXAMPLE,06,la Sagrada Família,Plaça,SAGRADA FAMILIA,2,16,,,,,,,03,2
02-2010-0970,02,L'EIXAMPLE,10,Sant Antoni,Avinguda,PARAL.LEL,2,158,B,,,,,,05,3
02-2010-1009,02,L'EIXAMPLE,06,la Sagrada Família,Carrer,SICILIA,1,255,,,,,,,02,4
02-2010-1026,02,L'EIXAMPLE,06,la Sagrada Família,Carrer,SICILIA,1,255,,,,,,,05,3
02-2010-1095,02,L'EIXAMPLE,09,la Nova Esquerra de l'Eixample,Carrer,VALENCIA,2,70,,,,,,,06,3
02-2010-1113,02,L'EIXAMPLE,06,la Sagrada Família,Carrer,PADILLA,2,304,,,,,,,EN,1
02-2010-1218,02,L'EIXAMPLE,06,la Sagrada Família,Carrer,VALENCIA,1,469,,,,,,,06,2
02-2010-1242,02,L'EIXAMPLE,07,la Dreta de l'Eixample,Carrer,ARAGO,1,367,,,,,,,01,2
02-2010-1269,02,L'EIXAMPLE,07,la Dreta de l'Eixample,Carrer,ARAGO,1,367,,,,,,,2,1
02-2010-1296,02,L'EIXAMPLE,10,Sant Antoni,Carrer,TAMARIT,1,89,,,,,,,AT,
02-2010-1321,02,L'EIXAMPLE,07,la Dreta de l'Eixample,Passeig,GRACIA,2,64,,,,,,,PR,3
02-2010-1325,02,L'EIXAMPLE,07,la Dreta de l'Eixample,Passeig,GRACIA,2,64,,,,,,,1,1
02-2010-1330,02,L'EIXAMPLE,07,la Dreta de l'Eixample,Passeig,GRACIA,2,64,,,,,,,4,2
02-2010-1355,02,L'EIXAMPLE,07,la Dreta de l'Eixample,Passeig,GRACIA,1,99,,,,,,,04,B
02-2010-1404,02,L'EIXAMPLE,08,l'Antiga Esquerra de l'Eixample,Carrer,ARAGO,1,155,,,,,,,2,C
02-2011-0021,02,L'EIXAMPLE,10,Sant Antoni,Carrer,CALABRIA,2,10,,12,,,,,5,4
02-2011-0197,02,L'EIXAMPLE,07,la Dreta de l'Eixample,Passeig,GRACIA,1,79,,,,,,,2,1
02-2011-0301,02,L'EIXAMPLE,10,Sant Antoni,Gran Via,CORTS CATALANES,2,454,,,,,,,5,2
02-2011-0323,02,L'EIXAMPLE,07,la Dreta de l'Eixample,Passeig,GRACIA,1,83,,,,,,,04,4
02-2011-0488,02,L'EIXAMPLE,07,la Dreta de l'Eixample,Ronda,UNIVERSITAT,1,11,,,,,,,PR,2B
02-2011-0491,02,L'EIXAMPLE,07,la Dreta de l'Eixample,Ronda,UNIVERSITAT,1,11,,,,,,,3,1A
02-2011-0493,02,L'EIXAMPLE,07,la Dreta de l'Eixample,Ronda,UNIVERSITAT,1,11,,,,,,,3,2A
02-2011-0506,02,L'EIXAMPLE,06,la Sagrada Família,Carrer,ARAGO,1,423,,,,,,,BJ,
02-2011-0547,02,L'EIXAMPLE,07,la Dreta de l'Eixample,Carrer,GIRONA,2,110,,,,,,,02,1
02-2011-0550,02,L'EIXAMPLE,07,la Dreta de l'Eixample,Carrer,GIRONA,2,110,,,,,,,03,1
02-2011-0555,02,L'EIXAMPLE,07,la Dreta de l'Eixample,Carrer,GIRONA,2,110,,,,,,,04,3
02-2011-0652,02,L'EIXAMPLE,07,la Dreta de l'Eixample,Passeig,GRACIA,2,52,,,,,,,SA,3
02-2011-0711,02,L'EIXAMPLE,10,Sant Antoni,Ronda,SANT PAU,1,29,,,,,,,SA,2
02-2011-0714,02,L'EIXAMPLE,07,la Dreta de l'Eixample,Carrer,NAPOLS,1,177,,,,,,,PR,2
02-2011-0894,02,L'EIXAMPLE,10,Sant Antoni,Carrer,COMTE BORRELL,1,73,,,,,,B,02,1
02-2011-0992,02,L'EIXAMPLE,10,Sant Antoni,Carrer,VILLARROEL,2,28,,,,,,D,2,4
02-2011-1004,02,L'EIXAMPLE,10,Sant Antoni,Carrer,VILLARROEL,2,28,,,,,,E,1,2
02-2011-1030,02,L'EIXAMPLE,10,Sant Antoni,Carrer,VILLARROEL,2,28,,,,,,E,4,1
02-2011-1180,02,L'EIXAMPLE,09,la Nova Esquerra de l'Eixample,Carrer,COMTE D'URGELL,1,109,,,,,,,02,2
02-2011-1281,02,L'EIXAMPLE,07,la Dreta de l'Eixample,Carrer,VALENCIA,1,261,,,,,,,PR,1
02-2011-1342,02,L'EIXAMPLE,09,la Nova Esquerra de l'Eixample,Carrer,COMTE BORRELL,2,134,,140,,,,,02,2
02-2012-0074,02,L'EIXAMPLE,07,la Dreta de l'Eixample,Ronda,SANT PERE,1,3,,,,,,,03,2
02-2012-0259,02,L'EIXAMPLE,09,la Nova Esquerra de l'Eixample,Carrer,ROCAFORT,1,129,,,,,,,05,1
02-2012-0289,02,L'EIXAMPLE,09,la Nova Esquerra de l'Eixample,Avinguda,ROMA,2,78,,,,,,,05,1
02-2012-0306,02,L'EIXAMPLE,09,la Nova Esquerra de l'Eixample,Carrer,ENTENÇA,2,140,,,,,,,4,2
02-2012-0357,02,L'EIXAMPLE,07,la Dreta de l'Eixample,Ronda,UNIVERSITAT,1,13,,,,,,,PR,1
02-2012-0399,02,L'EIXAMPLE,08,l'Antiga Esquerra de l'Eixample,Carrer,CASANOVA,2,78,,,,,,,06,1
02-2012-0462,02,L'EIXAMPLE,06,la Sagrada Família,Carrer,ROSSELLO,2,380,,382,,,,,02,6
02-2012-0463,02,L'EIXAMPLE,06,la Sagrada Família,Carrer,ROSSELLO,2,380,,382,,,,,02,7
02-2012-0492,02,L'EIXAMPLE,05,el Fort Pienc,Carrer,AUSIAS MARC,2,146,,,,,,,02,3
02-2012-0494,02,L'EIXAMPLE,06,la Sagrada Família,Carrer,CARTAGENA,2,242,,,,,,,01,
02-2012-0509,02,L'EIXAMPLE,06,la Sagrada Família,Carrer,ROSSELLO,2,380,,382,,,,,04,5
02-2012-0513,02,L'EIXAMPLE,09,la Nova Esquerra de l'Eixample,Carrer,ROCAFORT,1,159,,,,,,,04,2
02-2012-0535,02,L'EIXAMPLE,10,Sant Antoni,Ronda,SANT PAU,1,1,,,,,,,05,1
02-2012-0603,02,L'EIXAMPLE,10,Sant Antoni,Carrer,MARQUES DE CAMPO SAGRADO,1,7,,,,,,,01,1
02-2012-0606,02,L'EIXAMPLE,10,Sant Antoni,Gran Via,CORTS CATALANES,2,476,,,,,,,03,1
02-2012-0612,02,L'EIXAMPLE,07,la Dreta de l'Eixample,Ronda,UNIVERSITAT,2,6,,,,,,,02,2
02-2012-0613,02,L'EIXAMPLE,08,l'Antiga Esquerra de l'Eixample,Carrer,MUNTANER,2,32,,,,,,,04,
02-2012-0616,02,L'EIXAMPLE,08,l'Antiga Esquerra de l'Eixample,Carrer,PROVENÇA,1,131,,,,,,,PR,3
02-2012-0651,02,L'EIXAMPLE,10,Sant Antoni,Carrer,SEPULVEDA,1,23,,,,,,,06,2
02-2012-0655,02,L'EIXAMPLE,06,la Sagrada Família,Carrer,SICILIA,2,322,,,,,,,PR,2
02-2012-0657,02,L'EIXAMPLE,06,la Sagrada Família,Carrer,SICILIA,2,322,,,,,,,01,2
02-2012-0677,02,L'EIXAMPLE,07,la Dreta de l'Eixample,Carrer,PROVENÇA,2,282,,284,,,,,03,4
02-2012-0705,02,L'EIXAMPLE,09,la Nova Esquerra de l'Eixample,Gran Via,CORTS CATALANES,1,421,,,,,,,PR,1
02-2012-0720,02,L'EIXAMPLE,08,l'Antiga Esquerra de l'Eixample,Carrer,CONSELL DE CENT,1,203,,,,,,,01,1
02-2012-0765,02,L'EIXAMPLE,07,la Dreta de l'Eixample,Carrer,BRUC,1,55,,,,,,B,03,1
02-2012-0786,02,L'EIXAMPLE,08,l'Antiga Esquerra de l'Eixample,Carrer,ARIBAU,2,46,,,,,,,02,1
02-2012-0829,02,L'EIXAMPLE,07,la Dreta de l'Eixample,Rambla,CATALUNYA,1,67,,,,,,,02,1B
02-2012-0835,02,L'EIXAMPLE,07,la Dreta de l'Eixample,Passeig,GRACIA,1,3,,,,,,,02,4
02-2012-0839,02,L'EIXAMPLE,07,la Dreta de l'Eixample,Rambla,CATALUNYA,2,10,,,,,,,2,1
02-2012-0851,02,L'EIXAMPLE,06,la Sagrada Família,Carrer,MALLORCA,2,492,,,,,,,6,3
02-2012-0871,02,L'EIXAMPLE,05,el Fort Pienc,Carrer,ROGER DE FLOR,2,70,,,,,,,02,
02-2012-0923,02,L'EIXAMPLE,05,el Fort Pienc,Carrer,CONSELL DE CENT,2,478,,,,,,,05,
02-2012-0944,02,L'EIXAMPLE,08,l'Antiga Esquerra de l'Eixample,Carrer,CASANOVA,2,212,,,,,,,01,2
02-2012-0953,02,L'EIXAMPLE,07,la Dreta de l'Eixample,Carrer,CONSELL DE CENT,2,368,,,,,,,PR,1B
02-2012-0959,02,L'EIXAMPLE,06,la Sagrada Família,Carrer,MALLORCA,2,436,B,,,,,,PR,3
02-2012-1004,02,L'EIXAMPLE,05,el Fort Pienc,Carrer,SICILIA,1,109,,,,,,,04,A
02-2012-1005,02,L'EIXAMPLE,05,el Fort Pienc,Carrer,SICILIA,1,109,,,,,,,4,B
02-2012-1013,02,L'EIXAMPLE,09,la Nova Esquerra de l'Eixample,Carrer,VALENCIA,1,95,,,,,,B,PR,1
02-2012-1018,02,L'EIXAMPLE,07,la Dreta de l'Eixample,Passeig,SANT JOAN,1,87,,,,,,,PR,1
02-2012-1023,02,L'EIXAMPLE,08,l'Antiga Esquerra de l'Eixample,Carrer,BALMES,1,77,,,,,,,AT,
02-2012-1029,02,L'EIXAMPLE,10,Sant Antoni,Carrer,SEPULVEDA,1,179,,,,,,,01,2
02-2012-1040,02,L'EIXAMPLE,07,la Dreta de l'Eixample,Carrer,PAU CLARIS,2,178,,,,,,,04,2
02-2012-1048,02,L'EIXAMPLE,06,la Sagrada Família,Carrer,SARDENYA,2,302,,,,,,,PR,1
02-2012-1084,02,L'EIXAMPLE,07,la Dreta de l'Eixample,Gran Via,CORTS CATALANES,2,638,,,,,,,PR,1
02-2012-1086,02,L'EIXAMPLE,06,la Sagrada Família,Avinguda,GAUDI,2,8,,,,,,,PR,1B
02-2012-1087,02,L'EIXAMPLE,06,la Sagrada Família,Avinguda,GAUDI,2,8,,,,,,,PR,2B
02-2012-1112,02,L'EIXAMPLE,06,la Sagrada Família,Avinguda,GAUDI,2,2,,,,,,,06,4
02-2012-1114,02,L'EIXAMPLE,07,la Dreta de l'Eixample,Carrer,VALENCIA,2,290,,,,,,,01,3
02-2012-1123,02,L'EIXAMPLE,07,la Dreta de l'Eixample,Carrer,VALENCIA,2,290,,,,,,,03,3
02-2012-1126,02,L'EIXAMPLE,07,la Dreta de l'Eixample,Carrer,VALENCIA,2,290,,,,,,,03,1
02-2012-1144,02,L'EIXAMPLE,08,l'Antiga Esquerra de l'Eixample,Carrer,CONSELL DE CENT,1,207,,,,,,,01,1
02-2012-1156,02,L'EIXAMPLE,08,l'Antiga Esquerra de l'Eixample,Carrer,CONSELL DE CENT,1,207,,,,,,,01,4
02-2012-1157,02,L'EIXAMPLE,08,l'Antiga Esquerra de l'Eixample,Carrer,CONSELL DE CENT,1,207,,,,,,,02,2
02-2012-1165,02,L'EIXAMPLE,06,la Sagrada Família,Carrer,LEPANT,1,325,,,,,,,08,3
02-2012-1168,02,L'EIXAMPLE,08,l'Antiga Esquerra de l'Eixample,Carrer,CONSELL DE CENT,1,207,,,,,,,03,2
02-2012-1189,02,L'EIXAMPLE,08,l'Antiga Esquerra de l'Eixample,Carrer,CONSELL DE CENT,1,207,,,,,,,05,5
02-2012-1190,02,L'EIXAMPLE,08,l'Antiga Esquerra de l'Eixample,Carrer,CONSELL DE CENT,1,207,,,,,,,04,5
02-2012-1202,02,L'EIXAMPLE,05,el Fort Pienc,Carrer,NAPOLS,2,166,,,,,,,5,2
02-2012-1227,02,L'EIXAMPLE,10,Sant Antoni,Carrer,VILADOMAT,2,100,,,,,,,PR,1
02-2012-1267,02,L'EIXAMPLE,06,la Sagrada Família,Carrer,VALENCIA,1,437,,,,,,,03,1
02-2012-1299,02,L'EIXAMPLE,07,la Dreta de l'Eixample,Carrer,GIRONA,2,80,,,,,,,3,3
02-2012-1331,02,L'EIXAMPLE,07,la Dreta de l'Eixample,Carrer,VALENCIA,2,318,,,,,,,04,2
02-2012-1350,02,L'EIXAMPLE,06,la Sagrada Família,Carrer,PADILLA,1,241,,,,,,,4,1
02-2012-1371,02,L'EIXAMPLE,06,la Sagrada Família,Carrer,INDUSTRIA,1,105,,,,,,,SA,1
02-2012-1376,02,L'EIXAMPLE,09,la Nova Esquerra de l'Eixample,Carrer,VILADOMAT,1,211,,,,,,,03,2
02-2012-1398,02,L'EIXAMPLE,10,Sant Antoni,Carrer,COMTE D'URGELL,2,22,,,,,,,04,2
02-2012-1399,02,L'EIXAMPLE,07,la Dreta de l'Eixample,Carrer,MALLORCA,2,266,,,,,,,02,1
02-2012-1402,02,L'EIXAMPLE,08,l'Antiga Esquerra de l'Eixample,Carrer,ARIBAU,1,45,,,,,,,01,1
02-2012-1404,02,L'EIXAMPLE,06,la Sagrada Família,Passatge,SIMO,1,3,,,,,,,1,1
02-2012-1406,02,L'EIXAMPLE,07,la Dreta de l'Eixample,Avinguda,DIAGONAL,1,377,,,,,,,01,
02-2012-1416,02,L'EIXAMPLE,08,l'Antiga Esquerra de l'Eixample,Carrer,ARAGO,2,130,,,,,,,02,2
02-2012-1430,02,L'EIXAMPLE,07,la Dreta de l'Eixample,Avinguda,DIAGONAL,1,377,,,,,,,02,
02-2012-1432,02,L'EIXAMPLE,08,l'Antiga Esquerra de l'Eixample,Carrer,ARAGO,1,207,,,,,,,02,1
02-2012-1437,02,L'EIXAMPLE,08,l'Antiga Esquerra de l'Eixample,Carrer,PROVENÇA,1,183,,,,,,,3,3
02-2012-1448,02,L'EIXAMPLE,10,Sant Antoni,Carrer,SEPULVEDA,1,169,,,,,,,2,1
02-2012-1449,02,L'EIXAMPLE,09,la Nova Esquerra de l'Eixample,Carrer,CALABRIA,1,199,,,,,,,PR,1
02-2012-1452,02,L'EIXAMPLE,05,el Fort Pienc,Avinguda,DIAGONAL,1,245,,,,,,,PR,2
02-2012-1458,02,L'EIXAMPLE,05,el Fort Pienc,Gran Via,CORTS CATALANES,2,794,,,,,,,7,2
02-2012-1477,02,L'EIXAMPLE,07,la Dreta de l'Eixample,Rambla,CATALUNYA,2,52,,,,,,,05,5
02-2012-1485,02,L'EIXAMPLE,05,el Fort Pienc,Carrer,AUSIAS MARC,1,125,,,,,,,05,2
02-2012-1497,02,L'EIXAMPLE,10,Sant Antoni,Carrer,MUNTANER,1,7,,,,,,,PR,2B
02-2012-1498,02,L'EIXAMPLE,10,Sant Antoni,Carrer,SEPULVEDA,1,181,,,,,,,PR,1A
02-2012-1553,02,L'EIXAMPLE,10,Sant Antoni,Carrer,PARLAMENT,1,35,,,,,,,02,2
02-2012-1561,02,L'EIXAMPLE,06,la Sagrada Família,Carrer,SANT ANTONI MARIA CLARET,2,234,,,,,,,05,1
02-2012-1573,02,L'EIXAMPLE,06,la Sagrada Família,Carrer,PADILLA,1,219,,,,,,,04,1
02-2012-1598,02,L'EIXAMPLE,08,l'Antiga Esquerra de l'Eixample,Gran Via,CORTS CATALANES,1,555,,,,,,,02,
02-2012-1616,02,L'EIXAMPLE,07,la Dreta de l'Eixample,Carrer,MALLORCA,2,344,,,,,,,EN,2
02-2012-1633,02,L'EIXAMPLE,07,la Dreta de l'Eixample,Rambla,CATALUNYA,2,106,,,,,,,03,4
02-2012-1639,02,L'EIXAMPLE,08,l'Antiga Esquerra de l'Eixample,Carrer,PARIS,2,202,,,,,,,PR,2
02-2012-1652,02,L'EIXAMPLE,07,la Dreta de l'Eixample,Carrer,ROGER DE FLOR,2,148,,,,,,B,02,1
02-2012-1660,02,L'EIXAMPLE,06,la Sagrada Família,Carrer,PADILLA,2,216,,,,,,,2,4
02-2012-1684,02,L'EIXAMPLE,10,Sant Antoni,Ronda,SANT PAU,1,1,,,,,,,05,2
02-2012-1712,02,L'EIXAMPLE,07,la Dreta de l'Eixample,Passeig,GRACIA,2,44,,,,,,,6,D
02-2012-1725,02,L'EIXAMPLE,08,l'Antiga Esquerra de l'Eixample,Carrer,CASANOVA,2,96,,,,,,,5,2
02-2012-1728,02,L'EIXAMPLE,08,l'Antiga Esquerra de l'Eixample,Carrer,CASANOVA,2,96,,,,,,,4,1
02-2012-1729,02,L'EIXAMPLE,08,l'Antiga Esquerra de l'Eixample,Carrer,CASANOVA,2,96,,,,,,,3,1
02-2012-1748,02,L'EIXAMPLE,06,la Sagrada Família,Carrer,DOS DE MAIG,1,225,,,,,,,02,2
02-2012-1749,02,L'EIXAMPLE,06,la Sagrada Família,Carrer,ROSSELLO,1,449,,,,,,,03,2
02-2012-1763,02,L'EIXAMPLE,08,l'Antiga Esquerra de l'Eixample,Carrer,MALLORCA,1,215,,,,,,,02,3
02-2012-1787,02,L'EIXAMPLE,08,l'Antiga Esquerra de l'Eixample,Carrer,BALMES,1,119,,,,,,,02,3
02-2012-1815,02,L'EIXAMPLE,09,la Nova Esquerra de l'Eixample,Carrer,ARAGO,2,92,,,,,,,EN,5
02-2012-1829,02,L'EIXAMPLE,08,l'Antiga Esquerra de l'Eixample,Carrer,PROVENÇA,1,175,,,,,,,05,3
02-2012-1850,02,L'EIXAMPLE,06,la Sagrada Família,Avinguda,GAUDI,2,14,,,,,,,PR,2
02-2012-1851,02,L'EIXAMPLE,06,la Sagrada Família,Avinguda,GAUDI,2,14,,,,,,,01,2
02-2012-1853,02,L'EIXAMPLE,06,la Sagrada Família,Carrer,MALLORCA,2,434,,,,,,,PR,2
02-2012-1862,02,L'EIXAMPLE,05,el Fort Pienc,Carrer,ALI BEI,1,57,,,,,,,03,4
02-2012-1881,02,L'EIXAMPLE,10,Sant Antoni,Carrer,COMTE BORRELL,2,42,,,,,,,01,2
02-2012-1898,02,L'EIXAMPLE,07,la Dreta de l'Eixample,Carrer,ROSSELLO,2,328,,,,,,,01,2
02-2012-1932,02,L'EIXAMPLE,07,la Dreta de l'Eixample,Carrer,BALMES,2,66,,,,,,,6,2
02-2012-1942,02,L'EIXAMPLE,07,la Dreta de l'Eixample,Passeig,SANT JOAN,1,51,,,,,,,04,
02-2012-1965,02,L'EIXAMPLE,07,la Dreta de l'Eixample,Carrer,DIPUTACIO,1,317,,,,,,,AT,
02-2012-1999,02,L'EIXAMPLE,07,la Dreta de l'Eixample,Carrer,ROSSELLO,2,328,,,,,,,05,1
02-2012-2022,02,L'EIXAMPLE,06,la Sagrada Família,Carrer,PROVENÇA,1,493,,,,,,,EN,4
02-2012-2028,02,L'EIXAMPLE,06,la Sagrada Família,Carrer,NAPOLS,2,258,,,,,,,01,3
02-2013-0007,02,L'EIXAMPLE,10,Sant Antoni,Carrer,SEPULVEDA,1,41,,,,,,,05,1
02-2013-0011,02,L'EIXAMPLE,08,l'Antiga Esquerra de l'Eixample,Carrer,PROVENÇA,1,131,,133,,,,,01,3
02-2013-0020,02,L'EIXAMPLE,07,la Dreta de l'Eixample,Carrer,GIRONA,2,36,,,,,,,04,01
02-2013-0039,02,L'EIXAMPLE,10,Sant Antoni,Carrer,SEPULVEDA,1,181,,,,,,,02,1B
02-2013-0065,02,L'EIXAMPLE,07,la Dreta de l'Eixample,Carrer,GIRONA,2,108,,,,,,,05,1
02-2013-0068,02,L'EIXAMPLE,08,l'Antiga Esquerra de l'Eixample,Carrer,VILLARROEL,1,201,,203,,,,,PR,2
02-2013-0069,02,L'EIXAMPLE,06,la Sagrada Família,Passatge,SIMO,2,8,,,,,,,04,1
02-2013-0100,02,L'EIXAMPLE,08,l'Antiga Esquerra de l'Eixample,Carrer,PROVENÇA,2,222,,,,,,,05,1
02-2013-0128,02,L'EIXAMPLE,07,la Dreta de l'Eixample,Avinguda,DIAGONAL,2,434,,,,,,,03,1
02-2013-0129,02,L'EIXAMPLE,07,la Dreta de l'Eixample,Passeig,GRACIA,1,3,,,,,,,04,2
02-2013-0143,02,L'EIXAMPLE,07,la Dreta de l'Eixample,Gran Via,CORTS CATALANES,2,662,,,,,,,PR,2A
02-2013-0170,02,L'EIXAMPLE,07,la Dreta de l'Eixample,Carrer,BALMES,2,24,,,,,,,02,2
02-2013-0208,02,L'EIXAMPLE,06,la Sagrada Família,Carrer,INDUSTRIA,1,175,,,,,,,02,1
02-2013-0212,02,L'EIXAMPLE,06,la Sagrada Família,Carrer,INDUSTRIA,1,175,,,,,,,04,2
02-2013-0224,02,L'EIXAMPLE,07,la Dreta de l'Eixample,Rambla,CATALUNYA,1,1,,,,,,,05,2
02-2013-0233,02,L'EIXAMPLE,07,la Dreta de l'Eixample,Passeig,GRACIA,2,58,,,,,,,AT,2
02-2013-0246,02,L'EIXAMPLE,07,la Dreta de l'Eixample,Carrer,CASP,2,82,,,,,,A,04,3
02-2013-0256,02,L'EIXAMPLE,05,el Fort Pienc,Carrer,MARINA,2,124,,,,,,,01,1
02-2013-0286,02,L'EIXAMPLE,07,la Dreta de l'Eixample,Carrer,ARAGO,2,250,,,,,,A,02,2
02-2013-0364,02,L'EIXAMPLE,07,la Dreta de l'Eixample,Carrer,PAU CLARIS,2,126,,,,,,,05,2
02-2013-0365,02,L'EIXAMPLE,07,la Dreta de l'Eixample,Carrer,PAU CLARIS,2,126,,,,,,,02,2
02-2013-0390,02,L'EIXAMPLE,07,la Dreta de l'Eixample,Carrer,BRUC,1,69,,,,,,,03,2
02-2013-0394,02,L'EIXAMPLE,07,la Dreta de l'Eixample,Rambla,CATALUNYA,2,42,,,,,,,02,2A
02-2013-0395,02,L'EIXAMPLE,07,la Dreta de l'Eixample,Rambla,CATALUNYA,2,42,,,,,,,02,2B
02-2013-0404,02,L'EIXAMPLE,07,la Dreta de l'Eixample,Carrer,GIRONA,1,111,,,,,,,1,1A
02-2013-0409,02,L'EIXAMPLE,10,Sant Antoni,Carrer,COMTE BORRELL,1,45,,,,,,,02,2
02-2013-0421,02,L'EIXAMPLE,07,la Dreta de l'Eixample,Carrer,NAPOLS,1,229,,,,,,,PR,2
02-2013-0436,02,L'EIXAMPLE,07,la Dreta de l'Eixample,Carrer,CONSELL DE CENT,2,430,,,,,,,03,4
02-2013-0445,02,L'EIXAMPLE,07,la Dreta de l'Eixample,Carrer,DIPUTACIO,1,291,,,,,,,01,1
02-2013-0446,02,L'EIXAMPLE,07,la Dreta de l'Eixample,Carrer,DIPUTACIO,1,291,,,,,,,01,4
02-2013-0449,02,L'EIXAMPLE,07,la Dreta de l'Eixample,Carrer,DIPUTACIO,1,291,,,,,,,03,1
02-2013-0455,02,L'EIXAMPLE,06,la Sagrada Família,Avinguda,GAUDI,2,8,,,,,,,PR,1
02-2013-0456,02,L'EIXAMPLE,06,la Sagrada Família,Avinguda,GAUDI,2,8,,,,,,,EN,1
02-2013-0503,02,L'EIXAMPLE,10,Sant Antoni,Carrer,COMTE BORRELL,1,65,,,,,,,03,3
02-2013-0504,02,L'EIXAMPLE,07,la Dreta de l'Eixample,Carrer,BAILEN,1,77,,,,,,,01,2
02-2013-0515,02,L'EIXAMPLE,10,Sant Antoni,Carrer,VILADOMAT,1,3,,,,,,,01,C
02-2013-0518,02,L'EIXAMPLE,06,la Sagrada Família,Carrer,SARDENYA,2,342,,,,,,,1,4
02-2013-0524,02,L'EIXAMPLE,07,la Dreta de l'Eixample,Carrer,GIRONA,2,46,,,,,,,02,2
02-2013-0565,02,L'EIXAMPLE,07,la Dreta de l'Eixample,Carrer,PROVENÇA,2,360,,,,,,,01,2A
02-2013-0569,02,L'EIXAMPLE,07,la Dreta de l'Eixample,Carrer,PROVENÇA,2,360,,,,,,,02,2B
02-2013-0602,02,L'EIXAMPLE,10,Sant Antoni,Carrer,ENTENÇA,1,33,,,,,,,03,1
02-2013-0605,02,L'EIXAMPLE,07,la Dreta de l'Eixample,Passeig,SANT JOAN,2,86,,,,,,,02,2
02-2013-0609,02,L'EIXAMPLE,09,la Nova Esquerra de l'Eixample,Gran Via,CORTS CATALANES,1,497,,,,,,,01,3
02-2013-0620,02,L'EIXAMPLE,06,la Sagrada Família,Plaça,SAGRADA FAMILIA,1,17,,,,,,,02,1
02-2013-0653,02,L'EIXAMPLE,09,la Nova Esquerra de l'Eixample,Avinguda,JOSEP TARRADELLAS,2,56,,,,,,,PR,2
02-2013-0658,02,L'EIXAMPLE,06,la Sagrada Família,Carrer,MALLORCA,1,451,,,,,,A,EN,2
02-2013-0669,02,L'EIXAMPLE,08,l'Antiga Esquerra de l'Eixample,Carrer,ARIBAU,2,46,,,,,,,BJ,2
02-2013-0685,02,L'EIXAMPLE,10,Sant Antoni,Carrer,TAMARIT,1,187,,,,,,,1,1
02-2013-0694,02,L'EIXAMPLE,10,Sant Antoni,Carrer,TAMARIT,1,187,,,,,,,4,2
02-2013-0696,02,L'EIXAMPLE,05,el Fort Pienc,Gran Via,CORTS CATALANES,1,721,,,,,,,06,D
02-2013-0738,02,L'EIXAMPLE,06,la Sagrada Família,Carrer,VALENCIA,1,441,,,,,,,02,2
02-2013-0763,02,L'EIXAMPLE,07,la Dreta de l'Eixample,Rambla,CATALUNYA,2,42,,,,,,,01,2A
02-2013-0797,02,L'EIXAMPLE,07,la Dreta de l'Eixample,Rambla,CATALUNYA,2,42,,,,,,,3,2B
02-2013-0840,02,L'EIXAMPLE,10,Sant Antoni,Gran Via,CORTS CATALANES,2,506,,510,,,,,01,2
02-2013-0903,02,L'EIXAMPLE,09,la Nova Esquerra de l'Eixample,Carrer,ROSSELLO,1,95,,,,,,,BJ,
02-2013-0913,02,L'EIXAMPLE,06,la Sagrada Família,Carrer,LEPANT,1,285,,,,,,,SA,
02-2013-0914,02,L'EIXAMPLE,10,Sant Antoni,Carrer,MARQUES DE CAMPO SAGRADO,2,28,,,,,,,01,2
02-2013-0916,02,L'EIXAMPLE,07,la Dreta de l'Eixample,Avinguda,DIAGONAL,1,319,A,,,,,,06,2
02-2013-0920,02,L'EIXAMPLE,05,el Fort Pienc,Carrer,MARINA,2,212,,,,,,,01,2
02-2013-0933,02,L'EIXAMPLE,07,la Dreta de l'Eixample,Carrer,PAU CLARIS,1,97,,,,,,,05,1
02-2013-0973,02,L'EIXAMPLE,07,la Dreta de l'Eixample,Rambla,CATALUNYA,1,113,,,,,,,PR,1
02-2013-0977,02,L'EIXAMPLE,08,l'Antiga Esquerra de l'Eixample,Carrer,CORSEGA,1,193,,,,,,,EN,2
02-2013-0999,02,L'EIXAMPLE,09,la Nova Esquerra de l'Eixample,Carrer,ARAGO,1,147,,,,,,,03,2
02-2013-1020,02,L'EIXAMPLE,10,Sant Antoni,Avinguda,MISTRAL,1,61,,,,,,,02,2
02-2013-1026,02,L'EIXAMPLE,10,Sant Antoni,Avinguda,MISTRAL,1,61,,,,,,,05,2
02-2013-1028,02,L'EIXAMPLE,10,Sant Antoni,Avinguda,MISTRAL,1,61,,,,,,,06,2
02-2013-1035,02,L'EIXAMPLE,09,la Nova Esquerra de l'Eixample,Carrer,CALABRIA,2,104,,,,,,,01,2P
02-2013-1065,02,L'EIXAMPLE,06,la Sagrada Família,Carrer,CARTAGENA,1,269,,,,,,,06,3
02-2013-1072,02,L'EIXAMPLE,06,la Sagrada Família,Carrer,VALENCIA,2,494,,498,,,,E,03,3
02-2013-1090,02,L'EIXAMPLE,05,el Fort Pienc,Carrer,LEPANT,2,220,,,,,,,03,3
02-2013-1134,02,L'EIXAMPLE,07,la Dreta de l'Eixample,Carrer,ARAGO,2,284,B,,,,,,06,1D
02-2013-1138,02,L'EIXAMPLE,06,la Sagrada Família,Carrer,CARTAGENA,2,264,,,,,,,PR,3
02-2013-1167,02,L'EIXAMPLE,09,la Nova Esquerra de l'Eixample,Carrer,ARAGO,1,39,,,,,,,3,1
02-2013-1169,02,L'EIXAMPLE,09,la Nova Esquerra de l'Eixample,Carrer,ROCAFORT,2,102,,,,,,,04,4
02-2013-1170,02,L'EIXAMPLE,09,la Nova Esquerra de l'Eixample,Carrer,ROCAFORT,2,102,,,,,,,04,3
02-2013-1178,02,L'EIXAMPLE,07,la Dreta de l'Eixample,Ronda,SANT PERE,1,11,,,,,,,04,1
02-2013-1193,02,L'EIXAMPLE,06,la Sagrada Família,Carrer,CONSELL DE CENT,1,545,,,,,,,04,4
02-2013-1207,02,L'EIXAMPLE,07,la Dreta de l'Eixample,Carrer,CONSELL DE CENT,1,343,,,,,,,PR,2A
02-2013-1228,02,L'EIXAMPLE,07,la Dreta de l'Eixample,Carrer,ROSSELLO,2,266,,,,,,B,PR,1
02-2013-1246,02,L'EIXAMPLE,09,la Nova Esquerra de l'Eixample,Carrer,ARAGO,2,54,,,,,,,2,2
02-2013-1252,02,L'EIXAMPLE,06,la Sagrada Família,Carrer,MARINA,1,265,,,,,,,04,1
02-2013-1262,02,L'EIXAMPLE,10,Sant Antoni,Avinguda,PARAL.LEL,2,180,,,,,,A,2,2
02-2013-1284,02,L'EIXAMPLE,05,el Fort Pienc,Avinguda,DIAGONAL,1,225,,,,,,,06,2
02-2013-1308,02,L'EIXAMPLE,07,la Dreta de l'Eixample,Carrer,MALLORCA,1,337,,,,,,,04,1A
02-2013-1309,02,L'EIXAMPLE,07,la Dreta de l'Eixample,Carrer,MALLORCA,1,337,,,,,,,02,1B
02-2013-1313,02,L'EIXAMPLE,06,la Sagrada Família,Carrer,LEPANT,2,330,,,,,,,04,3
02-2013-1327,02,L'EIXAMPLE,06,la Sagrada Família,Carrer,LEPANT,2,364,,,,,,,EN,3
02-2013-1386,02,L'EIXAMPLE,09,la Nova Esquerra de l'Eixample,Carrer,ROCAFORT,2,102,,,,,,,07,4
02-2013-1400,02,L'EIXAMPLE,07,la Dreta de l'Eixample,Carrer,VALENCIA,2,334,,,,,,,02,3
02-2013-1464,02,L'EIXAMPLE,09,la Nova Esquerra de l'Eixample,Carrer,ARAGO,1,39,,,,,,,1,1
02-2013-1582,02,L'EIXAMPLE,07,la Dreta de l'Eixample,Avinguda,DIAGONAL,1,383,,,,,,,2,2
02-2013-1604,02,L'EIXAMPLE,09,la Nova Esquerra de l'Eixample,Carrer,ARAGO,1,39,,,,,,,PR,4
02-2013-1625,02,L'EIXAMPLE,08,l'Antiga Esquerra de l'Eixample,Carrer,ARAGO,1,207,,,,,,,PR,4
02-2013-1648,02,L'EIXAMPLE,08,l'Antiga Esquerra de l'Eixample,Carrer,ARIBAU,2,56,,,,,,,PR,1
02-2013-1671,02,L'EIXAMPLE,05,el Fort Pienc,Carrer,AUSIAS MARC,2,136,,,,,,,03,1
02-2013-1726,02,L'EIXAMPLE,09,la Nova Esquerra de l'Eixample,Carrer,ROCAFORT,2,102,,,,,,,01,1
02-2013-1828,02,L'EIXAMPLE,09,la Nova Esquerra de l'Eixample,Carrer,ROCAFORT,2,102,,,,,,,3,3
02-2013-1839,02,L'EIXAMPLE,08,l'Antiga Esquerra de l'Eixample,Carrer,CONSELL DE CENT,2,254,,,,,,,03,2
02-2013-1890,02,L'EIXAMPLE,09,la Nova Esquerra de l'Eixample,Carrer,VILADOMAT,1,261,,,,,,,02,2
02-2013-1911,02,L'EIXAMPLE,07,la Dreta de l'Eixample,Carrer,VALENCIA,1,317,,,,,,,03,2
02-2013-1927,02,L'EIXAMPLE,07,la Dreta de l'Eixample,Passeig,SANT JOAN,1,123,,,,,,,EN,2
02-2013-1967,02,L'EIXAMPLE,07,la Dreta de l'Eixample,Passeig,GRACIA,1,15,,,,,,,PR,1B
02-2013-1983,02,L'EIXAMPLE,07,la Dreta de l'Eixample,Rambla,CATALUNYA,2,54,,,,,,,04,1
02-2013-2027,02,L'EIXAMPLE,05,el Fort Pienc,Carrer,AUSIAS MARC,2,136,,,,,,,04,1
02-2013-2034,02,L'EIXAMPLE,05,el Fort Pienc,Carrer,DIPUTACIO,2,470,,,,,,,05,2
02-2013-2036,02,L'EIXAMPLE,07,la Dreta de l'Eixample,Ronda,SANT PERE,2,44,,,,,,,PR,1B
02-2013-2102,02,L'EIXAMPLE,07,la Dreta de l'Eixample,Passeig,GRACIA,2,32,,,,,,,03,3
02-2013-2103,02,L'EIXAMPLE,07,la Dreta de l'Eixample,Passeig,GRACIA,2,32,,,,,,,03,2
02-2013-2119,02,L'EIXAMPLE,07,la Dreta de l'Eixample,Carrer,VALENCIA,1,347,,,,,,,03,2
02-2013-2166,02,L'EIXAMPLE,07,la Dreta de l'Eixample,Carrer,BALMES,2,12,,,,,,,PR,2
02-2013-2168,02,L'EIXAMPLE,05,el Fort Pienc,Carrer,MARINA,2,124,,,,,,,PR,3
02-2013-2226,02,L'EIXAMPLE,07,la Dreta de l'Eixample,Carrer,NAPOLS,1,213,,,,,,,04,1
02-2013-2260,02,L'EIXAMPLE,07,la Dreta de l'Eixample,Passeig,GRACIA,2,64,,,,,,,01,3
02-2013-2287,02,L'EIXAMPLE,10,Sant Antoni,Carrer,COMTE BORRELL,1,51,,,,,,,PR,2
02-2013-2290,02,L'EIXAMPLE,06,la Sagrada Família,Carrer,MALLORCA,2,438,,,,,,,PR,1
02-2013-2296,02,L'EIXAMPLE,07,la Dreta de l'Eixample,Carrer,PAU CLARIS,2,176,,,,,,,03,2
02-2013-2303,02,L'EIXAMPLE,10,Sant Antoni,Carrer,SEPULVEDA,1,157,,,,,,,1,1
02-2013-2306,02,L'EIXAMPLE,10,Sant Antoni,Carrer,SEPULVEDA,1,157,,,,,,,2,2
02-2013-2327,02,L'EIXAMPLE,08,l'Antiga Esquerra de l'Eixample,Carrer,ENRIC GRANADOS,1,41,,,,,,,04,1B
02-2013-2387,02,L'EIXAMPLE,08,l'Antiga Esquerra de l'Eixample,Carrer,PARIS,2,178,,,,,,,02,1
02-2013-2423,02,L'EIXAMPLE,10,Sant Antoni,Carrer,COMTE BORRELL,2,88,,,,,,,01,3
02-2013-2436,02,L'EIXAMPLE,06,la Sagrada Família,Carrer,ROSSELLO,2,448,,,,,,,5,1
02-2014-0012,02,L'EIXAMPLE,10,Sant Antoni,Carrer,SEPULVEDA,2,140,,,,,,,6,1
02-2014-0018,02,L'EIXAMPLE,08,l'Antiga Esquerra de l'Eixample,Carrer,ARAGO,1,207,,,,,,,PR,1
02-2014-0040,02,L'EIXAMPLE,08,l'Antiga Esquerra de l'Eixample,Carrer,CASANOVA,1,87,,,,,,,03,B
02-2014-0043,02,L'EIXAMPLE,08,l'Antiga Esquerra de l'Eixample,Carrer,CASANOVA,1,87,,,,,,,05,A
02-2014-0053,02,L'EIXAMPLE,05,el Fort Pienc,Carrer,RIBES,1,49,,,,,,,2,B
02-2014-0080,02,L'EIXAMPLE,05,el Fort Pienc,Carrer,ROGER DE FLOR,1,89,,,,,,,04,2
02-2014-0090,02,L'EIXAMPLE,07,la Dreta de l'Eixample,Avinguda,DIAGONAL,1,301,,,,,,,6,
02-2014-0121,02,L'EIXAMPLE,08,l'Antiga Esquerra de l'Eixample,Carrer,CORSEGA,1,225,,,,,,,04,1
02-2014-0123,02,L'EIXAMPLE,08,l'Antiga Esquerra de l'Eixample,Carrer,CASANOVA,2,66,,,,,,,AT,2
02-2014-0156,02,L'EIXAMPLE,08,l'Antiga Esquerra de l'Eixample,Carrer,ARIBAU,1,25,,,,,,,02,3
02-2014-0159,02,L'EIXAMPLE,07,la Dreta de l'Eixample,Carrer,ROSSELLO,1,275,,,,,,,03,A
02-2014-0178,02,L'EIXAMPLE,10,Sant Antoni,Avinguda,MISTRAL,2,54,,,,,,,01,2
02-2014-0187,02,L'EIXAMPLE,07,la Dreta de l'Eixample,Carrer,MALLORCA,2,304,,,,,,,01,1
02-2014-0215,02,L'EIXAMPLE,07,la Dreta de l'Eixample,Carrer,FONTANELLA,1,15,,,,,,A,01,1
02-2014-0247,02,L'EIXAMPLE,06,la Sagrada Família,Carrer,MARINA,2,250,,,,,,,02,2
02-2014-0255,02,L'EIXAMPLE,08,l'Antiga Esquerra de l'Eixample,Carrer,VALENCIA,1,163,,,,,,,1,2
02-2014-0270,02,L'EIXAMPLE,06,la Sagrada Família,Carrer,LEPANT,1,257,,,,,,,3,1
02-2014-0280,02,L'EIXAMPLE,08,l'Antiga Esquerra de l'Eixample,Carrer,CONSELL DE CENT,1,233,,,,,,,03,3
02-2014-0293,02,L'EIXAMPLE,08,l'Antiga Esquerra de l'Eixample,Gran Via,CORTS CATALANES,1,555,,,,,,,04,
02-2014-0295,02,L'EIXAMPLE,10,Sant Antoni,Carrer,COMTE D'URGELL,2,46,,,,,,,06,4
02-2014-0307,02,L'EIXAMPLE,07,la Dreta de l'Eixample,Carrer,CONSELL DE CENT,2,306,,,,,,,01,2
02-2014-0309,02,L'EIXAMPLE,09,la Nova Esquerra de l'Eixample,Gran Via,CORTS CATALANES,1,479,,,,,,,PR,2
02-2014-0312,02,L'EIXAMPLE,09,la Nova Esquerra de l'Eixample,Gran Via,CORTS CATALANES,1,479,,,,,,,04,1
02-2014-0314,02,L'EIXAMPLE,08,l'Antiga Esquerra de l'Eixample,Carrer,ROSSELLO,1,189,,,,,,D,05,2
02-2014-0322,02,L'EIXAMPLE,07,la Dreta de l'Eixample,Carrer,CONSELL DE CENT,1,343,,,,,,,01,1
02-2014-0344,02,L'EIXAMPLE,07,la Dreta de l'Eixample,Gran Via,CORTS CATALANES,2,640,,,,,,,02,2
02-2014-0346,02,L'EIXAMPLE,07,la Dreta de l'Eixample,Gran Via,CORTS CATALANES,1,671,,,,,,,4,2
02-2014-0350,02,L'EIXAMPLE,10,Sant Antoni,Carrer,ROCAFORT,2,68,,,,,,,PR,1A
02-2014-0379,02,L'EIXAMPLE,08,l'Antiga Esquerra de l'Eixample,Carrer,CASANOVA,2,134,,,,,,,AT,3
02-2014-0396,02,L'EIXAMPLE,06,la Sagrada Família,Avinguda,GAUDI,1,87,,,,,,,05,
02-2014-0411,02,L'EIXAMPLE,05,el Fort Pienc,Carrer,SICILIA,2,180,,,,,,,SA,2
02-2014-0448,02,L'EIXAMPLE,08,l'Antiga Esquerra de l'Eixample,Carrer,CORSEGA,2,244,,,,,,,04,2
02-2014-0450,02,L'EIXAMPLE,07,la Dreta de l'Eixample,Carrer,MALLORCA,2,360,,,,,,,1,2
02-2014-0454,02,L'EIXAMPLE,07,la Dreta de l'Eixample,Carrer,MALLORCA,2,360,,,,,,,3,1
02-2014-0467,02,L'EIXAMPLE,07,la Dreta de l'Eixample,Passeig,GRACIA,2,44,,,,,,,09,D
02-2014-0494,02,L'EIXAMPLE,07,la Dreta de l'Eixample,Carrer,VALENCIA,2,308,,,,,,,PR,1
02-2014-0507,02,L'EIXAMPLE,07,la Dreta de l'Eixample,Carrer,PAU CLARIS,1,87,,,,,,,PR,2
02-2014-0539,02,L'EIXAMPLE,05,el Fort Pienc,Avinguda,DIAGONAL,1,225,,,,,,,07,2
02-2014-0568,02,L'EIXAMPLE,08,l'Antiga Esquerra de l'Eixample,Carrer,ARAGO,1,207,,,,,,,03,2
02-2014-0580,02,L'EIXAMPLE,05,el Fort Pienc,Carrer,ROGER DE FLOR,1,45,,,,,,A,5,4
02-2014-0594,02,L'EIXAMPLE,05,el Fort Pienc,Carrer,DIPUTACIO,2,382,,,,,,,05,4
02-2014-0604,02,L'EIXAMPLE,10,Sant Antoni,Ronda,SANT PAU,1,3,,,,,,,EN,1
02-2014-0620,02,L'EIXAMPLE,06,la Sagrada Família,Carrer,ROSSELLO,1,483,,,,,,,01,1
02-2014-0640,02,L'EIXAMPLE,07,la Dreta de l'Eixample,Carrer,BRUC,1,151,,,,,,,06,2
02-2014-0646,02,L'EIXAMPLE,07,la Dreta de l'Eixample,Carrer,GIRONA,1,17,,,,,,,EN,1
02-2014-0647,02,L'EIXAMPLE,07,la Dreta de l'Eixample,Carrer,GIRONA,1,17,,,,,,,EN,2
02-2014-0649,02,L'EIXAMPLE,08,l'Antiga Esquerra de l'Eixample,Carrer,ARIBAU,2,82,,,,,,,02,1
02-2014-0664,02,L'EIXAMPLE,07,la Dreta de l'Eixample,Carrer,BAILEN,1,41,,,,,,,1,2B
02-2014-0675,02,L'EIXAMPLE,05,el Fort Pienc,Carrer,SICILIA,1,159,,,,,,,01,2
02-2014-0690,02,L'EIXAMPLE,05,el Fort Pienc,Carrer,RIBES,2,26,,,,,,,01,1
02-2014-0697,02,L'EIXAMPLE,07,la Dreta de l'Eixample,Ronda,SANT PERE,2,26,,,,,,,3,1
02-2014-0698,02,L'EIXAMPLE,07,la Dreta de l'Eixample,Ronda,SANT PERE,2,26,,,,,,,2,2
02-2014-0704,02,L'EIXAMPLE,08,l'Antiga Esquerra de l'Eixample,Carrer,PROVENÇA,2,154,,,,,,,04,4
02-2014-0715,02,L'EIXAMPLE,10,Sant Antoni,Carrer,COMTE BORRELL,2,38,,,,,,,03,2
02-2014-0722,02,L'EIXAMPLE,10,Sant Antoni,Carrer,COMTE BORRELL,2,38,,,,,,,EN,1
02-2014-0723,02,L'EIXAMPLE,06,la Sagrada Família,Avinguda,GAUDI,1,31,,,,,,,6,4
02-2014-0728,02,L'EIXAMPLE,07,la Dreta de l'Eixample,Carrer,CASP,1,41,,,,,,,03,1B
02-2014-0733,02,L'EIXAMPLE,08,l'Antiga Esquerra de l'Eixample,Carrer,PROVENÇA,1,131,,,,,,,05,1
02-2014-0761,02,L'EIXAMPLE,08,l'Antiga Esquerra de l'Eixample,Carrer,PROVENÇA,1,205,,,,,,,EN,1
02-2014-0780,02,L'EIXAMPLE,07,la Dreta de l'Eixample,Carrer,GIRONA,1,167,,169,,,,,02,2
02-2014-0782,02,L'EIXAMPLE,07,la Dreta de l'Eixample,Carrer,GIRONA,1,167,,169,,,,,01,2
02-2014-0785,02,L'EIXAMPLE,08,l'Antiga Esquerra de l'Eixample,Carrer,VALENCIA,1,191,,,,,,,01,1
02-2014-0796,02,L'EIXAMPLE,07,la Dreta de l'Eixample,Carrer,GIRONA,1,167,,169,,,,,03,2
02-2014-0806,02,L'EIXAMPLE,05,el Fort Pienc,Gran Via,CORTS CATALANES,2,790,,,,,,,02,
02-2014-0817,02,L'EIXAMPLE,08,l'Antiga Esquerra de l'Eixample,Carrer,CONSELL DE CENT,2,236,,,,,,,PR,2
02-2014-0835,02,L'EIXAMPLE,07,la Dreta de l'Eixample,Passeig,GRACIA,2,58,,,,,,,02,1
02-2014-0837,02,L'EIXAMPLE,07,la Dreta de l'Eixample,Carrer,GIRONA,2,108,,,,,,,04,2
02-2014-0851,02,L'EIXAMPLE,05,el Fort Pienc,Carrer,DIPUTACIO,2,470,,,,,,,03,1
02-2014-0853,02,L'EIXAMPLE,05,el Fort Pienc,Carrer,DIPUTACIO,2,470,,,,,,,PR,2
02-2014-0898,02,L'EIXAMPLE,07,la Dreta de l'Eixample,Carrer,ROSSELLO,2,202,,,,,,,EN,2
02-2014-0899,02,L'EIXAMPLE,10,Sant Antoni,Carrer,PARLAMENT,2,4,,,,,,,01,1
02-2014-0927,02,L'EIXAMPLE,08,l'Antiga Esquerra de l'Eixample,Carrer,PROVENÇA,1,131,,,,,,,06,3
02-2014-0935,02,L'EIXAMPLE,08,l'Antiga Esquerra de l'Eixample,Carrer,PROVENÇA,1,131,,,,,,,06,2
02-2014-0946,02,L'EIXAMPLE,06,la Sagrada Família,Carrer,SARDENYA,2,364,,,,,,,04,2
02-2014-0949,02,L'EIXAMPLE,09,la Nova Esquerra de l'Eixample,Carrer,VALENCIA,2,120,,,,,,,PR,1
02-2014-0954,02,L'EIXAMPLE,10,Sant Antoni,Carrer,ROCAFORT,2,66,,,,,,,03,4
02-2014-0963,02,L'EIXAMPLE,09,la Nova Esquerra de l'Eixample,Carrer,VILAMARI,1,101,,,,,,,01,1
02-2014-0965,02,L'EIXAMPLE,06,la Sagrada Família,Carrer,SARDENYA,2,340,,,,,,,PR,2
02-2014-0972,02,L'EIXAMPLE,07,la Dreta de l'Eixample,Carrer,GIRONA,1,15,,,,,,,04,2
02-2014-0990,02,L'EIXAMPLE,06,la Sagrada Família,Carrer,VALENCIA,1,435,,,,,,,04,2
02-2014-0991,02,L'EIXAMPLE,08,l'Antiga Esquerra de l'Eixample,Passatge,BATLLO,2,4,B,,,,,,01,1
02-2014-0993,02,L'EIXAMPLE,08,l'Antiga Esquerra de l'Eixample,Passatge,BATLLO,2,4,B,,,,,,03,1
02-2014-0995,02,L'EIXAMPLE,08,l'Antiga Esquerra de l'Eixample,Passatge,BATLLO,2,4,B,,,,,,02,2
02-2014-1006,02,L'EIXAMPLE,07,la Dreta de l'Eixample,Carrer,ROGER DE FLOR,2,222,B,,,,,,06,2
02-2014-1016,02,L'EIXAMPLE,07,la Dreta de l'Eixample,Passeig,GRACIA,1,51,,,,,,,01,1B
02-2014-1018,02,L'EIXAMPLE,07,la Dreta de l'Eixample,Passeig,GRACIA,1,51,,,,,,,01,2B
02-2014-1034,02,L'EIXAMPLE,07,la Dreta de l'Eixample,Carrer,BAILEN,1,125,,,,,,,03,2
02-2014-1036,02,L'EIXAMPLE,07,la Dreta de l'Eixample,Carrer,BAILEN,1,125,,,,,,,02,2
02-2014-1045,02,L'EIXAMPLE,05,el Fort Pienc,Passeig,SANT JOAN,2,2,,,,,,,01,2
02-2014-1055,02,L'EIXAMPLE,07,la Dreta de l'Eixample,Carrer,CONSELL DE CENT,1,341,,,,,,,04,1A
02-2014-1056,02,L'EIXAMPLE,07,la Dreta de l'Eixample,Carrer,CONSELL DE CENT,1,341,,,,,,,05,1A
02-2014-1060,02,L'EIXAMPLE,07,la Dreta de l'Eixample,Carrer,CONSELL DE CENT,1,341,,,,,,,02,2A
02-2014-1075,02,L'EIXAMPLE,07,la Dreta de l'Eixample,Carrer,BAILEN,1,81,,83,,,,,1,4
02-2014-1090,02,L'EIXAMPLE,07,la Dreta de l'Eixample,Carrer,BAILEN,1,81,,83,,,,,4,2
02-2014-1092,02,L'EIXAMPLE,07,la Dreta de l'Eixample,Carrer,BAILEN,1,81,,83,,,,,4,4
02-2014-1121,02,L'EIXAMPLE,07,la Dreta de l'Eixample,Carrer,CASP,1,41,,,,,,,03,2A
02-2014-1134,02,L'EIXAMPLE,07,la Dreta de l'Eixample,Ronda,SANT PERE,2,26,,,,,,,5,2
02-2014-1144,02,L'EIXAMPLE,07,la Dreta de l'Eixample,Rambla,CATALUNYA,2,52,,,,,,,6,4
02-2014-1168,02,L'EIXAMPLE,10,Sant Antoni,Carrer,PARLAMENT,2,18,,,,,,,03,1
02-2014-1190,02,L'EIXAMPLE,06,la Sagrada Família,Passatge,VILARET,1,23,,,,,,,AT,
02-2014-1191,02,L'EIXAMPLE,06,la Sagrada Família,Passatge,VILARET,1,23,,,,,,,03,1
02-2014-1202,02,L'EIXAMPLE,06,la Sagrada Família,Carrer,SARDENYA,2,354,,,,,,,02,2
02-2014-1212,02,L'EIXAMPLE,09,la Nova Esquerra de l'Eixample,Carrer,ROCAFORT,1,135,,,,,,,PR,C
02-2014-1220,02,L'EIXAMPLE,10,Sant Antoni,Carrer,SEPULVEDA,1,163,,,,,,,01,1
02-2014-1223,02,L'EIXAMPLE,07,la Dreta de l'Eixample,Rambla,CATALUNYA,2,118,,,,,,,AT,2
02-2014-1231,02,L'EIXAMPLE,08,l'Antiga Esquerra de l'Eixample,Carrer,PARIS,2,172,,,,,,E,PR,1
02-2014-1232,02,L'EIXAMPLE,07,la Dreta de l'Eixample,Carrer,BRUC,1,63,,,,,,,02,2
02-2014-1266,02,L'EIXAMPLE,06,la Sagrada Família,Carrer,ARAGO,1,435,,,,,,,02,3
02-2014-1277,02,L'EIXAMPLE,07,la Dreta de l'Eixample,Rambla,CATALUNYA,2,70,,,,,,,04,1
02-2014-1292,02,L'EIXAMPLE,06,la Sagrada Família,Avinguda,GAUDI,2,26,,28,,,,,03,2
02-2014-1309,02,L'EIXAMPLE,07,la Dreta de l'Eixample,Carrer,CORSEGA,2,402,,,,,,,5,1
02-2014-1310,02,L'EIXAMPLE,07,la Dreta de l'Eixample,Carrer,CORSEGA,2,402,,,,,,,5,2
02-2014-1329,02,L'EIXAMPLE,07,la Dreta de l'Eixample,Carrer,PROVENÇA,2,304,,,,,,,PR,
02-2014-1330,02,L'EIXAMPLE,06,la Sagrada Família,Carrer,SANT ANTONI MARIA CLARET,2,206,,,,,,,03,3
02-2014-1334,02,L'EIXAMPLE,07,la Dreta de l'Eixample,Ronda,UNIVERSITAT,1,31,,,,,,,06,1A
02-2014-1341,02,L'EIXAMPLE,09,la Nova Esquerra de l'Eixample,Avinguda,ROMA,2,10,,,,,,,01,1
02-2014-1346,02,L'EIXAMPLE,07,la Dreta de l'Eixample,Carrer,CASP,1,39,,,,,,,03,2
02-2014-1349,02,L'EIXAMPLE,08,l'Antiga Esquerra de l'Eixample,Carrer,ENRIC GRANADOS,1,91,,,,,,,05,1
02-2014-1350,02,L'EIXAMPLE,06,la Sagrada Família,Carrer,VALENCIA,1,435,,,,,,,02,1
02-2014-1354,02,L'EIXAMPLE,08,l'Antiga Esquerra de l'Eixample,Carrer,ENRIC GRANADOS,1,99,,,,,,,06,3
02-2014-1355,02,L'EIXAMPLE,06,la Sagrada Família,Carrer,PROVENÇA,1,529,,,,,,,AT,4
02-2014-1358,02,L'EIXAMPLE,06,la Sagrada Família,Carrer,PADILLA,1,309,,,,,,,06,2
02-2014-1370,02,L'EIXAMPLE,06,la Sagrada Família,Carrer,VALENCIA,1,463,,,,,,,02,2
02-2014-1373,02,L'EIXAMPLE,07,la Dreta de l'Eixample,Avinguda,DIAGONAL,2,370,,,,,,,02,2
02-2014-1375,02,L'EIXAMPLE,05,el Fort Pienc,Carrer,MARINA,1,189,,,,,,,3,3
02-2014-1391,02,L'EIXAMPLE,06,la Sagrada Família,Carrer,MALLORCA,2,442,,,,,,,06,1
02-2014-1392,02,L'EIXAMPLE,09,la Nova Esquerra de l'Eixample,Gran Via,CORTS CATALANES,1,457,,,,,,,04,1B
02-2014-1396,02,L'EIXAMPLE,06,la Sagrada Família,Carrer,SARDENYA,2,334,,,,,,,4,1
02-2014-1403,02,L'EIXAMPLE,07,la Dreta de l'Eixample,Carrer,AUSIAS MARC,2,24,,,,,,,01,1B
02-2014-1406,02,L'EIXAMPLE,05,el Fort Pienc,Carrer,MARINA,1,189,,,,,,,3,1
02-2014-1408,02,L'EIXAMPLE,10,Sant Antoni,Carrer,VILLARROEL,1,23,,,,,,,04,1
02-2014-1413,02,L'EIXAMPLE,06,la Sagrada Família,Carrer,PROVENÇA,1,529,,,,,,,01,4
02-2014-1417,02,L'EIXAMPLE,05,el Fort Pienc,Carrer,MARINA,2,212,,,,,,,08,3
02-2014-1455,02,L'EIXAMPLE,05,el Fort Pienc,Carrer,MARINA,1,189,,,,,,,PR,1
02-2014-1468,02,L'EIXAMPLE,05,el Fort Pienc,Carrer,MARINA,1,189,,,,,,,4,4
02-2014-1471,02,L'EIXAMPLE,08,l'Antiga Esquerra de l'Eixample,Carrer,PROVENÇA,2,242,,,,,,,03,4
02-2014-1482,02,L'EIXAMPLE,05,el Fort Pienc,Carrer,MARINA,1,189,,,,,,,5,2
02-2014-1499,02,L'EIXAMPLE,08,l'Antiga Esquerra de l'Eixample,Carrer,CASANOVA,2,122,,,,,,,4,5
02-2014-1507,02,L'EIXAMPLE,08,l'Antiga Esquerra de l'Eixample,Carrer,CORSEGA,1,225,,,,,,,01,
02-2014-1511,02,L'EIXAMPLE,08,l'Antiga Esquerra de l'Eixample,Carrer,CORSEGA,1,225,,,,,,,PR,
02-2014-1512,02,L'EIXAMPLE,07,la Dreta de l'Eixample,Carrer,ARAGO,2,266,,,,,,,AT,
02-2014-1518,02,L'EIXAMPLE,08,l'Antiga Esquerra de l'Eixample,Carrer,CORSEGA,1,225,,,,,,,03,1
02-2014-1524,02,L'EIXAMPLE,08,l'Antiga Esquerra de l'Eixample,Carrer,CASANOVA,1,71,,,,,,,05,2
02-2014-1527,02,L'EIXAMPLE,07,la Dreta de l'Eixample,Carrer,BRUC,2,136,,138,,,,,4,1
02-2014-1535,02,L'EIXAMPLE,09,la Nova Esquerra de l'Eixample,Carrer,DIPUTACIO,2,12,,,,,,,01,1
02-2014-1544,02,L'EIXAMPLE,07,la Dreta de l'Eixample,Passeig,SANT JOAN,1,33,,,,,,,AT,1
02-2014-1575,02,L'EIXAMPLE,07,la Dreta de l'Eixample,Carrer,PAU CLARIS,1,99,,,,,,2,5,4
02-2014-1578,02,L'EIXAMPLE,07,la Dreta de l'Eixample,Carrer,ARAGO,2,348,,350,,,,,05,2
02-2014-1586,02,L'EIXAMPLE,06,la Sagrada Família,Carrer,SICILIA,2,320,,,,,,,PR,1
02-2014-1619,02,L'EIXAMPLE,08,l'Antiga Esquerra de l'Eixample,Carrer,DIPUTACIO,1,135,,,,,,,PR,1
02-2014-1660,02,L'EIXAMPLE,08,l'Antiga Esquerra de l'Eixample,Carrer,PROVENÇA,1,125,,,,,,,1,2
02-2014-1671,02,L'EIXAMPLE,06,la Sagrada Família,Carrer,VALENCIA,1,437,,,,,,,01,1
02-2014-1691,02,L'EIXAMPLE,07,la Dreta de l'Eixample,Carrer,MALLORCA,1,255,,,,,,,02,4
02-2014-1700,02,L'EIXAMPLE,08,l'Antiga Esquerra de l'Eixample,Carrer,ARIBAU,2,132,,,,,,,03,2
02-2014-1734,02,L'EIXAMPLE,09,la Nova Esquerra de l'Eixample,Carrer,COMTE D'URGELL,1,131,,,,,,,07,4
02-2014-1752,02,L'EIXAMPLE,06,la Sagrada Família,Carrer,CORSEGA,2,518,,,,,,,03,1
02-2014-1762,02,L'EIXAMPLE,06,la Sagrada Família,Carrer,CORSEGA,2,518,,,,,,,PR,2
02-2014-1766,02,L'EIXAMPLE,07,la Dreta de l'Eixample,Carrer,DIPUTACIO,2,354,,,,,,,05,1
02-2014-1773,02,L'EIXAMPLE,06,la Sagrada Família,Carrer,CORSEGA,2,518,,,,,,,01,4
02-2014-1784,02,L'EIXAMPLE,06,la Sagrada Família,Carrer,CORSEGA,2,518,,,,,,,05,2
02-2014-1798,02,L'EIXAMPLE,07,la Dreta de l'Eixample,Carrer,DIPUTACIO,2,354,,,,,,,03,2
02-2014-1808,02,L'EIXAMPLE,05,el Fort Pienc,Carrer,ARAGO,2,410,,,,,,,4,1
02-2014-1818,02,L'EIXAMPLE,09,la Nova Esquerra de l'Eixample,Carrer,COMTE BORRELL,2,164,,,,,,D,03,1
02-2014-1820,02,L'EIXAMPLE,07,la Dreta de l'Eixample,Carrer,DIPUTACIO,2,360,,,,,,,04,3
02-2014-2021,02,L'EIXAMPLE,09,la Nova Esquerra de l'Eixample,Carrer,ROCAFORT,1,113,,,,,,,1,1
02-2014-2040,02,L'EIXAMPLE,07,la Dreta de l'Eixample,Rambla,CATALUNYA,2,52,,,,,,,04,1
02-2014-2048,02,L'EIXAMPLE,06,la Sagrada Família,Carrer,VALENCIA,1,415,,,,,,,02,3
02-2014-2058,02,L'EIXAMPLE,08,l'Antiga Esquerra de l'Eixample,Carrer,DIPUTACIO,2,214,,,,,,,05,1
02-2014-2068,02,L'EIXAMPLE,06,la Sagrada Família,Carrer,VALENCIA,1,439,,,,,,,AT,
02-2014-2094,02,L'EIXAMPLE,07,la Dreta de l'Eixample,Rambla,CATALUNYA,1,127,,,,,,,05,2
02-2014-2124,02,L'EIXAMPLE,06,la Sagrada Família,Avinguda,GAUDI,1,87,,,,,,,02,B
02-2014-2146,02,L'EIXAMPLE,06,la Sagrada Família,Passatge,MAIOL,2,14,,,,,,,BJ,2
02-2014-2155,02,L'EIXAMPLE,06,la Sagrada Família,Carrer,MALLORCA,1,423,,,,,,,04,4
02-2014-2172,02,L'EIXAMPLE,08,l'Antiga Esquerra de l'Eixample,Carrer,PROVENÇA,2,238,,,,,,,AT,3
02-2014-2176,02,L'EIXAMPLE,08,l'Antiga Esquerra de l'Eixample,Carrer,PROVENÇA,2,238,,,,,,,AT,2
02-2014-2199,02,L'EIXAMPLE,09,la Nova Esquerra de l'Eixample,Carrer,VALENCIA,2,92,,,,,,,01,1
02-2014-2325,02,L'EIXAMPLE,06,la Sagrada Família,Carrer,CONSELL DE CENT,2,530,,534,,,,2,01,B
02-2014-2442,02,L'EIXAMPLE,09,la Nova Esquerra de l'Eixample,Carrer,VILAMARI,2,106,,,,,,,PR,6
02-2016-0567,02,L'EIXAMPLE,06,la Sagrada Família,Avinguda,GAUDI,1,27,,29,,,,,2,3
02-2016-0575,02,L'EIXAMPLE,06,la Sagrada Família,Avinguda,GAUDI,1,27,,29,,,,,5,1
02-2016-0577,02,L'EIXAMPLE,06,la Sagrada Família,Avinguda,GAUDI,1,27,,29,,,,,5,3
02-2016-0578,02,L'EIXAMPLE,06,la Sagrada Família,Avinguda,GAUDI,1,27,,29,,,,,5,2
02-2016-0584,02,L'EIXAMPLE,06,la Sagrada Família,Avinguda,GAUDI,1,27,,29,,,,,6,4
02-2016-0588,02,L'EIXAMPLE,06,la Sagrada Família,Avinguda,GAUDI,1,27,,29,,,,,SA,
02-2016-0729,02,L'EIXAMPLE,07,la Dreta de l'Eixample,Carrer,VALENCIA,1,277,,,,,,,PR,1
02-2016-0744,02,L'EIXAMPLE,07,la Dreta de l'Eixample,Passeig,GRACIA,2,46,,,,,,,6,2
02-2016-0745,02,L'EIXAMPLE,07,la Dreta de l'Eixample,Passeig,GRACIA,2,46,,,,,A,,1,2
02-2016-0747,02,L'EIXAMPLE,08,l'Antiga Esquerra de l'Eixample,Carrer,DIPUTACIO,2,182,,,,,B,,3,1
02-2016-0806,02,L'EIXAMPLE,07,la Dreta de l'Eixample,Carrer,PAU CLARIS,1,99,,101,,,,1,4,2
02-2016-0841,02,L'EIXAMPLE,07,la Dreta de l'Eixample,Carrer,PAU CLARIS,1,99,,101,,,,1,2,2
02-2016-0854,02,L'EIXAMPLE,07,la Dreta de l'Eixample,Carrer,PAU CLARIS,1,99,,101,,,,2,3,3
02-2016-1024,02,L'EIXAMPLE,06,la Sagrada Família,Carrer,SANT ANTONI MARIA CLARET,2,244,,,,,,,1,
02-2016-1313,02,L'EIXAMPLE,09,la Nova Esquerra de l'Eixample,Carrer,ROCAFORT,1,141,,,,,,,2,1
02-2016-1326,02,L'EIXAMPLE,09,la Nova Esquerra de l'Eixample,Carrer,ROCAFORT,1,141,,,,,,,AT,2
02-2020-0140,02,L'EIXAMPLE,09,la Nova Esquerra de l'Eixample,Carrer,CALABRIA,2,198,,,,,,,5,3
02-2020-0231,02,L'EIXAMPLE,05,el Fort Pienc,Carrer,CONSELL DE CENT,2,506,,,,,,,BJ,
02-2020-0243,02,L'EIXAMPLE,05,el Fort Pienc,Carrer,CONSELL DE CENT,2,506,,,,,,,6,2
02-2022-0158,02,L'EIXAMPLE,08,l'Antiga Esquerra de l'Eixample,Carrer,CASANOVA,1,77,,,,,,,8,2
02-2022-0494,02,L'EIXAMPLE,09,la Nova Esquerra de l'Eixample,Carrer,TARRAGONA,2,84,,,,,,A,7,3
02-2022-0506,02,L'EIXAMPLE,09,la Nova Esquerra de l'Eixample,Carrer,TARRAGONA,2,84,,,,,,A,10,3
02-2022-0525,02,L'EIXAMPLE,09,la Nova Esquerra de l'Eixample,Carrer,TARRAGONA,2,84,,,,,,B,5,2
02-2022-0547,02,L'EIXAMPLE,09,la Nova Esquerra de l'Eixample,Carrer,TARRAGONA,2,84,,,,,,B,10,4
02-2022-0582,02,L'EIXAMPLE,09,la Nova Esquerra de l'Eixample,Carrer,TARRAGONA,2,84,,,,,,C,9,3
02-2023-0372,02,L'EIXAMPLE,05,el Fort Pienc,Carrer,NAPOLS,2,100,,,,,,,1,4
02-2023-0512,02,L'EIXAMPLE,09,la Nova Esquerra de l'Eixample,Gran Via,CORTS CATALANES,1,439,,,,,,,EN,2
02-2023-0547,02,L'EIXAMPLE,06,la Sagrada Família,Carrer,VALENCIA,2,446,,,,,,,2,2
02-2023-0621,02,L'EIXAMPLE,09,la Nova Esquerra de l'Eixample,Carrer,CORSEGA,2,68,,,,,A,,4,1
02-2023-0649,02,L'EIXAMPLE,09,la Nova Esquerra de l'Eixample,Carrer,CORSEGA,2,68,,,,,B,,7,1
02-2023-0711,02,L'EIXAMPLE,07,la Dreta de l'Eixample,Avinguda,DIAGONAL,2,438,,,,,,,7,
02-2023-0937,02,L'EIXAMPLE,10,Sant Antoni,Carrer,COMTE D'URGELL,2,60,,,,,,,3,1
02-2023-0965,02,L'EIXAMPLE,07,la Dreta de l'Eixample,Carrer,BAILEN,1,125,,,,,,,2,3
02-2023-0980,02,L'EIXAMPLE,07,la Dreta de l'Eixample,Carrer,CONSELL DE CENT,2,440,,,,,,,2,2
02-2023-0983,02,L'EIXAMPLE,08,l'Antiga Esquerra de l'Eixample,Carrer,MUNTANER,2,64,,,,,,,3,1
02-2023-0986,02,L'EIXAMPLE,09,la Nova Esquerra de l'Eixample,Carrer,LONDRES,1,35,,,,,,,1,2
02-2023-1001,02,L'EIXAMPLE,08,l'Antiga Esquerra de l'Eixample,Carrer,COMTE D'URGELL,2,122,,,,,,,PR,1
02-2023-1003,02,L'EIXAMPLE,07,la Dreta de l'Eixample,Avinguda,DIAGONAL,2,438,,,,,,,1,
02-2024-0021,02,L'EIXAMPLE,10,Sant Antoni,Carrer,ENTENÇA,1,33,,,,,,,4,2
02-2024-0042,02,L'EIXAMPLE,10,Sant Antoni,Carrer,SEPULVEDA,2,174,,,,,,,2,2
02-2024-0054,02,L'EIXAMPLE,07,la Dreta de l'Eixample,Carrer,CONSELL DE CENT,2,440,,,,,,,3,1
02-2024-0062,02,L'EIXAMPLE,10,Sant Antoni,Gran Via,CORTS CATALANES,2,536,,,,,A,,2,2
02-2024-0065,02,L'EIXAMPLE,10,Sant Antoni,Gran Via,CORTS CATALANES,2,536,,,,,,,1,1
02-2024-0089,02,L'EIXAMPLE,08,l'Antiga Esquerra de l'Eixample,Carrer,COMTE D'URGELL,2,122,,,,,,,AT,
02-2024-0093,02,L'EIXAMPLE,08,l'Antiga Esquerra de l'Eixample,Carrer,COMTE D'URGELL,2,122,,,,,,,2,2
02-2024-0184,02,L'EIXAMPLE,08,l'Antiga Esquerra de l'Eixample,Passatge,BATLLO,2,18,,,,,,,EN,2
02-2024-0185,02,L'EIXAMPLE,07,la Dreta de l'Eixample,Carrer,CONSELL DE CENT,1,341,,,,,B,,5,1
02-2024-0188,02,L'EIXAMPLE,06,la Sagrada Família,Carrer,MALLORCA,1,447,,,,,,,3,3
02-2024-0194,02,L'EIXAMPLE,06,la Sagrada Família,Carrer,MALLORCA,1,447,,,,,,,4,4
02-2024-0198,02,L'EIXAMPLE,06,la Sagrada Família,Carrer,MALLORCA,1,447,,,,,,,1,3
02-2024-0206,02,L'EIXAMPLE,06,la Sagrada Família,Carrer,MALLORCA,1,447,,,,,,,PR,4
02-2024-0207,02,L'EIXAMPLE,06,la Sagrada Família,Carrer,MALLORCA,1,447,,,,,,,PR,3
02-2024-0214,02,L'EIXAMPLE,06,la Sagrada Família,Carrer,MALLORCA,1,447,,,,,,,PR,2
02-2024-0241,02,L'EIXAMPLE,07,la Dreta de l'Eixample,Carrer,VALENCIA,2,358,,,,,,,2,2I
02-2024-0293,02,L'EIXAMPLE,07,la Dreta de l'Eixample,Carrer,PELAI,1,9,,,,,,,4,1
02-2024-0320,02,L'EIXAMPLE,10,Sant Antoni,Gran Via,CORTS CATALANES,2,558,,,,,,,4,1
02-2024-0325,02,L'EIXAMPLE,10,Sant Antoni,Gran Via,CORTS CATALANES,2,558,,,,,,,1,1
02-2024-0337,02,L'EIXAMPLE,06,la Sagrada Família,Carrer,VALENCIA,2,446,,,,,,,3,1
02-2024-0379,02,L'EIXAMPLE,05,el Fort Pienc,Passeig,SANT JOAN,2,4,,,,,,,3,3
02-2024-0380,02,L'EIXAMPLE,05,el Fort Pienc,Passeig,SANT JOAN,2,4,,,,,,,4,1
02-2024-0385,02,L'EIXAMPLE,08,l'Antiga Esquerra de l'Eixample,Carrer,PROVENÇA,1,203,,,,,,,2,2
02-2024-0427,02,L'EIXAMPLE,05,el Fort Pienc,Passeig,SANT JOAN,2,4,,,,,,,3,1
02-2024-0463,02,L'EIXAMPLE,07,la Dreta de l'Eixample,Carrer,BRUC,1,55,,,,,,,EN,1
02-2024-0468,02,L'EIXAMPLE,05,el Fort Pienc,Carrer,MARINA,2,212,,,,,,,5,4
02-2024-0474,02,L'EIXAMPLE,07,la Dreta de l'Eixample,Carrer,CONSELL DE CENT,2,440,,,,,,,3,2
02-2024-0491,02,L'EIXAMPLE,08,l'Antiga Esquerra de l'Eixample,Passatge,BATLLO,2,18,,,,,,,2,1
03-2008-0480,03,SANTS-MONTJUÏC,18,Sants,Carrer,RIEGO,1,39,,,,,,,3,1
03-2008-0482,03,SANTS-MONTJUÏC,18,Sants,Carrer,RIEGO,1,39,,,,,,,3,3
03-2009-0048,03,SANTS-MONTJUÏC,18,Sants,Carrer,ROBRENYO,1,33,,,,,,,01,B
03-2009-0049,03,SANTS-MONTJUÏC,18,Sants,Carrer,ROBRENYO,1,33,,,,,,,02,B
03-2009-0050,03,SANTS-MONTJUÏC,18,Sants,Carrer,ROBRENYO,1,33,,,,,,,02,A
03-2009-0129,03,SANTS-MONTJUÏC,15,Hostafrancs,Carrer,TORRE D'EN DAMIANS,2,4,,,,,,,2,1
03-2009-0146,03,SANTS-MONTJUÏC,15,Hostafrancs,Carrer,TORRE D'EN DAMIANS,2,4,,,,,,,3,2
03-2009-0157,03,SANTS-MONTJUÏC,18,Sants,Passeig,SANT ANTONI,2,30,,,,,,,07,1
03-2009-0167,03,SANTS-MONTJUÏC,18,Sants,Passeig,SANT ANTONI,2,30,,,,,,,06,3
03-2009-0168,03,SANTS-MONTJUÏC,18,Sants,Passeig,SANT ANTONI,2,30,,,,,,,04,3
03-2009-0197,03,SANTS-MONTJUÏC,15,Hostafrancs,Carrer,LEIVA,2,28,,,,,,,BJ,1
03-2009-0224,03,SANTS-MONTJUÏC,15,Hostafrancs,Carrer,PRINCEP JORDI,2,12,,,,,,,1,2
03-2009-0225,03,SANTS-MONTJUÏC,15,Hostafrancs,Carrer,PRINCEP JORDI,2,12,,,,,,,1,3
03-2009-0227,03,SANTS-MONTJUÏC,15,Hostafrancs,Carrer,PRINCEP JORDI,2,12,,,,,,,2,2
03-2009-0401,03,SANTS-MONTJUÏC,18,Sants,Carrer,FERNANDEZ DURO,1,3,,,,,,,1,1
03-2009-0513,03,SANTS-MONTJUÏC,18,Sants,Carrer,FERNANDEZ DURO,1,3,,,,,,,1,2
03-2010-0094,03,SANTS-MONTJUÏC,15,Hostafrancs,Carrer,RECTOR TRIADO,2,48,,50,,,,B,02,1
03-2010-0096,03,SANTS-MONTJUÏC,15,Hostafrancs,Carrer,RECTOR TRIADO,2,48,,50,,,,B,01,4
03-2010-0097,03,SANTS-MONTJUÏC,15,Hostafrancs,Carrer,RECTOR TRIADO,2,48,,50,,,,B,01,2
03-2010-0106,03,SANTS-MONTJUÏC,15,Hostafrancs,Carrer,RECTOR TRIADO,2,48,,50,,,,A,01,4
03-2010-0301,03,SANTS-MONTJUÏC,11,el Poble Sec,Carrer,MAGALHAES,1,5,,,,,,,2,2
03-2010-0362,03,SANTS-MONTJUÏC,11,el Poble Sec,Carrer,HORTES,2,4,,,,,,,01,2
03-2010-0375,03,SANTS-MONTJUÏC,14,la Font de la Guatlla,Carrer,GIMBERNAT,2,8,,,,,,,1,3
03-2010-0465,03,SANTS-MONTJUÏC,11,el Poble Sec,Carrer,POETA CABANYES,2,46,,,,,,,EN,1
03-2011-0171,03,SANTS-MONTJUÏC,11,el Poble Sec,Carrer,NOU DE LA RAMBLA,2,114,,116,,,,,02,3
03-2011-0180,03,SANTS-MONTJUÏC,11,el Poble Sec,Avinguda,PARAL.LEL,1,65,,,,,,,04,1
03-2011-0182,03,SANTS-MONTJUÏC,11,el Poble Sec,Avinguda,PARAL.LEL,1,65,,,,,,,04,2
03-2011-0184,03,SANTS-MONTJUÏC,11,el Poble Sec,Avinguda,PARAL.LEL,1,65,,,,,,,03,1
03-2011-0195,03,SANTS-MONTJUÏC,11,el Poble Sec,Avinguda,PARAL.LEL,1,65,,,,,,,05,2
03-2011-0199,03,SANTS-MONTJUÏC,11,el Poble Sec,Avinguda,PARAL.LEL,1,65,,,,,,,05,4
03-2011-0299,03,SANTS-MONTJUÏC,11,el Poble Sec,Avinguda,PARAL.LEL,1,15,,,,,,,04,5
03-2011-0321,03,SANTS-MONTJUÏC,11,el Poble Sec,Carrer,MATA,2,24,,,,,,,1,2
03-2012-0159,03,SANTS-MONTJUÏC,16,la Bordeta,Carrer,JOCS FLORALS,2,172,,174,,,,,01,3
03-2012-0168,03,SANTS-MONTJUÏC,15,Hostafrancs,Carrer,CREU COBERTA,1,121,,,,,,,1,1
03-2012-0186,03,SANTS-MONTJUÏC,11,el Poble Sec,Carrer,MATA,2,28,,,,,,,BJ,2
03-2012-0200,03,SANTS-MONTJUÏC,18,Sants,Carrer,WATT,1,25,,27,,,,,01,2
03-2012-0223,03,SANTS-MONTJUÏC,18,Sants,Carrer,TENOR MASINI,2,26,,,,,,,01,
03-2012-0226,03,SANTS-MONTJUÏC,18,Sants,Carrer,TENOR MASINI,2,26,,,,,,,04,
03-2012-0229,03,SANTS-MONTJUÏC,11,el Poble Sec,Passatge,PRUNERA,2,14,,,,,,,BJ,
03-2012-0289,03,SANTS-MONTJUÏC,11,el Poble Sec,Carrer,TEODOR BONAPLATA,2,6,,,,,,,01,2
03-2012-0294,03,SANTS-MONTJUÏC,15,Hostafrancs,Carrer,FARELL,1,25,,,,,,,04,1
03-2012-0295,03,SANTS-MONTJUÏC,15,Hostafrancs,Carrer,FARELL,1,25,,,,,,,01,5
03-2012-0311,03,SANTS-MONTJUÏC,11,el Poble Sec,Carrer,TEODOR BONAPLATA,2,6,,,,,,,04,2
03-2012-0316,03,SANTS-MONTJUÏC,11,el Poble Sec,Carrer,SALVA,1,65,,,,,,,02,2
03-2012-0379,03,SANTS-MONTJUÏC,11,el Poble Sec,Carrer,LLEIDA,1,35,,,,,,,PR,2
03-2012-0396,03,SANTS-MONTJUÏC,11,el Poble Sec,Carrer,VILA I VILA,1,77,,,,,,,EN,1
03-2012-0417,03,SANTS-MONTJUÏC,18,Sants,Carrer,JACQUARD,2,14,,18,,,,,01,1
03-2012-0420,03,SANTS-MONTJUÏC,18,Sants,Carrer,JACQUARD,2,14,,18,,,,,01,6
03-2012-0425,03,SANTS-MONTJUÏC,18,Sants,Carrer,JACQUARD,2,14,,18,,,,,01,4
03-2012-0429,03,SANTS-MONTJUÏC,18,Sants,Carrer,JACQUARD,2,14,,18,,,,,BJ,1
03-2012-0431,03,SANTS-MONTJUÏC,18,Sants,Carrer,FERNANDEZ DURO,1,3,,,,,,,2,2
03-2012-0455,03,SANTS-MONTJUÏC,18,Sants,Carrer,BERLIN,2,20,,,,,,,4,2B
03-2012-0459,03,SANTS-MONTJUÏC,17,Sants - Badal,Carrer,BEGUR,2,58,,,,,,,02,2
03-2012-0461,03,SANTS-MONTJUÏC,11,el Poble Sec,Carrer,ELKANO,1,35,,,,,,,BJ,D
03-2012-0492,03,SANTS-MONTJUÏC,11,el Poble Sec,Carrer,TAPIOLES,2,36,,,,,,,PR,2
03-2012-0508,03,SANTS-MONTJUÏC,11,el Poble Sec,Carrer,BLAI,1,45,,,,,,,EN,1
03-2012-0517,03,SANTS-MONTJUÏC,15,Hostafrancs,Carrer,RECTOR TRIADO,2,46,,,,,,,,
03-2013-0013,03,SANTS-MONTJUÏC,11,el Poble Sec,Carrer,RADAS,2,20,,22,,,,E,01,4
03-2013-0028,03,SANTS-MONTJUÏC,18,Sants,Carrer,TIRSO DE MOLINA,2,14,,,,,,,01,1
03-2013-0038,03,SANTS-MONTJUÏC,11,el Poble Sec,Carrer,TAMARIT,1,83,,,,,,,04,4
03-2013-0093,03,SANTS-MONTJUÏC,15,Hostafrancs,Carrer,CONSELL DE CENT,1,49,B,,,,,,05,1
03-2013-0110,03,SANTS-MONTJUÏC,17,Sants - Badal,Carrer,SANTS,1,387,,,,,,,01,1
03-2013-0111,03,SANTS-MONTJUÏC,17,Sants - Badal,Carrer,SANTS,1,387,,,,,,,01,2
03-2013-0113,03,SANTS-MONTJUÏC,17,Sants - Badal,Carrer,SANTS,1,387,,,,,,,02,2
03-2013-0119,03,SANTS-MONTJUÏC,17,Sants - Badal,Carrer,SANTS,1,387,,,,,,,02,6
03-2013-0121,03,SANTS-MONTJUÏC,17,Sants - Badal,Carrer,SANTS,1,387,,,,,,,03,1
03-2013-0122,03,SANTS-MONTJUÏC,17,Sants - Badal,Carrer,SANTS,1,387,,,,,,,03,2
03-2013-0131,03,SANTS-MONTJUÏC,17,Sants - Badal,Carrer,SANTS,1,387,,,,,,,04,1
03-2013-0133,03,SANTS-MONTJUÏC,17,Sants - Badal,Carrer,SANTS,1,387,,,,,,,04,2
03-2013-0144,03,SANTS-MONTJUÏC,17,Sants - Badal,Carrer,SANTS,1,387,,,,,,,05,7
03-2013-0155,03,SANTS-MONTJUÏC,17,Sants - Badal,Carrer,SANTS,1,387,,,,,,,07,2
03-2013-0164,03,SANTS-MONTJUÏC,17,Sants - Badal,Carrer,SANTS,1,387,,,,,,,08,3
03-2013-0174,03,SANTS-MONTJUÏC,15,Hostafrancs,Carrer,BEJAR,1,53,,,,,,,02,1
03-2013-0221,03,SANTS-MONTJUÏC,14,la Font de la Guatlla,Carrer,SANT FRUCTUOS,1,37,,,,,,,03,1
03-2013-0232,03,SANTS-MONTJUÏC,17,Sants - Badal,Carrer,PORTBOU,1,27,,,,,,,AT,2
03-2013-0298,03,SANTS-MONTJUÏC,15,Hostafrancs,Carrer,BEJAR,1,53,,,,,,,01,3
03-2013-0310,03,SANTS-MONTJUÏC,17,Sants - Badal,Riera,BLANCA,1,119,,,,,,,03,
03-2013-0342,03,SANTS-MONTJUÏC,15,Hostafrancs,Carrer,CREU COBERTA,2,50,,,,,,,04,1
03-2013-0347,03,SANTS-MONTJUÏC,15,Hostafrancs,Carrer,CREU COBERTA,2,50,,,,,,,PR,2
03-2013-0360,03,SANTS-MONTJUÏC,11,el Poble Sec,Carrer,OLIVERA,1,45,,,,,,,02,2A
03-2013-0396,03,SANTS-MONTJUÏC,18,Sants,Avinguda,JOSEP TARRADELLAS,1,47,,,,,,,1,1
03-2013-0398,03,SANTS-MONTJUÏC,18,Sants,Carrer,JOCS FLORALS,1,49,,,,,,,2,2
03-2013-0401,03,SANTS-MONTJUÏC,11,el Poble Sec,Carrer,FONTRODONA,1,19,,,,,,,01,2
03-2013-0413,03,SANTS-MONTJUÏC,18,Sants,Carrer,ESPANYA INDUSTRIAL,1,9,,,,,,,1,
03-2013-0415,03,SANTS-MONTJUÏC,18,Sants,Carrer,ESPANYA INDUSTRIAL,1,9,,,,,,,3,
03-2013-0438,03,SANTS-MONTJUÏC,11,el Poble Sec,Carrer,POETA CABANYES,2,70,,,,,,,PR,1
03-2013-0461,03,SANTS-MONTJUÏC,15,Hostafrancs,Carretera,BORDETA,1,57,,,,,,,05,3
03-2013-0496,03,SANTS-MONTJUÏC,15,Hostafrancs,Carrer,RECTOR TRIADO,2,72,,,,,,,01,
03-2013-0509,03,SANTS-MONTJUÏC,15,Hostafrancs,Carretera,BORDETA,1,21,,,,,,,01,1
03-2013-0527,03,SANTS-MONTJUÏC,16,la Bordeta,Carrer,VILADECANS,2,22,,,,,,,01,1
03-2013-0594,03,SANTS-MONTJUÏC,17,Sants - Badal,Carrer,MUNNE,1,9,,,,,,,02,1
03-2013-0611,03,SANTS-MONTJUÏC,11,el Poble Sec,Carrer,RADAS,1,57,,,,,,,AT,
03-2013-0612,03,SANTS-MONTJUÏC,11,el Poble Sec,Carrer,BLAI,2,66,,,,,,,01,1
03-2013-0675,03,SANTS-MONTJUÏC,11,el Poble Sec,Carrer,ELKANO,1,43,B,,,,,,BJ,2
03-2013-0676,03,SANTS-MONTJUÏC,11,el Poble Sec,Carrer,VILA I VILA,1,57,,,,,,,PR,2
03-2013-0677,03,SANTS-MONTJUÏC,15,Hostafrancs,Gran Via,CORTS CATALANES,1,289,,,,,,I,AT,1
03-2013-0745,03,SANTS-MONTJUÏC,11,el Poble Sec,Carrer,MAGALHAES,1,39,,,,,,,03,1
03-2013-0751,03,SANTS-MONTJUÏC,18,Sants,Carrer,CROS,2,18,,,,,,,BJ,1
03-2013-0771,03,SANTS-MONTJUÏC,11,el Poble Sec,Carrer,NOU DE LA RAMBLA,2,138,,140,,,,,02,1
03-2013-0773,03,SANTS-MONTJUÏC,17,Sants - Badal,Carrer,SANTS,2,264,,,,,,,05,3
03-2014-0006,03,SANTS-MONTJUÏC,17,Sants - Badal,Carrer,VENTURA PLAJA,1,17,,,,,,,PR,2
03-2014-0013,03,SANTS-MONTJUÏC,11,el Poble Sec,Carrer,MURILLO,2,18,,,,,,,02,
03-2014-0030,03,SANTS-MONTJUÏC,14,la Font de la Guatlla,Carrer,RABI RUBEN,1,29,,,,,,,02,
03-2014-0035,03,SANTS-MONTJUÏC,11,el Poble Sec,Carrer,VILA I VILA,2,80,,,,,,,1,2
03-2014-0040,03,SANTS-MONTJUÏC,11,el Poble Sec,Carrer,VILA I VILA,2,80,,,,,,,4,1
03-2014-0053,03,SANTS-MONTJUÏC,11,el Poble Sec,Carrer,TAPIOLES,1,69,,,,,,,05,1
03-2014-0069,03,SANTS-MONTJUÏC,11,el Poble Sec,Carrer,SALVA,2,14,,,,,,,01,2
03-2014-0075,03,SANTS-MONTJUÏC,11,el Poble Sec,Carrer,HORTES,1,3,,,,,,,BJ,2
03-2014-0080,03,SANTS-MONTJUÏC,11,el Poble Sec,Carrer,ROSER,2,28,,,,,,,02,1B
03-2014-0091,03,SANTS-MONTJUÏC,11,el Poble Sec,Carrer,BLASCO DE GARAY,1,7,,,,,,,PR,1
03-2014-0107,03,SANTS-MONTJUÏC,15,Hostafrancs,Gran Via,CORTS CATALANES,1,335,,,,,,,05,3
03-2014-0127,03,SANTS-MONTJUÏC,18,Sants,Carrer,BERLIN,2,22,,,,,,B,03,2
03-2014-0155,03,SANTS-MONTJUÏC,11,el Poble Sec,Avinguda,PARAL.LEL,1,131,,,,,,B,01,1
03-2014-0162,03,SANTS-MONTJUÏC,11,el Poble Sec,Avinguda,PARAL.LEL,1,17,,,,,,,06,4
03-2014-0171,03,SANTS-MONTJUÏC,17,Sants - Badal,Carrer,SUGRANYES,2,28,,,,,,,01,2
03-2014-0201,03,SANTS-MONTJUÏC,11,el Poble Sec,Avinguda,PARAL.LEL,1,15,,,,,,,01,4
03-2014-0218,03,SANTS-MONTJUÏC,12,la Marina del Prat Vermell,Carrer,GABRIEL MIRO,2,16,,,,,,,BJ,
03-2014-0224,03,SANTS-MONTJUÏC,11,el Poble Sec,Avinguda,PARAL.LEL,1,75,,,,,,,AT,
03-2014-0235,03,SANTS-MONTJUÏC,11,el Poble Sec,Carrer,TAPIOLES,1,63,,,,,,,03,1
03-2014-0258,03,SANTS-MONTJUÏC,14,la Font de la Guatlla,Carrer,SANT PAULI DE NOLA,1,3,,,,,,A,04,1
03-2014-0259,03,SANTS-MONTJUÏC,14,la Font de la Guatlla,Carrer,SANT PAULI DE NOLA,1,3,,,,,,A,05,4
03-2014-0269,03,SANTS-MONTJUÏC,15,Hostafrancs,Carrer,MOIANES,1,73,,75,,,,,01,9
03-2014-0284,03,SANTS-MONTJUÏC,15,Hostafrancs,Carrer,MOIANES,1,73,,75,,,,,03,3
03-2014-0285,03,SANTS-MONTJUÏC,15,Hostafrancs,Carrer,MOIANES,1,73,,75,,,,,03,4
03-2014-0287,03,SANTS-MONTJUÏC,15,Hostafrancs,Carrer,MOIANES,1,73,,75,,,,,03,6
03-2014-0292,03,SANTS-MONTJUÏC,15,Hostafrancs,Carrer,CREU COBERTA,1,87,,,,,,,AT,A
03-2014-0293,03,SANTS-MONTJUÏC,11,el Poble Sec,Carrer,FONT HONRADA,2,16,,,,,,,EN,
03-2014-0301,03,SANTS-MONTJUÏC,11,el Poble Sec,Carrer,RADAS,2,10,,,,,,,AT,
03-2014-0305,03,SANTS-MONTJUÏC,11,el Poble Sec,Carrer,JAUME FABRA,2,12,,,,,,,EN,2
03-2014-0314,03,SANTS-MONTJUÏC,11,el Poble Sec,Carrer,FONTRODONA,1,17,,,,,,,04,2
03-2014-0360,03,SANTS-MONTJUÏC,11,el Poble Sec,Carrer,TAPIOLES,2,28,,,,,,,04,1
03-2014-0374,03,SANTS-MONTJUÏC,11,el Poble Sec,Carrer,RADAS,1,61,,,,,,,04,2
03-2014-0376,03,SANTS-MONTJUÏC,11,el Poble Sec,Carrer,RADAS,1,61,,,,,,,02,2
03-2014-0397,03,SANTS-MONTJUÏC,11,el Poble Sec,Carrer,MATA,2,28,,,,,,,EN,2
03-2014-0415,03,SANTS-MONTJUÏC,11,el Poble Sec,Carrer,RICART,2,28,,,,,,,2,1
03-2014-0438,03,SANTS-MONTJUÏC,11,el Poble Sec,Carrer,PIQUER,1,51,,,,,,,PR,2
03-2014-0442,03,SANTS-MONTJUÏC,18,Sants,Passatge,SERRA I AROLA,2,14,,,,,,,01,
03-2014-0448,03,SANTS-MONTJUÏC,11,el Poble Sec,Carrer,POETA CABANYES,2,36,,,,,,,4,4
03-2014-0455,03,SANTS-MONTJUÏC,11,el Poble Sec,Carrer,MARGARIT,2,50,,,,,,,03,
03-2014-0457,03,SANTS-MONTJUÏC,15,Hostafrancs,Carrer,SANT NICOLAU,1,9,,,,,,,01,2
03-2014-0486,03,SANTS-MONTJUÏC,11,el Poble Sec,Carrer,TAPIOLES,1,45,,,,,,,BJ,1
03-2014-0614,03,SANTS-MONTJUÏC,14,la Font de la Guatlla,Carrer,MEXIC,2,26,,,,,,,03,1
03-2014-0628,03,SANTS-MONTJUÏC,17,Sants - Badal,Carrer,CARRERAS I CANDI,2,22,,,,,,,03,3
03-2014-0667,03,SANTS-MONTJUÏC,18,Sants,Carrer,MIQUEL ANGEL,1,79,,,,,,,BJ,2
03-2014-0669,03,SANTS-MONTJUÏC,18,Sants,Carrer,MIQUEL ANGEL,1,79,,,,,,,01,2
03-2014-0719,03,SANTS-MONTJUÏC,18,Sants,Carrer,SOCORS,1,11,,,,,,,BJ,
03-2014-0721,03,SANTS-MONTJUÏC,13,la Marina de Port,Carrer,FISICA,1,13,,,,,,,09,2
03-2014-0789,03,SANTS-MONTJUÏC,18,Sants,Carrer,TINENT FLOMESTA,1,37,,,,,,,1,1
03-2014-0827,03,SANTS-MONTJUÏC,18,Sants,Carrer,VALLESPIR,2,90,,,,,,,02,2
03-2014-0831,03,SANTS-MONTJUÏC,18,Sants,Carrer,VALLESPIR,2,90,,,,,,,04,2
03-2014-0833,03,SANTS-MONTJUÏC,18,Sants,Carrer,IBERIA,2,16,,,,,,,01,2
03-2014-0834,03,SANTS-MONTJUÏC,18,Sants,Carrer,IBERIA,2,16,,,,,,,01,3
03-2014-0837,03,SANTS-MONTJUÏC,18,Sants,Carrer,IBERIA,2,16,,,,,,,03,2
03-2014-0863,03,SANTS-MONTJUÏC,17,Sants - Badal,Carrer,ROGER,2,32,,,,,,,04,2
03-2014-0869,03,SANTS-MONTJUÏC,17,Sants - Badal,Carrer,ROGER,2,32,,,,,,,06,2
03-2023-0089,03,SANTS-MONTJUÏC,11,el Poble Sec,Carrer,NOU DE LA RAMBLA,1,147,,,,,,,3,1B
03-2023-0103,03,SANTS-MONTJUÏC,18,Sants,Carrer,PAVIA,2,18,,20,,,,,AT,
03-2023-0238,03,SANTS-MONTJUÏC,11,el Poble Sec,Avinguda,PARAL.LEL,1,159,,,,,,,1,3
03-2023-0246,03,SANTS-MONTJUÏC,11,el Poble Sec,Avinguda,PARAL.LEL,1,159,,,,,,,4,2
03-2023-0251,03,SANTS-MONTJUÏC,11,el Poble Sec,Avinguda,PARAL.LEL,1,159,,,,,,,6,1
03-2023-0345,03,SANTS-MONTJUÏC,14,la Font de la Guatlla,Carrer,SANT FRUCTUOS,2,64,,74,,,,,1,3
03-2023-0356,03,SANTS-MONTJUÏC,14,la Font de la Guatlla,Carrer,SANT FRUCTUOS,2,64,,74,,,,,2,10
03-2023-0363,03,SANTS-MONTJUÏC,14,la Font de la Guatlla,Carrer,SANT FRUCTUOS,2,64,,74,,,,,2,17
03-2023-0371,03,SANTS-MONTJUÏC,14,la Font de la Guatlla,Carrer,SANT FRUCTUOS,2,64,,74,,,,,2,25
03-2023-0379,03,SANTS-MONTJUÏC,14,la Font de la Guatlla,Carrer,SANT FRUCTUOS,2,64,,74,,,,,3,5
03-2023-0384,03,SANTS-MONTJUÏC,14,la Font de la Guatlla,Carrer,SANT FRUCTUOS,2,64,,74,,,,,3,10
03-2023-0391,03,SANTS-MONTJUÏC,14,la Font de la Guatlla,Carrer,SANT FRUCTUOS,2,64,,74,,,,,3,17
03-2023-0393,03,SANTS-MONTJUÏC,14,la Font de la Guatlla,Carrer,SANT FRUCTUOS,2,64,,74,,,,,3,19
03-2023-0397,03,SANTS-MONTJUÏC,14,la Font de la Guatlla,Carrer,SANT FRUCTUOS,2,64,,74,,,,,3,23
03-2023-0400,03,SANTS-MONTJUÏC,14,la Font de la Guatlla,Carrer,SANT FRUCTUOS,2,64,,74,,,,,3,26
03-2023-0402,03,SANTS-MONTJUÏC,14,la Font de la Guatlla,Carrer,SANT FRUCTUOS,2,64,,74,,,,,3,28
03-2024-0049,03,SANTS-MONTJUÏC,14,la Font de la Guatlla,Gran Via,CORTS CATALANES,2,238,,,,,,,1,1
03-2024-0052,03,SANTS-MONTJUÏC,11,el Poble Sec,Carrer,FONT HONRADA,1,37,,,,,,,BJ,2
03-2024-0084,03,SANTS-MONTJUÏC,11,el Poble Sec,Carrer,MARGARIT,1,21,,,,,,,3,2
03-2024-0089,03,SANTS-MONTJUÏC,18,Sants,Carrer,MELCIOR DE PALAU,2,84,,,,,,,1,1
03-2024-0098,03,SANTS-MONTJUÏC,11,el Poble Sec,Carrer,MARGARIT,1,21,,,,,,,4,1
04-2010-0184,04,LES CORTS,19,les Corts,Carrer,JOAN GUELL,1,169,,,,,,,02,4
04-2010-0193,04,LES CORTS,19,les Corts,Carrer,JOAN GUELL,1,169,,,,,,,03,2
04-2010-0196,04,LES CORTS,19,les Corts,Carrer,JOAN GUELL,1,169,,,,,,,03,5
04-2010-0199,04,LES CORTS,19,les Corts,Carrer,JOAN GUELL,1,169,,,,,,,03,8
04-2010-0204,04,LES CORTS,19,les Corts,Carrer,JOAN GUELL,1,169,,,,,,,04,5
04-2010-0206,04,LES CORTS,19,les Corts,Carrer,JOAN GUELL,1,169,,,,,,,04,7
04-2010-0209,04,LES CORTS,19,les Corts,Carrer,JOAN GUELL,1,169,,,,,,,05,2
04-2010-0298,04,LES CORTS,19,les Corts,Carrer,NUMANCIA,2,126,,,,,,,01,1
04-2011-0271,04,LES CORTS,19,les Corts,Carrer,EQUADOR,1,31,,,,,,,03,1
04-2011-0274,04,LES CORTS,19,les Corts,Carrer,EQUADOR,1,31,,,,,,,01,1
04-2011-0279,04,LES CORTS,19,les Corts,Carrer,EQUADOR,1,31,,,,,,,02,3
04-2011-0281,04,LES CORTS,19,les Corts,Carrer,EQUADOR,1,31,,,,,,,04,3
04-2012-0166,04,LES CORTS,20,la Maternitat i Sant Ramon,Travessera,CORTS,2,100,,,,,,,01,3
04-2012-0232,04,LES CORTS,19,les Corts,Carrer,GERARD PIERA,1,5,,11,,,,,BJ,8
04-2013-0113,04,LES CORTS,19,les Corts,Carrer,BERLIN,1,89,,,,,,,02,3
04-2013-0414,04,LES CORTS,20,la Maternitat i Sant Ramon,Carrer,COMANDANT BENITEZ,2,18,,,,,,,1,4
04-2014-0064,04,LES CORTS,19,les Corts,Carrer,TAQUIGRAF MARTI,2,20,,,,,,,03,1
04-2014-0142,04,LES CORTS,20,la Maternitat i Sant Ramon,Travessera,CORTS,2,118,,120,,,,,03,2
04-2014-0145,04,LES CORTS,19,les Corts,Carrer,CAN BRUIXA,2,18,,,,,,,02,1
04-2014-0197,04,LES CORTS,19,les Corts,Carrer,AVIACIO,2,16,,,,,,,03,1
04-2014-0199,04,LES CORTS,19,les Corts,Carrer,AVIACIO,2,16,,,,,,,02,1
04-2014-0216,04,LES CORTS,19,les Corts,Carrer,TAQUIGRAF SERRA,1,1,,,,,,,02,5
04-2014-0219,04,LES CORTS,20,la Maternitat i Sant Ramon,Travessera,CORTS,1,31,,,,,,,AT,2
04-2014-0232,04,LES CORTS,19,les Corts,Carrer,MARQUES DE SENTMENAT,2,28,,,,,,,06,1
04-2014-0269,04,LES CORTS,19,les Corts,Carrer,GALILEU,2,316,,,,,,,3,3
04-2014-0287,04,LES CORTS,19,les Corts,Carrer,GALILEU,2,316,,,,,,,2,2
04-2014-0301,04,LES CORTS,19,les Corts,Carrer,GALILEU,2,316,,,,,,,AT,1
04-2014-0362,04,LES CORTS,20,la Maternitat i Sant Ramon,Carrer,BENAVENT,1,3,,,,,,,1,3
04-2014-0394,04,LES CORTS,20,la Maternitat i Sant Ramon,Travessera,CORTS,2,118,,,,,,,02,1
04-2023-0149,04,LES CORTS,19,les Corts,Carrer,MARQUES DE SENTMENAT,2,28,,36,,,,,4,9
04-2023-0207,04,LES CORTS,19,les Corts,Carrer,GALILEU,1,245,,,,,,,2,
04-2024-0052,04,LES CORTS,19,les Corts,Carrer,DEU I MATA,1,141,,,,,,,PR,2
05-2008-0468,05,SARRIA-SANT GERVASI,26,Sant Gervasi - Galvany,Carrer,LAFORJA,2,128,,,,,,,03,3
05-2008-0472,05,SARRIA-SANT GERVASI,26,Sant Gervasi - Galvany,Carrer,LAFORJA,2,128,,,,,,,04,4
05-2008-0498,05,SARRIA-SANT GERVASI,25,Sant Gervasi - la Bonanova,Carrer,PINTOR GIMENO,2,2,,,,,,,01,1
05-2011-0204,05,SARRIA-SANT GERVASI,24,les Tres Torres,Carrer,DOCTOR ROUX,2,34,,,,,,,3,
05-2011-0205,05,SARRIA-SANT GERVASI,24,les Tres Torres,Carrer,DOCTOR ROUX,2,34,,,,,,,1,
05-2011-0250,05,SARRIA-SANT GERVASI,26,Sant Gervasi - Galvany,Carrer,GANDUXER,2,50,,,,,,,02,2
05-2011-0295,05,SARRIA-SANT GERVASI,27,el Putxet i el Farró,Carrer,BALLESTER,2,30,,,,,,,BJ,2
05-2011-0302,05,SARRIA-SANT GERVASI,27,el Putxet i el Farró,Carrer,HOMER,1,37,,,,,,,BJ,2
05-2011-0304,05,SARRIA-SANT GERVASI,27,el Putxet i el Farró,Carrer,BALLESTER,2,28,,,,,,,BJ,1
05-2011-0368,05,SARRIA-SANT GERVASI,26,Sant Gervasi - Galvany,Via,AUGUSTA,1,95,,,,,,,01,2
05-2012-0100,05,SARRIA-SANT GERVASI,26,Sant Gervasi - Galvany,Carrer,LAFORJA,1,89,,,,,,,05,1
05-2012-0114,05,SARRIA-SANT GERVASI,26,Sant Gervasi - Galvany,Carrer,ARIBAU,2,228,,,,,,D,2,2
05-2012-0194,05,SARRIA-SANT GERVASI,26,Sant Gervasi - Galvany,Carrer,PRATS DE MOLLO,2,14,,,,,,,1,1
05-2012-0247,05,SARRIA-SANT GERVASI,26,Sant Gervasi - Galvany,Avinguda,DIAGONAL,2,572,,,,,,,PR,1B
05-2012-0281,05,SARRIA-SANT GERVASI,27,el Putxet i el Farró,Carrer,BALLESTER,2,46,,,,,,,BJ,1
05-2012-0290,05,SARRIA-SANT GERVASI,27,el Putxet i el Farró,Carrer,BALLESTER,2,46,,,,,,,01,5
05-2012-0312,05,SARRIA-SANT GERVASI,26,Sant Gervasi - Galvany,Carrer,PRATS DE MOLLO,2,18,,,,,,,1,2
05-2012-0323,05,SARRIA-SANT GERVASI,27,el Putxet i el Farró,Carrer,VALLIRANA,1,33,,,,,,,1,3
05-2012-0364,05,SARRIA-SANT GERVASI,26,Sant Gervasi - Galvany,Carrer,GANDUXER,2,50,,,,,,,02,1
05-2012-0365,05,SARRIA-SANT GERVASI,26,Sant Gervasi - Galvany,Carrer,GANDUXER,2,50,,,,,,,02,3
05-2012-0369,05,SARRIA-SANT GERVASI,26,Sant Gervasi - Galvany,Carrer,GANDUXER,2,50,,,,,,,03,3
05-2012-0407,05,SARRIA-SANT GERVASI,26,Sant Gervasi - Galvany,Carrer,LAFORJA,2,44,,,,,,,03,1
05-2012-0413,05,SARRIA-SANT GERVASI,26,Sant Gervasi - Galvany,Carrer,CALVET,2,16,,,A,,,,04,2
05-2012-0417,05,SARRIA-SANT GERVASI,27,el Putxet i el Farró,Carrer,BALMES,2,382,,,,,,,08,2
05-2012-0429,05,SARRIA-SANT GERVASI,26,Sant Gervasi - Galvany,Carrer,SANTALO,2,138,,,,,,,03,1
05-2012-0468,05,SARRIA-SANT GERVASI,26,Sant Gervasi - Galvany,Carrer,GANDUXER,2,50,,,,,,,04,2
05-2012-0474,05,SARRIA-SANT GERVASI,26,Sant Gervasi - Galvany,Carrer,GANDUXER,2,50,,,,,,,05,4
05-2012-0486,05,SARRIA-SANT GERVASI,26,Sant Gervasi - Galvany,Carrer,CALAF,2,50,,,,,,,AT,2
05-2012-0520,05,SARRIA-SANT GERVASI,27,el Putxet i el Farró,Carrer,FRANCOLI,1,55,,,,,,,1,1
05-2012-0522,05,SARRIA-SANT GERVASI,27,el Putxet i el Farró,Carrer,FRANCOLI,1,55,,,,,,,3,1
05-2012-0536,05,SARRIA-SANT GERVASI,27,el Putxet i el Farró,Carrer,FRANCOLI,1,55,,,,,,E,BJ,2
05-2012-0610,05,SARRIA-SANT GERVASI,26,Sant Gervasi - Galvany,Carrer,GANDUXER,2,50,,,,,,,06,2
05-2012-0629,05,SARRIA-SANT GERVASI,26,Sant Gervasi - Galvany,Carrer,CALVET,1,17,,,,,,,04,4
05-2013-0032,05,SARRIA-SANT GERVASI,26,Sant Gervasi - Galvany,Travessera,GRACIA,1,81,,,,,,,04,1
05-2013-0171,05,SARRIA-SANT GERVASI,27,el Putxet i el Farró,Ronda,GENERAL MITRE,2,238,,,,,,,02,3
05-2013-0172,05,SARRIA-SANT GERVASI,27,el Putxet i el Farró,Ronda,GENERAL MITRE,2,238,,,,,,,03,1
05-2013-0197,05,SARRIA-SANT GERVASI,25,Sant Gervasi - la Bonanova,Ronda,GENERAL MITRE,1,93,,,,,,,EN,1
05-2013-0222,05,SARRIA-SANT GERVASI,26,Sant Gervasi - Galvany,Carrer,CALVET,1,17,,,,,,,08,3
05-2013-0230,05,SARRIA-SANT GERVASI,26,Sant Gervasi - Galvany,Carrer,CASANOVA,1,211,,,,,,,2,3
05-2013-0231,05,SARRIA-SANT GERVASI,26,Sant Gervasi - Galvany,Carrer,CASANOVA,1,211,,,,,,,2,1
05-2013-0282,05,SARRIA-SANT GERVASI,27,el Putxet i el Farró,Avinguda,REPUBLICA ARGENTINA,1,57,,,,,,,01,
05-2013-0313,05,SARRIA-SANT GERVASI,27,el Putxet i el Farró,Carrer,BALLESTER,1,21,,23,,,,,02,3
05-2013-0350,05,SARRIA-SANT GERVASI,26,Sant Gervasi - Galvany,Carrer,CASANOVA,1,211,,,,,,,SA,2
05-2013-0383,05,SARRIA-SANT GERVASI,26,Sant Gervasi - Galvany,Carrer,MARIA CUBI,2,92,,,,,,,02,4
05-2013-0384,05,SARRIA-SANT GERVASI,26,Sant Gervasi - Galvany,Carrer,MADRAZO,2,70,,,,,,,3,2
05-2013-0404,05,SARRIA-SANT GERVASI,27,el Putxet i el Farró,Carrer,PADUA,1,43,,,,,,,BJ,
05-2013-0444,05,SARRIA-SANT GERVASI,26,Sant Gervasi - Galvany,Carrer,SAGUES,1,49,,,,,,,5,1
05-2013-0520,05,SARRIA-SANT GERVASI,26,Sant Gervasi - Galvany,Carrer,MESTRE NICOLAU,1,21,,,,,,,04,5
05-2013-0556,05,SARRIA-SANT GERVASI,27,el Putxet i el Farró,Carrer,TORRE,1,5,,,,,,,02,1
05-2013-0578,05,SARRIA-SANT GERVASI,26,Sant Gervasi - Galvany,Avinguda,DIAGONAL,2,576,,,,,,,AT,
05-2013-0629,05,SARRIA-SANT GERVASI,27,el Putxet i el Farró,Carrer,PUTXET,1,73,,,,,,,AT,3
05-2013-0663,05,SARRIA-SANT GERVASI,25,Sant Gervasi - la Bonanova,Carrer,CIUTAT DE BALAGUER,1,25,,,,,,,1,2
05-2014-0062,05,SARRIA-SANT GERVASI,27,el Putxet i el Farró,Carrer,SANT MAGI,1,7,,,,,,,BJ,
05-2014-0096,05,SARRIA-SANT GERVASI,27,el Putxet i el Farró,Carrer,BERTRAN,2,156,,,,,,,01,2
05-2014-0196,05,SARRIA-SANT GERVASI,27,el Putxet i el Farró,Carrer,TORRE,2,4,,,,,,,01,2
05-2014-0203,05,SARRIA-SANT GERVASI,23,Sarrià,Carrer,BONAPLATA,2,20,,,,,,,02,2
05-2014-0225,05,SARRIA-SANT GERVASI,26,Sant Gervasi - Galvany,Carrer,CASANOVA,1,211,,,,,,,AT,3
05-2014-0226,05,SARRIA-SANT GERVASI,26,Sant Gervasi - Galvany,Carrer,CASANOVA,1,211,,,,,,,5,1
05-2014-0229,05,SARRIA-SANT GERVASI,27,el Putxet i el Farró,Carrer,ESCIPIO,1,61,,,,,,,EN,1
05-2014-0251,05,SARRIA-SANT GERVASI,26,Sant Gervasi - Galvany,Carrer,ARIBAU,2,226,,,,,,E,1,1
05-2014-0255,05,SARRIA-SANT GERVASI,23,Sarrià,Carrer,SAGRAT COR,1,19,,,,,,,01,3
05-2014-0343,05,SARRIA-SANT GERVASI,24,les Tres Torres,Ronda,GENERAL MITRE,1,7,,,,,,,03,1
05-2014-0350,05,SARRIA-SANT GERVASI,27,el Putxet i el Farró,Carrer,VALLIRANA,2,16,,,,,,,02,02
05-2020-0102,05,SARRIA-SANT GERVASI,23,Sarrià,Carrer,EUTERPE,1,9,,,,,,,AT,1
05-2020-0105,05,SARRIA-SANT GERVASI,23,Sarrià,Carrer,EUTERPE,1,9,,,,,,,2,2
05-2023-0105,05,SARRIA-SANT GERVASI,27,el Putxet i el Farró,Carrer,PUTXET,2,26,,,,,,,4,2
05-2023-0111,05,SARRIA-SANT GERVASI,27,el Putxet i el Farró,Carrer,PUTXET,2,26,,,,,,,AT,2
05-2023-0307,05,SARRIA-SANT GERVASI,26,Sant Gervasi - Galvany,Carrer,BALMES,1,327,,329,,,,,PR,3
05-2023-0319,05,SARRIA-SANT GERVASI,26,Sant Gervasi - Galvany,Carrer,BALMES,1,327,,329,,,,,3,1
05-2023-0324,05,SARRIA-SANT GERVASI,26,Sant Gervasi - Galvany,Carrer,BALMES,1,327,,329,,,,,4,1
05-2023-0421,05,SARRIA-SANT GERVASI,27,el Putxet i el Farró,Avinguda,REPUBLICA ARGENTINA,1,5,,7,,,,,2,1
05-2023-0522,05,SARRIA-SANT GERVASI,25,Sant Gervasi - la Bonanova,Carrer,CASTANYER,1,5,,,,,,,SA,1
05-2024-0130,05,SARRIA-SANT GERVASI,25,Sant Gervasi - la Bonanova,Carrer,CASTANYER,1,5,,,,,,,3,4
06-2008-0190,06,GRACIA,31,la Vila de Gràcia,Carrer,BONAVISTA,2,4,,,,,,,01,2
06-2008-0192,06,GRACIA,31,la Vila de Gràcia,Carrer,BONAVISTA,2,4,,,,,,,01,4
06-2008-0240,06,GRACIA,32,el Camp d'en Grassot i Gràcia Nova,Carrer,VENTALLO,2,48,,,,,,,EN,4
06-2008-0243,06,GRACIA,32,el Camp d'en Grassot i Gràcia Nova,Carrer,VENTALLO,2,48,,,,,,,02,4
06-2008-0301,06,GRACIA,32,el Camp d'en Grassot i Gràcia Nova,Passatge,NOGUES,2,26,,,,,,,PR,3
06-2008-0408,06,GRACIA,31,la Vila de Gràcia,Passeig,GRACIA,1,115,,,,,,,03,2
06-2008-0409,06,GRACIA,31,la Vila de Gràcia,Passeig,GRACIA,1,115,,,,,,,02,2
06-2008-0431,06,GRACIA,31,la Vila de Gràcia,Travessera,GRACIA,1,133,,,,,,,BJ,
06-2009-0061,06,GRACIA,32,el Camp d'en Grassot i Gràcia Nova,Carrer,VENTALLO,2,12,,,,,,,BJ,
06-2009-0253,06,GRACIA,31,la Vila de Gràcia,Carrer,PERILL,1,21,,,,,,,04,1
06-2010-0070,06,GRACIA,28,Vallcarca i els Penitents,Carrer,BOLIVAR,1,17,,,,,,,01,2
06-2010-0133,06,GRACIA,31,la Vila de Gràcia,Carrer,SANT PERE MARTIR,1,39,,,,,,,01,2
06-2010-0162,06,GRACIA,31,la Vila de Gràcia,Passeig,GRACIA,2,128,,,,,,,PR,2
06-2010-0242,06,GRACIA,31,la Vila de Gràcia,Carrer,MARTINEZ DE LA ROSA,1,11,,,,,,,BJ,1
06-2010-0494,06,GRACIA,31,la Vila de Gràcia,Passeig,GRACIA,1,113,,,,,,,03,B
06-2011-0113,06,GRACIA,31,la Vila de Gràcia,Carrer,TORRIJOS,1,21,,,,,,,01,1
06-2011-0146,06,GRACIA,31,la Vila de Gràcia,Carrer,VERDI,2,78,,,,1,,1,02,1
06-2011-0158,06,GRACIA,32,el Camp d'en Grassot i Gràcia Nova,Carrer,SARDENYA,1,491,,,,,,B,05,3
06-2011-0233,06,GRACIA,31,la Vila de Gràcia,Carrer,GRAN DE GRACIA,1,29,,,,,,,03,1A
06-2011-0249,06,GRACIA,31,la Vila de Gràcia,Carrer,VERDI,2,38,,,,,,,02,2
06-2011-0254,06,GRACIA,32,el Camp d'en Grassot i Gràcia Nova,Carrer,PARE LAINEZ,1,55,,,,,,,PR,2
06-2012-0020,06,GRACIA,31,la Vila de Gràcia,Carrer,SANT JOAQUIM,1,19,,21,,,,,BJ,4
06-2012-0021,06,GRACIA,31,la Vila de Gràcia,Carrer,SANT JOAQUIM,1,19,,21,,,,,BJ,3
06-2012-0046,06,GRACIA,31,la Vila de Gràcia,Carrer,GRAN DE GRACIA,1,205,,,,,,,01,1
06-2012-0109,06,GRACIA,31,la Vila de Gràcia,Carrer,GRAN DE GRACIA,1,205,,,,,,,04,1
06-2012-0157,06,GRACIA,31,la Vila de Gràcia,Carrer,CIUDAD REAL,2,24,,,,,,,5,2
06-2012-0222,06,GRACIA,31,la Vila de Gràcia,Rambla,PRAT,2,12,,,,,,,EN,2
06-2012-0225,06,GRACIA,31,la Vila de Gràcia,Carrer,TRILLA,2,2,,,,,,,2,1
06-2012-0289,06,GRACIA,31,la Vila de Gràcia,Carrer,SANT SALVADOR,2,20,,,,,,,02,4
06-2012-0303,06,GRACIA,32,el Camp d'en Grassot i Gràcia Nova,Carrer,INDUSTRIA,1,81,,,,,,,03,1
06-2012-0373,06,GRACIA,32,el Camp d'en Grassot i Gràcia Nova,Travessera,GRACIA,1,343,,,,,,,4,1
06-2012-0376,06,GRACIA,32,el Camp d'en Grassot i Gràcia Nova,Travessera,GRACIA,1,343,,,,,,,5,2
06-2012-0378,06,GRACIA,31,la Vila de Gràcia,Plaça,VILA DE GRACIA,1,19,,,,,,,03,2
06-2012-0379,06,GRACIA,32,el Camp d'en Grassot i Gràcia Nova,Carrer,CORSEGA,1,513,,,,,,,03,1
06-2012-0384,06,GRACIA,32,el Camp d'en Grassot i Gràcia Nova,Carrer,INDUSTRIA,2,12,,,,,,,02,1
06-2012-0390,06,GRACIA,32,el Camp d'en Grassot i Gràcia Nova,Carrer,PARE LAINEZ,1,55,,,,,,,02,1
06-2012-0424,06,GRACIA,31,la Vila de Gràcia,Carrer,PEREZ GALDOS,2,10,,,,,,,EN,2
06-2012-0458,06,GRACIA,32,el Camp d'en Grassot i Gràcia Nova,Carrer,PAU ALSINA,1,57,,,,,,,4,4
06-2012-0459,06,GRACIA,32,el Camp d'en Grassot i Gràcia Nova,Carrer,CA L'ALEGRE DE DALT,2,18,,,,,,,PR,2
06-2012-0480,06,GRACIA,31,la Vila de Gràcia,Carrer,SANTA PERPETUA,1,13,,,,,,,03,1
06-2012-0482,06,GRACIA,31,la Vila de Gràcia,Carrer,SANTA PERPETUA,1,13,,,,,,,01,2
06-2012-0556,06,GRACIA,31,la Vila de Gràcia,Carrer,TORRIJOS,2,6,,,,,,,BJ,2
06-2012-0595,06,GRACIA,31,la Vila de Gràcia,Carrer,GRAN DE GRACIA,1,193,,,,,,,01,
06-2012-0652,06,GRACIA,31,la Vila de Gràcia,Carrer,SANTA TECLA,1,7,,,,,,,01,1
06-2013-0008,06,GRACIA,31,la Vila de Gràcia,Carrer,MOZART,1,9,,,,,,,AT,
06-2013-0009,06,GRACIA,31,la Vila de Gràcia,Carrer,SENECA,1,7,,,,,,,03,3
06-2013-0051,06,GRACIA,31,la Vila de Gràcia,Via,AUGUSTA,2,58,,,,,,,02,1
06-2013-0054,06,GRACIA,32,el Camp d'en Grassot i Gràcia Nova,Carrer,SANT ANTONI MARIA CLARET,2,16,,,,,,,02,1
06-2013-0068,06,GRACIA,31,la Vila de Gràcia,Carrer,SANT PERE MARTIR,2,52,,,,,,,03,1
06-2013-0072,06,GRACIA,31,la Vila de Gràcia,Carrer,GRAN DE GRACIA,2,84,,,,,,,04,1
06-2013-0084,06,GRACIA,31,la Vila de Gràcia,Carrer,MINERVA,2,6,,,,,,,AT,2
06-2013-0089,06,GRACIA,28,Vallcarca i els Penitents,Avinguda,VALLCARCA,2,34,,36,,,,,3,1
06-2013-0097,06,GRACIA,31,la Vila de Gràcia,Carrer,RIERA DE SANT MIQUEL,1,25,,,,,,,02,
06-2013-0111,06,GRACIA,28,Vallcarca i els Penitents,Carrer,GOMIS,1,19,,19,B,,,,PR,
06-2013-0157,06,GRACIA,31,la Vila de Gràcia,Carrer,TORRENT DE L'OLLA,1,49,,,,,,,02,1
06-2013-0161,06,GRACIA,32,el Camp d'en Grassot i Gràcia Nova,Passeig,SANT JOAN,2,144,,,,,,,PR,4
06-2013-0176,06,GRACIA,32,el Camp d'en Grassot i Gràcia Nova,Passatge,ALIO,2,38,,,,,,,02,1
06-2013-0196,06,GRACIA,31,la Vila de Gràcia,Carrer,VIC,2,6,,,,,,,1,1
06-2013-0213,06,GRACIA,31,la Vila de Gràcia,Carrer,LLUIS VIVES,2,4,,,,,,,01,1
06-2013-0215,06,GRACIA,31,la Vila de Gràcia,Travessera,GRACIA,2,208,,,,,,,04,3
06-2013-0252,06,GRACIA,32,el Camp d'en Grassot i Gràcia Nova,Carrer,PAU ALSINA,2,8,,,,,,,02,2
06-2013-0263,06,GRACIA,31,la Vila de Gràcia,Carrer,TORRENT DE L'OLLA,1,111,,,,,,,03,2
06-2013-0272,06,GRACIA,32,el Camp d'en Grassot i Gràcia Nova,Carrer,LEGALITAT,1,53,,,,,,,EN,2
06-2013-0373,06,GRACIA,31,la Vila de Gràcia,Carrer,SENECA,1,7,,,,,,,04,2
06-2013-0377,06,GRACIA,31,la Vila de Gràcia,Carrer,MOZART,1,5,,,,,,,3,1
06-2013-0382,06,GRACIA,31,la Vila de Gràcia,Carrer,JOAN BLANQUES,1,67,,69,,,,,AT,2
06-2013-0387,06,GRACIA,31,la Vila de Gràcia,Carrer,JOAN BLANQUES,1,67,,69,,,,,01,3
06-2013-0411,06,GRACIA,31,la Vila de Gràcia,Carrer,MILA I FONTANALS,1,55,,,,,,,PR,2
06-2013-0426,06,GRACIA,31,la Vila de Gràcia,Carrer,BONAVISTA,1,7,,,,,,,BJ,
06-2013-0431,06,GRACIA,31,la Vila de Gràcia,Carrer,CANO,1,3,,,,,,,01,3
06-2013-0433,06,GRACIA,31,la Vila de Gràcia,Carrer,RAMON Y CAJAL,1,5,,,,,,,03,2
06-2013-0435,06,GRACIA,31,la Vila de Gràcia,Carrer,RAMON Y CAJAL,1,5,,,,,,,01,1
06-2013-0436,06,GRACIA,31,la Vila de Gràcia,Carrer,RAMON Y CAJAL,1,5,,,,,,,01,2
06-2013-0437,06,GRACIA,31,la Vila de Gràcia,Carrer,RAMON Y CAJAL,1,5,,,,,,,02,1
06-2013-0440,06,GRACIA,31,la Vila de Gràcia,Carrer,RAMON Y CAJAL,1,5,,,,,,,03,1
06-2013-0452,06,GRACIA,32,el Camp d'en Grassot i Gràcia Nova,Carrer,GRASSOT,1,17,,,,,,,02,1
06-2013-0466,06,GRACIA,31,la Vila de Gràcia,Carrer,FRATERNITAT,2,26,,,,,,,01,2
06-2013-0485,06,GRACIA,28,Vallcarca i els Penitents,Carrer,MARE DE DEU DEL COLL,1,87,,89,,,,,02,3
06-2013-0491,06,GRACIA,31,la Vila de Gràcia,Carrer,SANT PERE MARTIR,2,52,,,,,,,AT,
06-2013-0507,06,GRACIA,32,el Camp d'en Grassot i Gràcia Nova,Carrer,SANT ANTONI MARIA CLARET,2,42,,,,,,,03,2
06-2013-0519,06,GRACIA,32,el Camp d'en Grassot i Gràcia Nova,Carrer,BAILEN,2,218,,,,,,,04,2
06-2013-0531,06,GRACIA,31,la Vila de Gràcia,Carrer,CORSEGA,1,335,,,,,,,03,2
06-2013-0533,06,GRACIA,31,la Vila de Gràcia,Carrer,CORSEGA,1,335,,,,,,,03,1
06-2013-0549,06,GRACIA,31,la Vila de Gràcia,Carrer,SANTA ROSA,2,10,,,,,,,2,1
06-2013-0660,06,GRACIA,31,la Vila de Gràcia,Plaça,LLIBERTAT,1,25,,,,,,,01,1
06-2013-0693,06,GRACIA,31,la Vila de Gràcia,Plaça,LLIBERTAT,1,25,,,,,,,04,1
06-2013-0705,06,GRACIA,28,Vallcarca i els Penitents,Carrer,AUGUST FONT,2,24,,,,,,,01,
06-2013-0710,06,GRACIA,31,la Vila de Gràcia,Carrer,MARTINEZ DE LA ROSA,1,53,,,,,,,1,1
06-2013-0720,06,GRACIA,31,la Vila de Gràcia,Carrer,PROVIDENCIA,1,81,,,,,,,AT,1
06-2013-0742,06,GRACIA,31,la Vila de Gràcia,Carrer,CORSEGA,1,369,,,,,,,01,4
06-2013-0757,06,GRACIA,31,la Vila de Gràcia,Carrer,GOYA,1,11,,,,,,,02,2
06-2014-0001,06,GRACIA,31,la Vila de Gràcia,Carrer,PERILL,1,17,,,,,,,02,2
06-2014-0002,06,GRACIA,28,Vallcarca i els Penitents,Plaça,ALFONSO COMIN,2,4,,,,,,,BJ,2
06-2014-0003,06,GRACIA,30,la Salut,Carrer,PARE JACINT ALEGRE,2,2,,4,,,,,BJ,1
06-2014-0045,06,GRACIA,31,la Vila de Gràcia,Carrer,SANTA ROSA,2,16,,,,,,,BJ,1
06-2014-0046,06,GRACIA,31,la Vila de Gràcia,Plaça,VILA DE GRACIA,1,5,,,,,,,02,2
06-2014-0051,06,GRACIA,32,el Camp d'en Grassot i Gràcia Nova,Carrer,CORSEGA,1,523,,,,,,,05,2
06-2014-0053,06,GRACIA,32,el Camp d'en Grassot i Gràcia Nova,Carrer,CORSEGA,1,523,,,,,,,02,2
06-2014-0074,06,GRACIA,31,la Vila de Gràcia,Carrer,PERILL,1,57,,,,,,,04,
06-2014-0100,06,GRACIA,32,el Camp d'en Grassot i Gràcia Nova,Carrer,INDUSTRIA,1,5,,,,,,,02,1
06-2014-0137,06,GRACIA,28,Vallcarca i els Penitents,Avinguda,REPUBLICA ARGENTINA,2,36,,,,,,,01,2
06-2014-0148,06,GRACIA,31,la Vila de Gràcia,Via,AUGUSTA,2,42,,,,,,,01,1
06-2014-0159,06,GRACIA,28,Vallcarca i els Penitents,Avinguda,REPUBLICA ARGENTINA,2,36,,,,,,,03,1
06-2014-0163,06,GRACIA,31,la Vila de Gràcia,Carrer,CORSEGA,1,367,,,,,,,02,1
06-2014-0176,06,GRACIA,31,la Vila de Gràcia,Carrer,LUIS ANTUNEZ,1,13,,15,,,,B,02,1
06-2014-0185,06,GRACIA,32,el Camp d'en Grassot i Gràcia Nova,Passeig,SANT JOAN,1,199,,,,,,,3,2
06-2014-0186,06,GRACIA,31,la Vila de Gràcia,Carrer,CAMPRODON,1,23,,,,,,,01,2
06-2014-0239,06,GRACIA,31,la Vila de Gràcia,Avinguda,DIAGONAL,2,478,,,,,,,03,2
06-2014-0243,06,GRACIA,31,la Vila de Gràcia,Avinguda,DIAGONAL,2,478,,,,,,,05,2
06-2014-0260,06,GRACIA,31,la Vila de Gràcia,Carrer,ESCORIAL,1,5,,7,,,,,AT,4
06-2014-0263,06,GRACIA,30,la Salut,Avinguda,COLL DEL PORTELL,1,57,,,,,,,02,3
06-2014-0264,06,GRACIA,30,la Salut,Avinguda,COLL DEL PORTELL,1,57,,,,,,,02,2
06-2014-0268,06,GRACIA,30,la Salut,Avinguda,COLL DEL PORTELL,1,57,,,,,,,01,1
06-2014-0280,06,GRACIA,31,la Vila de Gràcia,Carrer,SANT GABRIEL,1,15,,,,,,B,03,2
06-2014-0289,06,GRACIA,31,la Vila de Gràcia,Carrer,BRUNIQUER,1,65,,,,,,,01,
06-2014-0303,06,GRACIA,32,el Camp d'en Grassot i Gràcia Nova,Carrer,BAILEN,2,210,,,,,,,03,2
06-2014-0313,06,GRACIA,31,la Vila de Gràcia,Carrer,ABDO TERRADAS,1,15,,17,,,,,BJ,C
06-2014-0347,06,GRACIA,29,el Coll,Carrer,MORA D'EBRE,2,44,,,,,,A,SO,2
06-2014-0355,06,GRACIA,31,la Vila de Gràcia,Carrer,PROGRES,1,25,,,,,,,04,1
06-2014-0365,06,GRACIA,31,la Vila de Gràcia,Carrer,ENCARNACIO,2,68,,,,,,,SA,1
06-2014-0369,06,GRACIA,31,la Vila de Gràcia,Carrer,MARTINEZ DE LA ROSA,2,10,,,,,,,02,1
06-2014-0370,06,GRACIA,31,la Vila de Gràcia,Carrer,MARTINEZ DE LA ROSA,2,10,,,,,,,01,1
06-2014-0371,06,GRACIA,31,la Vila de Gràcia,Carrer,BONAVISTA,2,8,,,,,,,02,2
06-2014-0386,06,GRACIA,30,la Salut,Rambla,MERCEDES,1,19,,,,,,,02,1
06-2014-0390,06,GRACIA,28,Vallcarca i els Penitents,Carrer,VECIANA,2,38,,,,,,,,
06-2014-0406,06,GRACIA,32,el Camp d'en Grassot i Gràcia Nova,Carrer,PARE LAINEZ,1,53,,,,,,,3,
06-2014-0407,06,GRACIA,32,el Camp d'en Grassot i Gràcia Nova,Carrer,SICILIA,2,380,,,,,,,4,2
06-2014-0420,06,GRACIA,31,la Vila de Gràcia,Carrer,BRUNIQUER,1,51,,,,,,,02,2
06-2014-0436,06,GRACIA,31,la Vila de Gràcia,Carrer,DOCTOR RIZAL,2,2,,,,,2,B,BJ,2
06-2014-0556,06,GRACIA,31,la Vila de Gràcia,Carrer,RIERA DE SANT MIQUEL,1,15,,,,,,,AT,2
06-2014-0558,06,GRACIA,31,la Vila de Gràcia,Carrer,SANT MARC,1,19,,21,,,,,PR,2
06-2014-0593,06,GRACIA,32,el Camp d'en Grassot i Gràcia Nova,Passatge,NOGUES,2,60,,,,,,,01,
06-2014-0612,06,GRACIA,31,la Vila de Gràcia,Carrer,SANT DOMENEC,1,9,,,,,,,PR,1
06-2014-0613,06,GRACIA,31,la Vila de Gràcia,Carrer,SANT DOMENEC,1,9,,,,,,,PR,2
06-2014-0614,06,GRACIA,31,la Vila de Gràcia,Carrer,SANT DOMENEC,1,9,,,,,,,01,1
06-2014-0660,06,GRACIA,29,el Coll,Carrer,PAU FERRAN,1,1,,,,,,,02,1
06-2014-0733,06,GRACIA,29,el Coll,Carrer,MORA LA NOVA,2,16,,,,,,,01,
06-2019-0370,06,GRACIA,31,la Vila de Gràcia,Carrer,MAURICI SERRAHIMA,1,9,,,,,,,EN,3
06-2020-0073,06,GRACIA,31,la Vila de Gràcia,Carrer,RIERA DE SANT MIQUEL,1,29,,,,,,,1,2A
06-2023-0146,06,GRACIA,31,la Vila de Gràcia,Carrer,RIERA DE SANT MIQUEL,2,38,,,,,,,2,
06-2023-0250,06,GRACIA,32,el Camp d'en Grassot i Gràcia Nova,Carrer,VENTALLO,2,48,,,,,,,EN,3
06-2023-0259,06,GRACIA,31,la Vila de Gràcia,Carrer,ASTURIES,1,87,,,,,,,PR,1
06-2023-0260,06,GRACIA,31,la Vila de Gràcia,Carrer,ASTURIES,1,87,,,,,,,AT,1
06-2024-0038,06,GRACIA,31,la Vila de Gràcia,Carrer,OR,1,19,,,,,,,EN,1
06-2024-0039,06,GRACIA,31,la Vila de Gràcia,Carrer,OR,1,19,,,,,,,1,1
06-2024-0123,06,GRACIA,31,la Vila de Gràcia,Carrer,LLIBERTAT,1,5,B,,B,,,,2,2
06-2024-0127,06,GRACIA,31,la Vila de Gràcia,Carrer,LLIBERTAT,1,5,B,,,,,,3,2
06-2024-0152,06,GRACIA,31,la Vila de Gràcia,Carrer,CAMPRODON,1,27,,,,,,,2,2
07-2008-0261,07,HORTA-GUINARDÓ,35,el Guinardó,Carrer,RENAIXENÇA,2,54,,,,,,,BJ,A
07-2008-0283,07,HORTA-GUINARDÓ,33,el Baix Guinardó,Travessera,GRACIA,1,441,,,,,,,PR,4
07-2009-0169,07,HORTA-GUINARDÓ,33,el Baix Guinardó,Travessera,GRACIA,1,441,,443,,,,,1,2
07-2009-0170,07,HORTA-GUINARDÓ,33,el Baix Guinardó,Travessera,GRACIA,1,441,,443,,,,,2,2
07-2010-0116,07,HORTA-GUINARDÓ,43,Horta,Carrer,MARTI I ALSINA,2,4,B,,,,,,,
07-2011-0216,07,HORTA-GUINARDÓ,35,el Guinardó,Carrer,ART,1,97,,,,,,,3,2
07-2012-0019,07,HORTA-GUINARDÓ,35,el Guinardó,Passatge,FLAUGIER,1,39,,,,,,,BJ,3
07-2012-0132,07,HORTA-GUINARDÓ,37,el Carmel,Carrer,CALDERON DE LA BARCA,2,112,,114,,,,,3,1
07-2012-0134,07,HORTA-GUINARDÓ,37,el Carmel,Carrer,CALDERON DE LA BARCA,2,112,,114,,,,,3,3
07-2012-0138,07,HORTA-GUINARDÓ,37,el Carmel,Carrer,CALDERON DE LA BARCA,2,112,,114,,,,,5,2
07-2012-0200,07,HORTA-GUINARDÓ,35,el Guinardó,Carrer,TELEGRAF,1,19,,21,,,,,1,2
07-2012-0202,07,HORTA-GUINARDÓ,35,el Guinardó,Carrer,TELEGRAF,1,19,,21,,,,,1,4
07-2012-0203,07,HORTA-GUINARDÓ,35,el Guinardó,Carrer,TELEGRAF,1,19,,21,,,,,2,1
07-2012-0207,07,HORTA-GUINARDÓ,35,el Guinardó,Carrer,TELEGRAF,1,19,,21,,,,,3,1
07-2012-0210,07,HORTA-GUINARDÓ,35,el Guinardó,Carrer,TELEGRAF,1,19,,21,,,,,3,4
07-2012-0238,07,HORTA-GUINARDÓ,35,el Guinardó,Carrer,VINYA,2,12,,,,,,,03,01
07-2013-0075,07,HORTA-GUINARDÓ,35,el Guinardó,Carrer,VARSOVIA,1,113,B,,,,,,2,
07-2013-0167,07,HORTA-GUINARDÓ,33,el Baix Guinardó,Carrer,SANT ANTONI MARIA CLARET,1,103,,,,,,,3,3
07-2013-0168,07,HORTA-GUINARDÓ,34,Can Baró,Avinguda,CAN BARO,2,22,,,,,,,3,1
07-2014-0055,07,HORTA-GUINARDÓ,35,el Guinardó,Carrer,SANT QUINTI,2,52,,,,,,B,EN,1
07-2014-0169,07,HORTA-GUINARDÓ,33,el Baix Guinardó,Carrer,SANTA CAROLINA,2,42,,,,,,,BJ,
07-2014-0170,07,HORTA-GUINARDÓ,33,el Baix Guinardó,Passatge,SANT PERE,1,1,,,,,,,2,1
07-2014-0171,07,HORTA-GUINARDÓ,33,el Baix Guinardó,Carrer,CARTAGENA,1,335,,,,,,,BJ,IN
07-2014-0172,07,HORTA-GUINARDÓ,37,el Carmel,Carrer,MONTSERRAT DE CASANOVAS,1,159,,,,,,,BJ,
07-2014-0174,07,HORTA-GUINARDÓ,35,el Guinardó,Ronda,GUINARDO,2,216,,,,,,,4,2
07-2014-0175,07,HORTA-GUINARDÓ,36,la Font d'en Fargues,Passeig,MARAGALL,1,367,,369,,,,C,3,
07-2014-0191,07,HORTA-GUINARDÓ,34,Can Baró,Passatge,DIPOSIT,2,8,B,,,,,,,
07-2014-0221,07,HORTA-GUINARDÓ,38,la Teixonera,Carrer,SANTA ROSALIA,1,11,,13,,,,,BJ,4
07-2014-0229,07,HORTA-GUINARDÓ,37,el Carmel,Carrer,RAMON ROCAFULL,1,75,,,,,,,AT,04
07-2014-0233,07,HORTA-GUINARDÓ,33,el Baix Guinardó,Ronda,GUINARDO,1,75,,,,,,,AT,2
07-2014-0267,07,HORTA-GUINARDÓ,37,el Carmel,Carrer,PASTEUR,1,25,,,,,,,1,1
07-2014-0294,07,HORTA-GUINARDÓ,33,el Baix Guinardó,Carrer,PRAGA,2,16,,,,,,,BJ,1
07-2014-0322,07,HORTA-GUINARDÓ,34,Can Baró,Carrer,JOSEP SERRANO,1,3,,,,,,,BJ,
07-2019-0220,07,HORTA-GUINARDÓ,33,el Baix Guinardó,Carrer,PADILLA,1,347,,,,,,,2,2
07-2024-0008,07,HORTA-GUINARDÓ,33,el Baix Guinardó,Carrer,SARDENYA,2,500,,,,,,,9,2
07-2024-0047,07,HORTA-GUINARDÓ,34,Can Baró,Carrer,BARO DE SANT LLUIS,2,34,,,,,,,1,1
08-2012-0209,08,NOU BARRIS,44,Vilapicina i la Torre Llobeta,Carrer,SANTAPAU,2,4,,,,,,,PR,3
08-2014-0066,08,NOU BARRIS,50,les Roquetes,Carrer,MINA DE LA CIUTAT,2,16,,,,,,,AT,
08-2014-0144,08,NOU BARRIS,51,Verdun,Carrer,JOAQUIM VALLS,1,119,,,,,,,02,2
08-2019-0089,08,NOU BARRIS,45,Porta,Passeig,FABRA I PUIG,2,192,,,,,,,2,2
08-2019-0090,08,NOU BARRIS,45,Porta,Passeig,FABRA I PUIG,2,192,,,,,,,3,1
09-2011-0062,09,SANT ANDREU,63,Navas,Carrer,BOFARULL,1,7,,,,,,,03,2
09-2011-0063,09,SANT ANDREU,63,Navas,Carrer,BOFARULL,1,7,,,,,,,04,1
09-2012-0270,09,SANT ANDREU,61,la Sagrera,Carrer,CORTIT,1,11,,19,,,,,BJ,2
09-2013-0154,09,SANT ANDREU,61,la Sagrera,Carrer,FELIP II,2,128,,130,,,,,01,1
09-2014-0300,09,SANT ANDREU,60,Sant Andreu,Carrer,CONCEPCION ARENAL,1,293,,,,,,,04,1
09-2023-0110,09,SANT ANDREU,60,Sant Andreu,Carrer,VALLES,1,5,,,,,,,BJ,
09-2023-0219,09,SANT ANDREU,63,Navas,Carrer,LAS NAVAS DE TOLOSA,1,379,,,,,,,4,B
10-2008-0259,10,SANT MARTI,64,el Camp de l'Arpa del Clot,Carrer,INDEPENDENCIA,2,350,,,,,,,1,
10-2008-0270,10,SANT MARTI,64,el Camp de l'Arpa del Clot,Carrer,INDEPENDENCIA,2,350,,,,,,,4,
10-2008-0390,10,SANT MARTI,69,Diagonal Mar i el Front Marítim del Poblenou,Carrer,PELLAIRES,1,25,,,,,,,02,C
10-2008-0398,10,SANT MARTI,66,el Parc i la Llacuna del Poblenou,Carrer,ALMOGAVERS,2,54,,,,,,,02,1
10-2008-0525,10,SANT MARTI,68,el Poblenou,Carrer,PERE IV,2,244,,246,,,,,05,2
10-2008-0589,10,SANT MARTI,64,el Camp de l'Arpa del Clot,Carrer,ARAGO,1,565,,,,,,,03,2
10-2008-0634,10,SANT MARTI,64,el Camp de l'Arpa del Clot,Carrer,INDEPENDENCIA,1,287,,,,,,,05,1
10-2008-0635,10,SANT MARTI,64,el Camp de l'Arpa del Clot,Carrer,INDEPENDENCIA,1,287,,,,,,,05,2
10-2008-0643,10,SANT MARTI,67,la Vila Olímpica del Poblenou,Carrer,JOAN D'AUSTRIA,1,51,,,,,,A,06,1
10-2008-0645,10,SANT MARTI,67,la Vila Olímpica del Poblenou,Carrer,JOAN D'AUSTRIA,1,51,,,,,,A,05,1
10-2008-0647,10,SANT MARTI,67,la Vila Olímpica del Poblenou,Carrer,JOAN D'AUSTRIA,1,51,,,,,,A,04,1
10-2008-0684,10,SANT MARTI,69,Diagonal Mar i el Front Marítim del Poblenou,Passeig,TAULAT,1,231,,,,,,,04,4
10-2009-0279,10,SANT MARTI,69,Diagonal Mar i el Front Marítim del Poblenou,Passeig,GARCIA FARIA,1,81,,,,,,,21,2
10-2009-0323,10,SANT MARTI,64,el Camp de l'Arpa del Clot,Carrer,INDEPENDENCIA,1,297,,299,,,,,02,1
10-2009-0326,10,SANT MARTI,64,el Camp de l'Arpa del Clot,Carrer,INDEPENDENCIA,1,297,,299,,,,,03,1
10-2009-0327,10,SANT MARTI,64,el Camp de l'Arpa del Clot,Carrer,INDEPENDENCIA,1,297,,299,,,,,04,1
10-2009-0331,10,SANT MARTI,64,el Camp de l'Arpa del Clot,Carrer,INDEPENDENCIA,1,297,,299,,,,,05,1
10-2009-0386,10,SANT MARTI,64,el Camp de l'Arpa del Clot,Carrer,INDUSTRIA,2,226,,230,,,,,05,1
10-2009-0411,10,SANT MARTI,69,Diagonal Mar i el Front Marítim del Poblenou,Carrer,SELVA DE MAR,1,5,,,,,,,05,5
10-2010-0029,10,SANT MARTI,68,el Poblenou,Passeig,TAULAT,1,183,,185,,,,,6,6
10-2010-0104,10,SANT MARTI,68,el Poblenou,Rambla,POBLENOU,2,16,,,,,,,02,4
10-2010-0344,10,SANT MARTI,64,el Camp de l'Arpa del Clot,Carrer,FRESER,1,5,,,,,,,03,1
10-2010-0365,10,SANT MARTI,68,el Poblenou,Carrer,AMISTAT,2,44,,,,,,,01,2
10-2010-0481,10,SANT MARTI,68,el Poblenou,Passeig,CALVELL,1,45,,,,,,D,07,3
10-2010-0597,10,SANT MARTI,67,la Vila Olímpica del Poblenou,Carrer,ESTOCOLM,1,1,,,,,,,BJ,1
10-2010-0600,10,SANT MARTI,69,Diagonal Mar i el Front Marítim del Poblenou,Passeig,GARCIA FARIA,1,77,,,,,,,03,2
10-2010-0612,10,SANT MARTI,69,Diagonal Mar i el Front Marítim del Poblenou,Carrer,SELVA DE MAR,2,18,,,,,,,15,2
10-2011-0205,10,SANT MARTI,68,el Poblenou,Carrer,PUJADES,2,120,,122,,,,,BJ,1
10-2011-0300,10,SANT MARTI,64,el Camp de l'Arpa del Clot,Carrer,INDUSTRIA,1,201,,,,,,,03,4
10-2011-0503,10,SANT MARTI,65,el Clot,Carrer,VALENCIA,1,635,,,,,,,EN,
10-2011-0534,10,SANT MARTI,68,el Poblenou,Carrer,FERROCARRIL,1,27,,,,,,,04,2
10-2012-0011,10,SANT MARTI,65,el Clot,Avinguda,MERIDIANA,1,109,,,,,,,1,2
10-2012-0072,10,SANT MARTI,68,el Poblenou,Plaça,PRIM,1,3,,,,,,,02,4
10-2012-0330,10,SANT MARTI,69,Diagonal Mar i el Front Marítim del Poblenou,Carrer,SELVA DE MAR,2,10,,,,,,,01,1
10-2012-0337,10,SANT MARTI,64,el Camp de l'Arpa del Clot,Carrer,CORSEGA,1,703,,,,,,,EN,2
10-2012-0344,10,SANT MARTI,64,el Camp de l'Arpa del Clot,Carrer,CORSEGA,1,703,,,,,,,2,1
10-2012-0347,10,SANT MARTI,64,el Camp de l'Arpa del Clot,Carrer,CORSEGA,1,703,,,,,,,3,1
10-2012-0349,10,SANT MARTI,64,el Camp de l'Arpa del Clot,Carrer,CORSEGA,1,703,,,,,,,3,4
10-2012-0360,10,SANT MARTI,65,el Clot,Avinguda,MERIDIANA,1,113,,,,,,,01,
10-2012-0392,10,SANT MARTI,69,Diagonal Mar i el Front Marítim del Poblenou,Carrer,BAC DE RODA,1,5,,,,,,3,04,B
10-2012-0412,10,SANT MARTI,64,el Camp de l'Arpa del Clot,Carrer,DEGA BAHI,1,65,,,,,,,04,1
10-2012-0417,10,SANT MARTI,64,el Camp de l'Arpa del Clot,Carrer,INDEPENDENCIA,1,319,,,,,,,3,
10-2012-0420,10,SANT MARTI,64,el Camp de l'Arpa del Clot,Carrer,INDEPENDENCIA,1,317,,,,,,,1,1
10-2012-0441,10,SANT MARTI,69,Diagonal Mar i el Front Marítim del Poblenou,Passeig,TAULAT,2,196,,200,,,,9,04,2
10-2012-0442,10,SANT MARTI,69,Diagonal Mar i el Front Marítim del Poblenou,Carrer,SELVA DE MAR,2,12,,,,,,,01,2
10-2012-0502,10,SANT MARTI,65,el Clot,Carrer,ARAGO,2,550,,,,,,,01,1
10-2012-0529,10,SANT MARTI,66,el Parc i la Llacuna del Poblenou,Carrer,SARDENYA,2,104,,106,,,,,02,3
10-2012-0560,10,SANT MARTI,67,la Vila Olímpica del Poblenou,Carrer,SALVADOR ESPRIU,1,43,,,,,,,03,2
10-2012-0577,10,SANT MARTI,64,el Camp de l'Arpa del Clot,Carrer,BASSOLS,2,32,,,,,,,03,2
10-2012-0588,10,SANT MARTI,67,la Vila Olímpica del Poblenou,Carrer,DOCTOR TRUETA,1,69,,71,,,,,BJ,1
10-2012-0637,10,SANT MARTI,64,el Camp de l'Arpa del Clot,Passatge,GRAZIELLA PARETO,1,7,,,,,,,BJ,
10-2012-0653,10,SANT MARTI,67,la Vila Olímpica del Poblenou,Carrer,SALVADOR ESPRIU,1,31,,,,,,,3,1
10-2012-0662,10,SANT MARTI,67,la Vila Olímpica del Poblenou,Carrer,SALVADOR ESPRIU,1,73,,,,,,,6,1
10-2012-0683,10,SANT MARTI,69,Diagonal Mar i el Front Marítim del Poblenou,Passeig,GARCIA FARIA,1,75,,,,,,A,25,2
10-2012-0700,10,SANT MARTI,68,el Poblenou,Avinguda,DIAGONAL,1,111,,,,,,,03,3
10-2013-0040,10,SANT MARTI,67,la Vila Olímpica del Poblenou,Carrer,DOCTOR TRUETA,1,15,,,,,,,05,1
10-2013-0053,10,SANT MARTI,68,el Poblenou,Carrer,FERROCARRIL,1,27,,,,,,,06,1
10-2013-0056,10,SANT MARTI,68,el Poblenou,Carrer,FERROCARRIL,1,27,,,,,,,06,4
10-2013-0089,10,SANT MARTI,66,el Parc i la Llacuna del Poblenou,Passeig,PUJADES,1,25,,,,,,,03,1
10-2013-0095,10,SANT MARTI,66,el Parc i la Llacuna del Poblenou,Passeig,PUJADES,1,25,,,,,,,05,2
10-2013-0099,10,SANT MARTI,68,el Poblenou,Passeig,CALVELL,1,45,,,,,,C,02,2
10-2013-0102,10,SANT MARTI,68,el Poblenou,Passeig,CALVELL,1,45,,,,,,C,02,5
10-2013-0148,10,SANT MARTI,68,el Poblenou,Carrer,PERELLO,1,29,,,,,,2,BJ,1
10-2013-0158,10,SANT MARTI,68,el Poblenou,Carrer,MARIA AGUILO,2,128,,,,,,,03,2
10-2013-0217,10,SANT MARTI,68,el Poblenou,Carrer,RAMON TURRO,2,264,,,,,,,01,1
10-2013-0239,10,SANT MARTI,67,la Vila Olímpica del Poblenou,Carrer,SARDENYA,2,56,,62,,,,A,05,4
10-2013-0266,10,SANT MARTI,66,el Parc i la Llacuna del Poblenou,Passatge,ALI BEI,1,7,,,,,,,02,2
10-2013-0268,10,SANT MARTI,68,el Poblenou,Carrer,PALLARS,1,171,,,,,,,PR,1
10-2013-0269,10,SANT MARTI,68,el Poblenou,Carrer,PALLARS,1,171,,,,,,,02,1
10-2013-0276,10,SANT MARTI,68,el Poblenou,Carrer,PERE IV,2,124,,,,,,,1,2
10-2013-0293,10,SANT MARTI,66,el Parc i la Llacuna del Poblenou,Carrer,PUJADES,2,10,,,,,,,SA,1
10-2013-0350,10,SANT MARTI,69,Diagonal Mar i el Front Marítim del Poblenou,Carrer,FLUVIA,1,97,,,,,,,13,6
10-2013-0351,10,SANT MARTI,64,el Camp de l'Arpa del Clot,Carrer,SANT QUINTI,1,37,,45,,,,A,EN,1
10-2013-0391,10,SANT MARTI,67,la Vila Olímpica del Poblenou,Carrer,ROSA SENSAT,1,31,,,,,,,03,3
10-2013-0424,10,SANT MARTI,68,el Poblenou,Carrer,DOCTOR TRUETA,1,173,,,,,,B,03,4
10-2013-0429,10,SANT MARTI,68,el Poblenou,Carrer,LOPE DE VEGA,1,115,,,,,,,PR,4
10-2013-0467,10,SANT MARTI,68,el Poblenou,Passatge,PIQUER,1,29,,37,,,,,,37
10-2013-0498,10,SANT MARTI,65,el Clot,Carrer,ARAGO,2,604,,,,,,,EN,1
10-2013-0537,10,SANT MARTI,71,Provençals del Poblenou,Passatge,TREBALL,1,19,,,,,,,,
10-2013-0566,10,SANT MARTI,65,el Clot,Gran Via,CORTS CATALANES,1,849,,,,,,,01,1A
10-2013-0567,10,SANT MARTI,70,el Besòs i el Maresme,Rambla,PRIM,1,35,,,,,,,07,3
10-2013-0614,10,SANT MARTI,66,el Parc i la Llacuna del Poblenou,Carrer,PUJADES,1,11,,,,,,,03,2
10-2013-0641,10,SANT MARTI,72,Sant Martí de Provençals,Carrer,PROVENÇALS,1,281,,,,,,,7,2
10-2013-0689,10,SANT MARTI,68,el Poblenou,Carrer,BADAJOZ,2,10,,,,,,,1,
10-2013-0691,10,SANT MARTI,68,el Poblenou,Carrer,BADAJOZ,2,10,,,,,,,3,
10-2013-0698,10,SANT MARTI,64,el Camp de l'Arpa del Clot,Carrer,INDUSTRIA,2,276,B,,,,,,04,4
10-2013-0719,10,SANT MARTI,64,el Camp de l'Arpa del Clot,Carrer,MUNTANYA,1,115,,,,,,,02,1
10-2013-0771,10,SANT MARTI,68,el Poblenou,Carrer,MARIA AGUILO,2,70,,,,,,,03,2
10-2013-0805,10,SANT MARTI,68,el Poblenou,Carrer,FERROCARRIL,1,27,,,,,,,07,3
10-2013-0806,10,SANT MARTI,68,el Poblenou,Carrer,FERROCARRIL,1,27,,,,,,,07,4
10-2013-0820,10,SANT MARTI,68,el Poblenou,Carrer,TANGER,2,150,,156,,,,,02,6
10-2013-0864,10,SANT MARTI,64,el Camp de l'Arpa del Clot,Carrer,DOS DE MAIG,2,306,,,,,,,PR,2
10-2014-0051,10,SANT MARTI,68,el Poblenou,Carrer,TAULAT,2,44,,,,,,,02,2
10-2014-0059,10,SANT MARTI,64,el Camp de l'Arpa del Clot,Carrer,CORSEGA,1,703,,,,,,,1,3
10-2014-0100,10,SANT MARTI,66,el Parc i la Llacuna del Poblenou,Carrer,ALMOGAVERS,2,56,,,,,,,04,2
10-2014-0143,10,SANT MARTI,66,el Parc i la Llacuna del Poblenou,Avinguda,MERIDIANA,1,19,,,,,,,EN,1
10-2014-0174,10,SANT MARTI,68,el Poblenou,Carrer,CASTELLA,1,19,,23,,,,,02,2
10-2014-0181,10,SANT MARTI,66,el Parc i la Llacuna del Poblenou,Carrer,MARINA,1,69,,,,,,,4,5
10-2014-0189,10,SANT MARTI,68,el Poblenou,Carrer,ESPRONCEDA,1,21,,23,,,,,05,6
10-2014-0279,10,SANT MARTI,68,el Poblenou,Carrer,FERNANDO POO,2,34,,,,,,,01,
10-2014-0287,10,SANT MARTI,68,el Poblenou,Carrer,PERE IV,2,126,,,,,,,02,1
10-2014-0325,10,SANT MARTI,64,el Camp de l'Arpa del Clot,Carrer,CORSEGA,2,662,,,,,,,02,4
10-2014-0343,10,SANT MARTI,65,el Clot,Gran Via,CORTS CATALANES,1,839,,,,,,A,EN,1
10-2014-0370,10,SANT MARTI,69,Diagonal Mar i el Front Marítim del Poblenou,Carrer,PUJADES,2,362,,,,,,,14,3
10-2014-0391,10,SANT MARTI,64,el Camp de l'Arpa del Clot,Carrer,INDUSTRIA,1,207,,,,,,,02,1
10-2014-0397,10,SANT MARTI,69,Diagonal Mar i el Front Marítim del Poblenou,Carrer,BAC DE RODA,2,36,,,,,,,02,2
10-2014-0421,10,SANT MARTI,72,Sant Martí de Provençals,Carrer,ALCALA DE GUADAIRA,1,23,,,,,,,06,1
10-2014-0432,10,SANT MARTI,68,el Poblenou,Rambla,POBLENOU,2,16,,,,,,,01,6
10-2014-0435,10,SANT MARTI,66,el Parc i la Llacuna del Poblenou,Carrer,PERE IV,1,83,,,,,,,03,3
10-2014-0454,10,SANT MARTI,66,el Parc i la Llacuna del Poblenou,Carrer,PERE IV,2,44,,46,,,,,04,1
10-2014-0459,10,SANT MARTI,66,el Parc i la Llacuna del Poblenou,Carrer,PERE IV,2,44,,46,,,,,03,2
10-2014-0463,10,SANT MARTI,66,el Parc i la Llacuna del Poblenou,Carrer,PERE IV,2,44,,46,,,,,2,3
10-2014-0464,10,SANT MARTI,69,Diagonal Mar i el Front Marítim del Poblenou,Passeig,GARCIA FARIA,1,75,,,,,,,19,3
10-2014-0475,10,SANT MARTI,65,el Clot,Avinguda,MERIDIANA,1,109,,,,,,,3,1
10-2014-0476,10,SANT MARTI,71,Provençals del Poblenou,Carrer,BAC DE RODA,2,100,,108,,,,,01,B
10-2014-0494,10,SANT MARTI,68,el Poblenou,Rambla,POBLENOU,2,20,,,,,,,02,1
10-2014-0504,10,SANT MARTI,68,el Poblenou,Rambla,POBLENOU,2,16,,,,,,,4,1
10-2014-0506,10,SANT MARTI,68,el Poblenou,Rambla,POBLENOU,2,16,,,,,,,04,2
10-2014-0517,10,SANT MARTI,64,el Camp de l'Arpa del Clot,Carrer,INDUSTRIA,1,213,,,,,,,02,2
10-2014-0525,10,SANT MARTI,68,el Poblenou,Passeig,CALVELL,1,45,,,,,,D,3,3
10-2014-0527,10,SANT MARTI,68,el Poblenou,Passeig,CALVELL,1,45,,,,,,D,6,1
10-2014-0548,10,SANT MARTI,68,el Poblenou,Passeig,CALVELL,1,45,,,,,,B,5,1
10-2014-0549,10,SANT MARTI,64,el Camp de l'Arpa del Clot,Carrer,INDUSTRIA,1,213,,,,,,,6,1
10-2014-0555,10,SANT MARTI,68,el Poblenou,Passeig,CALVELL,1,45,,,,,,C,3,1
10-2014-0574,10,SANT MARTI,68,el Poblenou,Passeig,CALVELL,1,45,,,,,,A,04,5
10-2014-0576,10,SANT MARTI,69,Diagonal Mar i el Front Marítim del Poblenou,Carrer,PELLAIRES,1,35,,,,,,,BJ,
10-2014-0611,10,SANT MARTI,72,Sant Martí de Provençals,Carrer,ANDRADE,2,116,,,,,,,01,1
10-2014-0623,10,SANT MARTI,72,Sant Martí de Provençals,Carrer,HUELVA,2,72,,,,,,,07,2
10-2014-0656,10,SANT MARTI,68,el Poblenou,Carrer,RAMON TURRO,2,226,,,,,,,03,4
10-2014-0672,10,SANT MARTI,64,el Camp de l'Arpa del Clot,Carrer,INDUSTRIA,2,266,,,,,,,PR,1
10-2014-0735,10,SANT MARTI,70,el Besòs i el Maresme,Rambla,PRIM,2,32,,,,,,,10,7
10-2014-0795,10,SANT MARTI,69,Diagonal Mar i el Front Marítim del Poblenou,Avinguda,DIAGONAL,2,54,,,,,,,04,3
10-2014-0876,10,SANT MARTI,71,Provençals del Poblenou,Passatge,TAULAT,2,14,,,,,,,,
10-2014-0894,10,SANT MARTI,70,el Besòs i el Maresme,Carrer,TARENT,2,4,,,,,,,04,1
10-2014-0912,10,SANT MARTI,65,el Clot,Carrer,BISCAIA,2,322,,328,,,,,03,6
10-2016-0379,10,SANT MARTI,68,el Poblenou,Carrer,LOPE DE VEGA,2,54,,,,,,,AT,
10-2016-0417,10,SANT MARTI,64,el Camp de l'Arpa del Clot,Carrer,PROVENÇA,1,563,,,,,,,PR,2
10-2016-0515,10,SANT MARTI,68,el Poblenou,Rambla,POBLENOU,1,51,,,,,,,PR,2
10-2019-0004,10,SANT MARTI,68,el Poblenou,Carrer,LLULL,1,165,,,,,,,4,2
10-2022-0349,10,SANT MARTI,64,el Camp de l'Arpa del Clot,Carrer,ROGENT,1,37,,,,,,,1,1
10-2023-0038,10,SANT MARTI,68,el Poblenou,Carrer,LLULL,2,140,,,,,,,1,1
10-2023-0039,10,SANT MARTI,67,la Vila Olímpica del Poblenou,Carrer,ARQUITECTE SERT,1,29,,,,,,,3,1
10-2023-0277,10,SANT MARTI,65,el Clot,Avinguda,MERIDIANA,1,113,,,,,,,4,
10-2023-0451,10,SANT MARTI,68,el Poblenou,Carrer,BILBAO,1,3,,,,,,,3,1
10-2023-0465,10,SANT MARTI,68,el Poblenou,Carrer,PALLARS,1,171,,,,,,,4,2
10-2023-0468,10,SANT MARTI,68,el Poblenou,Carrer,PERE IV,2,124,,,,,,,3,2
01-2011-0137,01,CIUTAT VELLA,02,el Barri Gòtic,Carrer,ROCA,2,8,,,,,,,01,2
01-2011-0171,01,CIUTAT VELLA,02,el Barri Gòtic,Carrer,ROCA,2,8,,,,,,,03,2
01-2011-0173,01,CIUTAT VELLA,02,el Barri Gòtic,Carrer,ROCA,2,8,,,,,,,05,2
01-2011-0195,01,CIUTAT VELLA,01,el Raval,Carrer,NOU DE LA RAMBLA,1,15,,,,,,,02,1
01-2011-0200,01,CIUTAT VELLA,01,el Raval,Carrer,NOU DE LA RAMBLA,1,15,,,,,,,04,2
01-2011-0547,01,CIUTAT VELLA,01,el Raval,Carrer,JOAQUIN COSTA,1,53,,,,,,,03,
01-2012-0164,01,CIUTAT VELLA,01,el Raval,Carrer,HOSPITAL,1,133,,,,,,,PR,2
01-2012-0187,01,CIUTAT VELLA,02,el Barri Gòtic,Carrer,FERRAN,1,7,,,,,,,01,3
01-2012-0189,01,CIUTAT VELLA,02,el Barri Gòtic,Carrer,FERRAN,1,7,,,,,,,02,2
01-2012-0602,01,CIUTAT VELLA,01,el Raval,Carrer,CARME,1,69,,,,,,,05,1
01-2012-0686,01,CIUTAT VELLA,02,el Barri Gòtic,Carrer,DURAN I BAS,1,7,,,,,,,2,1
01-2012-0689,01,CIUTAT VELLA,02,el Barri Gòtic,Carrer,DURAN I BAS,1,7,,,,,,,3,2
01-2013-0027,01,CIUTAT VELLA,02,el Barri Gòtic,Carrer,OBRADORS,1,13,,,,,,,01,1
01-2013-0072,01,CIUTAT VELLA,02,el Barri Gòtic,Carrer,DAGUERIA,1,3,,,,,,,PR,
01-2013-0104,01,CIUTAT VELLA,02,el Barri Gòtic,Carrer,RAURIC,2,6,,,,,,,01,
01-2013-0108,01,CIUTAT VELLA,02,el Barri Gòtic,Plaça,REIAL,1,3,,,,,,,2,3
01-2013-0135,01,CIUTAT VELLA,01,el Raval,Carrer,NOU DE LA RAMBLA,2,6,,,,,,,01,2
01-2013-0148,01,CIUTAT VELLA,01,el Raval,Carrer,JOAQUIN COSTA,2,28,,,,,,,EN,2
01-2013-0160,01,CIUTAT VELLA,01,el Raval,Carrer,RAMBLA,1,15,,,,,,,02,2
01-2013-0208,01,CIUTAT VELLA,02,el Barri Gòtic,Carrer,BANYS NOUS,2,6,,,,,,,02,
01-2013-0227,01,CIUTAT VELLA,01,el Raval,Carrer,GUARDIA,2,8,,,,,,,2,2
01-2013-0228,01,CIUTAT VELLA,01,el Raval,Carrer,GUARDIA,2,8,,,,,,,2,1
01-2013-0230,01,CIUTAT VELLA,01,el Raval,Carrer,GUARDIA,2,8,,,,,,,EN,2
01-2013-0250,01,CIUTAT VELLA,04,Sant Pere, Santa Caterina i la Ribera,Carrer,ARGENTERIA,2,6,,,,,,,01,4
01-2013-0252,01,CIUTAT VELLA,04,Sant Pere, Santa Caterina i la Ribera,Carrer,ARGENTERIA,2,6,,,,,,,02,1
01-2013-0254,01,CIUTAT VELLA,04,Sant Pere, Santa Caterina i la Ribera,Carrer,ARGENTERIA,2,6,,,,,,,02,2
01-2013-0271,01,CIUTAT VELLA,01,el Raval,Carrer,NOU DE LA RAMBLA,2,40,,,,,,,03,
01-2013-0305,01,CIUTAT VELLA,04,Sant Pere, Santa Caterina i la Ribera,Carrer,SANT ANTONI DELS SOMBRERERS,2,4,,,,,,,03,1
01-2013-0309,01,CIUTAT VELLA,04,Sant Pere, Santa Caterina i la Ribera,Carrer,SANT ANTONI DELS SOMBRERERS,2,4,,,,,,,04,1
01-2013-0366,01,CIUTAT VELLA,04,Sant Pere, Santa Caterina i la Ribera,Carrer,SANT PERE MITJA,1,33,,,,,,,02,2
01-2013-0435,01,CIUTAT VELLA,01,el Raval,Carrer,CARME,2,10,,,,,,,2,4
01-2013-0439,01,CIUTAT VELLA,01,el Raval,Carrer,CARME,2,10,,,,,,,3,4
01-2013-0509,01,CIUTAT VELLA,03,la Barceloneta,Carrer,PAREDES,1,1,,,,,,,PR,1
01-2013-0510,01,CIUTAT VELLA,03,la Barceloneta,Carrer,PAREDES,1,1,,,,,,,PR,2
01-2013-0516,01,CIUTAT VELLA,03,la Barceloneta,Carrer,PAREDES,1,1,,,,,,,04,1
01-2013-0517,01,CIUTAT VELLA,03,la Barceloneta,Carrer,PAREDES,1,1,,,,,,,04,2
01-2013-0554,01,CIUTAT VELLA,01,el Raval,Carrer,RAMBLA,1,41,,,,,,,AT,
01-2013-0556,01,CIUTAT VELLA,04,Sant Pere, Santa Caterina i la Ribera,Carrer,CALDERS,1,5,,,,,,,02,
01-2013-0559,01,CIUTAT VELLA,01,el Raval,Carrer,RAMBLA,1,41,,,,,,,02,1
01-2013-0615,01,CIUTAT VELLA,02,el Barri Gòtic,Carrer,FERRAN,2,2,,,,,,,05,
01-2013-0622,01,CIUTAT VELLA,01,el Raval,Carrer,UNIO,1,21,,,,,,,03,1
01-2013-0681,01,CIUTAT VELLA,02,el Barri Gòtic,Carrer,FERRAN,2,2,,,,,,,03,2
01-2013-0702,01,CIUTAT VELLA,01,el Raval,Carrer,AURORA,1,11,B,,,,,,01,3
01-2013-0726,01,CIUTAT VELLA,02,el Barri Gòtic,Carrer,BANYS NOUS,2,4,,,,,,,01,
01-2013-0756,01,CIUTAT VELLA,04,Sant Pere, Santa Caterina i la Ribera,Carrer,MARE DE DEU DEL PILAR,1,17,,,,,,,02,2
01-2013-0766,01,CIUTAT VELLA,04,Sant Pere, Santa Caterina i la Ribera,Carrer,SOMBRERERS,1,23,,,,,,,EN,1
01-2013-0816,01,CIUTAT VELLA,04,Sant Pere, Santa Caterina i la Ribera,Carrer,SANT PERE MITJA,2,62,,,,,,,5,A
01-2013-0820,01,CIUTAT VELLA,04,Sant Pere, Santa Caterina i la Ribera,Carrer,ESPARTERIA,1,1,,,,,,,EN,1
01-2013-0850,01,CIUTAT VELLA,03,la Barceloneta,Carrer,SANT MIQUEL,1,105,,,,,,,01,1
01-2013-0859,01,CIUTAT VELLA,04,Sant Pere, Santa Caterina i la Ribera,Plaça,OLLES,1,1,,,,,,,PR,
01-2013-0878,01,CIUTAT VELLA,01,el Raval,Carrer,HOSPITAL,2,114,,,,,,,04,1
01-2013-0921,01,CIUTAT VELLA,02,el Barri Gòtic,Carrer,AVINYO,2,58,,,,,,,PR,3A
01-2013-0927,01,CIUTAT VELLA,02,el Barri Gòtic,Carrer,CORREU VELL,2,2,,,,,,,04,
01-2013-0930,01,CIUTAT VELLA,02,el Barri Gòtic,Carrer,AMARGOS,1,17,,,,,,,01,1
01-2013-0954,01,CIUTAT VELLA,02,el Barri Gòtic,Passatge,BACARDI,2,2,,,,,,,2,2C
01-2013-0979,01,CIUTAT VELLA,04,Sant Pere, Santa Caterina i la Ribera,Carrer,PESCATERIA,1,1,,,,,,,03,4
01-2013-0981,01,CIUTAT VELLA,04,Sant Pere, Santa Caterina i la Ribera,Carrer,REC,2,38,,,,,,,03,
01-2013-0985,01,CIUTAT VELLA,04,Sant Pere, Santa Caterina i la Ribera,Carrer,REC,2,38,,,,,,,02,
01-2013-0994,01,CIUTAT VELLA,02,el Barri Gòtic,Carrer,JOSEP ANSELM CLAVE,1,7,,,,,,,1,1
01-2013-0996,01,CIUTAT VELLA,01,el Raval,Carrer,RAMBLA,1,89,,,,,,,PR,1
01-2014-0071,01,CIUTAT VELLA,01,el Raval,Carrer,JUNTA DE COMERÇ,1,23,,,,,,,01,1
01-2014-0102,01,CIUTAT VELLA,01,el Raval,Carrer,TIGRE,2,10,,,,,,,BJ,2
01-2014-0106,01,CIUTAT VELLA,01,el Raval,Carrer,TIGRE,2,10,,,,,,,2,1
01-2014-0152,01,CIUTAT VELLA,03,la Barceloneta,Carrer,SAFAREIGS,1,15,,,,,,,01,
01-2014-0165,01,CIUTAT VELLA,04,Sant Pere, Santa Caterina i la Ribera,Passeig,ISABEL II,2,2,,,,,,,EN,2
01-2014-0203,01,CIUTAT VELLA,04,Sant Pere, Santa Caterina i la Ribera,Carrer,FORMATGERIA,1,3,,,,,,,01,1
01-2014-0230,01,CIUTAT VELLA,04,Sant Pere, Santa Caterina i la Ribera,Carrer,SANT PERE MES ALT,1,21,,,,,,,03,1
01-2014-0250,01,CIUTAT VELLA,02,el Barri Gòtic,Carrer,PORTAFERRISSA,1,27,,,,,,,3,
01-2014-0267,01,CIUTAT VELLA,02,el Barri Gòtic,Carrer,PETRITXOL,1,17,,,,,,,PR,1
01-2016-0319,01,CIUTAT VELLA,03,la Barceloneta,Carrer,PROCLAMACIO,2,12,,,,,,,2,
01-2016-0418,01,CIUTAT VELLA,01,el Raval,Carrer,JOAQUIN COSTA,1,53,,,,,,,PR,
01-2016-0483,01,CIUTAT VELLA,03,la Barceloneta,Carrer,PROCLAMACIO,2,12,,,,,,,3,
01-2017-0014,01,CIUTAT VELLA,02,el Barri Gòtic,Carrer,SANT SEVER,2,4,,,,,,,1,2
01-2017-0033,01,CIUTAT VELLA,01,el Raval,Carrer,RAMBLA,1,89,,,,,,,2,1
01-2017-0059,01,CIUTAT VELLA,04,Sant Pere, Santa Caterina i la Ribera,Carrer,CARDERS,2,8,,,,,,,2,
01-2017-0061,01,CIUTAT VELLA,04,Sant Pere, Santa Caterina i la Ribera,Carrer,CARDERS,2,8,,,,,,,4,
01-2017-0306,01,CIUTAT VELLA,02,el Barri Gòtic,Carrer,RAMBLA,2,102,,104,,,,,2,1
01-2017-0307,01,CIUTAT VELLA,02,el Barri Gòtic,Carrer,RAMBLA,2,102,,104,,,,,3,2
01-2018-0267,01,CIUTAT VELLA,04,Sant Pere, Santa Caterina i la Ribera,Carrer,ARGENTERIA,1,21,,,,,,,PR,
01-2018-0439,01,CIUTAT VELLA,02,el Barri Gòtic,Carrer,REGOMIR,1,25,,,,,,,4,
01-2018-0440,01,CIUTAT VELLA,02,el Barri Gòtic,Carrer,REGOMIR,1,25,,,,,,,3,
01-2018-0509,01,CIUTAT VELLA,01,el Raval,Carrer,MONTSERRAT,1,5,,,,,,,1,1
01-2019-0007,01,CIUTAT VELLA,02,el Barri Gòtic,Carrer,REGOMIR,1,25,,,,,,,EN,
01-2019-0030,01,CIUTAT VELLA,02,el Barri Gòtic,Carrer,PETRITXOL,1,17,,,,,,,3,4
01-2019-0125,01,CIUTAT VELLA,01,el Raval,Carrer,CARME,1,11,,,,,,,1,1
01-2019-0126,01,CIUTAT VELLA,01,el Raval,Carrer,CARME,1,11,,,,,,,1,2
01-2019-0127,01,CIUTAT VELLA,01,el Raval,Carrer,CARME,1,11,,,,,,,2,1
01-2020-0029,01,CIUTAT VELLA,03,la Barceloneta,Carrer,BERENGUER MALLOL,1,19,,,,,,,5,
01-2020-0031,01,CIUTAT VELLA,03,la Barceloneta,Carrer,BERENGUER MALLOL,1,19,,,,,,,1,
01-2022-0113,01,CIUTAT VELLA,03,la Barceloneta,Carrer,RECTOR BRUGUERA,1,33,,,,,,,4,
01-2022-0121,01,CIUTAT VELLA,03,la Barceloneta,Carrer,PONTEVEDRA,1,33,,,,,,,1,2
01-2023-0010,01,CIUTAT VELLA,01,el Raval,Carrer,TIGRE,2,10,,,,,,,4,1
01-2023-0547,01,CIUTAT VELLA,04,Sant Pere, Santa Caterina i la Ribera,Carrer,SANT PERE MITJA,2,4,,,,,,,1,2
01-2024-0043,01,CIUTAT VELLA,02,el Barri Gòtic,Carrer,ROCA,2,10,,,,,,,1,
01-2024-0047,01,CIUTAT VELLA,02,el Barri Gòtic,Carrer,ROCA,2,10,,,,,,,4,
01-2024-0066,01,CIUTAT VELLA,04,Sant Pere, Santa Caterina i la Ribera,Carrer,SANT PERE MES BAIX,1,49,,,,,,,2,2
02-2008-0476,02,L'EIXAMPLE,09,la Nova Esquerra de l'Eixample,Carrer,CALABRIA,2,160,,,,,,,03,4
02-2008-0525,02,L'EIXAMPLE,07,la Dreta de l'Eixample,Carrer,PAU CLARIS,2,76,,,,,,,PR,2A
02-2008-0560,02,L'EIXAMPLE,05,el Fort Pienc,Carrer,AUSIAS MARC,1,95,,,,,,,05,2
02-2008-0565,02,L'EIXAMPLE,08,l'Antiga Esquerra de l'Eixample,Carrer,CONSELL DE CENT,1,283,,,,,,,01,1
02-2008-0573,02,L'EIXAMPLE,08,l'Antiga Esquerra de l'Eixample,Carrer,CONSELL DE CENT,1,283,,,,,,,04,2
02-2008-0627,02,L'EIXAMPLE,07,la Dreta de l'Eixample,Carrer,VALENCIA,2,366,,,,,,,02,1
02-2008-0629,02,L'EIXAMPLE,07,la Dreta de l'Eixample,Carrer,VALENCIA,2,366,,,,,,,03,2
02-2008-0656,02,L'EIXAMPLE,06,la Sagrada Família,Avinguda,GAUDI,2,66,,,,,,,01,3
02-2008-0714,02,L'EIXAMPLE,07,la Dreta de l'Eixample,Carrer,PELAI,1,11,,,,,,,1,B
02-2008-0719,02,L'EIXAMPLE,07,la Dreta de l'Eixample,Gran Via,CORTS CATALANES,2,662,,,,,,,4,2C
02-2008-0762,02,L'EIXAMPLE,10,Sant Antoni,Carrer,VILADOMAT,2,94,,,,,,,2,2
02-2008-0805,02,L'EIXAMPLE,08,l'Antiga Esquerra de l'Eixample,Carrer,MUNTANER,2,148,,,,,,,03,
02-2008-0851,02,L'EIXAMPLE,07,la Dreta de l'Eixample,Ronda,SANT PERE,2,28,,,,,,,AT,3
02-2008-0874,02,L'EIXAMPLE,08,l'Antiga Esquerra de l'Eixample,Carrer,ENRIC GRANADOS,1,23,,,,,,,PR,2
02-2008-0967,02,L'EIXAMPLE,07,la Dreta de l'Eixample,Ronda,SANT PERE,1,3,,,,,,,04,5
02-2008-1049,02,L'EIXAMPLE,06,la Sagrada Família,Carrer,MARINA,2,306,,,,,,C,05,2
02-2008-1123,02,L'EIXAMPLE,08,l'Antiga Esquerra de l'Eixample,Carrer,ARIBAU,2,108,,,,,,,PR,2
02-2008-1187,02,L'EIXAMPLE,08,l'Antiga Esquerra de l'Eixample,Carrer,VALENCIA,2,194,,,,,,,02,2
02-2009-0003,02,L'EIXAMPLE,09,la Nova Esquerra de l'Eixample,Carrer,ENTENÇA,2,98,,,,,,,BJ,1
02-2009-0077,02,L'EIXAMPLE,09,la Nova Esquerra de l'Eixample,Carrer,ROSSELLO,1,19,,,,,,,04,2
02-2009-0161,02,L'EIXAMPLE,07,la Dreta de l'Eixample,Carrer,ARAGO,1,373,,,,,,,02,2
02-2009-0316,02,L'EIXAMPLE,07,la Dreta de l'Eixample,Carrer,PELAI,1,11,,,,,,,3,4
02-2009-0597,02,L'EIXAMPLE,07,la Dreta de l'Eixample,Passeig,GRACIA,1,83,,,,,,,01,4
02-2009-0650,02,L'EIXAMPLE,07,la Dreta de l'Eixample,Passeig,GRACIA,1,83,,,,,,,02,1
02-2009-0682,02,L'EIXAMPLE,07,la Dreta de l'Eixample,Passeig,SANT JOAN,2,60,,,,,,,PR,2
02-2009-0752,02,L'EIXAMPLE,08,l'Antiga Esquerra de l'Eixample,Carrer,VILLARROEL,1,163,,,,,,,06,1
02-2009-0759,02,L'EIXAMPLE,06,la Sagrada Família,Carrer,CARTAGENA,1,227,,,,,,,05,
02-2009-0832,02,L'EIXAMPLE,06,la Sagrada Família,Carrer,ENAMORATS,1,5,,,,,,,02,3
02-2009-0959,02,L'EIXAMPLE,07,la Dreta de l'Eixample,Carrer,CASP,2,74,,,,,,,BJ,2
02-2009-0969,02,L'EIXAMPLE,07,la Dreta de l'Eixample,Carrer,CASP,2,74,,,,,,,02,1
02-2009-0974,02,L'EIXAMPLE,07,la Dreta de l'Eixample,Carrer,CASP,2,74,,,,,,,03,1
02-2009-0985,02,L'EIXAMPLE,07,la Dreta de l'Eixample,Carrer,CASP,2,74,,,,,,,04,5
02-2009-1021,02,L'EIXAMPLE,06,la Sagrada Família,Carrer,INDUSTRIA,1,165,,,,,,,01,3
02-2009-1051,02,L'EIXAMPLE,06,la Sagrada Família,Carrer,INDUSTRIA,1,165,,,,,,,01,2
02-2009-1167,02,L'EIXAMPLE,06,la Sagrada Família,Avinguda,GAUDI,2,14,,,,,,,04,2
02-2009-1231,02,L'EIXAMPLE,10,Sant Antoni,Gran Via,CORTS CATALANES,2,474,,,,,,,02,1
02-2009-1253,02,L'EIXAMPLE,07,la Dreta de l'Eixample,Passeig,GRACIA,1,83,,,,,,,AT,1
02-2010-0048,02,L'EIXAMPLE,06,la Sagrada Família,Carrer,VALENCIA,1,465,,,,,,,02,2
02-2010-0085,02,L'EIXAMPLE,09,la Nova Esquerra de l'Eixample,Carrer,ENTENÇA,1,79,,,,,,,3,2
02-2010-0276,02,L'EIXAMPLE,06,la Sagrada Família,Plaça,SAGRADA FAMILIA,1,7,,,,,,,03,2
02-2010-0419,02,L'EIXAMPLE,10,Sant Antoni,Carrer,TAMARIT,2,162,,,,,,,01,2
02-2010-0480,02,L'EIXAMPLE,09,la Nova Esquerra de l'Eixample,Carrer,VALENCIA,2,32,,,,,,,1,3
02-2010-0487,02,L'EIXAMPLE,09,la Nova Esquerra de l'Eixample,Carrer,VALENCIA,2,32,,,,,,,4,1
02-2010-0567,02,L'EIXAMPLE,07,la Dreta de l'Eixample,Carrer,BRUC,1,5,,,,,,,03,1
02-2010-0723,02,L'EIXAMPLE,10,Sant Antoni,Carrer,SEPULVEDA,1,125,,,,,,,04,2B
02-2010-0727,02,L'EIXAMPLE,10,Sant Antoni,Carrer,SEPULVEDA,1,125,,,,,,,05,2B
02-2010-0729,02,L'EIXAMPLE,06,la Sagrada Família,Carrer,VALENCIA,1,423,,,,,,,PR,2
02-2010-0732,02,L'EIXAMPLE,10,Sant Antoni,Carrer,SEPULVEDA,1,125,,,,,,,AT,
02-2010-0738,02,L'EIXAMPLE,06,la Sagrada Família,Carrer,VALENCIA,1,423,,,,,,,03,1
02-2010-0883,02,L'EIXAMPLE,07,la Dreta de l'Eixample,Carrer,VALENCIA,1,347,,,,,,,01,1
02-2010-0886,02,L'EIXAMPLE,07,la Dreta de l'Eixample,Carrer,VALENCIA,1,347,,,,,,,PR,3
02-2010-0894,02,L'EIXAMPLE,07,la Dreta de l'Eixample,Carrer,VALENCIA,1,347,,,,,,,02,3
02-2010-0899,02,L'EIXAMPLE,05,el Fort Pienc,Carrer,SICILIA,1,159,,,,,,,06,4
02-2010-0910,02,L'EIXAMPLE,07,la Dreta de l'Eixample,Passeig,GRACIA,1,69,,,,,,,PR,A
02-2010-0911,02,L'EIXAMPLE,07,la Dreta de l'Eixample,Passeig,GRACIA,1,69,,,,,,,03,D
02-2010-0912,02,L'EIXAMPLE,07,la Dreta de l'Eixample,Passeig,GRACIA,1,69,,,,,,,PR,B
02-2010-0929,02,L'EIXAMPLE,07,la Dreta de l'Eixample,Passeig,GRACIA,1,69,,,,,,,05,A
02-2010-0930,02,L'EIXAMPLE,07,la Dreta de l'Eixample,Passeig,GRACIA,1,69,,,,,,,01,D
02-2010-0940,02,L'EIXAMPLE,07,la Dreta de l'Eixample,Passeig,GRACIA,1,69,,,,,,,06,C
02-2010-0941,02,L'EIXAMPLE,09,la Nova Esquerra de l'Eixample,Carrer,LLANÇA,1,27,,,,,,,PR,1
02-2010-1013,02,L'EIXAMPLE,06,la Sagrada Família,Carrer,SICILIA,1,255,,,,,,,03,3
02-2010-1019,02,L'EIXAMPLE,06,la Sagrada Família,Carrer,SICILIA,1,255,,,,,,,04,2
02-2010-1040,02,L'EIXAMPLE,07,la Dreta de l'Eixample,Carrer,BALMES,2,12,,,,,,,02,1
02-2010-1088,02,L'EIXAMPLE,07,la Dreta de l'Eixample,Carrer,ROSSELLO,2,322,,,,,,,01,1
02-2010-1122,02,L'EIXAMPLE,08,l'Antiga Esquerra de l'Eixample,Carrer,MALLORCA,2,146,,,,,,,EN,1
02-2010-1211,02,L'EIXAMPLE,06,la Sagrada Família,Carrer,VALENCIA,1,469,,,,,,,05,2
02-2010-1223,02,L'EIXAMPLE,07,la Dreta de l'Eixample,Carrer,ARAGO,1,367,,,,,,,PR,2
02-2010-1274,02,L'EIXAMPLE,07,la Dreta de l'Eixample,Carrer,ROGER DE LLURIA,2,40,,,,,,,03,2
02-2010-1315,02,L'EIXAMPLE,07,la Dreta de l'Eixample,Passeig,GRACIA,2,64,,,,,,,2,2
02-2010-1318,02,L'EIXAMPLE,07,la Dreta de l'Eixample,Passeig,GRACIA,2,64,,,,,,,3,1
02-2010-1361,02,L'EIXAMPLE,07,la Dreta de l'Eixample,Ronda,SANT PERE,1,3,,,,,,,05,3
02-2010-1427,02,L'EIXAMPLE,06,la Sagrada Família,Carrer,ROSSELLO,1,427,B,,,,,,03,3
02-2010-1462,02,L'EIXAMPLE,07,la Dreta de l'Eixample,Passeig,GRACIA,2,108,,,,,,,04,1
02-2011-0239,02,L'EIXAMPLE,07,la Dreta de l'Eixample,Carrer,MALLORCA,1,289,,,,,,,03,2
02-2011-0242,02,L'EIXAMPLE,10,Sant Antoni,Gran Via,CORTS CATALANES,2,454,,,,,,,PR,1
02-2011-0285,02,L'EIXAMPLE,10,Sant Antoni,Gran Via,CORTS CATALANES,2,454,,,,,,,1,1
02-2011-0288,02,L'EIXAMPLE,10,Sant Antoni,Gran Via,CORTS CATALANES,2,454,,,,,,,1,4
02-2011-0304,02,L'EIXAMPLE,10,Sant Antoni,Gran Via,CORTS CATALANES,2,454,,,,,,,6,1
02-2011-0328,02,L'EIXAMPLE,07,la Dreta de l'Eixample,Passeig,GRACIA,1,83,,,,,,,AT,5
02-2011-0429,02,L'EIXAMPLE,07,la Dreta de l'Eixample,Carrer,MALLORCA,2,362,,,,,,,03,2
02-2011-0487,02,L'EIXAMPLE,07,la Dreta de l'Eixample,Ronda,UNIVERSITAT,1,11,,,,,,,PR,2A
02-2011-0489,02,L'EIXAMPLE,07,la Dreta de l'Eixample,Ronda,UNIVERSITAT,1,11,,,,,,,02,1A
02-2011-0494,02,L'EIXAMPLE,07,la Dreta de l'Eixample,Ronda,UNIVERSITAT,1,11,,,,,,,3,2B
02-2011-0761,02,L'EIXAMPLE,05,el Fort Pienc,Carrer,SARDENYA,2,250,,,,,,,EN,4
02-2011-0885,02,L'EIXAMPLE,08,l'Antiga Esquerra de l'Eixample,Carrer,BALMES,1,161,,,,,,,04,1
02-2011-0890,02,L'EIXAMPLE,10,Sant Antoni,Carrer,COMTE BORRELL,1,73,,,,,,B,01,1
02-2011-0897,02,L'EIXAMPLE,10,Sant Antoni,Carrer,COMTE BORRELL,1,73,,,,,,A,03,1
02-2011-0904,02,L'EIXAMPLE,10,Sant Antoni,Carrer,COMTE BORRELL,1,73,,,,,,B,04,2
02-2011-0907,02,L'EIXAMPLE,08,l'Antiga Esquerra de l'Eixample,Carrer,MUNTANER,1,87,,89,,,,,02,2
02-2011-0941,02,L'EIXAMPLE,07,la Dreta de l'Eixample,Carrer,ROGER DE LLURIA,1,55,,,,,,,PR,2
02-2011-0960,02,L'EIXAMPLE,07,la Dreta de l'Eixample,Carrer,BRUC,2,136,,,,,,,4,2
02-2011-0989,02,L'EIXAMPLE,10,Sant Antoni,Carrer,VILLARROEL,2,28,,,,,,D,1,4
02-2011-1001,02,L'EIXAMPLE,10,Sant Antoni,Carrer,VILLARROEL,2,28,,,,,,D,4,4
02-2011-1010,02,L'EIXAMPLE,06,la Sagrada Família,Carrer,CARTAGENA,2,302,,,,,,,01,2
02-2011-1079,02,L'EIXAMPLE,10,Sant Antoni,Avinguda,PARAL.LEL,2,108,,,,,,,2,3
02-2011-1091,02,L'EIXAMPLE,06,la Sagrada Família,Carrer,LEPANT,1,293,,,,,,,01,1
02-2011-1098,02,L'EIXAMPLE,06,la Sagrada Família,Avinguda,GAUDI,2,26,,28,,,,A,03,3
02-2011-1099,02,L'EIXAMPLE,06,la Sagrada Família,Carrer,MARINA,2,258,,,,,,,PR,
02-2011-1122,02,L'EIXAMPLE,06,la Sagrada Família,Avinguda,GAUDI,2,26,,28,,,,,05,3
02-2011-1175,02,L'EIXAMPLE,07,la Dreta de l'Eixample,Carrer,VALENCIA,2,358,,,,,,E,02,2
02-2011-1176,02,L'EIXAMPLE,07,la Dreta de l'Eixample,Carrer,VALENCIA,2,358,,,,,,I,03,2
02-2011-1179,02,L'EIXAMPLE,05,el Fort Pienc,Carrer,DIPUTACIO,2,418,,,,,,,03,2
02-2011-1222,02,L'EIXAMPLE,08,l'Antiga Esquerra de l'Eixample,Carrer,PROVENÇA,2,232,,,,,,,03,2
02-2011-1244,02,L'EIXAMPLE,05,el Fort Pienc,Gran Via,CORTS CATALANES,2,732,,,,,,,05,2
02-2011-1324,02,L'EIXAMPLE,05,el Fort Pienc,Carrer,ARAGO,2,424,,,,,,E,07,2
02-2012-0053,02,L'EIXAMPLE,07,la Dreta de l'Eixample,Carrer,NAPOLS,1,149,,151,,,,,PR,3
02-2012-0076,02,L'EIXAMPLE,07,la Dreta de l'Eixample,Ronda,SANT PERE,1,3,,,,,,,04,2
02-2012-0109,02,L'EIXAMPLE,05,el Fort Pienc,Carrer,NAPOLS,2,150,,,,,,,02,4
02-2012-0137,02,L'EIXAMPLE,06,la Sagrada Família,Avinguda,GAUDI,2,26,,28,,,,,05,2
02-2012-0200,02,L'EIXAMPLE,08,l'Antiga Esquerra de l'Eixample,Avinguda,ROMA,2,138,,,,,,,4,A
02-2012-0202,02,L'EIXAMPLE,08,l'Antiga Esquerra de l'Eixample,Avinguda,ROMA,2,138,,,,,,,5,A
02-2012-0204,02,L'EIXAMPLE,08,l'Antiga Esquerra de l'Eixample,Avinguda,ROMA,2,138,,,,,,,6,A
02-2012-0300,02,L'EIXAMPLE,09,la Nova Esquerra de l'Eixample,Carrer,ENTENÇA,2,140,,,,,,,2,2
02-2012-0308,02,L'EIXAMPLE,07,la Dreta de l'Eixample,Carrer,GIRONA,1,27,,,,,,,01,1A
02-2012-0309,02,L'EIXAMPLE,06,la Sagrada Família,Carrer,VALENCIA,1,377,,379,,,,E,EN,3
02-2012-0319,02,L'EIXAMPLE,06,la Sagrada Família,Carrer,LEPANT,1,273,,,,,,,05,2
02-2012-0351,02,L'EIXAMPLE,07,la Dreta de l'Eixample,Ronda,UNIVERSITAT,1,13,,,,,,,04,A
02-2012-0424,02,L'EIXAMPLE,07,la Dreta de l'Eixample,Rambla,CATALUNYA,1,31,,,,,,,1,1A
02-2012-0448,02,L'EIXAMPLE,06,la Sagrada Família,Carrer,ROSSELLO,2,380,,382,,,,,BJ,1
02-2012-0454,02,L'EIXAMPLE,06,la Sagrada Família,Carrer,ROSSELLO,2,380,,382,,,,,01,6
02-2012-0456,02,L'EIXAMPLE,06,la Sagrada Família,Carrer,ROSSELLO,2,380,,382,,,,,01,7
02-2012-0458,02,L'EIXAMPLE,06,la Sagrada Família,Carrer,ROSSELLO,2,380,,382,,,,,01,3
02-2012-0461,02,L'EIXAMPLE,06,la Sagrada Família,Carrer,ROSSELLO,2,380,,382,,,,,02,5
02-2012-0468,02,L'EIXAMPLE,06,la Sagrada Família,Carrer,ROSSELLO,2,380,,382,,,,,04,1
02-2012-0491,02,L'EIXAMPLE,05,el Fort Pienc,Carrer,AUSIAS MARC,2,146,,,,,,,01,3
02-2012-0510,02,L'EIXAMPLE,06,la Sagrada Família,Carrer,ROSSELLO,2,380,,382,,,,,02,2
02-2012-0565,02,L'EIXAMPLE,07,la Dreta de l'Eixample,Plaça,TETUAN,1,25,,,,,,,08,3
02-2012-0571,02,L'EIXAMPLE,09,la Nova Esquerra de l'Eixample,Carrer,ROCAFORT,1,149,,,,,,,01,4
02-2012-0645,02,L'EIXAMPLE,05,el Fort Pienc,Carrer,RIBES,1,63,,,,,,,PR,1
02-2012-0666,02,L'EIXAMPLE,08,l'Antiga Esquerra de l'Eixample,Carrer,DIPUTACIO,2,160,,,,,,,03,1
02-2012-0712,02,L'EIXAMPLE,10,Sant Antoni,Ronda,SANT PAU,1,1,,,,,,,02,1
02-2012-0729,02,L'EIXAMPLE,08,l'Antiga Esquerra de l'Eixample,Carrer,CONSELL DE CENT,1,203,,,,,,,03,2
02-2012-0731,02,L'EIXAMPLE,08,l'Antiga Esquerra de l'Eixample,Carrer,CONSELL DE CENT,1,203,,,,,,,04,3
02-2012-0751,02,L'EIXAMPLE,06,la Sagrada Família,Carrer,DOS DE MAIG,1,283,,,,,,,06,2
02-2012-0785,02,L'EIXAMPLE,05,el Fort Pienc,Carrer,ROGER DE FLOR,2,98,,,,,,,05,2
02-2012-0793,02,L'EIXAMPLE,07,la Dreta de l'Eixample,Carrer,BAILEN,1,125,,,,,,,EN,2
02-2012-0796,02,L'EIXAMPLE,07,la Dreta de l'Eixample,Carrer,BAILEN,1,125,,,,,,,04,1
02-2012-0798,02,L'EIXAMPLE,07,la Dreta de l'Eixample,Carrer,BAILEN,1,125,,,,,,,03,3
02-2012-0802,02,L'EIXAMPLE,07,la Dreta de l'Eixample,Carrer,BAILEN,1,125,,,,,,,03,4
02-2012-0813,02,L'EIXAMPLE,06,la Sagrada Família,Carrer,CORSEGA,1,613,,,,,,,EN,2
02-2012-0836,02,L'EIXAMPLE,07,la Dreta de l'Eixample,Carrer,BRUC,1,55,,,,,,B,03,2
02-2012-0838,02,L'EIXAMPLE,07,la Dreta de l'Eixample,Carrer,DIPUTACIO,1,309,,,,,,,EN,1
02-2012-0848,02,L'EIXAMPLE,06,la Sagrada Família,Carrer,VALENCIA,1,469,,,,,,,2,B
02-2012-0870,02,L'EIXAMPLE,05,el Fort Pienc,Carrer,ROGER DE FLOR,2,70,,,,,,,01,
02-2012-0903,02,L'EIXAMPLE,07,la Dreta de l'Eixample,Carrer,ALI BEI,1,29,,,,,,,05,2
02-2012-0908,02,L'EIXAMPLE,09,la Nova Esquerra de l'Eixample,Carrer,ROCAFORT,1,159,,,,,,,01,3
02-2012-0913,02,L'EIXAMPLE,08,l'Antiga Esquerra de l'Eixample,Carrer,LONDRES,2,78,,,,,,,06,4
02-2012-0925,02,L'EIXAMPLE,06,la Sagrada Família,Avinguda,GAUDI,2,26,,28,,,,,02,2
02-2012-0934,02,L'EIXAMPLE,06,la Sagrada Família,Avinguda,DIAGONAL,2,318,,,,,,,06,1
02-2012-0937,02,L'EIXAMPLE,06,la Sagrada Família,Avinguda,DIAGONAL,2,318,,,,,,,05,1
02-2012-0949,02,L'EIXAMPLE,07,la Dreta de l'Eixample,Carrer,MALLORCA,1,319,,,,,,,EN,1
02-2012-1051,02,L'EIXAMPLE,10,Sant Antoni,Carrer,CALABRIA,1,67,,,,,,,02,2
02-2012-1058,02,L'EIXAMPLE,07,la Dreta de l'Eixample,Rambla,CATALUNYA,2,42,,,,,,,3,1
02-2012-1065,02,L'EIXAMPLE,07,la Dreta de l'Eixample,Passeig,SANT JOAN,1,87,,,,,,,01,4
02-2012-1116,02,L'EIXAMPLE,07,la Dreta de l'Eixample,Carrer,VALENCIA,2,290,,,,,,,01,1
02-2012-1142,02,L'EIXAMPLE,07,la Dreta de l'Eixample,Carrer,VALENCIA,2,290,,,,,,,05,3
02-2012-1158,02,L'EIXAMPLE,08,l'Antiga Esquerra de l'Eixample,Carrer,CONSELL DE CENT,1,207,,,,,,,02,3
02-2012-1169,02,L'EIXAMPLE,08,l'Antiga Esquerra de l'Eixample,Carrer,CONSELL DE CENT,1,207,,,,,,,03,1
02-2012-1175,02,L'EIXAMPLE,08,l'Antiga Esquerra de l'Eixample,Carrer,CONSELL DE CENT,1,207,,,,,,,03,5
02-2012-1178,02,L'EIXAMPLE,08,l'Antiga Esquerra de l'Eixample,Carrer,CONSELL DE CENT,1,207,,,,,,,04,4
02-2012-1192,02,L'EIXAMPLE,07,la Dreta de l'Eixample,Carrer,ROSSELLO,2,266,,,,,,,01,1B
02-2012-1193,02,L'EIXAMPLE,07,la Dreta de l'Eixample,Carrer,ROSSELLO,2,266,,,,,,,PR,2
02-2012-1261,02,L'EIXAMPLE,10,Sant Antoni,Gran Via,CORTS CATALANES,2,474,,,,,,,05,1
02-2012-1264,02,L'EIXAMPLE,07,la Dreta de l'Eixample,Carrer,AUSIAS MARC,1,13,,,,,,,03,4
02-2012-1269,02,L'EIXAMPLE,07,la Dreta de l'Eixample,Rambla,CATALUNYA,2,8,,,,,,,04,2
02-2012-1273,02,L'EIXAMPLE,07,la Dreta de l'Eixample,Rambla,CATALUNYA,2,8,,,,,,,3,4
02-2012-1303,02,L'EIXAMPLE,07,la Dreta de l'Eixample,Carrer,GIRONA,2,80,,,,,,,2,2
02-2012-1311,02,L'EIXAMPLE,06,la Sagrada Família,Carrer,LEPANT,1,279,,,,,,,4,2
02-2012-1315,02,L'EIXAMPLE,07,la Dreta de l'Eixample,Rambla,CATALUNYA,1,101,,,,,,,5,B
02-2012-1320,02,L'EIXAMPLE,10,Sant Antoni,Carrer,VILADOMAT,1,29,,,,,,,4,
02-2012-1348,02,L'EIXAMPLE,06,la Sagrada Família,Carrer,ROSSELLO,2,408,,,,,,,02,2
02-2012-1354,02,L'EIXAMPLE,05,el Fort Pienc,Passeig,SANT JOAN,2,6,,,,,,,PR,2
02-2012-1365,02,L'EIXAMPLE,07,la Dreta de l'Eixample,Carrer,BAILEN,2,56,,,,,,,02,3
02-2012-1386,02,L'EIXAMPLE,07,la Dreta de l'Eixample,Ronda,UNIVERSITAT,1,11,,,,,,,AT,1
02-2012-1414,02,L'EIXAMPLE,08,l'Antiga Esquerra de l'Eixample,Carrer,ARAGO,2,130,,,,,,,02,1
02-2012-1422,02,L'EIXAMPLE,08,l'Antiga Esquerra de l'Eixample,Carrer,ARAGO,2,130,,,,,,,03,2
02-2012-1424,02,L'EIXAMPLE,08,l'Antiga Esquerra de l'Eixample,Carrer,ARAGO,2,130,,,,,,,04,1
02-2012-1428,02,L'EIXAMPLE,08,l'Antiga Esquerra de l'Eixample,Carrer,ARAGO,2,130,,,,,,,05,1
02-2012-1453,02,L'EIXAMPLE,05,el Fort Pienc,Avinguda,DIAGONAL,1,245,,,,,,,01,2
02-2012-1460,02,L'EIXAMPLE,07,la Dreta de l'Eixample,Avinguda,DIAGONAL,1,377,,,,,,,PR,
02-2012-1479,02,L'EIXAMPLE,07,la Dreta de l'Eixample,Rambla,CATALUNYA,2,52,,,,,,,05,4
02-2012-1481,02,L'EIXAMPLE,06,la Sagrada Família,Carrer,SANT ANTONI MARIA CLARET,2,110,,112,,,,,9,3
02-2012-1512,02,L'EIXAMPLE,08,l'Antiga Esquerra de l'Eixample,Gran Via,CORTS CATALANES,1,571,,,,,,,EN,2
02-2012-1541,02,L'EIXAMPLE,07,la Dreta de l'Eixample,Carrer,PELAI,1,5,,,,,,,03,2A
02-2012-1563,02,L'EIXAMPLE,06,la Sagrada Família,Carrer,SANT ANTONI MARIA CLARET,2,234,,,,,,,05,2
02-2012-1564,02,L'EIXAMPLE,07,la Dreta de l'Eixample,Carrer,ARAGO,2,312,,,,,,,5,2
02-2012-1565,02,L'EIXAMPLE,07,la Dreta de l'Eixample,Carrer,ARAGO,2,312,,,,,,,6,1
02-2012-1603,02,L'EIXAMPLE,08,l'Antiga Esquerra de l'Eixample,Carrer,MUNTANER,2,94,,,,,,,05,1
02-2012-1612,02,L'EIXAMPLE,07,la Dreta de l'Eixample,Carrer,ROSSELLO,2,202,,,,,,,PR,2
02-2012-1626,02,L'EIXAMPLE,07,la Dreta de l'Eixample,Rambla,CATALUNYA,1,101,,,,,,,4,B
02-2012-1655,02,L'EIXAMPLE,07,la Dreta de l'Eixample,Carrer,BAILEN,1,23,,,,,,,PR,1
02-2012-1664,02,L'EIXAMPLE,08,l'Antiga Esquerra de l'Eixample,Carrer,ARIBAU,1,83,,,,,,,03,1
02-2012-1677,02,L'EIXAMPLE,07,la Dreta de l'Eixample,Rambla,CATALUNYA,1,103,,,,,,,5,C
02-2012-1694,02,L'EIXAMPLE,07,la Dreta de l'Eixample,Ronda,SANT PERE,2,22,,,,,,,06,7
02-2012-1701,02,L'EIXAMPLE,07,la Dreta de l'Eixample,Ronda,SANT PERE,2,22,,,,,,,06,6
02-2012-1736,02,L'EIXAMPLE,09,la Nova Esquerra de l'Eixample,Avinguda,JOSEP TARRADELLAS,2,48,,,,,,,07,4
02-2012-1747,02,L'EIXAMPLE,08,l'Antiga Esquerra de l'Eixample,Carrer,CASANOVA,2,96,,,,,,,01,1
02-2012-1778,02,L'EIXAMPLE,06,la Sagrada Família,Carrer,CORSEGA,1,593,,595,,,,,01,2
02-2012-1793,02,L'EIXAMPLE,08,l'Antiga Esquerra de l'Eixample,Carrer,BALMES,1,119,,,,,,,01,2
02-2012-1795,02,L'EIXAMPLE,09,la Nova Esquerra de l'Eixample,Carrer,DIPUTACIO,1,71,,,,,,,02,2
02-2012-1802,02,L'EIXAMPLE,07,la Dreta de l'Eixample,Carrer,VALENCIA,1,363,,,,,,,04,
02-2012-1824,02,L'EIXAMPLE,07,la Dreta de l'Eixample,Carrer,DIPUTACIO,2,268,,,,,,,1,4
02-2012-1826,02,L'EIXAMPLE,07,la Dreta de l'Eixample,Carrer,DIPUTACIO,2,268,,,,,,,2,2
02-2012-1843,02,L'EIXAMPLE,08,l'Antiga Esquerra de l'Eixample,Carrer,ARAGO,1,207,,,,,,A,04,
02-2012-1886,02,L'EIXAMPLE,05,el Fort Pienc,Carrer,AUSIAS MARC,1,159,,,,,,,AT,2
02-2012-1894,02,L'EIXAMPLE,07,la Dreta de l'Eixample,Carrer,PROVENÇA,2,354,,,,,,,03,2
02-2012-1904,02,L'EIXAMPLE,07,la Dreta de l'Eixample,Carrer,ROSSELLO,2,328,,,,,,,05,2
02-2012-1909,02,L'EIXAMPLE,10,Sant Antoni,Carrer,CALABRIA,2,98,,,,,,,02,1
02-2012-1919,02,L'EIXAMPLE,09,la Nova Esquerra de l'Eixample,Carrer,VILADOMAT,1,319,,,,,,,01,1
02-2012-1920,02,L'EIXAMPLE,08,l'Antiga Esquerra de l'Eixample,Carrer,VILLARROEL,1,195,,,,,,,02,4
02-2012-1927,02,L'EIXAMPLE,06,la Sagrada Família,Carrer,MARINA,2,234,,,,,,,PR,2
02-2012-1957,02,L'EIXAMPLE,10,Sant Antoni,Carrer,ENTENÇA,1,33,,,,,,,PR,2
02-2012-1976,02,L'EIXAMPLE,07,la Dreta de l'Eixample,Rambla,CATALUNYA,2,8,,,,,,,02,1
02-2012-1996,02,L'EIXAMPLE,07,la Dreta de l'Eixample,Carrer,ROSSELLO,2,328,,,,,,,01,1
02-2013-0002,02,L'EIXAMPLE,07,la Dreta de l'Eixample,Carrer,BRUC,2,58,,,,,,,PR,2
02-2013-0010,02,L'EIXAMPLE,08,l'Antiga Esquerra de l'Eixample,Carrer,PROVENÇA,1,131,,133,,,,,02,2
02-2013-0017,02,L'EIXAMPLE,07,la Dreta de l'Eixample,Carrer,CORSEGA,2,394,,,,,,,02,3
02-2013-0076,02,L'EIXAMPLE,07,la Dreta de l'Eixample,Carrer,CONSELL DE CENT,2,386,,,,,,,EN,1
02-2013-0085,02,L'EIXAMPLE,10,Sant Antoni,Carrer,COMTE BORRELL,1,125,,,,,,,EN,1
02-2013-0098,02,L'EIXAMPLE,06,la Sagrada Família,Carrer,CARTAGENA,2,314,,316,,,,,06,3
02-2013-0144,02,L'EIXAMPLE,07,la Dreta de l'Eixample,Gran Via,CORTS CATALANES,2,662,,,,,,,PR,1B
02-2013-0166,02,L'EIXAMPLE,08,l'Antiga Esquerra de l'Eixample,Passatge,BATLLO,1,1,,,,,,,02,
02-2013-0220,02,L'EIXAMPLE,07,la Dreta de l'Eixample,Gran Via,CORTS CATALANES,2,634,,,,,,,09,1
02-2013-0232,02,L'EIXAMPLE,07,la Dreta de l'Eixample,Gran Via,CORTS CATALANES,2,662,,,,,,,05,2A
02-2013-0268,02,L'EIXAMPLE,06,la Sagrada Família,Carrer,SARDENYA,1,261,,,,,,,04,1
02-2013-0289,02,L'EIXAMPLE,07,la Dreta de l'Eixample,Carrer,VALENCIA,2,334,,,,,,,05,1
02-2013-0317,02,L'EIXAMPLE,07,la Dreta de l'Eixample,Gran Via,CORTS CATALANES,2,686,,,,,,,EN,1
02-2013-0332,02,L'EIXAMPLE,10,Sant Antoni,Carrer,COMTE BORRELL,1,41,,,,,,,02,2
02-2013-0377,02,L'EIXAMPLE,05,el Fort Pienc,Carrer,CASP,2,174,,,,,,,SA,2
02-2013-0406,02,L'EIXAMPLE,07,la Dreta de l'Eixample,Gran Via,CORTS CATALANES,2,620,,,,,,,04,1
02-2013-0410,02,L'EIXAMPLE,10,Sant Antoni,Carrer,COMTE BORRELL,1,45,,,,,,,EN,2
02-2013-0447,02,L'EIXAMPLE,07,la Dreta de l'Eixample,Carrer,DIPUTACIO,1,291,,,,,,,02,1
02-2013-0477,02,L'EIXAMPLE,07,la Dreta de l'Eixample,Carrer,DIPUTACIO,1,291,,,,,,,01,2
02-2013-0484,02,L'EIXAMPLE,07,la Dreta de l'Eixample,Carrer,DIPUTACIO,1,291,,,,,,,04,2
02-2013-0485,02,L'EIXAMPLE,09,la Nova Esquerra de l'Eixample,Carrer,ROCAFORT,2,124,,,,,,,04,3
02-2013-0564,02,L'EIXAMPLE,07,la Dreta de l'Eixample,Carrer,VALENCIA,1,225,,,,,,,SA,1
02-2013-0579,02,L'EIXAMPLE,05,el Fort Pienc,Carrer,MARINA,2,212,,,,,,,03,1
02-2013-0580,02,L'EIXAMPLE,05,el Fort Pienc,Carrer,MARINA,2,212,,,,,,,09,2
02-2013-0652,02,L'EIXAMPLE,09,la Nova Esquerra de l'Eixample,Avinguda,JOSEP TARRADELLAS,2,56,,,,,,,02,2
02-2013-0688,02,L'EIXAMPLE,07,la Dreta de l'Eixample,Gran Via,CORTS CATALANES,2,598,,,,,,,2,
02-2013-0689,02,L'EIXAMPLE,10,Sant Antoni,Carrer,TAMARIT,1,187,,,,,,,2,2
02-2013-0704,02,L'EIXAMPLE,06,la Sagrada Família,Avinguda,GAUDI,2,44,,,,,,,1,3
02-2013-0712,02,L'EIXAMPLE,07,la Dreta de l'Eixample,Carrer,CONSELL DE CENT,2,430,,,,,,,05,4
02-2013-0736,02,L'EIXAMPLE,08,l'Antiga Esquerra de l'Eixample,Passatge,VALERI SERRA,1,19,,,,,,,01,1
02-2013-0754,02,L'EIXAMPLE,07,la Dreta de l'Eixample,Carrer,CONSELL DE CENT,1,335,,,,,,,04,
02-2013-0758,02,L'EIXAMPLE,07,la Dreta de l'Eixample,Rambla,CATALUNYA,2,42,,,,,,,PR,1B
02-2013-0850,02,L'EIXAMPLE,07,la Dreta de l'Eixample,Carrer,ARAGO,1,231,B,,,,,,03,1
02-2013-0861,02,L'EIXAMPLE,07,la Dreta de l'Eixample,Passeig,GRACIA,2,16,,,,,,,02,3
02-2013-0878,02,L'EIXAMPLE,06,la Sagrada Família,Carrer,MALLORCA,1,371,,,,,,,04,2
02-2013-0887,02,L'EIXAMPLE,10,Sant Antoni,Carrer,FLORIDABLANCA,1,95,B,,,,,,5,1
02-2013-0895,02,L'EIXAMPLE,10,Sant Antoni,Carrer,PARLAMENT,1,31,,,,,,,4,1
02-2013-0907,02,L'EIXAMPLE,06,la Sagrada Família,Avinguda,GAUDI,1,27,,29,,,,,AT,2
02-2013-0915,02,L'EIXAMPLE,08,l'Antiga Esquerra de l'Eixample,Carrer,MUNTANER,1,111,,,,,,,02,1
02-2013-0934,02,L'EIXAMPLE,07,la Dreta de l'Eixample,Passeig,GRACIA,1,51,,,,,,,04,
02-2013-0937,02,L'EIXAMPLE,07,la Dreta de l'Eixample,Passeig,GRACIA,1,51,,,,,,,01,2A
02-2013-0939,02,L'EIXAMPLE,08,l'Antiga Esquerra de l'Eixample,Carrer,COMTE D'URGELL,2,172,,,,,,,06,1
02-2013-0945,02,L'EIXAMPLE,07,la Dreta de l'Eixample,Carrer,FONTANELLA,1,11,,,,,,,01,2A
02-2013-0964,02,L'EIXAMPLE,07,la Dreta de l'Eixample,Carrer,BAILEN,2,8,,,,,,,03,4
02-2013-0965,02,L'EIXAMPLE,07,la Dreta de l'Eixample,Gran Via,CORTS CATALANES,2,686,,,,,,,EN,3
02-2013-0976,02,L'EIXAMPLE,08,l'Antiga Esquerra de l'Eixample,Carrer,CORSEGA,1,193,,,,,,,02,2
02-2013-0982,02,L'EIXAMPLE,09,la Nova Esquerra de l'Eixample,Carrer,ENTENÇA,1,163,,,,,,,05,1
02-2013-0996,02,L'EIXAMPLE,06,la Sagrada Família,Carrer,SICILIA,1,211,,,,,,,2,
02-2013-0998,02,L'EIXAMPLE,09,la Nova Esquerra de l'Eixample,Carrer,CALABRIA,2,120,,,,,,,04,2
02-2013-1001,02,L'EIXAMPLE,10,Sant Antoni,Carrer,FLORIDABLANCA,1,65,,,,,,,06,1
02-2013-1005,02,L'EIXAMPLE,10,Sant Antoni,Carrer,COMTE D'URGELL,2,62,,,,,,,EN,
02-2013-1009,02,L'EIXAMPLE,08,l'Antiga Esquerra de l'Eixample,Carrer,PROVENÇA,1,131,,133,,,,,PR,2
02-2013-1021,02,L'EIXAMPLE,10,Sant Antoni,Avinguda,MISTRAL,1,61,,,,,,,03,1
02-2013-1024,02,L'EIXAMPLE,10,Sant Antoni,Avinguda,MISTRAL,1,61,,,,,,,04,2
02-2013-1027,02,L'EIXAMPLE,10,Sant Antoni,Avinguda,MISTRAL,1,61,,,,,,,06,1
02-2013-1055,02,L'EIXAMPLE,10,Sant Antoni,Carrer,FLORIDABLANCA,2,148,,,,,,,02,2
02-2013-1067,02,L'EIXAMPLE,06,la Sagrada Família,Carrer,PADILLA,1,305,,,,,,,7,2
02-2013-1131,02,L'EIXAMPLE,09,la Nova Esquerra de l'Eixample,Carrer,ROSSELLO,2,20,,,,,,,03,3
02-2013-1190,02,L'EIXAMPLE,08,l'Antiga Esquerra de l'Eixample,Carrer,VILLARROEL,2,136,,,,,,,02,1
02-2013-1191,02,L'EIXAMPLE,06,la Sagrada Família,Carrer,CONSELL DE CENT,1,545,,,,,,,02,1
02-2013-1255,02,L'EIXAMPLE,10,Sant Antoni,Carrer,VILADOMAT,1,35,,,,,,,01,1
02-2013-1257,02,L'EIXAMPLE,06,la Sagrada Família,Carrer,MALLORCA,2,468,,,,,,,04,
02-2013-1320,02,L'EIXAMPLE,06,la Sagrada Família,Carrer,DOS DE MAIG,1,327,,329,,,,,02,1
02-2013-1340,02,L'EIXAMPLE,10,Sant Antoni,Carrer,VILAMARI,1,29,,,,,,,02,1
02-2013-1385,02,L'EIXAMPLE,09,la Nova Esquerra de l'Eixample,Carrer,ROCAFORT,2,102,,,,,,,07,3
02-2013-1389,02,L'EIXAMPLE,07,la Dreta de l'Eixample,Carrer,AUSIAS MARC,2,24,,,,,,,01,1A
02-2013-1394,02,L'EIXAMPLE,07,la Dreta de l'Eixample,Ronda,UNIVERSITAT,1,25,,,,,,,EN,1
02-2013-1399,02,L'EIXAMPLE,07,la Dreta de l'Eixample,Carrer,VALENCIA,2,334,,,,,,,01,2
02-2013-1414,02,L'EIXAMPLE,07,la Dreta de l'Eixample,Carrer,BRUC,1,19,,,,,,,EN,1
02-2013-1417,02,L'EIXAMPLE,10,Sant Antoni,Plaça,UNIVERSITAT,1,1,,,,,,,04,2
02-2013-1422,02,L'EIXAMPLE,05,el Fort Pienc,Carrer,CASP,2,108,,,,,,,02,B
02-2013-1449,02,L'EIXAMPLE,07,la Dreta de l'Eixample,Gran Via,CORTS CATALANES,1,651,,,,,,,01,1
02-2013-1484,02,L'EIXAMPLE,09,la Nova Esquerra de l'Eixample,Carrer,DIPUTACIO,1,51,,,,,,,EN,2
02-2013-1509,02,L'EIXAMPLE,09,la Nova Esquerra de l'Eixample,Carrer,VILAMARI,1,67,,,,,,,EN,2
02-2013-1511,02,L'EIXAMPLE,06,la Sagrada Família,Carrer,VALENCIA,2,384,,,,,,,09,1
02-2013-1533,02,L'EIXAMPLE,10,Sant Antoni,Avinguda,MISTRAL,2,10,,,,,,D,06,3
02-2013-1564,02,L'EIXAMPLE,07,la Dreta de l'Eixample,Ronda,UNIVERSITAT,1,17,,,,,,,01,3
02-2013-1566,02,L'EIXAMPLE,10,Sant Antoni,Carrer,PARLAMENT,1,29,,,,,,,03,1
02-2013-1573,02,L'EIXAMPLE,09,la Nova Esquerra de l'Eixample,Carrer,ARAGO,1,83,,,,,,,03,1
02-2013-1603,02,L'EIXAMPLE,09,la Nova Esquerra de l'Eixample,Carrer,ARAGO,1,39,,,,,,,PR,1
02-2013-1640,02,L'EIXAMPLE,07,la Dreta de l'Eixample,Ronda,SANT PERE,1,3,,,,,,,04,3
02-2013-1676,02,L'EIXAMPLE,09,la Nova Esquerra de l'Eixample,Carrer,ARAGO,1,39,,,,,,,2,4
02-2013-1703,02,L'EIXAMPLE,09,la Nova Esquerra de l'Eixample,Carrer,LLANÇA,2,32,,,,,,,01,3
02-2013-1727,02,L'EIXAMPLE,09,la Nova Esquerra de l'Eixample,Carrer,ROCAFORT,2,102,,,,,,,05,4
02-2013-1730,02,L'EIXAMPLE,09,la Nova Esquerra de l'Eixample,Carrer,ROCAFORT,2,102,,,,,,,04,2
02-2013-1767,02,L'EIXAMPLE,07,la Dreta de l'Eixample,Carrer,VALENCIA,2,358,,,,,,E,04,1
02-2013-1792,02,L'EIXAMPLE,09,la Nova Esquerra de l'Eixample,Carrer,COMTE BORRELL,2,132,,,,,,,EN,2
02-2013-1812,02,L'EIXAMPLE,05,el Fort Pienc,Carrer,MARINA,2,212,,,,,,,08,1
02-2013-1815,02,L'EIXAMPLE,07,la Dreta de l'Eixample,Carrer,CASP,1,41,,,,,,,01,1B
02-2013-1821,02,L'EIXAMPLE,07,la Dreta de l'Eixample,Rambla,CATALUNYA,2,8,,,,,,,SA,1
02-2013-1860,02,L'EIXAMPLE,07,la Dreta de l'Eixample,Carrer,CONSELL DE CENT,2,302,,,,,,,03,2B
02-2013-1863,02,L'EIXAMPLE,07,la Dreta de l'Eixample,Carrer,ARAGO,1,291,,,,,,,04,3
02-2013-1878,02,L'EIXAMPLE,10,Sant Antoni,Carrer,COMTE D'URGELL,2,56,,,,,,,3,3
02-2013-1907,02,L'EIXAMPLE,07,la Dreta de l'Eixample,Carrer,VALENCIA,1,317,,,,,,,02,4
02-2013-1922,02,L'EIXAMPLE,08,l'Antiga Esquerra de l'Eixample,Carrer,COMTE D'URGELL,2,74,,,,,,,03,1
02-2013-1933,02,L'EIXAMPLE,07,la Dreta de l'Eixample,Carrer,PROVENÇA,1,225,,,,,,,PR,7
02-2013-1948,02,L'EIXAMPLE,07,la Dreta de l'Eixample,Carrer,PAU CLARIS,2,176,,,,,,,05,1
02-2013-1954,02,L'EIXAMPLE,06,la Sagrada Família,Passatge,FONT,1,11,,,,,,,BJ,1
02-2013-1962,02,L'EIXAMPLE,07,la Dreta de l'Eixample,Carrer,MALLORCA,1,255,,,,,,,03,2
02-2013-1977,02,L'EIXAMPLE,05,el Fort Pienc,Carrer,LEPANT,1,131,,,,,,,03,2
02-2013-1979,02,L'EIXAMPLE,05,el Fort Pienc,Carrer,LEPANT,1,131,,,,,,,04,2
02-2013-2028,02,L'EIXAMPLE,05,el Fort Pienc,Carrer,DIPUTACIO,2,470,,,,,,,PR,3
02-2013-2060,02,L'EIXAMPLE,06,la Sagrada Família,Carrer,NAPOLS,2,216,,,,,,D,05,3
02-2013-2118,02,L'EIXAMPLE,07,la Dreta de l'Eixample,Carrer,ROGER DE LLURIA,2,102,,,,,,,AT,2
02-2013-2135,02,L'EIXAMPLE,09,la Nova Esquerra de l'Eixample,Carrer,PROVENÇA,2,90,,,,,,,AT,3
02-2013-2231,02,L'EIXAMPLE,06,la Sagrada Família,Carrer,LEPANT,1,221,,,,,,,EN,1
02-2013-2248,02,L'EIXAMPLE,10,Sant Antoni,Carrer,MANSO,2,60,,,,,,,04,2
02-2013-2249,02,L'EIXAMPLE,10,Sant Antoni,Carrer,COMTE BORRELL,1,51,,,,,,,4,1
02-2013-2261,02,L'EIXAMPLE,07,la Dreta de l'Eixample,Passeig,GRACIA,2,64,,,,,,,01,4
02-2013-2266,02,L'EIXAMPLE,10,Sant Antoni,Carrer,SEPULVEDA,1,33,,,,,,,1,4
02-2013-2289,02,L'EIXAMPLE,07,la Dreta de l'Eixample,Carrer,ROSSELLO,1,301,,,,,,,AT,
02-2013-2295,02,L'EIXAMPLE,08,l'Antiga Esquerra de l'Eixample,Carrer,ARIBAU,2,180,,,,,,,04,1
02-2013-2302,02,L'EIXAMPLE,08,l'Antiga Esquerra de l'Eixample,Carrer,ARIBAU,2,82,,,,,,,05,1
02-2013-2320,02,L'EIXAMPLE,08,l'Antiga Esquerra de l'Eixample,Carrer,ARIBAU,1,129,,,,,,,PR,2
02-2013-2322,02,L'EIXAMPLE,07,la Dreta de l'Eixample,Gran Via,CORTS CATALANES,2,688,,,,,,,03,2B
02-2013-2334,02,L'EIXAMPLE,10,Sant Antoni,Carrer,COMTE BORRELL,1,91,,,,,,,04,4
02-2013-2378,02,L'EIXAMPLE,08,l'Antiga Esquerra de l'Eixample,Carrer,PARIS,2,160,,,,,,,PR,2
02-2013-2388,02,L'EIXAMPLE,08,l'Antiga Esquerra de l'Eixample,Carrer,PARIS,2,178,,,,,,,PR,2
02-2013-2401,02,L'EIXAMPLE,06,la Sagrada Família,Passatge,MAIOL,2,14,,,,,,,BJ,1
02-2013-2402,02,L'EIXAMPLE,07,la Dreta de l'Eixample,Plaça,TETUAN,2,8,,,,,,,01,1
02-2013-2422,02,L'EIXAMPLE,10,Sant Antoni,Carrer,SEPULVEDA,1,145,,,,,,,03,1
02-2013-2430,02,L'EIXAMPLE,06,la Sagrada Família,Carrer,ROSSELLO,2,448,,,,,,,02,1
02-2013-2431,02,L'EIXAMPLE,06,la Sagrada Família,Carrer,ROSSELLO,2,448,,,,,,,02,2
02-2014-0004,02,L'EIXAMPLE,05,el Fort Pienc,Carrer,RIBES,1,73,,,,,,,01,1G
02-2014-0062,02,L'EIXAMPLE,07,la Dreta de l'Eixample,Gran Via,CORTS CATALANES,2,634,,,,,,,05,5
02-2014-0073,02,L'EIXAMPLE,06,la Sagrada Família,Carrer,VALENCIA,1,437,,,,,,,04,1
02-2014-0084,02,L'EIXAMPLE,05,el Fort Pienc,Carrer,NAPOLS,1,103,,,,,,,EN,2
02-2014-0085,02,L'EIXAMPLE,10,Sant Antoni,Carrer,FLORIDABLANCA,1,133,,,,,,,EN,3
02-2014-0089,02,L'EIXAMPLE,07,la Dreta de l'Eixample,Avinguda,DIAGONAL,1,301,,,,,,,4,
02-2014-0104,02,L'EIXAMPLE,08,l'Antiga Esquerra de l'Eixample,Carrer,DIPUTACIO,2,182,,,,,,,1,2A
02-2014-0125,02,L'EIXAMPLE,10,Sant Antoni,Carrer,SEPULVEDA,1,169,,,,,,,1,1
02-2014-0135,02,L'EIXAMPLE,10,Sant Antoni,Carrer,MANSO,2,60,,,,,,,03,2
02-2014-0141,02,L'EIXAMPLE,07,la Dreta de l'Eixample,Carrer,DIPUTACIO,2,268,,,,,,,4,2
02-2014-0144,02,L'EIXAMPLE,08,l'Antiga Esquerra de l'Eixample,Carrer,MALLORCA,2,156,,,,,,,04,1
02-2014-0154,02,L'EIXAMPLE,08,l'Antiga Esquerra de l'Eixample,Carrer,ENRIC GRANADOS,1,47,,,,,,,PR,2A
02-2014-0174,02,L'EIXAMPLE,07,la Dreta de l'Eixample,Rambla,CATALUNYA,2,50,,,,,,,1,1
02-2014-0204,02,L'EIXAMPLE,07,la Dreta de l'Eixample,Carrer,GIRONA,1,97,,,,,,,02,2
02-2014-0216,02,L'EIXAMPLE,07,la Dreta de l'Eixample,Carrer,FONTANELLA,1,15,,,,,,A,02,1
02-2014-0227,02,L'EIXAMPLE,10,Sant Antoni,Carrer,CALABRIA,1,5,,,,,,,01,
02-2014-0254,02,L'EIXAMPLE,08,l'Antiga Esquerra de l'Eixample,Carrer,ARIBAU,1,17,,,,,,,EN,2
02-2014-0258,02,L'EIXAMPLE,08,l'Antiga Esquerra de l'Eixample,Carrer,ARIBAU,2,82,,,,,,,01,1
02-2014-0263,02,L'EIXAMPLE,07,la Dreta de l'Eixample,Avinguda,DIAGONAL,2,392,,,,,,,05,2
02-2014-0275,02,L'EIXAMPLE,08,l'Antiga Esquerra de l'Eixample,Carrer,MUNTANER,2,118,,,,,,,2,1
02-2014-0294,02,L'EIXAMPLE,07,la Dreta de l'Eixample,Carrer,VALENCIA,1,273,,,,,,,04,2
02-2014-0299,02,L'EIXAMPLE,08,l'Antiga Esquerra de l'Eixample,Carrer,MUNTANER,2,180,,,,,,,2,1
02-2014-0318,02,L'EIXAMPLE,08,l'Antiga Esquerra de l'Eixample,Carrer,PARIS,2,178,,,,,,,01,2
02-2014-0340,02,L'EIXAMPLE,08,l'Antiga Esquerra de l'Eixample,Carrer,MALLORCA,1,217,,,,,,,1,2
02-2014-0362,02,L'EIXAMPLE,08,l'Antiga Esquerra de l'Eixample,Carrer,CORSEGA,2,244,,,,,,,03,2
02-2014-0376,02,L'EIXAMPLE,07,la Dreta de l'Eixample,Carrer,DIPUTACIO,1,247,,,,,,,04,6
02-2014-0386,02,L'EIXAMPLE,05,el Fort Pienc,Carrer,MARINA,2,212,,,,,,,PR,3
02-2014-0390,02,L'EIXAMPLE,07,la Dreta de l'Eixample,Carrer,ROGER DE LLURIA,2,6,,,,,,,PR,2
02-2014-0409,02,L'EIXAMPLE,07,la Dreta de l'Eixample,Carrer,CONSELL DE CENT,2,376,,,,,,,04,2
02-2014-0420,02,L'EIXAMPLE,08,l'Antiga Esquerra de l'Eixample,Carrer,ARIBAU,2,138,,,,,,,2,1
02-2014-0459,02,L'EIXAMPLE,06,la Sagrada Família,Plaça,SAGRADA FAMILIA,1,17,,,,,,,03,1
02-2014-0474,02,L'EIXAMPLE,07,la Dreta de l'Eixample,Carrer,VALENCIA,2,312,,,,,,,PR,2
02-2014-0489,02,L'EIXAMPLE,07,la Dreta de l'Eixample,Carrer,TRAFALGAR,1,33,,,,,,,03,1
02-2014-0518,02,L'EIXAMPLE,08,l'Antiga Esquerra de l'Eixample,Carrer,ENRIC GRANADOS,1,15,,17,,,,,01,2B
02-2014-0520,02,L'EIXAMPLE,07,la Dreta de l'Eixample,Carrer,DIPUTACIO,2,268,,,,,,,4,3
02-2014-0522,02,L'EIXAMPLE,07,la Dreta de l'Eixample,Carrer,DIPUTACIO,1,391,,,,,,A,6,2
02-2014-0536,02,L'EIXAMPLE,09,la Nova Esquerra de l'Eixample,Carrer,ROCAFORT,2,92,,,,,,,05,2
02-2014-0561,02,L'EIXAMPLE,06,la Sagrada Família,Carrer,CASTILLEJOS,1,301,,,,,,,03,3
02-2014-0582,02,L'EIXAMPLE,07,la Dreta de l'Eixample,Ronda,SANT PERE,1,11,,,,,,,02,1
02-2014-0588,02,L'EIXAMPLE,10,Sant Antoni,Carrer,VILLARROEL,2,50,,,,,,,03,1
02-2014-0618,02,L'EIXAMPLE,06,la Sagrada Família,Avinguda,GAUDI,1,45,,,,,,,02,1
02-2014-0625,02,L'EIXAMPLE,10,Sant Antoni,Carrer,VILLARROEL,1,21,,,,,,,PR,2
02-2014-0633,02,L'EIXAMPLE,09,la Nova Esquerra de l'Eixample,Gran Via,CORTS CATALANES,1,471,,,,,,,03,B
02-2014-0638,02,L'EIXAMPLE,05,el Fort Pienc,Carrer,ALI BEI,1,57,,,,,,,02,1
02-2014-0650,02,L'EIXAMPLE,07,la Dreta de l'Eixample,Carrer,GIRONA,1,17,,,,,,,01,2
02-2014-0653,02,L'EIXAMPLE,07,la Dreta de l'Eixample,Carrer,GIRONA,1,17,,,,,,,02,2
02-2014-0661,02,L'EIXAMPLE,06,la Sagrada Família,Carrer,LEPANT,2,262,,,,,,,06,2
02-2014-0667,02,L'EIXAMPLE,08,l'Antiga Esquerra de l'Eixample,Carrer,VALENCIA,2,160,,,,,,,BJ,5
02-2014-0691,02,L'EIXAMPLE,08,l'Antiga Esquerra de l'Eixample,Carrer,PARIS,2,178,,,,,,,AT,
02-2014-0706,02,L'EIXAMPLE,10,Sant Antoni,Carrer,ENTENÇA,2,34,,36,,,,I,AT,3
02-2014-0732,02,L'EIXAMPLE,08,l'Antiga Esquerra de l'Eixample,Carrer,PROVENÇA,1,131,,,,,,,03,3
02-2014-0738,02,L'EIXAMPLE,10,Sant Antoni,Carrer,PARLAMENT,2,4,,,,,,,03,1
02-2014-0752,02,L'EIXAMPLE,08,l'Antiga Esquerra de l'Eixample,Carrer,PROVENÇA,1,205,,,,,,,04,1
02-2014-0766,02,L'EIXAMPLE,08,l'Antiga Esquerra de l'Eixample,Carrer,PARIS,1,129,,,,,,,4,4
02-2014-0779,02,L'EIXAMPLE,07,la Dreta de l'Eixample,Rambla,CATALUNYA,2,44,,,,,,,PR,1
02-2014-0781,02,L'EIXAMPLE,08,l'Antiga Esquerra de l'Eixample,Carrer,VALENCIA,1,191,,,,,,,PR,1
02-2014-0804,02,L'EIXAMPLE,06,la Sagrada Família,Carrer,MALLORCA,2,502,,,,,,,1,1
02-2014-0805,02,L'EIXAMPLE,07,la Dreta de l'Eixample,Passeig,GRACIA,1,67,,,,,,,PR,2
02-2014-0807,02,L'EIXAMPLE,07,la Dreta de l'Eixample,Passeig,GRACIA,1,67,,,,,,,01,1
02-2014-0812,02,L'EIXAMPLE,07,la Dreta de l'Eixample,Passeig,GRACIA,1,67,,,,,,,02,2
02-2014-0827,02,L'EIXAMPLE,08,l'Antiga Esquerra de l'Eixample,Carrer,BALMES,1,59,,,,,,,04,1
02-2014-0828,02,L'EIXAMPLE,08,l'Antiga Esquerra de l'Eixample,Carrer,BALMES,1,59,,,,,,,05,1
02-2014-0830,02,L'EIXAMPLE,07,la Dreta de l'Eixample,Passeig,GRACIA,1,45,,,,,,,05,2
02-2014-0839,02,L'EIXAMPLE,07,la Dreta de l'Eixample,Carrer,PELAI,1,9,,,,H1,,,03,2
02-2014-0842,02,L'EIXAMPLE,10,Sant Antoni,Carrer,FLORIDABLANCA,2,90,,,,,,,04,2
02-2014-0844,02,L'EIXAMPLE,10,Sant Antoni,Carrer,TAMARIT,2,160,,,,,,,03,2
02-2014-0924,02,L'EIXAMPLE,10,Sant Antoni,Carrer,TAMARIT,1,109,,,,,,,04,1
02-2014-0930,02,L'EIXAMPLE,08,l'Antiga Esquerra de l'Eixample,Carrer,PROVENÇA,1,131,,,,,,,04,2
02-2014-0938,02,L'EIXAMPLE,10,Sant Antoni,Plaça,UNIVERSITAT,1,1,,,,,,,04,1A
02-2014-0958,02,L'EIXAMPLE,07,la Dreta de l'Eixample,Carrer,ARAGO,2,266,,,,,,,02,1
02-2014-0964,02,L'EIXAMPLE,06,la Sagrada Família,Carrer,SARDENYA,2,340,,,,,,,04,2
02-2014-0969,02,L'EIXAMPLE,06,la Sagrada Família,Carrer,SARDENYA,2,340,,,,,,,03,2
02-2014-1005,02,L'EIXAMPLE,07,la Dreta de l'Eixample,Carrer,BALMES,2,24,,,,,,,02,1
02-2014-1007,02,L'EIXAMPLE,10,Sant Antoni,Carrer,SEPULVEDA,1,157,,,,,,,EN,1
02-2014-1012,02,L'EIXAMPLE,10,Sant Antoni,Carrer,SEPULVEDA,1,157,,,,,,,04,1
02-2014-1017,02,L'EIXAMPLE,07,la Dreta de l'Eixample,Passeig,GRACIA,1,51,,,,,,,01,1A
02-2014-1030,02,L'EIXAMPLE,07,la Dreta de l'Eixample,Carrer,ARAGO,2,282,,,,,,,02,2
02-2014-1031,02,L'EIXAMPLE,07,la Dreta de l'Eixample,Carrer,ARAGO,2,282,,,,,,,02,1
02-2014-1050,02,L'EIXAMPLE,07,la Dreta de l'Eixample,Carrer,CONSELL DE CENT,1,343,,,,,,,03,1
02-2014-1051,02,L'EIXAMPLE,07,la Dreta de l'Eixample,Carrer,CONSELL DE CENT,1,341,,,,,,,03,1B
02-2014-1057,02,L'EIXAMPLE,07,la Dreta de l'Eixample,Carrer,CONSELL DE CENT,1,341,,,,,,,05,2B
02-2014-1069,02,L'EIXAMPLE,07,la Dreta de l'Eixample,Carrer,BAILEN,1,81,,83,,,,,1,1
02-2014-1085,02,L'EIXAMPLE,07,la Dreta de l'Eixample,Carrer,BAILEN,1,81,,83,,,,,3,1
02-2014-1089,02,L'EIXAMPLE,07,la Dreta de l'Eixample,Carrer,BAILEN,1,81,,83,,,,,4,1
02-2014-1096,02,L'EIXAMPLE,07,la Dreta de l'Eixample,Carrer,BAILEN,1,81,,83,,,,,5,4
02-2014-1111,02,L'EIXAMPLE,07,la Dreta de l'Eixample,Carrer,ALI BEI,1,27,,,,,,,PR,1B
02-2014-1118,02,L'EIXAMPLE,07,la Dreta de l'Eixample,Carrer,BALMES,1,9,,,,,,,AT,1
02-2014-1124,02,L'EIXAMPLE,07,la Dreta de l'Eixample,Rambla,CATALUNYA,1,95,,,,,,,5,1
02-2014-1136,02,L'EIXAMPLE,07,la Dreta de l'Eixample,Ronda,SANT PERE,2,26,,,,,,,3,2
02-2014-1137,02,L'EIXAMPLE,07,la Dreta de l'Eixample,Ronda,SANT PERE,2,26,,,,,,,06,2
02-2014-1138,02,L'EIXAMPLE,07,la Dreta de l'Eixample,Ronda,SANT PERE,2,26,,,,,,,04,2
02-2014-1157,02,L'EIXAMPLE,08,l'Antiga Esquerra de l'Eixample,Carrer,MUNTANER,2,64,,,,,,,03,2
02-2014-1160,02,L'EIXAMPLE,08,l'Antiga Esquerra de l'Eixample,Carrer,MUNTANER,2,64,,,,,,,4,2
02-2014-1184,02,L'EIXAMPLE,08,l'Antiga Esquerra de l'Eixample,Carrer,BALMES,1,137,,,,,,,03,1
02-2014-1188,02,L'EIXAMPLE,06,la Sagrada Família,Passatge,VILARET,1,23,,,,,,,04,1
02-2014-1209,02,L'EIXAMPLE,10,Sant Antoni,Carrer,VILAMARI,2,2,,,,,,,EN,2
02-2014-1210,02,L'EIXAMPLE,07,la Dreta de l'Eixample,Carrer,BAILEN,1,109,,,,,,,02,1
02-2014-1219,02,L'EIXAMPLE,10,Sant Antoni,Plaça,UNIVERSITAT,1,1,,,,,,,03,2
02-2014-1222,02,L'EIXAMPLE,09,la Nova Esquerra de l'Eixample,Carrer,VILAMARI,2,126,,128,,,,,PR,6
02-2014-1249,02,L'EIXAMPLE,09,la Nova Esquerra de l'Eixample,Carrer,DIPUTACIO,2,8,,10,,,,,04,3
02-2014-1250,02,L'EIXAMPLE,05,el Fort Pienc,Carrer,MARINA,1,189,,,,,,,5,4
02-2014-1264,02,L'EIXAMPLE,07,la Dreta de l'Eixample,Carrer,DIPUTACIO,2,294,,,,,,,03,1
02-2014-1270,02,L'EIXAMPLE,07,la Dreta de l'Eixample,Passeig,SANT JOAN,1,127,,,,,,,03,2
02-2014-1298,02,L'EIXAMPLE,05,el Fort Pienc,Carrer,CASP,1,75,,,,,,,06,1
02-2014-1312,02,L'EIXAMPLE,07,la Dreta de l'Eixample,Passeig,GRACIA,1,3,,,,,,,4,3
02-2014-1319,02,L'EIXAMPLE,07,la Dreta de l'Eixample,Carrer,CORSEGA,2,402,,,,,,,2,1
02-2014-1320,02,L'EIXAMPLE,07,la Dreta de l'Eixample,Carrer,FONTANELLA,1,15,,,,,,,AT,1
02-2014-1323,02,L'EIXAMPLE,07,la Dreta de l'Eixample,Carrer,ARAGO,2,346,,,,,,A,PR,2
02-2014-1339,02,L'EIXAMPLE,07,la Dreta de l'Eixample,Ronda,SANT PERE,1,35,,,,,,,03,1
02-2014-1340,02,L'EIXAMPLE,07,la Dreta de l'Eixample,Ronda,SANT PERE,1,35,,,,,,,03,2
02-2014-1347,02,L'EIXAMPLE,08,l'Antiga Esquerra de l'Eixample,Carrer,ENRIC GRANADOS,2,106,,,,,,,04,2
02-2014-1356,02,L'EIXAMPLE,09,la Nova Esquerra de l'Eixample,Carrer,CONSELL DE CENT,1,71,,,,,,,02,1
02-2014-1359,02,L'EIXAMPLE,10,Sant Antoni,Carrer,FLORIDABLANCA,2,126,,,,,,,EN,1
02-2014-1374,02,L'EIXAMPLE,06,la Sagrada Família,Carrer,PROVENÇA,1,529,,,,,,,03,4
02-2014-1393,02,L'EIXAMPLE,05,el Fort Pienc,Carrer,MARINA,2,212,,,,,,,02,3
02-2014-1395,02,L'EIXAMPLE,06,la Sagrada Família,Carrer,SARDENYA,2,306,,,,,,,3,
02-2014-1402,02,L'EIXAMPLE,07,la Dreta de l'Eixample,Carrer,BAILEN,2,46,,,,,,,02,1
02-2014-1415,02,L'EIXAMPLE,05,el Fort Pienc,Carrer,MARINA,1,189,,,,,,,6,3
02-2014-1416,02,L'EIXAMPLE,07,la Dreta de l'Eixample,Carrer,BAILEN,1,77,,,,,,,04,1
02-2014-1433,02,L'EIXAMPLE,07,la Dreta de l'Eixample,Carrer,AUSIAS MARC,2,24,,,,,,,03,2
02-2014-1446,02,L'EIXAMPLE,05,el Fort Pienc,Carrer,MARINA,1,189,,,,,,,2,3
02-2014-1451,02,L'EIXAMPLE,08,l'Antiga Esquerra de l'Eixample,Carrer,ENRIC GRANADOS,1,115,,,,,,,01,1
02-2014-1460,02,L'EIXAMPLE,05,el Fort Pienc,Carrer,MARINA,1,189,,,,,,,04,3
02-2014-1466,02,L'EIXAMPLE,10,Sant Antoni,Carrer,COMTE BORRELL,1,49,,,,,,,02,2
02-2014-1478,02,L'EIXAMPLE,07,la Dreta de l'Eixample,Carrer,ROGER DE FLOR,2,222,B,,,,,,02,1
02-2014-1496,02,L'EIXAMPLE,07,la Dreta de l'Eixample,Rambla,CATALUNYA,2,8,,,,,,,05,7
02-2014-1504,02,L'EIXAMPLE,07,la Dreta de l'Eixample,Carrer,VALENCIA,1,247,,,,,,,PR,2
02-2014-1516,02,L'EIXAMPLE,06,la Sagrada Família,Carrer,ARAGO,2,528,,,,,,,06,2
02-2014-1520,02,L'EIXAMPLE,08,l'Antiga Esquerra de l'Eixample,Carrer,CORSEGA,1,225,,,,,,,2,2
02-2014-1572,02,L'EIXAMPLE,09,la Nova Esquerra de l'Eixample,Carrer,CONSELL DE CENT,2,130,,136,,,,D,7,C
02-2014-1576,02,L'EIXAMPLE,08,l'Antiga Esquerra de l'Eixample,Carrer,PROVENÇA,1,181,,,,,,,02,2
02-2014-1591,02,L'EIXAMPLE,06,la Sagrada Família,Carrer,LEPANT,2,342,,,,,,,06,1
02-2014-1593,02,L'EIXAMPLE,05,el Fort Pienc,Carrer,CASP,2,150,,,,,,,01,1
02-2014-1596,02,L'EIXAMPLE,07,la Dreta de l'Eixample,Carrer,CONSELL DE CENT,2,426,,,,,,,3,1
02-2014-1599,02,L'EIXAMPLE,07,la Dreta de l'Eixample,Rambla,CATALUNYA,2,54,,,,,,,05,2
02-2014-1609,02,L'EIXAMPLE,06,la Sagrada Família,Carrer,INDUSTRIA,2,116,,,,,,,PR,1
02-2014-1621,02,L'EIXAMPLE,06,la Sagrada Família,Carrer,INDUSTRIA,2,116,,,,,,,01,2
02-2014-1665,02,L'EIXAMPLE,08,l'Antiga Esquerra de l'Eixample,Carrer,CASANOVA,1,189,,,,,,,05,1
02-2014-1673,02,L'EIXAMPLE,07,la Dreta de l'Eixample,Passeig,GRACIA,2,16,,,,,,,07,2
02-2014-1702,02,L'EIXAMPLE,09,la Nova Esquerra de l'Eixample,Carrer,COMTE D'URGELL,1,131,,,,,,,PR,2
02-2014-1713,02,L'EIXAMPLE,09,la Nova Esquerra de l'Eixample,Carrer,CALABRIA,1,281,,,,,,B,06,4
02-2014-1749,02,L'EIXAMPLE,07,la Dreta de l'Eixample,Carrer,CONSELL DE CENT,2,290,,,,,,,4,1
02-2014-1751,02,L'EIXAMPLE,07,la Dreta de l'Eixample,Carrer,CASP,1,45,,,,,,,PR,1
02-2014-1753,02,L'EIXAMPLE,09,la Nova Esquerra de l'Eixample,Carrer,COMTE D'URGELL,1,63,,,,,,D,2,1
02-2014-1754,02,L'EIXAMPLE,07,la Dreta de l'Eixample,Carrer,CASP,1,45,,,,,,,PR,2
02-2014-1770,02,L'EIXAMPLE,06,la Sagrada Família,Carrer,CORSEGA,2,518,,,,,,,01,2
02-2014-1775,02,L'EIXAMPLE,06,la Sagrada Família,Carrer,CORSEGA,2,518,,,,,,,02,1
02-2014-2011,02,L'EIXAMPLE,06,la Sagrada Família,Carrer,MALLORCA,2,374,,,,,,,AT,A
02-2014-2043,02,L'EIXAMPLE,07,la Dreta de l'Eixample,Rambla,CATALUNYA,2,52,,,,,,,AT,3
02-2014-2044,02,L'EIXAMPLE,08,l'Antiga Esquerra de l'Eixample,Carrer,VILLARROEL,1,213,,,,,,,11,3
02-2014-2059,02,L'EIXAMPLE,06,la Sagrada Família,Carrer,CORSEGA,2,568,,,,,,,05,2
02-2014-2061,02,L'EIXAMPLE,09,la Nova Esquerra de l'Eixample,Carrer,ARAGO,1,51,,,,,,,04,3
02-2014-2076,02,L'EIXAMPLE,06,la Sagrada Família,Carrer,VALENCIA,1,439,,,,,,,02,2
02-2014-2118,02,L'EIXAMPLE,07,la Dreta de l'Eixample,Carrer,FONTANELLA,1,13,,,,,,,2,1
02-2014-2129,02,L'EIXAMPLE,06,la Sagrada Família,Carrer,CARTAGENA,1,269,,,,,,,02,1
02-2014-2130,02,L'EIXAMPLE,07,la Dreta de l'Eixample,Carrer,CORSEGA,2,392,,,,,,,AT,1
02-2014-2205,02,L'EIXAMPLE,10,Sant Antoni,Carrer,COMTE D'URGELL,2,18,,,,,,,01,2
02-2014-2227,02,L'EIXAMPLE,08,l'Antiga Esquerra de l'Eixample,Carrer,ROSSELLO,1,219,,,,,,,03,2
02-2014-2449,02,L'EIXAMPLE,10,Sant Antoni,Carrer,CALABRIA,1,65,,,,,,,PR,4
02-2014-2450,02,L'EIXAMPLE,10,Sant Antoni,Carrer,CALABRIA,1,65,,,,,,,01,3
02-2016-0566,02,L'EIXAMPLE,06,la Sagrada Família,Avinguda,GAUDI,1,27,,29,,,,,2,1
02-2016-0576,02,L'EIXAMPLE,06,la Sagrada Família,Avinguda,GAUDI,1,27,,29,,,,,4,2
02-2016-0720,02,L'EIXAMPLE,07,la Dreta de l'Eixample,Carrer,VALENCIA,1,277,,,,,,,PR,3
02-2016-0780,02,L'EIXAMPLE,07,la Dreta de l'Eixample,Carrer,PAU CLARIS,1,99,,101,,,,1,3,2
02-2016-0781,02,L'EIXAMPLE,07,la Dreta de l'Eixample,Carrer,PAU CLARIS,1,99,,101,,,,1,3,3
02-2016-0785,02,L'EIXAMPLE,07,la Dreta de l'Eixample,Carrer,PAU CLARIS,1,99,,101,,,,1,5,1
02-2016-0858,02,L'EIXAMPLE,07,la Dreta de l'Eixample,Carrer,PAU CLARIS,1,99,,101,,,,2,5,3
02-2016-0863,02,L'EIXAMPLE,07,la Dreta de l'Eixample,Carrer,PAU CLARIS,1,99,,101,,,,1,5,3
02-2016-0947,02,L'EIXAMPLE,07,la Dreta de l'Eixample,Passeig,GRACIA,1,89,,,,,,,4,2
02-2016-1317,02,L'EIXAMPLE,09,la Nova Esquerra de l'Eixample,Carrer,ROCAFORT,1,141,,,,,,,3,2
02-2016-1327,02,L'EIXAMPLE,09,la Nova Esquerra de l'Eixample,Carrer,ROCAFORT,1,141,,,,,,,SA,1
02-2020-0139,02,L'EIXAMPLE,09,la Nova Esquerra de l'Eixample,Carrer,CALABRIA,2,198,,,,,,,3,3
02-2020-0142,02,L'EIXAMPLE,06,la Sagrada Família,Carrer,ARAGO,1,423,,,,,,,4,2
02-2020-0234,02,L'EIXAMPLE,05,el Fort Pienc,Carrer,CONSELL DE CENT,2,506,,,,,,,2,1
02-2022-0475,02,L'EIXAMPLE,09,la Nova Esquerra de l'Eixample,Carrer,TARRAGONA,2,84,,,,,,A,3,1
02-2022-0527,02,L'EIXAMPLE,09,la Nova Esquerra de l'Eixample,Carrer,TARRAGONA,2,84,,,,,,B,5,4
02-2022-0530,02,L'EIXAMPLE,09,la Nova Esquerra de l'Eixample,Carrer,TARRAGONA,2,84,,,,,,B,6,3
02-2022-0579,02,L'EIXAMPLE,09,la Nova Esquerra de l'Eixample,Carrer,TARRAGONA,2,84,,,,,,C,8,4
02-2022-0588,02,L'EIXAMPLE,09,la Nova Esquerra de l'Eixample,Carrer,TARRAGONA,2,84,,,,,,C,11,1
02-2023-0113,02,L'EIXAMPLE,10,Sant Antoni,Carrer,SEPULVEDA,2,174,,,,,,,3,2
02-2023-0517,02,L'EIXAMPLE,10,Sant Antoni,Carrer,COMTE D'URGELL,2,60,,,,,,,2,2
02-2023-0560,02,L'EIXAMPLE,07,la Dreta de l'Eixample,Carrer,BAILEN,1,49,,,,,,,5,1
02-2023-0561,02,L'EIXAMPLE,06,la Sagrada Família,Carrer,VALENCIA,2,446,,,,,,,1,
02-2023-0619,02,L'EIXAMPLE,09,la Nova Esquerra de l'Eixample,Carrer,CORSEGA,2,68,,,,,A,,3,1
02-2023-0642,02,L'EIXAMPLE,09,la Nova Esquerra de l'Eixample,Carrer,CORSEGA,2,68,,,,,B,,4,1
02-2023-0647,02,L'EIXAMPLE,09,la Nova Esquerra de l'Eixample,Carrer,CORSEGA,2,68,,,,,B,,6,1
02-2023-0706,02,L'EIXAMPLE,05,el Fort Pienc,Passeig,SANT JOAN,2,40,,,,,,,1,1
02-2023-0710,02,L'EIXAMPLE,07,la Dreta de l'Eixample,Avinguda,DIAGONAL,2,438,,,,,,,5,
02-2023-0714,02,L'EIXAMPLE,10,Sant Antoni,Carrer,COMTE D'URGELL,2,60,,,,,,,2,1
02-2023-0936,02,L'EIXAMPLE,10,Sant Antoni,Carrer,COMTE D'URGELL,2,60,,,,,,,2,3
02-2023-0942,02,L'EIXAMPLE,08,l'Antiga Esquerra de l'Eixample,Carrer,PROVENÇA,1,203,,,,,,,1,1
02-2023-0984,02,L'EIXAMPLE,08,l'Antiga Esquerra de l'Eixample,Carrer,MUNTANER,2,64,,,,,,,1,2
02-2023-1004,02,L'EIXAMPLE,07,la Dreta de l'Eixample,Passeig,SANT JOAN,2,128,,,,,B,,EN,2
02-2024-0068,02,L'EIXAMPLE,10,Sant Antoni,Gran Via,CORTS CATALANES,2,536,,,,,,,3,2A
02-2024-0071,02,L'EIXAMPLE,10,Sant Antoni,Gran Via,CORTS CATALANES,2,536,,,,,,,3,2B
02-2024-0073,02,L'EIXAMPLE,10,Sant Antoni,Gran Via,CORTS CATALANES,2,536,,,,,,,1,3
02-2024-0078,02,L'EIXAMPLE,07,la Dreta de l'Eixample,Rambla,CATALUNYA,2,30,,,,,B,,1,1
02-2024-0191,02,L'EIXAMPLE,06,la Sagrada Família,Carrer,MALLORCA,1,447,,,,,,,4,2
02-2024-0203,02,L'EIXAMPLE,06,la Sagrada Família,Carrer,MALLORCA,1,447,,,,,,,2,2
02-2024-0205,02,L'EIXAMPLE,06,la Sagrada Família,Carrer,MALLORCA,1,447,,,,,,,BA,3
02-2024-0211,02,L'EIXAMPLE,06,la Sagrada Família,Carrer,MALLORCA,1,447,,,,,,,2,4
02-2024-0295,02,L'EIXAMPLE,07,la Dreta de l'Eixample,Avinguda,DIAGONAL,1,377,,,,,,,5,1
02-2024-0302,02,L'EIXAMPLE,07,la Dreta de l'Eixample,Carrer,ARAGO,2,342,,,,,,,2,2
02-2024-0319,02,L'EIXAMPLE,10,Sant Antoni,Gran Via,CORTS CATALANES,2,558,,,,,,,AT,1
02-2024-0323,02,L'EIXAMPLE,10,Sant Antoni,Gran Via,CORTS CATALANES,2,558,,,,,,,2,1
02-2024-0324,02,L'EIXAMPLE,10,Sant Antoni,Gran Via,CORTS CATALANES,2,558,,,,,,,1,2
02-2024-0333,02,L'EIXAMPLE,07,la Dreta de l'Eixample,Carrer,GIRONA,2,98,,,,,,,1,
02-2024-0334,02,L'EIXAMPLE,07,la Dreta de l'Eixample,Carrer,GIRONA,2,98,,,,,,,2,
02-2024-0336,02,L'EIXAMPLE,07,la Dreta de l'Eixample,Carrer,GIRONA,2,98,,,,,,,4,
02-2024-0371,02,L'EIXAMPLE,05,el Fort Pienc,Passeig,SANT JOAN,2,4,,,,,,,PR,3
02-2024-0373,02,L'EIXAMPLE,05,el Fort Pienc,Passeig,SANT JOAN,2,4,,,,,,,PR,1
02-2024-0375,02,L'EIXAMPLE,05,el Fort Pienc,Passeig,SANT JOAN,2,4,,,,,,,2,2
02-2024-0378,02,L'EIXAMPLE,05,el Fort Pienc,Passeig,SANT JOAN,2,4,,,,,,,1,2
02-2024-0459,02,L'EIXAMPLE,05,el Fort Pienc,Carrer,MARINA,2,212,,,,,,,2,4
03-2008-0272,03,SANTS-MONTJUÏC,11,el Poble Sec,Carrer,SALVA,2,78,,80,,,,,1,3
03-2009-0155,03,SANTS-MONTJUÏC,18,Sants,Passeig,SANT ANTONI,2,30,,,,,,,07,2
03-2009-0172,03,SANTS-MONTJUÏC,18,Sants,Passeig,SANT ANTONI,2,30,,,,,,,04,1
03-2009-0184,03,SANTS-MONTJUÏC,18,Sants,Passeig,SANT ANTONI,2,30,,,,,,,05,3
03-2009-0187,03,SANTS-MONTJUÏC,18,Sants,Passeig,SANT ANTONI,2,30,,,,,,,03,4
03-2009-0188,03,SANTS-MONTJUÏC,18,Sants,Passeig,SANT ANTONI,2,30,,,,,,,08,1
03-2009-0222,03,SANTS-MONTJUÏC,15,Hostafrancs,Carrer,PRINCEP JORDI,2,12,,,,,,,BJ,1
03-2009-0223,03,SANTS-MONTJUÏC,15,Hostafrancs,Carrer,PRINCEP JORDI,2,12,,,,,,,1,1
03-2009-0306,03,SANTS-MONTJUÏC,18,Sants,Carrer,FERNANDEZ DURO,1,3,,,,,,,3,1
03-2010-0010,03,SANTS-MONTJUÏC,14,la Font de la Guatlla,Carrer,CHOPIN,1,1,,,,,,,PR,1
03-2010-0099,03,SANTS-MONTJUÏC,15,Hostafrancs,Carrer,RECTOR TRIADO,2,48,,50,,,,B,BJ,1
03-2010-0108,03,SANTS-MONTJUÏC,15,Hostafrancs,Carrer,RECTOR TRIADO,2,48,,50,,,,A,01,3
03-2010-0166,03,SANTS-MONTJUÏC,11,el Poble Sec,Carrer,BLASCO DE GARAY,1,3,,,,,,,PR,2
03-2010-0172,03,SANTS-MONTJUÏC,18,Sants,Carrer,SANTS,2,158,,,,,,,01,2
03-2010-0270,03,SANTS-MONTJUÏC,16,la Bordeta,Carrer,GAVA,2,8,,,,,,,01,2
03-2010-0275,03,SANTS-MONTJUÏC,16,la Bordeta,Carrer,GAVA,2,8,,,,,,,04,2
03-2010-0361,03,SANTS-MONTJUÏC,11,el Poble Sec,Carrer,HORTES,2,4,,,,,,,01,1
03-2010-0364,03,SANTS-MONTJUÏC,11,el Poble Sec,Carrer,HORTES,2,4,,,,,,,02,3
03-2011-0053,03,SANTS-MONTJUÏC,11,el Poble Sec,Avinguda,PARAL.LEL,1,15,,,,,,,07,1
03-2011-0075,03,SANTS-MONTJUÏC,11,el Poble Sec,Carrer,MATA,1,3,,5,,,,B,02,4
03-2011-0121,03,SANTS-MONTJUÏC,14,la Font de la Guatlla,Carrer,MORABOS,2,16,,,,,,,PR,2
03-2011-0122,03,SANTS-MONTJUÏC,14,la Font de la Guatlla,Carrer,MORABOS,2,16,,,,,,,PR,1
03-2011-0155,03,SANTS-MONTJUÏC,11,el Poble Sec,Carrer,PIQUER,1,21,,,,,,B,01,2
03-2011-0168,03,SANTS-MONTJUÏC,11,el Poble Sec,Carrer,NOU DE LA RAMBLA,2,114,,116,,,,,02,1
03-2011-0174,03,SANTS-MONTJUÏC,11,el Poble Sec,Carrer,NOU DE LA RAMBLA,2,114,,116,,,,,04,2
03-2011-0175,03,SANTS-MONTJUÏC,11,el Poble Sec,Carrer,NOU DE LA RAMBLA,2,114,,116,,,,,03,3
03-2011-0176,03,SANTS-MONTJUÏC,11,el Poble Sec,Avinguda,PARAL.LEL,1,65,,,,,,,03,2
03-2011-0185,03,SANTS-MONTJUÏC,11,el Poble Sec,Avinguda,PARAL.LEL,1,65,,,,,,,02,4
03-2011-0186,03,SANTS-MONTJUÏC,11,el Poble Sec,Avinguda,PARAL.LEL,1,65,,,,,,,02,3
03-2011-0190,03,SANTS-MONTJUÏC,11,el Poble Sec,Avinguda,PARAL.LEL,1,65,,,,,,,01,3
03-2011-0309,03,SANTS-MONTJUÏC,14,la Font de la Guatlla,Carrer,SANT GERMA,2,8,,,,,,,03,
03-2011-0401,03,SANTS-MONTJUÏC,11,el Poble Sec,Carrer,OLIVERA,1,43,,,,,,,01,1
03-2012-0040,03,SANTS-MONTJUÏC,11,el Poble Sec,Carrer,NOU DE LA RAMBLA,1,157,,,,,,1,PR,3
03-2012-0083,03,SANTS-MONTJUÏC,11,el Poble Sec,Carrer,NOU DE LA RAMBLA,2,136,,,,,,,BJ,2
03-2012-0093,03,SANTS-MONTJUÏC,15,Hostafrancs,Carrer,CALLAO,2,20,,,,,,,01,1
03-2012-0095,03,SANTS-MONTJUÏC,11,el Poble Sec,Carrer,TAPIOLES,2,36,,,,,,,BJ,2
03-2012-0142,03,SANTS-MONTJUÏC,11,el Poble Sec,Carrer,NOU DE LA RAMBLA,2,144,,,,,,,02,2
03-2012-0179,03,SANTS-MONTJUÏC,11,el Poble Sec,Carrer,RICART,2,22,,,,,,,03,11
03-2012-0234,03,SANTS-MONTJUÏC,17,Sants - Badal,Carrer,SUGRANYES,2,62,,,,,,,02,1
03-2012-0293,03,SANTS-MONTJUÏC,15,Hostafrancs,Carrer,FARELL,1,25,,,,,,,3,1
03-2012-0298,03,SANTS-MONTJUÏC,15,Hostafrancs,Carrer,FARELL,1,25,,,,,,,EN,2
03-2012-0299,03,SANTS-MONTJUÏC,15,Hostafrancs,Carrer,FARELL,1,25,,,,,,,EN,3
03-2012-0356,03,SANTS-MONTJUÏC,18,Sants,Rambla,BADAL,2,156,,,,,,,5,1
03-2012-0410,03,SANTS-MONTJUÏC,11,el Poble Sec,Carrer,BLASCO DE GARAY,2,48,,,,,,,04,2
03-2012-0413,03,SANTS-MONTJUÏC,11,el Poble Sec,Carrer,NOU DE LA RAMBLA,2,168,,,,,,,PR,2
03-2012-0426,03,SANTS-MONTJUÏC,18,Sants,Carrer,JACQUARD,2,14,,18,,,,,1,2
03-2012-0433,03,SANTS-MONTJUÏC,14,la Font de la Guatlla,Carrer,SANT FRUCTUOS,2,64,,74,,,,,01,28
03-2012-0435,03,SANTS-MONTJUÏC,14,la Font de la Guatlla,Carrer,SANT FRUCTUOS,2,64,,74,,,,,01,7
03-2012-0437,03,SANTS-MONTJUÏC,14,la Font de la Guatlla,Carrer,SANT FRUCTUOS,2,64,,74,,,,,01,5
03-2013-0043,03,SANTS-MONTJUÏC,11,el Poble Sec,Carrer,RICART,2,8,,,,,,,04,2
03-2013-0089,03,SANTS-MONTJUÏC,15,Hostafrancs,Carrer,FARELL,1,25,,,,,,,03,2
03-2013-0094,03,SANTS-MONTJUÏC,15,Hostafrancs,Carrer,CONSELL DE CENT,1,49,B,,,,,,05,2
03-2013-0141,03,SANTS-MONTJUÏC,17,Sants - Badal,Carrer,SANTS,1,387,,,,,,,05,4
03-2013-0150,03,SANTS-MONTJUÏC,17,Sants - Badal,Carrer,SANTS,1,387,,,,,,,06,5
03-2013-0154,03,SANTS-MONTJUÏC,17,Sants - Badal,Carrer,SANTS,1,387,,,,,,,07,1
03-2013-0158,03,SANTS-MONTJUÏC,17,Sants - Badal,Carrer,SANTS,1,387,,,,,,,07,5
03-2013-0163,03,SANTS-MONTJUÏC,17,Sants - Badal,Carrer,SANTS,1,387,,,,,,,08,2
03-2013-0177,03,SANTS-MONTJUÏC,15,Hostafrancs,Carrer,CREU COBERTA,1,57,,,,,,,02,4
03-2013-0192,03,SANTS-MONTJUÏC,11,el Poble Sec,Carrer,SALVA,1,23,,,,,,,02,2
03-2013-0210,03,SANTS-MONTJUÏC,11,el Poble Sec,Carrer,ELKANO,2,54,,,,,,,4,1
03-2013-0222,03,SANTS-MONTJUÏC,14,la Font de la Guatlla,Carrer,SANT FRUCTUOS,1,37,,,,,,,04,1
03-2013-0223,03,SANTS-MONTJUÏC,14,la Font de la Guatlla,Carrer,SANT FRUCTUOS,1,37,,,,,,,03,2
03-2013-0227,03,SANTS-MONTJUÏC,18,Sants,Carrer,PUIGGARI,1,15,,17,,,,,04,3
03-2013-0273,03,SANTS-MONTJUÏC,11,el Poble Sec,Carrer,PIQUER,1,55,,,,,,,02,4
03-2013-0280,03,SANTS-MONTJUÏC,15,Hostafrancs,Carrer,CREU COBERTA,2,36,,,,,,,01,1
03-2013-0285,03,SANTS-MONTJUÏC,11,el Poble Sec,Carrer,PIQUER,1,15,,,,,,,03,3
03-2013-0296,03,SANTS-MONTJUÏC,15,Hostafrancs,Carrer,BEJAR,1,53,,,,,,,EN,2
03-2013-0352,03,SANTS-MONTJUÏC,18,Sants,Carrer,DAOIZ I VELARDE,2,34,,,,,,,BJ,
03-2013-0364,03,SANTS-MONTJUÏC,15,Hostafrancs,Gran Via,CORTS CATALANES,1,263,,,,,,,06,2
03-2013-0405,03,SANTS-MONTJUÏC,11,el Poble Sec,Carrer,ROSER,2,56,,,,,,,SA,1
03-2013-0485,03,SANTS-MONTJUÏC,11,el Poble Sec,Carrer,ROSER,2,68,,,,,,,PR,4
03-2013-0519,03,SANTS-MONTJUÏC,11,el Poble Sec,Carrer,BLASCO DE GARAY,1,3,,,,,,,2,2
03-2013-0534,03,SANTS-MONTJUÏC,11,el Poble Sec,Carrer,NOU DE LA RAMBLA,2,148,,,,,,,03,1
03-2013-0553,03,SANTS-MONTJUÏC,11,el Poble Sec,Carrer,NOU DE LA RAMBLA,2,154,,,,,,,01,2
03-2013-0561,03,SANTS-MONTJUÏC,11,el Poble Sec,Carrer,NOU DE LA RAMBLA,2,154,,,,,,,04,1
03-2013-0570,03,SANTS-MONTJUÏC,11,el Poble Sec,Carrer,TAPIOLES,1,53,,,,,,,PR,A
03-2013-0645,03,SANTS-MONTJUÏC,18,Sants,Carrer,CICERO,1,5,,,,,,,03,1
03-2013-0759,03,SANTS-MONTJUÏC,11,el Poble Sec,Carrer,SALVA,2,32,,,,,,,03,3
03-2013-0763,03,SANTS-MONTJUÏC,15,Hostafrancs,Carrer,ALIGA,2,28,,,,,,,01,2
03-2014-0036,03,SANTS-MONTJUÏC,11,el Poble Sec,Carrer,VILA I VILA,2,80,,,,,,,02,1
03-2014-0038,03,SANTS-MONTJUÏC,11,el Poble Sec,Carrer,VILA I VILA,2,80,,,,,,,03,1
03-2014-0039,03,SANTS-MONTJUÏC,11,el Poble Sec,Carrer,VILA I VILA,2,80,,,,,,,3,2
03-2014-0043,03,SANTS-MONTJUÏC,15,Hostafrancs,Carrer,CREU COBERTA,1,67,,,,,,,03,1
03-2014-0044,03,SANTS-MONTJUÏC,18,Sants,Carrer,ALCOLEA,1,19,,,,,,,02,2
03-2014-0064,03,SANTS-MONTJUÏC,11,el Poble Sec,Carrer,BLASCO DE GARAY,1,7,,,,,,,01,1
03-2014-0089,03,SANTS-MONTJUÏC,11,el Poble Sec,Carrer,BLASCO DE GARAY,1,7,,,,,,,02,1
03-2014-0098,03,SANTS-MONTJUÏC,11,el Poble Sec,Carrer,NOU DE LA RAMBLA,1,131,,,,,,,PR,1
03-2014-0101,03,SANTS-MONTJUÏC,11,el Poble Sec,Carrer,CONCORDIA,2,20,,,,,,,BJ,2
03-2014-0116,03,SANTS-MONTJUÏC,11,el Poble Sec,Carrer,ELKANO,1,17,,,,,,,03,1
03-2014-0138,03,SANTS-MONTJUÏC,18,Sants,Carrer,VALLADOLID,1,21,,,,,,,1,2
03-2014-0141,03,SANTS-MONTJUÏC,14,la Font de la Guatlla,Gran Via,CORTS CATALANES,2,290,,,,,,,01,2
03-2014-0197,03,SANTS-MONTJUÏC,18,Sants,Carrer,SANT BALTASAR,1,17,,,,,,,05,3
03-2014-0219,03,SANTS-MONTJUÏC,11,el Poble Sec,Carrer,FONT HONRADA,2,6,,,,,,,01,1
03-2014-0244,03,SANTS-MONTJUÏC,15,Hostafrancs,Carrer,ESPANYA INDUSTRIAL,2,6,,,,,,,03,2
03-2014-0267,03,SANTS-MONTJUÏC,15,Hostafrancs,Carrer,MOIANES,1,73,,75,,,,,01,7
03-2014-0273,03,SANTS-MONTJUÏC,14,la Font de la Guatlla,Carrer,MEXIC,2,8,,,,,,1,03,A
03-2014-0275,03,SANTS-MONTJUÏC,15,Hostafrancs,Carrer,MOIANES,1,73,,75,,,,,02,5
03-2014-0281,03,SANTS-MONTJUÏC,15,Hostafrancs,Carrer,MOIANES,1,73,,75,,,,,03,1
03-2014-0289,03,SANTS-MONTJUÏC,11,el Poble Sec,Carrer,BLAI,2,44,,,,,,,03,1
03-2014-0296,03,SANTS-MONTJUÏC,15,Hostafrancs,Carrer,CREU COBERTA,1,87,,,,,,,03,2
03-2014-0306,03,SANTS-MONTJUÏC,18,Sants,Carrer,MASNOU,1,19,,,,,,,PR,
03-2014-0308,03,SANTS-MONTJUÏC,11,el Poble Sec,Carrer,RICART,2,40,,44,,,,,PR,4
03-2014-0336,03,SANTS-MONTJUÏC,11,el Poble Sec,Carrer,RADAS,1,39,,,,,,,02,1
03-2014-0341,03,SANTS-MONTJUÏC,11,el Poble Sec,Carrer,HORTES,1,5,,,,,,,03,3
03-2014-0343,03,SANTS-MONTJUÏC,11,el Poble Sec,Carrer,ELKANO,2,82,,,,,,,EN,5
03-2014-0355,03,SANTS-MONTJUÏC,15,Hostafrancs,Carretera,BORDETA,2,38,,,,,,,1,
03-2014-0362,03,SANTS-MONTJUÏC,11,el Poble Sec,Carrer,MURILLO,1,13,,,,,,,03,2
03-2014-0370,03,SANTS-MONTJUÏC,11,el Poble Sec,Carrer,CONCORDIA,1,59,,,,,,,3,1
03-2014-0371,03,SANTS-MONTJUÏC,11,el Poble Sec,Carrer,OLIVERA,1,23,,,,,,,PR,1
03-2014-0384,03,SANTS-MONTJUÏC,11,el Poble Sec,Carrer,ROSER,2,10,,,,,,,3,2
03-2014-0389,03,SANTS-MONTJUÏC,15,Hostafrancs,Carrer,CREU COBERTA,1,87,,,,,,,01,A
03-2014-0390,03,SANTS-MONTJUÏC,15,Hostafrancs,Carrer,CREU COBERTA,1,87,,,,,,,02,A
03-2014-0420,03,SANTS-MONTJUÏC,16,la Bordeta,Carrer,GAVA,2,32,,,,,,,1,2
03-2014-0426,03,SANTS-MONTJUÏC,16,la Bordeta,Carrer,ALPENS,2,6,,,,,,,BJ,
03-2014-0443,03,SANTS-MONTJUÏC,11,el Poble Sec,Carrer,CONCORDIA,2,28,,,,,,,05,1
03-2014-0444,03,SANTS-MONTJUÏC,11,el Poble Sec,Avinguda,PARAL.LEL,1,21,,,,,,,03,4
03-2014-0445,03,SANTS-MONTJUÏC,11,el Poble Sec,Carrer,RADAS,2,34,,,,,,,PR,3
03-2014-0456,03,SANTS-MONTJUÏC,18,Sants,Avinguda,MADRID,2,172,,,,,,,01,4
03-2014-0478,03,SANTS-MONTJUÏC,14,la Font de la Guatlla,Gran Via,CORTS CATALANES,2,234,,,,,,,BJ,1
03-2014-0480,03,SANTS-MONTJUÏC,11,el Poble Sec,Carrer,MATA,2,24,,,,,,,BJ,2
03-2014-0488,03,SANTS-MONTJUÏC,18,Sants,Carrer,RIEGO,2,14,,,,,,,02,3
03-2014-0491,03,SANTS-MONTJUÏC,16,la Bordeta,Carrer,HARTZENBUSCH,2,36,,,,,,,BJ,
03-2014-0492,03,SANTS-MONTJUÏC,11,el Poble Sec,Carrer,PIQUER,2,6,,,,,,,AT,2
03-2014-0493,03,SANTS-MONTJUÏC,11,el Poble Sec,Carrer,TAPIOLES,1,9,,,,,,,05,3
03-2014-0496,03,SANTS-MONTJUÏC,11,el Poble Sec,Carrer,ELKANO,2,60,,,,,,,02,2
03-2014-0556,03,SANTS-MONTJUÏC,18,Sants,Carrer,SANTS,1,137,,,,,,,4,1
03-2014-0557,03,SANTS-MONTJUÏC,18,Sants,Carrer,SANTS,1,137,,,,,,,5,1
03-2014-0587,03,SANTS-MONTJUÏC,14,la Font de la Guatlla,Carrer,MEXIC,2,24,,,,,,,1,1
03-2014-0593,03,SANTS-MONTJUÏC,14,la Font de la Guatlla,Carrer,MEXIC,2,24,,,,,,,2,2
03-2014-0610,03,SANTS-MONTJUÏC,14,la Font de la Guatlla,Carrer,MEXIC,2,26,,,,,,,01,3
03-2014-0661,03,SANTS-MONTJUÏC,11,el Poble Sec,Passatge,PRUNERA,2,4,,,,,,,BJ,2
03-2014-0683,03,SANTS-MONTJUÏC,16,la Bordeta,Rambla,BADAL,2,24,,26,,,,,EN,3A
03-2014-0708,03,SANTS-MONTJUÏC,17,Sants - Badal,Carrer,SUGRANYES,1,35,,37,,,,,01,D
03-2014-0735,03,SANTS-MONTJUÏC,18,Sants,Carrer,DEMOSTENES,1,17,,,,,,,02,2
03-2014-0784,03,SANTS-MONTJUÏC,18,Sants,Carrer,TINENT FLOMESTA,1,37,,,,,,,PR,1
03-2014-0786,03,SANTS-MONTJUÏC,18,Sants,Carrer,TINENT FLOMESTA,1,37,,,,,,,SA,
03-2014-0803,03,SANTS-MONTJUÏC,18,Sants,Carrer,RIERA DE TENA,1,37,,,,,,,03,
03-2014-0807,03,SANTS-MONTJUÏC,18,Sants,Carrer,SANT JORDI,2,8,,,,,,,01,3
03-2014-0865,03,SANTS-MONTJUÏC,17,Sants - Badal,Carrer,ROGER,2,32,,,,,,,05,2
03-2023-0186,03,SANTS-MONTJUÏC,11,el Poble Sec,Carrer,NOU DE LA RAMBLA,1,147,,,,,,,AT,2
03-2023-0241,03,SANTS-MONTJUÏC,11,el Poble Sec,Avinguda,PARAL.LEL,1,159,,,,,,,2,3
03-2023-0242,03,SANTS-MONTJUÏC,11,el Poble Sec,Avinguda,PARAL.LEL,1,159,,,,,,,3,1
03-2023-0248,03,SANTS-MONTJUÏC,11,el Poble Sec,Avinguda,PARAL.LEL,1,159,,,,,,,5,1
03-2023-0250,03,SANTS-MONTJUÏC,11,el Poble Sec,Avinguda,PARAL.LEL,1,159,,,,,,,5,3
03-2023-0253,03,SANTS-MONTJUÏC,11,el Poble Sec,Avinguda,PARAL.LEL,1,159,,,,,,,6,3
03-2023-0344,03,SANTS-MONTJUÏC,14,la Font de la Guatlla,Carrer,SANT FRUCTUOS,2,64,,74,,,,,1,2
03-2023-0349,03,SANTS-MONTJUÏC,14,la Font de la Guatlla,Carrer,SANT FRUCTUOS,2,64,,74,,,,,2,3
03-2023-0351,03,SANTS-MONTJUÏC,14,la Font de la Guatlla,Carrer,SANT FRUCTUOS,2,64,,74,,,,,2,5
03-2023-0354,03,SANTS-MONTJUÏC,14,la Font de la Guatlla,Carrer,SANT FRUCTUOS,2,64,,74,,,,,2,8
03-2023-0362,03,SANTS-MONTJUÏC,14,la Font de la Guatlla,Carrer,SANT FRUCTUOS,2,64,,74,,,,,2,16
03-2023-0374,03,SANTS-MONTJUÏC,14,la Font de la Guatlla,Carrer,SANT FRUCTUOS,2,64,,74,,,,,2,28
03-2023-0385,03,SANTS-MONTJUÏC,14,la Font de la Guatlla,Carrer,SANT FRUCTUOS,2,64,,74,,,,,3,11
03-2023-0386,03,SANTS-MONTJUÏC,14,la Font de la Guatlla,Carrer,SANT FRUCTUOS,2,64,,74,,,,,3,12
03-2023-0390,03,SANTS-MONTJUÏC,14,la Font de la Guatlla,Carrer,SANT FRUCTUOS,2,64,,74,,,,,3,16
03-2024-0053,03,SANTS-MONTJUÏC,11,el Poble Sec,Carrer,FONT HONRADA,1,37,,,,,,,EN,1
03-2024-0145,03,SANTS-MONTJUÏC,11,el Poble Sec,Carrer,NOU DE LA RAMBLA,1,147,,,,,,,2,1
04-2010-0171,04,LES CORTS,19,les Corts,Carrer,JOAN GUELL,1,169,,,,,,,BJ,3
04-2010-0200,04,LES CORTS,19,les Corts,Carrer,JOAN GUELL,1,169,,,,,,,04,1
04-2010-0201,04,LES CORTS,19,les Corts,Carrer,JOAN GUELL,1,169,,,,,,,04,2
04-2010-0304,04,LES CORTS,19,les Corts,Carrer,NUMANCIA,2,126,,,,,,,03,2
04-2011-0273,04,LES CORTS,19,les Corts,Carrer,EQUADOR,1,31,,,,,,,05,2
04-2012-0213,04,LES CORTS,19,les Corts,Carrer,JOAN GUELL,2,108,,,,,,I,01,1
04-2012-0227,04,LES CORTS,19,les Corts,Carrer,GERARD PIERA,1,5,,11,,,,,BJ,2
04-2012-0236,04,LES CORTS,19,les Corts,Carrer,GERARD PIERA,1,5,,11,,,,,BJ,7
04-2013-0119,04,LES CORTS,19,les Corts,Carrer,BORDEUS,1,7,,,,,,,1,A
04-2013-0162,04,LES CORTS,19,les Corts,Carrer,VALLESPIR,1,163,,,,,,,BJ,2
04-2013-0215,04,LES CORTS,19,les Corts,Carrer,TUBELLA,2,24,,,,,,,01,2
04-2013-0226,04,LES CORTS,19,les Corts,Carrer,GALILEU,2,316,,,,,,,SA,2
04-2013-0227,04,LES CORTS,19,les Corts,Carrer,GALILEU,2,316,,,,,,,1,3
04-2013-0233,04,LES CORTS,19,les Corts,Carrer,GALILEU,2,316,,,,,,,2,5
04-2013-0246,04,LES CORTS,19,les Corts,Carrer,DOLORS MASFERRER I BOSCH,2,20,,,,,,,01,6
04-2013-0247,04,LES CORTS,19,les Corts,Carrer,LORETO,2,32,,,,,,,3,2
04-2013-0342,04,LES CORTS,20,la Maternitat i Sant Ramon,Gran Via,CARLES III,1,63,B,,,,,,AT,1
04-2013-0354,04,LES CORTS,19,les Corts,Carrer,BERLIN,1,51,,,,,,,01,5
04-2013-0355,04,LES CORTS,19,les Corts,Carrer,BERLIN,1,51,,,,,,,05,4
04-2013-0370,04,LES CORTS,19,les Corts,Carrer,POBLA DE LILLET,2,22,,,,,,,BJ,A
04-2013-0415,04,LES CORTS,20,la Maternitat i Sant Ramon,Travessera,CORTS,2,124,,,,,,,2,3
04-2014-0155,04,LES CORTS,19,les Corts,Carrer,BERLIN,1,87,,,,,,,06,1
04-2014-0300,04,LES CORTS,19,les Corts,Carrer,GALILEU,2,316,,,,,,,5,3
04-2014-0368,04,LES CORTS,21,Pedralbes,Costa,SANT BARTOMEU DE LA QUADRA,1,9,,,,,,,,
04-2014-0385,04,LES CORTS,19,les Corts,Carrer,BORDEUS,1,23,,,,,,,03,1
04-2023-0182,04,LES CORTS,19,les Corts,Carrer,GUITARD,2,60,,62,,,,,AT,1
04-2024-0079,04,LES CORTS,19,les Corts,Carrer,NOVELL,1,51,,53,,,,,1,3
05-2008-0141,05,SARRIA-SANT GERVASI,26,Sant Gervasi - Galvany,Carrer,CALVET,1,17,,,,,,,01,4
05-2008-0144,05,SARRIA-SANT GERVASI,26,Sant Gervasi - Galvany,Carrer,CALVET,1,17,,,,,,,03,2
05-2008-0320,05,SARRIA-SANT GERVASI,23,Sarrià,Carrer,CORNET I MAS,2,4,,,,,,,01,2
05-2008-0324,05,SARRIA-SANT GERVASI,26,Sant Gervasi - Galvany,Passatge,MARIMON,1,11,,,,,,,02,2
05-2008-0459,05,SARRIA-SANT GERVASI,26,Sant Gervasi - Galvany,Carrer,LAFORJA,2,128,,,,,,,02,2
05-2011-0206,05,SARRIA-SANT GERVASI,24,les Tres Torres,Carrer,DOCTOR ROUX,2,34,,,,,,,2,
05-2011-0288,05,SARRIA-SANT GERVASI,27,el Putxet i el Farró,Carrer,BALLESTER,2,30,,,,,,,BJ,1
05-2011-0300,05,SARRIA-SANT GERVASI,27,el Putxet i el Farró,Carrer,HOMER,1,35,B,,,,,,BJ,1
05-2012-0062,05,SARRIA-SANT GERVASI,26,Sant Gervasi - Galvany,Via,AUGUSTA,1,153,,,,,,1,06,1
05-2012-0115,05,SARRIA-SANT GERVASI,26,Sant Gervasi - Galvany,Carrer,ARIBAU,2,226,,,,,,E,3,2
05-2012-0177,05,SARRIA-SANT GERVASI,26,Sant Gervasi - Galvany,Avinguda,DIAGONAL,2,594,,,,,,,05,2
05-2012-0182,05,SARRIA-SANT GERVASI,26,Sant Gervasi - Galvany,Avinguda,DIAGONAL,2,594,,,,,,,AT,1
05-2012-0192,05,SARRIA-SANT GERVASI,26,Sant Gervasi - Galvany,Carrer,PRATS DE MOLLO,2,14,,,,,,,1,3
05-2012-0224,05,SARRIA-SANT GERVASI,27,el Putxet i el Farró,Carrer,SARAGOSSA,2,6,,,,,,,BJ,
05-2012-0367,05,SARRIA-SANT GERVASI,26,Sant Gervasi - Galvany,Carrer,GANDUXER,2,50,,,,,,,03,1
05-2012-0475,05,SARRIA-SANT GERVASI,26,Sant Gervasi - Galvany,Carrer,GANDUXER,2,50,,,,,,,06,1
05-2012-0478,05,SARRIA-SANT GERVASI,26,Sant Gervasi - Galvany,Carrer,COPERNIC,1,83,,,,,,,02,1
05-2012-0525,05,SARRIA-SANT GERVASI,27,el Putxet i el Farró,Carrer,FRANCOLI,1,55,,,,,,,2,4
05-2012-0538,05,SARRIA-SANT GERVASI,27,el Putxet i el Farró,Carrer,FRANCOLI,1,55,,,,,,,BJ,1
05-2012-0576,05,SARRIA-SANT GERVASI,26,Sant Gervasi - Galvany,Carrer,ARIBAU,2,226,,,,,,,2,D
05-2012-0615,05,SARRIA-SANT GERVASI,26,Sant Gervasi - Galvany,Carrer,GANDUXER,2,50,,,,,,,01,4
05-2012-0628,05,SARRIA-SANT GERVASI,26,Sant Gervasi - Galvany,Carrer,CALVET,1,17,,,,,,,02,1
05-2013-0010,05,SARRIA-SANT GERVASI,26,Sant Gervasi - Galvany,Carrer,MADRAZO,2,78,,,,,,,04,2
05-2013-0055,05,SARRIA-SANT GERVASI,26,Sant Gervasi - Galvany,Carrer,CASANOVA,1,211,,,,,,,EN,1
05-2013-0079,05,SARRIA-SANT GERVASI,24,les Tres Torres,Ronda,GENERAL MITRE,1,7,,,,,,,11,1
05-2013-0081,05,SARRIA-SANT GERVASI,24,les Tres Torres,Ronda,GENERAL MITRE,1,7,,,,,,,01,6
05-2013-0100,05,SARRIA-SANT GERVASI,27,el Putxet i el Farró,Passeig,SANT GERVASI,2,58,,,,,,,03,4
05-2013-0128,05,SARRIA-SANT GERVASI,25,Sant Gervasi - la Bonanova,Carrer,SANT GERVASI DE CASSOLES,1,107,,,,,,,06,1
05-2013-0173,05,SARRIA-SANT GERVASI,27,el Putxet i el Farró,Ronda,GENERAL MITRE,2,238,,,,,,,03,2
05-2013-0178,05,SARRIA-SANT GERVASI,27,el Putxet i el Farró,Ronda,GENERAL MITRE,2,238,,,,,,,04,2
05-2013-0216,05,SARRIA-SANT GERVASI,26,Sant Gervasi - Galvany,Carrer,MADRAZO,1,135,,,,,,,01,2
05-2013-0285,05,SARRIA-SANT GERVASI,27,el Putxet i el Farró,Avinguda,REPUBLICA ARGENTINA,1,57,,,,,,,03,
05-2013-0319,05,SARRIA-SANT GERVASI,26,Sant Gervasi - Galvany,Carrer,CALVET,1,15,,,,,,,02,1
05-2013-0354,05,SARRIA-SANT GERVASI,24,les Tres Torres,Ronda,GENERAL MITRE,1,7,,,,,,,05,2
05-2013-0375,05,SARRIA-SANT GERVASI,27,el Putxet i el Farró,Carrer,BALLESTER,2,26,,,,,,,03,2
05-2013-0442,05,SARRIA-SANT GERVASI,26,Sant Gervasi - Galvany,Carrer,SAGUES,1,49,,,,,,,4,2
05-2013-0557,05,SARRIA-SANT GERVASI,26,Sant Gervasi - Galvany,Plaça,CARDONA,1,9,,,,,,,01,2
05-2013-0558,05,SARRIA-SANT GERVASI,25,Sant Gervasi - la Bonanova,Carrer,MUNTANER,2,502,,504,,,,,PR,1
05-2014-0013,05,SARRIA-SANT GERVASI,27,el Putxet i el Farró,Carrer,BERTRAN,2,156,,,,,,,02,4
05-2014-0028,05,SARRIA-SANT GERVASI,24,les Tres Torres,Ronda,GENERAL MITRE,1,7,,,,,,,02,4
05-2014-0064,05,SARRIA-SANT GERVASI,26,Sant Gervasi - Galvany,Carrer,ARIBAU,2,226,,,,,,E,2,1
05-2014-0076,05,SARRIA-SANT GERVASI,27,el Putxet i el Farró,Carrer,BALMES,2,382,,384,,,,,01,1
05-2014-0204,05,SARRIA-SANT GERVASI,23,Sarrià,Carrer,BONAPLATA,2,20,,,,,,,03,1
05-2014-0213,05,SARRIA-SANT GERVASI,27,el Putxet i el Farró,Carrer,BERTRAN,2,4,,,,,,,01,
05-2014-0216,05,SARRIA-SANT GERVASI,27,el Putxet i el Farró,Carrer,BERTRAN,2,4,,,,,,,04,
05-2014-0228,05,SARRIA-SANT GERVASI,26,Sant Gervasi - Galvany,Carrer,SANTALO,1,43,,,,,,,01,4
05-2014-0236,05,SARRIA-SANT GERVASI,26,Sant Gervasi - Galvany,Carrer,SANT EUSEBI,2,32,,,,,,,02,
05-2014-0241,05,SARRIA-SANT GERVASI,26,Sant Gervasi - Galvany,Carrer,FRANCESC PEREZ-CABRERO,1,11,,,,,,,05,3
05-2014-0506,05,SARRIA-SANT GERVASI,25,Sant Gervasi - la Bonanova,Carrer,MUNTANER,1,535,,,,,,,1,4
05-2014-0520,05,SARRIA-SANT GERVASI,23,Sarrià,Carrer,ROCABERTI,1,7,,,,,,,1,2
05-2020-0103,05,SARRIA-SANT GERVASI,23,Sarrià,Carrer,EUTERPE,1,9,,,,,,,2,1
05-2023-0096,05,SARRIA-SANT GERVASI,25,Sant Gervasi - la Bonanova,Carrer,MUNTANER,2,496,,,,,,,3,1
05-2023-0098,05,SARRIA-SANT GERVASI,27,el Putxet i el Farró,Carrer,PUTXET,2,26,,,,,,,1,1
05-2023-0102,05,SARRIA-SANT GERVASI,27,el Putxet i el Farró,Carrer,PUTXET,2,26,,,,,,,3,1
05-2023-0108,05,SARRIA-SANT GERVASI,27,el Putxet i el Farró,Carrer,PUTXET,2,26,,,,,,,6,1
05-2023-0115,05,SARRIA-SANT GERVASI,27,el Putxet i el Farró,Carrer,PUTXET,2,26,,,,,,,BJ,EX
05-2023-0194,05,SARRIA-SANT GERVASI,26,Sant Gervasi - Galvany,Carrer,BALMES,1,363,,,,,,,3,2
05-2023-0310,05,SARRIA-SANT GERVASI,26,Sant Gervasi - Galvany,Carrer,BALMES,1,327,,329,,,,,1,1
05-2023-0311,05,SARRIA-SANT GERVASI,26,Sant Gervasi - Galvany,Carrer,BALMES,1,327,,329,,,,,1,2
05-2023-0323,05,SARRIA-SANT GERVASI,26,Sant Gervasi - Galvany,Carrer,BALMES,1,327,,329,,,,,3,4
05-2023-0325,05,SARRIA-SANT GERVASI,26,Sant Gervasi - Galvany,Carrer,BALMES,1,327,,329,,,,,4,2
05-2023-0336,05,SARRIA-SANT GERVASI,26,Sant Gervasi - Galvany,Carrer,BALMES,1,327,,329,,,,,6,3
05-2023-0422,05,SARRIA-SANT GERVASI,27,el Putxet i el Farró,Avinguda,REPUBLICA ARGENTINA,1,5,,7,,,,,2,2
05-2023-0425,05,SARRIA-SANT GERVASI,27,el Putxet i el Farró,Avinguda,REPUBLICA ARGENTINA,1,5,,7,,,,,2,5
05-2023-0426,05,SARRIA-SANT GERVASI,27,el Putxet i el Farró,Avinguda,REPUBLICA ARGENTINA,1,5,,7,,,,,2,6
05-2023-0437,05,SARRIA-SANT GERVASI,27,el Putxet i el Farró,Avinguda,REPUBLICA ARGENTINA,1,5,,7,,,,,4,5
05-2023-0439,05,SARRIA-SANT GERVASI,25,Sant Gervasi - la Bonanova,Carrer,MUNTANER,2,496,,,,,,,4,2
05-2023-0440,05,SARRIA-SANT GERVASI,25,Sant Gervasi - la Bonanova,Carrer,CASTANYER,1,5,,,,,,,2,2
05-2023-0524,05,SARRIA-SANT GERVASI,25,Sant Gervasi - la Bonanova,Carrer,VALETA D'ARQUER,1,33,,,,,,,,
06-2008-0193,06,GRACIA,31,la Vila de Gràcia,Carrer,BONAVISTA,2,4,,,,,,,02,1
06-2008-0237,06,GRACIA,32,el Camp d'en Grassot i Gràcia Nova,Carrer,VENTALLO,2,48,,,,,,,03,2
06-2008-0241,06,GRACIA,32,el Camp d'en Grassot i Gràcia Nova,Carrer,VENTALLO,2,48,,,,,,,01,2
06-2009-0168,06,GRACIA,32,el Camp d'en Grassot i Gràcia Nova,Passatge,ALIO,2,12,,,,,,,01,1
06-2009-0388,06,GRACIA,31,la Vila de Gràcia,Carrer,TORRENT DE L'OLLA,1,161,,,,,,,04,3
06-2009-0392,06,GRACIA,31,la Vila de Gràcia,Carrer,TORRENT DE L'OLLA,1,161,,,,,,,03,3
06-2009-0394,06,GRACIA,31,la Vila de Gràcia,Carrer,TORRENT DE L'OLLA,1,161,,,,,,,03,1
06-2009-0399,06,GRACIA,31,la Vila de Gràcia,Carrer,TORRENT DE L'OLLA,1,161,,,,,,,01,4
06-2009-0401,06,GRACIA,31,la Vila de Gràcia,Carrer,TORRENT DE L'OLLA,1,161,,,,,,,01,2
06-2010-0069,06,GRACIA,28,Vallcarca i els Penitents,Carrer,BOLIVAR,1,17,,,,,,,BJ,
06-2010-0071,06,GRACIA,31,la Vila de Gràcia,Carrer,GOYA,1,7,,,,,,,01,2
06-2010-0131,06,GRACIA,31,la Vila de Gràcia,Carrer,SANT PERE MARTIR,1,39,,,,,,,PR,2
06-2010-0138,06,GRACIA,31,la Vila de Gràcia,Carrer,SANT PERE MARTIR,1,39,,,,,,,03,2
06-2010-0163,06,GRACIA,31,la Vila de Gràcia,Passeig,GRACIA,2,128,,,,,,,PR,3
06-2010-0166,06,GRACIA,31,la Vila de Gràcia,Passeig,GRACIA,2,128,,,,,,,01,3
06-2010-0172,06,GRACIA,31,la Vila de Gràcia,Passeig,GRACIA,2,128,,,,,,,03,3
06-2010-0185,06,GRACIA,31,la Vila de Gràcia,Travessera,GRACIA,2,164,,,,,,,01,1
06-2010-0223,06,GRACIA,32,el Camp d'en Grassot i Gràcia Nova,Carrer,GRASSOT,2,4,,,,,,,AT,2
06-2010-0224,06,GRACIA,32,el Camp d'en Grassot i Gràcia Nova,Carrer,GRASSOT,2,4,,,,,,,03,1
06-2010-0232,06,GRACIA,32,el Camp d'en Grassot i Gràcia Nova,Carrer,GRASSOT,2,4,,,,,,,SA,1
06-2010-0337,06,GRACIA,31,la Vila de Gràcia,Carrer,SANTA TECLA,1,3,,,,,,,PR,1
06-2010-0492,06,GRACIA,31,la Vila de Gràcia,Passeig,GRACIA,1,113,,,,,,,02,B
06-2010-0532,06,GRACIA,31,la Vila de Gràcia,Carrer,SANTA TECLA,1,3,,,,,,,02,3
06-2010-0533,06,GRACIA,31,la Vila de Gràcia,Carrer,SANTA TECLA,1,3,,,,,,,02,4
06-2011-0148,06,GRACIA,31,la Vila de Gràcia,Carrer,CORSEGA,1,395,,,,,,,01,
06-2011-0421,06,GRACIA,31,la Vila de Gràcia,Carrer,SANT DOMENEC,1,11,,,,,,,01,2
06-2012-0030,06,GRACIA,31,la Vila de Gràcia,Carrer,SANT DOMENEC,1,11,,,,,,,03,1
06-2012-0106,06,GRACIA,31,la Vila de Gràcia,Carrer,GRAN DE GRACIA,1,205,,,,,,,02,2
06-2012-0107,06,GRACIA,31,la Vila de Gràcia,Carrer,GRAN DE GRACIA,1,205,,,,,,,03,1
06-2012-0231,06,GRACIA,31,la Vila de Gràcia,Carrer,GOYA,1,7,,,,,,,02,1
06-2012-0246,06,GRACIA,31,la Vila de Gràcia,Carrer,CANO,1,3,,,,,,,BJ,3
06-2012-0283,06,GRACIA,31,la Vila de Gràcia,Carrer,SANT SALVADOR,2,20,,,,,,,01,2
06-2012-0287,06,GRACIA,31,la Vila de Gràcia,Carrer,SANT SALVADOR,2,20,,,,,,,02,2
06-2012-0364,06,GRACIA,32,el Camp d'en Grassot i Gràcia Nova,Passatge,ALIO,1,5,,,,,,,01,1
06-2012-0365,06,GRACIA,32,el Camp d'en Grassot i Gràcia Nova,Passatge,ALIO,2,30,,,,,,,BJ,2
06-2012-0369,06,GRACIA,32,el Camp d'en Grassot i Gràcia Nova,Travessera,GRACIA,1,343,,,,,,,02,1
06-2012-0374,06,GRACIA,32,el Camp d'en Grassot i Gràcia Nova,Travessera,GRACIA,1,343,,,,,,,4,2
06-2012-0380,06,GRACIA,31,la Vila de Gràcia,Carrer,SANT PERE MARTIR,1,15,,,,,,,01,2
06-2012-0385,06,GRACIA,31,la Vila de Gràcia,Carrer,PERE SERAFI,2,36,,,,,,,PR,4
06-2012-0398,06,GRACIA,32,el Camp d'en Grassot i Gràcia Nova,Carrer,INDUSTRIA,2,80,,,,,,,05,2
06-2012-0399,06,GRACIA,31,la Vila de Gràcia,Carrer,IGUALADA,2,20,,,,,,,04,2
06-2012-0408,06,GRACIA,31,la Vila de Gràcia,Carrer,TORRIJOS,2,12,,,,,,,01,1
06-2012-0455,06,GRACIA,32,el Camp d'en Grassot i Gràcia Nova,Carrer,PAU ALSINA,1,57,,,,,,,3,4
06-2012-0476,06,GRACIA,31,la Vila de Gràcia,Carrer,TORRENT DE L'OLLA,2,42,,,,,,,01,1
06-2012-0492,06,GRACIA,31,la Vila de Gràcia,Carrer,BANYOLES,1,9,,,,,,B,01,2
06-2012-0493,06,GRACIA,31,la Vila de Gràcia,Carrer,FRATERNITAT,1,23,,,,,,,PR,
06-2012-0497,06,GRACIA,32,el Camp d'en Grassot i Gràcia Nova,Carrer,SANT ANTONI MARIA CLARET,2,98,,,,,,,03,2
06-2012-0566,06,GRACIA,31,la Vila de Gràcia,Carrer,TRILLA,2,2,,,,,,,BJ,
06-2012-0572,06,GRACIA,32,el Camp d'en Grassot i Gràcia Nova,Carrer,SANT ANTONI MARIA CLARET,1,3,,,,,,,02,3
06-2012-0583,06,GRACIA,31,la Vila de Gràcia,Carrer,GRAN DE GRACIA,2,12,,,,,,,01,
06-2012-0584,06,GRACIA,31,la Vila de Gràcia,Carrer,GRAN DE GRACIA,2,12,,,,,,,02,
06-2012-0592,06,GRACIA,32,el Camp d'en Grassot i Gràcia Nova,Carrer,ENCARNACIO,2,142,,,,,,,AT,
06-2012-0602,06,GRACIA,31,la Vila de Gràcia,Carrer,SANT DOMENEC,1,5,,,,,,,03,2
06-2013-0015,06,GRACIA,31,la Vila de Gràcia,Carrer,LLIBERTAT,1,47,,,,,,,02,3
06-2013-0019,06,GRACIA,32,el Camp d'en Grassot i Gràcia Nova,Passatge,NOGUES,1,5,,,,,,,01,1
06-2013-0026,06,GRACIA,28,Vallcarca i els Penitents,Carrer,ANNA PIFERRER,2,16,,,,,,,6,B
06-2013-0037,06,GRACIA,31,la Vila de Gràcia,Carrer,MARTINEZ DE LA ROSA,2,42,,,,,,,EN,1
06-2013-0043,06,GRACIA,28,Vallcarca i els Penitents,Avinguda,REPUBLICA ARGENTINA,2,164,,,,,,,04,2
06-2013-0057,06,GRACIA,31,la Vila de Gràcia,Passeig,GRACIA,1,115,,,,,,,05,1
06-2013-0060,06,GRACIA,31,la Vila de Gràcia,Via,AUGUSTA,2,58,,,,,,,04,1
06-2013-0107,06,GRACIA,31,la Vila de Gràcia,Carrer,TORRENT D'EN VIDALET,2,30,,32,,,,,04,1
06-2013-0158,06,GRACIA,31,la Vila de Gràcia,Carrer,TORRENT DE L'OLLA,1,49,,,,,,,01,2
06-2013-0159,06,GRACIA,31,la Vila de Gràcia,Carrer,TORRENT DE L'OLLA,1,49,,,,,,,01,1
06-2013-0160,06,GRACIA,31,la Vila de Gràcia,Carrer,TORRENT DE L'OLLA,1,49,,,,,,,EN,
06-2013-0165,06,GRACIA,31,la Vila de Gràcia,Carrer,MOZART,2,20,,,,,,,1,5
06-2013-0168,06,GRACIA,31,la Vila de Gràcia,Carrer,LLORER,1,5,,7,,,,,BJ,D
06-2013-0232,06,GRACIA,31,la Vila de Gràcia,Carrer,SENECA,1,7,,,,,,,01,1
06-2013-0235,06,GRACIA,31,la Vila de Gràcia,Carrer,RAMON Y CAJAL,2,8,,,,,,,03,1
06-2013-0242,06,GRACIA,31,la Vila de Gràcia,Travessera,GRACIA,2,146,,,,,,,02,
06-2013-0260,06,GRACIA,31,la Vila de Gràcia,Carrer,AULESTIA I PIJOAN,1,25,,,,,,,02,
06-2013-0268,06,GRACIA,31,la Vila de Gràcia,Carrer,ESCORIAL,1,11,,,,,,,AT,2
06-2013-0273,06,GRACIA,31,la Vila de Gràcia,Carrer,ESCORIAL,1,11,,,,,,,03,2
06-2013-0282,06,GRACIA,31,la Vila de Gràcia,Carrer,JOAN BLANQUES,1,67,,69,,,,,01,1
06-2013-0308,06,GRACIA,31,la Vila de Gràcia,Carrer,DOCTOR RIZAL,2,2,,,,,2,A,BJ,1
06-2013-0315,06,GRACIA,31,la Vila de Gràcia,Carrer,MASSENS,1,23,,,,,,,02,1
06-2013-0320,06,GRACIA,31,la Vila de Gràcia,Travessera,GRACIA,1,187,,,,,,,02,4
06-2013-0323,06,GRACIA,32,el Camp d'en Grassot i Gràcia Nova,Carrer,BAILEN,2,212,,,,,,B,EN,4
06-2013-0344,06,GRACIA,32,el Camp d'en Grassot i Gràcia Nova,Carrer,INDUSTRIA,1,87,,,,,,,05,1
06-2013-0349,06,GRACIA,28,Vallcarca i els Penitents,Carrer,MARE DE DEU DELS REIS,2,8,,10,,,,,SA,1
06-2013-0359,06,GRACIA,31,la Vila de Gràcia,Carrer,SANT PERE MARTIR,2,46,,,,,,,3,
06-2013-0370,06,GRACIA,28,Vallcarca i els Penitents,Carrer,PALOU,1,23,,,,,,,BJ,
06-2013-0372,06,GRACIA,31,la Vila de Gràcia,Carrer,RIERA DE SANT MIQUEL,1,29,,,,,,,1,2
06-2013-0386,06,GRACIA,31,la Vila de Gràcia,Carrer,JOAN BLANQUES,1,67,,69,,,,,01,2
06-2013-0399,06,GRACIA,31,la Vila de Gràcia,Carrer,BRUNIQUER,1,59,,61,,,,,AT,2
06-2013-0405,06,GRACIA,31,la Vila de Gràcia,Carrer,PLANETA,1,39,,,,,,,02,2
06-2013-0414,06,GRACIA,31,la Vila de Gràcia,Carrer,MILA I FONTANALS,1,55,,,,,,,02,1
06-2013-0418,06,GRACIA,31,la Vila de Gràcia,Carrer,MILA I FONTANALS,1,55,,,,,,,04,1
06-2013-0421,06,GRACIA,31,la Vila de Gràcia,Travessera,GRACIA,1,233,,,,,,,EN,
06-2013-0503,06,GRACIA,31,la Vila de Gràcia,Carrer,SAMSO,2,4,,,,,,,02,1
06-2013-0504,06,GRACIA,31,la Vila de Gràcia,Carrer,SAMSO,2,4,,,,,,,02,2
06-2013-0545,06,GRACIA,31,la Vila de Gràcia,Carrer,MARTI,1,43,,,,,,,03,5
06-2013-0551,06,GRACIA,31,la Vila de Gràcia,Carrer,SANTA ROSA,2,10,,,,,,,2,2
06-2013-0562,06,GRACIA,28,Vallcarca i els Penitents,Carrer,MARE DE DEU DEL COLL,2,82,,,,,,,SA,1
06-2013-0592,06,GRACIA,31,la Vila de Gràcia,Carrer,SAMSO,2,4,,,,,,,03,2
06-2013-0623,06,GRACIA,32,el Camp d'en Grassot i Gràcia Nova,Passatge,NOGUES,1,7,,,,,,,03,1
06-2013-0708,06,GRACIA,31,la Vila de Gràcia,Carrer,MARTINEZ DE LA ROSA,1,51,,,,,,,3,1
06-2013-0725,06,GRACIA,32,el Camp d'en Grassot i Gràcia Nova,Carrer,ROSSELLO,1,347,,,,,,,02,1
06-2013-0752,06,GRACIA,31,la Vila de Gràcia,Carrer,PROGRES,1,25,,,,,,,01,1
06-2013-0755,06,GRACIA,32,el Camp d'en Grassot i Gràcia Nova,Carrer,CORSEGA,2,440,,,,,,,EN,2
06-2014-0008,06,GRACIA,31,la Vila de Gràcia,Carrer,MASSENS,1,15,,,,,,,2,3
06-2014-0034,06,GRACIA,31,la Vila de Gràcia,Carrer,TORRENT DE L'OLLA,2,84,,,,,,,PR,1
06-2014-0035,06,GRACIA,31,la Vila de Gràcia,Carrer,MILA I FONTANALS,1,45,,,,,,,PR,4
06-2014-0054,06,GRACIA,32,el Camp d'en Grassot i Gràcia Nova,Carrer,CORSEGA,1,523,,,,,,,01,1
06-2014-0055,06,GRACIA,32,el Camp d'en Grassot i Gràcia Nova,Carrer,CORSEGA,1,523,,,,,,,02,1
06-2014-0093,06,GRACIA,31,la Vila de Gràcia,Carrer,ESCORIAL,1,11,,13,,,,,05,1
06-2014-0119,06,GRACIA,31,la Vila de Gràcia,Carrer,MATILDE,1,7,,,,,,,PR,
06-2014-0140,06,GRACIA,31,la Vila de Gràcia,Carrer,CAMPRODON,1,23,,,,,,,01,3
06-2014-0153,06,GRACIA,31,la Vila de Gràcia,Plaça,GAL.LA PLACIDIA,2,16,,18,,,,,04,1
06-2014-0168,06,GRACIA,31,la Vila de Gràcia,Carrer,QUEVEDO,2,12,,,,,,,03,1
06-2014-0177,06,GRACIA,31,la Vila de Gràcia,Travessera,GRACIA,2,196,,,,,,,05,2
06-2014-0187,06,GRACIA,31,la Vila de Gràcia,Carrer,CAMPRODON,1,23,,,,,,,02,3
06-2014-0194,06,GRACIA,31,la Vila de Gràcia,Carrer,CAMPRODON,1,23,,,,,,,PR,2
06-2014-0202,06,GRACIA,28,Vallcarca i els Penitents,Carrer,GUSTAVO BECQUER,2,12,,,,,,,BJ,1
06-2014-0226,06,GRACIA,31,la Vila de Gràcia,Carrer,SANTA MAGDALENA,1,13,,,,,,,05,
06-2014-0237,06,GRACIA,31,la Vila de Gràcia,Avinguda,DIAGONAL,2,478,,,,,,,02,2
06-2014-0249,06,GRACIA,31,la Vila de Gràcia,Avinguda,DIAGONAL,2,478,,,,,,,06,
06-2014-0278,06,GRACIA,31,la Vila de Gràcia,Carrer,SANT GABRIEL,1,15,,,,,,,PR,1
06-2014-0288,06,GRACIA,31,la Vila de Gràcia,Carrer,BRUNIQUER,1,65,,,,,,,02,
06-2014-0308,06,GRACIA,31,la Vila de Gràcia,Carrer,MILA I FONTANALS,1,3,,,,,,C,01,1
06-2014-0339,06,GRACIA,31,la Vila de Gràcia,Carrer,ALZINA,1,19,,,,,,,BJ,
06-2014-0342,06,GRACIA,31,la Vila de Gràcia,Carrer,IGUALADA,1,33,,,,,,,2,2
06-2014-0353,06,GRACIA,31,la Vila de Gràcia,Carrer,GRAN DE GRACIA,1,11,,,,,,,05,
06-2014-0373,06,GRACIA,31,la Vila de Gràcia,Carrer,MOZART,1,9,,,,,,,02,
06-2014-0384,06,GRACIA,32,el Camp d'en Grassot i Gràcia Nova,Carrer,ROSSELLO,1,415,B,,,,,,01,1
06-2014-0385,06,GRACIA,31,la Vila de Gràcia,Carrer,TRES SENYORES,1,27,,,,,,,BJ,2
06-2014-0388,06,GRACIA,31,la Vila de Gràcia,Carrer,SANTA CLOTILDE,2,6,,,,,,,BJ,1
06-2014-0409,06,GRACIA,31,la Vila de Gràcia,Carrer,MOZART,2,22,,,,,,,01,1
06-2014-0449,06,GRACIA,30,la Salut,Carrer,MAIGNON,1,15,,,,,,,03,3
06-2014-0523,06,GRACIA,29,el Coll,Carrer,SANT EUDALD,1,33,,,,,,,02,1
06-2014-0529,06,GRACIA,31,la Vila de Gràcia,Carrer,PROVIDENCIA,2,12,,,,,,,PR,1
06-2014-0536,06,GRACIA,31,la Vila de Gràcia,Carrer,MOZART,2,20,,,,,,,EN,5
06-2014-0539,06,GRACIA,31,la Vila de Gràcia,Carrer,VERDI,2,70,,,,,,,02,2
06-2014-0546,06,GRACIA,32,el Camp d'en Grassot i Gràcia Nova,Carrer,NAPOLS,2,330,,,,,,,PR,1
06-2014-0554,06,GRACIA,31,la Vila de Gràcia,Carrer,RIERA DE SANT MIQUEL,1,15,,,,,,,2,2
06-2014-0557,06,GRACIA,31,la Vila de Gràcia,Carrer,CORSEGA,1,397,,,,,,,AT,2
06-2014-0616,06,GRACIA,31,la Vila de Gràcia,Carrer,SANT DOMENEC,1,9,,,,,,,02,1
06-2023-0268,06,GRACIA,31,la Vila de Gràcia,Carrer,ASTURIES,1,87,,,,,,,2,2
06-2023-0355,06,GRACIA,30,la Salut,Carrer,ALBIGESOS,2,16,,,,,,,1,1
06-2023-0367,06,GRACIA,31,la Vila de Gràcia,Carrer,RIERA DE SANT MIQUEL,2,74,,,,,,,2,1
06-2023-0369,06,GRACIA,31,la Vila de Gràcia,Carrer,RIERA DE SANT MIQUEL,2,74,,,,,,,AT,
07-2008-0263,07,HORTA-GUINARDÓ,35,el Guinardó,Carrer,RENAIXENÇA,2,54,,,,,,,BJ,C
07-2009-0176,07,HORTA-GUINARDÓ,33,el Baix Guinardó,Travessera,GRACIA,1,441,,,,,,,2,4
07-2010-0005,07,HORTA-GUINARDÓ,36,la Font d'en Fargues,Passeig,MARAGALL,1,347,,,,,,,BJ,
07-2010-0127,07,HORTA-GUINARDÓ,43,Horta,Carrer,HORTA,1,7,,,,,,,BJ,
07-2011-0152,07,HORTA-GUINARDÓ,35,el Guinardó,Carrer,AMILCAR,2,150,,,,,,,3,3
07-2011-0201,07,HORTA-GUINARDÓ,33,el Baix Guinardó,Carrer,PI I MARGALL,2,110,,,,,,,EN,04
07-2012-0082,07,HORTA-GUINARDÓ,34,Can Baró,Carrer,JOSEP SERRANO,2,4,,,,,,,BJ,1
07-2012-0158,07,HORTA-GUINARDÓ,33,el Baix Guinardó,Carrer,ENCARNACIO,2,200,,,,,,,8,2
07-2012-0208,07,HORTA-GUINARDÓ,35,el Guinardó,Carrer,TELEGRAF,1,19,,21,,,,,3,2
07-2012-0225,07,HORTA-GUINARDÓ,33,el Baix Guinardó,Travessera,GRACIA,2,366,,,,,,,01,01
07-2012-0237,07,HORTA-GUINARDÓ,33,el Baix Guinardó,Carrer,PADILLA,1,347,,,,,,,EN,02
07-2013-0001,07,HORTA-GUINARDÓ,33,el Baix Guinardó,Carrer,CASTILLEJOS,1,411,,413,,,,,2,1
07-2013-0076,07,HORTA-GUINARDÓ,35,el Guinardó,Carrer,VARSOVIA,1,113,B,,,,,,3,
07-2013-0095,07,HORTA-GUINARDÓ,38,la Teixonera,Carrer,BESOS,1,25,,,,,,,EN,01
07-2013-0101,07,HORTA-GUINARDÓ,35,el Guinardó,Avinguda,MARE DE DEU DE MONTSERRAT,2,192,,,,,,,3,3
07-2013-0136,07,HORTA-GUINARDÓ,35,el Guinardó,Carrer,VARSOVIA,1,113,B,,,,,,,
07-2013-0200,07,HORTA-GUINARDÓ,33,el Baix Guinardó,Carrer,CAMELIES,1,71,,,,,,,3,1
07-2013-0318,07,HORTA-GUINARDÓ,33,el Baix Guinardó,Carrer,SANT ANTONI MARIA CLARET,1,79,,,,,,,PR,1
07-2014-0033,07,HORTA-GUINARDÓ,35,el Guinardó,Carrer,AMERICA,2,22,,,,,,,2,
07-2014-0039,07,HORTA-GUINARDÓ,35,el Guinardó,Passatge,FLAUGIER,1,19,,,,,,,3,1
07-2014-0112,07,HORTA-GUINARDÓ,35,el Guinardó,Carrer,SANT ANTONI MARIA CLARET,1,217,,221,,,,,2,2
07-2014-0186,07,HORTA-GUINARDÓ,39,Sant Genís dels Agudells,Carrer,PEREA,1,1,,,,,,,15,1
07-2014-0188,07,HORTA-GUINARDÓ,43,Horta,Carrer,SANT TOMAS,2,66,,,,,,,BJ,
07-2014-0193,07,HORTA-GUINARDÓ,35,el Guinardó,Carrer,ARC DE SANT MARTI,1,77,,,,,,,BJ,1
07-2014-0203,07,HORTA-GUINARDÓ,35,el Guinardó,Carrer,ART,2,30,,,,,,,2,1
07-2014-0215,07,HORTA-GUINARDÓ,37,el Carmel,Carrer,CALDERON DE LA BARCA,1,123,,,,,,,2,
07-2014-0224,07,HORTA-GUINARDÓ,38,la Teixonera,Carrer,SANTA ROSALIA,1,11,,13,,,,,1,3
07-2014-0283,07,HORTA-GUINARDÓ,34,Can Baró,Carrer,FRANCESC ALEGRE,1,9,,,,,,,BJ,2
07-2014-0306,07,HORTA-GUINARDÓ,34,Can Baró,Carrer,FRANÇA,1,13,,,,,,,AT,01
07-2014-0308,07,HORTA-GUINARDÓ,43,Horta,Carrer,HORTA,1,143,,,,,,,2,
07-2014-0333,07,HORTA-GUINARDÓ,37,el Carmel,Carrer,GRAN VISTA,1,127,,,,,,,2,2
07-2018-0122,07,HORTA-GUINARDÓ,39,Sant Genís dels Agudells,Carretera,VISTA-RICA,2,28,,,,,,,BJ,
07-2023-0103,07,HORTA-GUINARDÓ,33,el Baix Guinardó,Travessera,GRACIA,1,429,,,,,,,2,1
07-2023-0105,07,HORTA-GUINARDÓ,33,el Baix Guinardó,Travessera,GRACIA,1,429,,,,,,,1,1
08-2012-0004,08,NOU BARRIS,44,Vilapicina i la Torre Llobeta,Carrer,COSTA I CUXART,2,4,,,,,,,01,2
08-2013-0001,08,NOU BARRIS,48,la Guineueta,Carrer,MARIE CURIE,1,9,,,,,,,BJ,1
08-2014-0105,08,NOU BARRIS,45,Porta,Carrer,ALCUDIA,2,28,,30,,,,,01,3
08-2014-0141,08,NOU BARRIS,52,la Prosperitat,Carrer,SANTA ENGRACIA,2,68,,,,,,,AT,
08-2014-0145,08,NOU BARRIS,44,Vilapicina i la Torre Llobeta,Carrer,CARTELLA,2,50,,,,,,,01,4
08-2019-0088,08,NOU BARRIS,45,Porta,Passeig,FABRA I PUIG,2,192,,,,,,,2,1
08-2019-0091,08,NOU BARRIS,45,Porta,Passeig,FABRA I PUIG,2,192,,,,,,,3,2
08-2019-0095,08,NOU BARRIS,45,Porta,Passeig,FABRA I PUIG,2,192,,,,,,,EN,1
08-2023-0130,08,NOU BARRIS,44,Vilapicina i la Torre Llobeta,Passeig,FABRA I PUIG,1,97,,,,,,,EN,1
09-2012-0119,09,SANT ANDREU,61,la Sagrera,Carrer,PACIFIC,1,23,,27,,,,,01,5
09-2012-0274,09,SANT ANDREU,60,Sant Andreu,Carrer,CASTELLBELL,1,25,,29,,,,2,BJ,1
09-2012-0294,09,SANT ANDREU,62,el Congrés i els Indians,Carrer,ACACIES,2,52,,,,,,,BJ,1
09-2013-0294,09,SANT ANDREU,60,Sant Andreu,Carrer,LANZAROTE,2,10,,,,,,,2,2
09-2013-0295,09,SANT ANDREU,60,Sant Andreu,Carrer,LANZAROTE,2,10,,,,,,,BJ,1
09-2013-0296,09,SANT ANDREU,60,Sant Andreu,Carrer,LANZAROTE,2,10,,,,,,,2,1
09-2023-0111,09,SANT ANDREU,60,Sant Andreu,Carrer,VALLES,1,5,,,,,,,1,
10-2008-0389,10,SANT MARTI,69,Diagonal Mar i el Front Marítim del Poblenou,Carrer,PELLAIRES,1,25,,,,,,,02,B
10-2008-0413,10,SANT MARTI,64,el Camp de l'Arpa del Clot,Carrer,CORSEGA,2,662,,,,,,,EN,2
10-2008-0526,10,SANT MARTI,68,el Poblenou,Carrer,PERE IV,2,262,,,,,,,05,2
10-2008-0583,10,SANT MARTI,64,el Camp de l'Arpa del Clot,Carrer,ARAGO,1,565,,,,,,,01,2
10-2008-0588,10,SANT MARTI,64,el Camp de l'Arpa del Clot,Carrer,ARAGO,1,565,,,,,,,03,1
10-2008-0648,10,SANT MARTI,67,la Vila Olímpica del Poblenou,Carrer,JOAN D'AUSTRIA,1,51,,,,,,A,01,1
10-2009-0294,10,SANT MARTI,67,la Vila Olímpica del Poblenou,Carrer,SALVADOR ESPRIU,1,75,,,,,,,01,D
10-2009-0332,10,SANT MARTI,64,el Camp de l'Arpa del Clot,Carrer,INDEPENDENCIA,1,297,,299,,,,,05,2
10-2009-0338,10,SANT MARTI,68,el Poblenou,Passatge,PIQUER,2,2,,6,,,,,05,2
10-2009-0458,10,SANT MARTI,69,Diagonal Mar i el Front Marítim del Poblenou,Passeig,GARCIA FARIA,1,81,,,,,,E,08,5
10-2010-0010,10,SANT MARTI,68,el Poblenou,Carrer,GALCERAN MARQUET,2,8,,,,,,,02,
10-2010-0152,10,SANT MARTI,67,la Vila Olímpica del Poblenou,Avinguda,ICARIA,1,143,,,,,,,05,2
10-2010-0228,10,SANT MARTI,72,Sant Martí de Provençals,Gran Via,CORTS CATALANES,1,1021,,1023,,,,,01,1
10-2010-0249,10,SANT MARTI,69,Diagonal Mar i el Front Marítim del Poblenou,Carrer,JOSEP PLA,1,19,,,,,,,10,3
10-2010-0354,10,SANT MARTI,68,el Poblenou,Carrer,AMISTAT,2,44,,,,,,,BJ,1
10-2010-0357,10,SANT MARTI,68,el Poblenou,Carrer,AMISTAT,2,44,,,,,,,01,1
10-2010-0483,10,SANT MARTI,68,el Poblenou,Passeig,CALVELL,1,45,,,,,,D,07,2
10-2010-0488,10,SANT MARTI,68,el Poblenou,Passeig,CALVELL,1,45,,,,,,A,03,4
10-2010-0596,10,SANT MARTI,68,el Poblenou,Rambla,POBLENOU,1,121,,123,,,,D,03,1
10-2010-0598,10,SANT MARTI,69,Diagonal Mar i el Front Marítim del Poblenou,Passeig,GARCIA FARIA,1,75,,,,,,,03,1
10-2010-0601,10,SANT MARTI,69,Diagonal Mar i el Front Marítim del Poblenou,Passeig,GARCIA FARIA,1,75,,,,,,,03,6
10-2011-0206,10,SANT MARTI,68,el Poblenou,Carrer,PUJADES,2,120,,122,,,,,01,1
10-2011-0208,10,SANT MARTI,68,el Poblenou,Carrer,PUJADES,2,120,,122,,,,,01,3
10-2011-0217,10,SANT MARTI,68,el Poblenou,Passeig,CALVELL,1,45,,,,,,B,06,2
10-2011-0242,10,SANT MARTI,64,el Camp de l'Arpa del Clot,Carrer,INDUSTRIA,1,201,,203,,,,,01,4
10-2011-0369,10,SANT MARTI,68,el Poblenou,Carrer,PUJADES,2,120,,122,,,,,01,4
10-2011-0426,10,SANT MARTI,68,el Poblenou,Carrer,VENERO,2,8,,,,,,,02,1
10-2011-0515,10,SANT MARTI,64,el Camp de l'Arpa del Clot,Carrer,FRESER,1,5,,,,,,,AT,2
10-2011-0517,10,SANT MARTI,64,el Camp de l'Arpa del Clot,Carrer,FRESER,1,5,,,,,,,02,2
10-2012-0045,10,SANT MARTI,69,Diagonal Mar i el Front Marítim del Poblenou,Passeig,GARCIA FARIA,1,73,,75,,,,,22,2
10-2012-0101,10,SANT MARTI,67,la Vila Olímpica del Poblenou,Carrer,MARINA,2,70,,,,,,,2,1
10-2012-0168,10,SANT MARTI,68,el Poblenou,Plaça,PRIM,1,3,,,,,,,02,3
10-2012-0308,10,SANT MARTI,64,el Camp de l'Arpa del Clot,Carrer,MALLORCA,2,616,,,,,,,1,2
10-2012-0318,10,SANT MARTI,68,el Poblenou,Avinguda,DIAGONAL,1,141,,,,,,,01,4
10-2012-0342,10,SANT MARTI,64,el Camp de l'Arpa del Clot,Carrer,CORSEGA,1,703,,,,,,,PR,2
10-2012-0393,10,SANT MARTI,68,el Poblenou,Carrer,PERELLO,2,42,,,,,,,01,1
10-2012-0419,10,SANT MARTI,64,el Camp de l'Arpa del Clot,Carrer,INDEPENDENCIA,1,319,,,,,,,1,
10-2012-0422,10,SANT MARTI,64,el Camp de l'Arpa del Clot,Carrer,INDEPENDENCIA,1,317,,,,,,,5,3
10-2012-0449,10,SANT MARTI,68,el Poblenou,Carrer,PALLARS,1,171,,,,,,,03,1
10-2012-0456,10,SANT MARTI,67,la Vila Olímpica del Poblenou,Carrer,HELSINKI,1,3,,,,,,,BJ,
10-2012-0467,10,SANT MARTI,66,el Parc i la Llacuna del Poblenou,Passatge,ALI BEI,2,4,,,,,,,,
10-2012-0500,10,SANT MARTI,67,la Vila Olímpica del Poblenou,Carrer,PAMPLONA,1,45,,,,,,,01,11
10-2012-0530,10,SANT MARTI,66,el Parc i la Llacuna del Poblenou,Carrer,SARDENYA,2,104,,106,,,,,02,2
10-2012-0539,10,SANT MARTI,64,el Camp de l'Arpa del Clot,Carrer,INDEPENDENCIA,1,317,,,,,,,4,4
10-2012-0587,10,SANT MARTI,64,el Camp de l'Arpa del Clot,Carrer,XIFRE,1,117,,,,,,,AT,2
10-2012-0608,10,SANT MARTI,68,el Poblenou,Carrer,BILBAO,2,24,,32,,2,,C,03,2
10-2012-0616,10,SANT MARTI,66,el Parc i la Llacuna del Poblenou,Carrer,MARINA,2,110,,,,,,,01,1
10-2012-0624,10,SANT MARTI,69,Diagonal Mar i el Front Marítim del Poblenou,Avinguda,DIAGONAL,1,99,,,,,,B,01,1
10-2012-0632,10,SANT MARTI,69,Diagonal Mar i el Front Marítim del Poblenou,Passeig,GARCIA FARIA,1,23,,,,,,,07,3
10-2012-0643,10,SANT MARTI,68,el Poblenou,Passatge,MAS DE RODA,2,26,,,,B,,,04,5
10-2012-0645,10,SANT MARTI,65,el Clot,Avinguda,MERIDIANA,1,109,,,,,,,4,1
10-2013-0028,10,SANT MARTI,68,el Poblenou,Carrer,TORTELLA,1,3,,,,,,,02,1
10-2013-0086,10,SANT MARTI,66,el Parc i la Llacuna del Poblenou,Passeig,PUJADES,1,25,,,,,,,PR,1
10-2013-0098,10,SANT MARTI,68,el Poblenou,Passeig,CALVELL,1,45,,,,,,C,02,1
10-2013-0103,10,SANT MARTI,68,el Poblenou,Passeig,CALVELL,1,45,,,,,,A,06,1
10-2013-0108,10,SANT MARTI,68,el Poblenou,Passeig,CALVELL,1,45,,,,,,D,02,1
10-2013-0122,10,SANT MARTI,69,Diagonal Mar i el Front Marítim del Poblenou,Passeig,TAULAT,1,283,,,,,,,05,3
10-2013-0141,10,SANT MARTI,67,la Vila Olímpica del Poblenou,Carrer,PAMPLONA,1,31,,,,,,,03,3
10-2013-0151,10,SANT MARTI,68,el Poblenou,Carrer,FERROCARRIL,1,27,,,,,,,03,6
10-2013-0157,10,SANT MARTI,68,el Poblenou,Passatge,MASSAGUER,1,7,,,,,,,03,2
10-2013-0172,10,SANT MARTI,68,el Poblenou,Carrer,LLATZERET,2,18,,,,,,,EN,1
10-2013-0181,10,SANT MARTI,68,el Poblenou,Passatge,CAMINAL,2,10,,,,,,,BJ,
10-2013-0205,10,SANT MARTI,64,el Camp de l'Arpa del Clot,Carrer,INDEPENDENCIA,2,362,,,,,,,3,2
10-2013-0237,10,SANT MARTI,64,el Camp de l'Arpa del Clot,Carrer,INDEPENDENCIA,2,380,,,,,,,06,3
10-2013-0261,10,SANT MARTI,66,el Parc i la Llacuna del Poblenou,Passatge,ALI BEI,1,7,,,,,,,01,2
10-2013-0270,10,SANT MARTI,68,el Poblenou,Carrer,PALLARS,1,171,,,,,,,02,2
10-2013-0275,10,SANT MARTI,68,el Poblenou,Carrer,PALLARS,1,171,,,,,,,04,1
10-2013-0292,10,SANT MARTI,69,Diagonal Mar i el Front Marítim del Poblenou,Passeig,GARCIA FARIA,1,73,,,,,,,03,7
10-2013-0296,10,SANT MARTI,68,el Poblenou,Carrer,RAMON TURRO,1,209,,,,,,,04,4
10-2013-0301,10,SANT MARTI,67,la Vila Olímpica del Poblenou,Carrer,DOCTOR TRUETA,2,40,,,,,,,5,1
10-2013-0322,10,SANT MARTI,67,la Vila Olímpica del Poblenou,Carrer,JOAN D'AUSTRIA,1,51,,,,,,A,03,2
10-2013-0329,10,SANT MARTI,64,el Camp de l'Arpa del Clot,Carrer,MALLORCA,2,526,,,,,,,03,2
10-2013-0418,10,SANT MARTI,64,el Camp de l'Arpa del Clot,Carrer,INDEPENDENCIA,2,258,,,,,,,01,2
10-2013-0445,10,SANT MARTI,65,el Clot,Carrer,INDEPENDENCIA,1,257,,259,,,,,01,5
10-2013-0542,10,SANT MARTI,68,el Poblenou,Passatge,BORI,2,6,,,,,,,02,3
10-2013-0561,10,SANT MARTI,64,el Camp de l'Arpa del Clot,Carrer,CORSEGA,1,703,,,,,,,3,2
10-2013-0579,10,SANT MARTI,67,la Vila Olímpica del Poblenou,Carrer,ARQUITECTE SERT,2,18,,,,,,,04,1
10-2013-0603,10,SANT MARTI,68,el Poblenou,Carrer,AMISTAT,2,22,,,,,,,02,6
10-2013-0624,10,SANT MARTI,68,el Poblenou,Carrer,DOCTOR TRUETA,1,211,,,,,,,05,1
10-2013-0702,10,SANT MARTI,64,el Camp de l'Arpa del Clot,Carrer,INDUSTRIA,1,309,,,,,,,03,4
10-2013-0705,10,SANT MARTI,68,el Poblenou,Carrer,LOPE DE VEGA,2,150,,,,,,B,06,5
10-2013-0718,10,SANT MARTI,64,el Camp de l'Arpa del Clot,Carrer,MUNTANYA,1,115,,,,,,,04,1
10-2013-0748,10,SANT MARTI,71,Provençals del Poblenou,Passatge,KLEIN,2,10,,,,,,,BJ,
10-2013-0762,10,SANT MARTI,67,la Vila Olímpica del Poblenou,Carrer,SARDENYA,2,48,,50,,,,B,03,3
10-2013-0824,10,SANT MARTI,68,el Poblenou,Carrer,CIUTAT DE GRANADA,1,67,,,,,,,04,2
10-2013-0843,10,SANT MARTI,64,el Camp de l'Arpa del Clot,Carrer,DOS DE MAIG,2,306,,,,,,,PR,1
10-2014-0017,10,SANT MARTI,67,la Vila Olímpica del Poblenou,Carrer,SALVADOR ESPRIU,1,73,,,,,,,03,2
10-2014-0138,10,SANT MARTI,68,el Poblenou,Rambla,POBLENOU,2,134,,,,,,,03,4
10-2014-0165,10,SANT MARTI,72,Sant Martí de Provençals,Carrer,TREBALL,1,197,,,,,,,03,5
10-2014-0245,10,SANT MARTI,68,el Poblenou,Passeig,CALVELL,1,45,,,,,,B,02,3
10-2014-0250,10,SANT MARTI,68,el Poblenou,Carrer,DOCTOR TRUETA,1,159,,,,,,,2,
10-2014-0272,10,SANT MARTI,66,el Parc i la Llacuna del Poblenou,Carrer,MARINA,2,110,,,,,,,10,1
10-2014-0277,10,SANT MARTI,68,el Poblenou,Carrer,FERNANDO POO,2,32,,,,,,,01,2
10-2014-0278,10,SANT MARTI,68,el Poblenou,Carrer,FERNANDO POO,2,32,,,,,,,01,1
10-2014-0333,10,SANT MARTI,64,el Camp de l'Arpa del Clot,Carrer,INDUSTRIA,1,227,,233,,,,E,02,2
10-2014-0354,10,SANT MARTI,65,el Clot,Carrer,INDEPENDENCIA,1,251,,,,,,,AT,
10-2014-0356,10,SANT MARTI,64,el Camp de l'Arpa del Clot,Carrer,ROGENT,2,100,,,,,,,03,2
10-2014-0364,10,SANT MARTI,64,el Camp de l'Arpa del Clot,Carrer,INDUSTRIA,2,208,,,,,,,06,4
10-2014-0369,10,SANT MARTI,67,la Vila Olímpica del Poblenou,Carrer,ARQUITECTE SERT,1,15,,,,,,,04,1
10-2014-0371,10,SANT MARTI,69,Diagonal Mar i el Front Marítim del Poblenou,Passeig,TAULAT,2,142,,,,,,,02,B
10-2014-0373,10,SANT MARTI,65,el Clot,Carrer,MONTURIOL,1,17,,,,,,,03,3
10-2014-0376,10,SANT MARTI,67,la Vila Olímpica del Poblenou,Carrer,SALVADOR ESPRIU,1,73,,,,,,,5,3
10-2014-0377,10,SANT MARTI,66,el Parc i la Llacuna del Poblenou,Carrer,JOAN D'AUSTRIA,1,61,,63,,,,,5,4
10-2014-0378,10,SANT MARTI,64,el Camp de l'Arpa del Clot,Carrer,CONCA,1,1,B,,,,,,02,1
10-2014-0388,10,SANT MARTI,66,el Parc i la Llacuna del Poblenou,Carrer,ALMOGAVERS,2,148,,,,,,,04,2
10-2014-0398,10,SANT MARTI,66,el Parc i la Llacuna del Poblenou,Carrer,PERE IV,2,44,,46,,,,,03,6
10-2014-0405,10,SANT MARTI,73,la Verneda i la Pau,Carrer,PUIGCERDA,1,273,,275,,,,,EN,5B
10-2014-0407,10,SANT MARTI,64,el Camp de l'Arpa del Clot,Carrer,INDUSTRIA,1,207,,,,,,,02,2
10-2014-0409,10,SANT MARTI,69,Diagonal Mar i el Front Marítim del Poblenou,Carrer,PELLAIRES,1,29,,,,,,,02,2
10-2014-0412,10,SANT MARTI,64,el Camp de l'Arpa del Clot,Carrer,INDUSTRIA,1,207,,,,,,,3,1
10-2014-0420,10,SANT MARTI,68,el Poblenou,Rambla,POBLENOU,2,16,,,,,,,01,2
10-2014-0426,10,SANT MARTI,64,el Camp de l'Arpa del Clot,Carrer,INDUSTRIA,1,207,,,,,,,04,1
10-2014-0451,10,SANT MARTI,65,el Clot,Avinguda,MERIDIANA,2,116,,,,,,,04,1
10-2014-0461,10,SANT MARTI,69,Diagonal Mar i el Front Marítim del Poblenou,Passeig,GARCIA FARIA,1,21,,,,,,,10,2
10-2014-0471,10,SANT MARTI,69,Diagonal Mar i el Front Marítim del Poblenou,Avinguda,DIAGONAL,2,54,,,,,,,2,1
10-2014-0478,10,SANT MARTI,65,el Clot,Avinguda,MERIDIANA,1,109,,,,,,,2,1
10-2014-0485,10,SANT MARTI,64,el Camp de l'Arpa del Clot,Carrer,PROVENÇA,2,556,,,,,,A,2,3
10-2014-0535,10,SANT MARTI,68,el Poblenou,Passeig,CALVELL,1,45,,,,,,B,BJ,1
10-2014-0542,10,SANT MARTI,68,el Poblenou,Passeig,CALVELL,1,45,,,,,,B,4,1
10-2014-0545,10,SANT MARTI,64,el Camp de l'Arpa del Clot,Carrer,INDUSTRIA,1,213,,,,,,,5,3
10-2014-0658,10,SANT MARTI,68,el Poblenou,Carrer,RAMON TURRO,2,226,,,,,,,06,2
10-2014-0695,10,SANT MARTI,70,el Besòs i el Maresme,Carrer,ALFONS EL MAGNANIM,1,71,,,,,,,10,1
10-2014-0696,10,SANT MARTI,70,el Besòs i el Maresme,Carrer,MOGENT,2,6,,,,,,,01,2
10-2014-0717,10,SANT MARTI,70,el Besòs i el Maresme,Carrer,MARESME,2,78,,,,,,,02,2
10-2014-0736,10,SANT MARTI,70,el Besòs i el Maresme,Carrer,CRISTOBAL DE MOURA,1,229,,,,,,,03,4
10-2014-0806,10,SANT MARTI,70,el Besòs i el Maresme,Carrer,MURET,2,8,,,,,,,5,2
10-2014-0864,10,SANT MARTI,70,el Besòs i el Maresme,Carrer,ALFONS EL MAGNANIM,1,77,B,,,,,,07,1
10-2014-0865,10,SANT MARTI,73,la Verneda i la Pau,Carrer,CAMP ARRIASSA,1,61,,,,,,,03,1
10-2014-0895,10,SANT MARTI,73,la Verneda i la Pau,Plaça,FERNANDO DE LOS RIOS,2,8,,,,,,,3,3
10-2014-0939,10,SANT MARTI,71,Provençals del Poblenou,Passatge,TEXTIL,1,7,,,,,,,BJ,4
10-2016-0388,10,SANT MARTI,64,el Camp de l'Arpa del Clot,Carrer,ENAMORATS,2,106,,,,,,,BJ,
10-2016-0427,10,SANT MARTI,64,el Camp de l'Arpa del Clot,Carrer,PROVENÇA,1,563,,,,,,,2,2
10-2016-0477,10,SANT MARTI,68,el Poblenou,Carrer,LOPE DE VEGA,2,54,,,,,,,3,1
10-2016-0501,10,SANT MARTI,68,el Poblenou,Carrer,RAMON TURRO,1,147,,,,,,,1,1
10-2019-0003,10,SANT MARTI,66,el Parc i la Llacuna del Poblenou,Carrer,SANCHO DE AVILA,1,19,,,,,,,4,1
10-2019-0005,10,SANT MARTI,69,Diagonal Mar i el Front Marítim del Poblenou,Carrer,SELVA DE MAR,2,16,C,,,,,8,1,3
10-2019-0376,10,SANT MARTI,64,el Camp de l'Arpa del Clot,Carrer,VALENCIA,2,572,,,,,,,1,
10-2022-0434,10,SANT MARTI,65,el Clot,Plaça,CANONGE RODO,1,7,,,,,,,2,
10-2023-0276,10,SANT MARTI,65,el Clot,Avinguda,MERIDIANA,1,113,,,,,,,BJ,
10-2023-0443,10,SANT MARTI,68,el Poblenou,Carrer,BILBAO,1,3,,,,,,,4,1
10-2023-0447,10,SANT MARTI,68,el Poblenou,Carrer,BILBAO,1,3,,,,,,,1,3
10-2023-0452,10,SANT MARTI,68,el Poblenou,Carrer,BILBAO,1,3,,,,,,,3,2
10-2023-0485,10,SANT MARTI,64,el Camp de l'Arpa del Clot,Carrer,COLL I VEHI,2,16,,,,,,,1,2
10-2023-0486,10,SANT MARTI,64,el Camp de l'Arpa del Clot,Carrer,COLL I VEHI,2,16,,,,,,,BJ,1
10-2023-0492,10,SANT MARTI,64,el Camp de l'Arpa del Clot,Carrer,COLL I VEHI,2,16,,,,,,,4,2
10-2024-0034,10,SANT MARTI,68,el Poblenou,Carrer,DOCTOR TRUETA,1,161,,,,,,,1,
